{
  "Color": "rgb(244, 55, 244)", 
  "Point": [
    {
      "Date": 20220715, 
      "Value" : 49.689999
    },
    {
      "Date": 20220919, 
      "Value" : 26.559999
    }
  ]
}