{
  "Color": "rgb(244, 55, 244)", 
  "Point": [
    {
      "Date": 20231212, 
      "Value" : 28.200001
    },
    {
      "Date": 20231218, 
      "Value" : 17.100000
    }
  ]
}