{
  "Color": "rgb(244, 55, 244)", 
  "Point": [
    {
      "Date": 20220622, 
      "Value" : 29.590000
    },
    {
      "Date": 20220629, 
      "Value" : 57.200001
    },
    {
      "Date": 20220920, 
      "Value" : 30.760000
    }
  ]
}