{
  "Color": "rgb(244, 55, 244)", 
  "Point": [
    {
      "Date": 20220919, 
      "Value" : 19.260000
    },
    {
      "Date": 20220928, 
      "Value" : 43.439999
    }
  ]
}