{
  "Color": "rgb(244, 55, 244)", 
  "Point": [
    {
      "Date": 20240903, 
      "Value" : 51.029999
    },
    {
      "Date": 20240924, 
      "Value" : 30.459999
    }
  ]
}