{
  "Color": "rgb(244, 55, 244)", 
  "Point": [
    {
      "Date": 20241011, 
      "Value" : 245.000000
    },
    {
      "Date": 20241101, 
      "Value" : 50.529999
    }
  ]
}