{
  "Color": "rgb(244, 55, 244)", 
  "Point": [
    {
      "Date": 20211015, 
      "Value" : 46.160000
    },
    {
      "Date": 20220427, 
      "Value" : 19.969999
    },
    {
      "Date": 20220929, 
      "Value" : 24.080000
    }
  ]
}