{
  "Color": "rgb(244, 55, 244)", 
  "Point": [
    {
      "Date": 20220429, 
      "Value" : 35.950001
    },
    {
      "Date": 20220512, 
      "Value" : 72.449997
    },
    {
      "Date": 20230601, 
      "Value" : 38.419998
    }
  ]
}