{
  "Color": "rgb(244, 55, 244)", 
  "Point": [
    {
      "Date": 20220930, 
      "Value" : 23.719999
    },
    {
      "Date": 20230217, 
      "Value" : 55.880001
    },
    {
      "Date": 20230412, 
      "Value" : 39.099998
    }
  ]
}