{
  "Color": "rgb(244, 55, 244)", 
  "Point": [
    {
      "Date": 20220819, 
      "Value" : 21.320000
    },
    {
      "Date": 20220824, 
      "Value" : 34.070000
    },
    {
      "Date": 20230425, 
      "Value" : 20.139999
    },
    {
      "Date": 20230529, 
      "Value" : 23.290001
    }
  ]
}