{
  "Color": "rgb(244, 55, 244)", 
  "Point": [
    {
      "Date": 20220808, 
      "Value" : 26.049999
    },
    {
      "Date": 20220812, 
      "Value" : 45.770000
    }
  ]
}