{
  "Color": "rgb(244, 55, 244)", 
  "Point": [
    {
      "Date": 20230410, 
      "Value" : 40.160000
    },
    {
      "Date": 20240206, 
      "Value" : 14.470000
    },
    {
      "Date": 20240304, 
      "Value" : 21.299999
    }
  ]
}