{
  "Color": "rgb(244, 55, 244)", 
  "Point": [
    {
      "Date": 20220805, 
      "Value" : 2.200000
    },
    {
      "Date": 20221028, 
      "Value" : 22.930000
    },
    {
      "Date": 20231023, 
      "Value" : 11.250000
    },
    {
      "Date": 20231211, 
      "Value" : 14.380000
    }
  ]
}