{
  "Color": "rgb(244, 55, 244)", 
  "Point": [
    {
      "Date": 20230525, 
      "Value" : 36.660000
    },
    {
      "Date": 20230612, 
      "Value" : 27.280001
    },
    {
      "Date": 20230927, 
      "Value" : 49.279999
    },
    {
      "Date": 20231219, 
      "Value" : 34.130001
    }
  ]
}