{
  "Color": "rgb(244, 55, 244)", 
  "Point": [
    {
      "Date": 20220905, 
      "Value" : 62.630001
    },
    {
      "Date": 20220906, 
      "Value" : 82.669998
    },
    {
      "Date": 20230510, 
      "Value" : 44.599998
    }
  ]
}