{
  "Color": "rgb(244, 55, 244)", 
  "Point": [
    {
      "Date": 20220429, 
      "Value" : 36.250000
    },
    {
      "Date": 20220512, 
      "Value" : 72.750000
    }
  ]
}