{
  "Color": "rgb(244, 55, 244)", 
  "Point": [
    {
      "Date": 20220606, 
      "Value" : 26.020000
    },
    {
      "Date": 20220808, 
      "Value" : 131.000000
    },
    {
      "Date": 20220829, 
      "Value" : 97.019997
    },
    {
      "Date": 20220914, 
      "Value" : 121.099998
    }
  ]
}