{
  "Color": "rgb(244, 55, 244)", 
  "Point": [
    {
      "Date": 20220805, 
      "Value" : 2.230000
    },
    {
      "Date": 20220926, 
      "Value" : 14.290000
    }
  ]
}