{
  "Color": "rgb(244, 55, 244)", 
  "Point": [
    {
      "Date": 20220727, 
      "Value" : 4.060000
    },
    {
      "Date": 20220817, 
      "Value" : 19.190001
    }
  ]
}