{
  "Color": "rgb(244, 55, 244)", 
  "Point": [
    {
      "Date": 20220919, 
      "Value" : 19.160000
    },
    {
      "Date": 20220928, 
      "Value" : 43.340000
    },
    {
      "Date": 20230425, 
      "Value" : 20.629999
    },
    {
      "Date": 20230612, 
      "Value" : 23.870001
    }
  ]
}