{
  "Color": "rgb(244, 55, 244)", 
  "Point": [
    {
      "Date": 20230410, 
      "Value" : 17.700001
    },
    {
      "Date": 20230425, 
      "Value" : 9.630000
    }
  ]
}