{
  "Color": "rgb(244, 55, 244)", 
  "Point": [
    {
      "Date": 20211019, 
      "Value" : 11.030000
    },
    {
      "Date": 20211026, 
      "Value" : 20.469999
    },
    {
      "Date": 20220427, 
      "Value" : 10.670000
    },
    {
      "Date": 20220822, 
      "Value" : 16.830000
    }
  ]
}