{
  "Color": "rgb(244, 55, 244)", 
  "Point": [
    {
      "Date": 20230216, 
      "Value" : 17.120001
    },
    {
      "Date": 20230227, 
      "Value" : 38.500000
    },
    {
      "Date": 20230426, 
      "Value" : 19.809999
    }
  ]
}