{
  "Color": "rgb(244, 55, 244)", 
  "Point": [
    {
      "Date": 20221031, 
      "Value" : 12.830000
    },
    {
      "Date": 20221129, 
      "Value" : 29.590000
    },
    {
      "Date": 20230425, 
      "Value" : 14.510000
    }
  ]
}