{
  "Color": "rgb(244, 55, 244)", 
  "Point": [
    {
      "Date": 20220630, 
      "Value" : 22.850000
    },
    {
      "Date": 20220707, 
      "Value" : 44.240002
    },
    {
      "Date": 20220919, 
      "Value" : 23.879999
    }
  ]
}