{
  "Color": "rgb(244, 55, 244)", 
  "Point": [
    {
      "Date": 20230309, 
      "Value" : 26.840000
    },
    {
      "Date": 20230825, 
      "Value" : 19.530001
    },
    {
      "Date": 20231123, 
      "Value" : 36.779999
    },
    {
      "Date": 20231219, 
      "Value" : 24.250000
    }
  ]
}