{
  "Color": "rgb(244, 55, 244)", 
  "Point": [
    {
      "Date": 20220930, 
      "Value" : 23.459999
    },
    {
      "Date": 20230217, 
      "Value" : 55.619999
    },
    {
      "Date": 20230626, 
      "Value" : 35.299999
    }
  ]
}