{
  "Color": "rgb(244, 55, 244)", 
  "Point": [
    {
      "Date": 20230222, 
      "Value" : 56.169998
    },
    {
      "Date": 20230223, 
      "Value" : 73.980003
    },
    {
      "Date": 20230510, 
      "Value" : 44.259998
    }
  ]
}