{
  "Color": "rgb(244, 55, 244)", 
  "Point": [
    {
      "Date": 20221205, 
      "Value" : 16.370001
    },
    {
      "Date": 20230104, 
      "Value" : 30.850000
    },
    {
      "Date": 20230425, 
      "Value" : 16.680000
    },
    {
      "Date": 20230530, 
      "Value" : 18.600000
    }
  ]
}