{
  "Color": "rgb(244, 55, 244)", 
  "Point": [
    {
      "Date": 20230524, 
      "Value" : 28.180000
    },
    {
      "Date": 20230927, 
      "Value" : 49.279999
    },
    {
      "Date": 20240206, 
      "Value" : 20.100000
    }
  ]
}