{
  "Color": "rgb(244, 55, 244)", 
  "Point": [
    {
      "Date": 20230216, 
      "Value" : 16.600000
    },
    {
      "Date": 20230227, 
      "Value" : 37.980000
    },
    {
      "Date": 20230426, 
      "Value" : 19.290001
    },
    {
      "Date": 20230614, 
      "Value" : 22.600000
    }
  ]
}