{
  "Color": "rgb(244, 55, 244)", 
  "Point": [
    {
      "Date": 20230308, 
      "Value" : 20.309999
    },
    {
      "Date": 20230313, 
      "Value" : 32.430000
    },
    {
      "Date": 20230425, 
      "Value" : 19.850000
    },
    {
      "Date": 20230705, 
      "Value" : 24.930000
    }
  ]
}