{
  "Color": "rgb(244, 55, 244)", 
  "Point": [
    {
      "Date": 20220905, 
      "Value" : 62.330002
    },
    {
      "Date": 20220906, 
      "Value" : 82.370003
    },
    {
      "Date": 20230512, 
      "Value" : 44.299999
    },
    {
      "Date": 20230721, 
      "Value" : 54.000000
    }
  ]
}