{
  "Color": "rgb(244, 55, 244)", 
  "Point": [
    {
      "Date": 20230308, 
      "Value" : 20.309999
    },
    {
      "Date": 20230313, 
      "Value" : 32.430000
    },
    {
      "Date": 20230825, 
      "Value" : 19.530001
    }
  ]
}