{
  "Color": "rgb(244, 55, 244)", 
  "Point": [
    {
      "Date": 20230308, 
      "Value" : 20.400000
    },
    {
      "Date": 20230313, 
      "Value" : 32.520000
    },
    {
      "Date": 20230425, 
      "Value" : 19.940001
    }
  ]
}