{
  "Color": "rgb(244, 55, 244)", 
  "Point": [
    {
      "Date": 20231212, 
      "Value" : 23.240000
    },
    {
      "Date": 20231228, 
      "Value" : 30.000000
    },
    {
      "Date": 20240206, 
      "Value" : 13.850000
    }
  ]
}