{
  "Color": "rgb(244, 55, 244)", 
  "Point": [
    {
      "Date": 20230410, 
      "Value" : 40.299999
    },
    {
      "Date": 20230505, 
      "Value" : 23.100000
    }
  ]
}