{
  "Color": "rgb(244, 55, 244)", 
  "Point": [
    {
      "Date": 20220818, 
      "Value" : 16.450001
    },
    {
      "Date": 20220831, 
      "Value" : 46.549999
    }
  ]
}