{
  "Color": "rgb(244, 55, 244)", 
  "Point": [
    {
      "Date": 20230307, 
      "Value" : 11.000000
    },
    {
      "Date": 20230406, 
      "Value" : 23.049999
    },
    {
      "Date": 20230517, 
      "Value" : 15.450000
    }
  ]
}