{
  "Color": "rgb(244, 55, 244)", 
  "Point": [
    {
      "Date": 20230215, 
      "Value" : 54.939999
    },
    {
      "Date": 20230428, 
      "Value" : 35.860001
    },
    {
      "Date": 20230608, 
      "Value" : 60.840000
    }
  ]
}