{
  "Color": "rgb(244, 55, 244)", 
  "Point": [
    {
      "Date": 20240402, 
      "Value" : 57.849998
    },
    {
      "Date": 20240703, 
      "Value" : 41.299999
    },
    {
      "Date": 20240715, 
      "Value" : 46.599998
    }
  ]
}