{
  "Color": "rgb(244, 55, 244)", 
  "Point": [
    {
      "Date": 20220318, 
      "Value" : 53.520000
    },
    {
      "Date": 20220427, 
      "Value" : 24.420000
    },
    {
      "Date": 20220823, 
      "Value" : 45.400002
    },
    {
      "Date": 20220919, 
      "Value" : 31.500000
    }
  ]
}