{
  "Color": "rgb(244, 55, 244)", 
  "Point": [
    {
      "Date": 20220623, 
      "Value" : 45.720001
    },
    {
      "Date": 20220624, 
      "Value" : 60.669998
    },
    {
      "Date": 20220930, 
      "Value" : 34.000000
    }
  ]
}