{
  "Color": "rgb(244, 55, 244)", 
  "Point": [
    {
      "Date": 20230522, 
      "Value" : 27.160000
    },
    {
      "Date": 20230529, 
      "Value" : 20.709999
    }
  ]
}