{
  "Color": "rgb(244, 55, 244)", 
  "Point": [
    {
      "Date": 20231030, 
      "Value" : 99.500000
    },
    {
      "Date": 20231110, 
      "Value" : 44.209999
    }
  ]
}