{
  "Color": "rgb(244, 55, 244)", 
  "Point": [
    {
      "Date": 20221208, 
      "Value" : 33.310001
    },
    {
      "Date": 20221209, 
      "Value" : 43.970001
    },
    {
      "Date": 20230425, 
      "Value" : 25.280001
    }
  ]
}