{
  "Color": "rgb(244, 55, 244)", 
  "Point": [
    {
      "Date": 20221116, 
      "Value" : 8.180000
    },
    {
      "Date": 20221206, 
      "Value" : 31.190001
    },
    {
      "Date": 20230517, 
      "Value" : 15.880000
    }
  ]
}