{
  "Color": "rgb(244, 55, 244)", 
  "Point": [
    {
      "Date": 20220701, 
      "Value" : 31.850000
    },
    {
      "Date": 20220805, 
      "Value" : 82.010002
    },
    {
      "Date": 20220926, 
      "Value" : 49.610001
    }
  ]
}