{
  "Color": "rgb(244, 55, 244)", 
  "Point": [
    {
      "Date": 20230214, 
      "Value" : 41.500000
    },
    {
      "Date": 20230608, 
      "Value" : 60.840000
    },
    {
      "Date": 20231023, 
      "Value" : 34.070000
    },
    {
      "Date": 20231222, 
      "Value" : 71.779999
    }
  ]
}