{
  "Color": "rgb(244, 55, 244)", 
  "Point": [
    {
      "Date": 20231221, 
      "Value" : 46.040001
    },
    {
      "Date": 20240208, 
      "Value" : 17.180000
    },
    {
      "Date": 20240328, 
      "Value" : 29.280001
    },
    {
      "Date": 20240718, 
      "Value" : 18.059999
    }
  ]
}