{
  "Color": "rgb(244, 55, 244)", 
  "Point": [
    {
      "Date": 20220701, 
      "Value" : 31.850000
    },
    {
      "Date": 20230411, 
      "Value" : 97.959999
    },
    {
      "Date": 20230510, 
      "Value" : 62.500000
    },
    {
      "Date": 20230707, 
      "Value" : 110.800003
    }
  ]
}