{
  "Color": "rgb(244, 55, 244)", 
  "Point": [
    {
      "Date": 20240328, 
      "Value" : 34.709999
    },
    {
      "Date": 20240718, 
      "Value" : 19.450001
    }
  ]
}