{
  "Color": "rgb(244, 55, 244)", 
  "Point": [
    {
      "Date": 20221228, 
      "Value" : 40.660000
    },
    {
      "Date": 20230117, 
      "Value" : 96.199997
    },
    {
      "Date": 20230328, 
      "Value" : 60.680000
    },
    {
      "Date": 20230418, 
      "Value" : 76.660004
    }
  ]
}