{
  "Color": "rgb(244, 55, 244)", 
  "Point": [
    {
      "Date": 20220815, 
      "Value" : 20.230000
    },
    {
      "Date": 20220818, 
      "Value" : 32.270000
    },
    {
      "Date": 20220930, 
      "Value" : 20.020000
    }
  ]
}