{
  "Color": "rgb(244, 55, 244)", 
  "Point": [
    {
      "Date": 20221019, 
      "Value" : 13.340000
    },
    {
      "Date": 20231123, 
      "Value" : 31.129999
    },
    {
      "Date": 20240208, 
      "Value" : 8.940000
    }
  ]
}