{
  "Color": "rgb(244, 55, 244)", 
  "Point": [
    {
      "Date": 20230410, 
      "Value" : 64.400002
    },
    {
      "Date": 20230425, 
      "Value" : 29.910000
    }
  ]
}