{
  "Color": "rgb(244, 55, 244)", 
  "Point": [
    {
      "Date": 20230303, 
      "Value" : 8.510000
    },
    {
      "Date": 20230505, 
      "Value" : 43.000000
    }
  ]
}