{
  "Color": "rgb(244, 55, 244)", 
  "Point": [
    {
      "Date": 20221027, 
      "Value" : 16.879999
    },
    {
      "Date": 20221031, 
      "Value" : 13.310000
    },
    {
      "Date": 20230303, 
      "Value" : 25.350000
    },
    {
      "Date": 20230425, 
      "Value" : 16.610001
    }
  ]
}