{
  "Color": "rgb(244, 55, 244)", 
  "Point": [
    {
      "Date": 20230410, 
      "Value" : 65.000000
    },
    {
      "Date": 20230425, 
      "Value" : 30.510000
    }
  ]
}