{
  "Color": "rgb(244, 55, 244)", 
  "Point": [
    {
      "Date": 20220520, 
      "Value" : 11.350000
    },
    {
      "Date": 20220602, 
      "Value" : 32.099998
    },
    {
      "Date": 20220927, 
      "Value" : 14.210000
    }
  ]
}