{
  "Color": "rgb(244, 55, 244)", 
  "Point": [
    {
      "Date": 20221208, 
      "Value" : 32.810001
    },
    {
      "Date": 20221209, 
      "Value" : 43.470001
    },
    {
      "Date": 20230425, 
      "Value" : 24.780001
    }
  ]
}