{
  "Color": "rgb(244, 55, 244)", 
  "Point": [
    {
      "Date": 20220725, 
      "Value" : 27.549999
    },
    {
      "Date": 20220729, 
      "Value" : 47.990002
    },
    {
      "Date": 20220919, 
      "Value" : 27.299999
    }
  ]
}