{
  "Color": "rgb(244, 55, 244)", 
  "Point": [
    {
      "Date": 20220921, 
      "Value" : 66.500000
    },
    {
      "Date": 20220926, 
      "Value" : 88.769997
    }
  ]
}