{
  "Color": "rgb(244, 55, 244)", 
  "Point": [
    {
      "Date": 20221027, 
      "Value" : 16.700001
    },
    {
      "Date": 20221031, 
      "Value" : 13.130000
    },
    {
      "Date": 20230303, 
      "Value" : 25.170000
    },
    {
      "Date": 20230626, 
      "Value" : 15.830000
    }
  ]
}