{
  "Color": "rgb(244, 55, 244)", 
  "Point": [
    {
      "Date": 20220512, 
      "Value" : 17.520000
    },
    {
      "Date": 20220524, 
      "Value" : 44.150002
    },
    {
      "Date": 20220930, 
      "Value" : 23.010000
    }
  ]
}