{
  "Color": "rgb(244, 55, 244)", 
  "Point": [
    {
      "Date": 20231116, 
      "Value" : 99.000000
    },
    {
      "Date": 20231120, 
      "Value" : 128.990005
    },
    {
      "Date": 20240208, 
      "Value" : 41.560001
    }
  ]
}