{
  "Color": "rgb(244, 55, 244)", 
  "Point": [
    {
      "Date": 20230313, 
      "Value" : 35.990002
    },
    {
      "Date": 20230825, 
      "Value" : 22.299999
    },
    {
      "Date": 20231122, 
      "Value" : 30.180000
    },
    {
      "Date": 20231211, 
      "Value" : 24.260000
    }
  ]
}