{
  "Color": "rgb(244, 55, 244)", 
  "Point": [
    {
      "Date": 20231030, 
      "Value" : 99.050003
    },
    {
      "Date": 20240206, 
      "Value" : 22.459999
    },
    {
      "Date": 20240412, 
      "Value" : 33.330002
    },
    {
      "Date": 20240918, 
      "Value" : 19.790001
    }
  ]
}