{
  "Color": "rgb(244, 55, 244)", 
  "Point": [
    {
      "Date": 20230313, 
      "Value" : 36.189999
    },
    {
      "Date": 20230425, 
      "Value" : 23.110001
    }
  ]
}