{
  "Color": "rgb(244, 55, 244)", 
  "Point": [
    {
      "Date": 20230517, 
      "Value" : 28.850000
    },
    {
      "Date": 20230523, 
      "Value" : 26.250000
    },
    {
      "Date": 20230712, 
      "Value" : 36.160000
    }
  ]
}