{
  "Color": "rgb(244, 55, 244)", 
  "Point": [
    {
      "Date": 20221208, 
      "Value" : 32.810001
    },
    {
      "Date": 20221209, 
      "Value" : 43.470001
    },
    {
      "Date": 20230922, 
      "Value" : 22.440001
    },
    {
      "Date": 20230928, 
      "Value" : 22.049999
    }
  ]
}