{
  "Color": "rgb(244, 55, 244)", 
  "Point": [
    {
      "Date": 20230313, 
      "Value" : 35.990002
    },
    {
      "Date": 20230425, 
      "Value" : 22.910000
    },
    {
      "Date": 20230602, 
      "Value" : 25.309999
    }
  ]
}