{
  "Color": "rgb(244, 55, 244)", 
  "Point": [
    {
      "Date": 20221020, 
      "Value" : 17.629999
    },
    {
      "Date": 20231023, 
      "Value" : 10.450000
    },
    {
      "Date": 20231123, 
      "Value" : 31.129999
    }
  ]
}