{
  "Color": "rgb(244, 55, 244)", 
  "Point": [
    {
      "Date": 20230307, 
      "Value" : 11.180000
    },
    {
      "Date": 20230406, 
      "Value" : 23.230000
    },
    {
      "Date": 20230512, 
      "Value" : 15.710000
    }
  ]
}