{
  "Color": "rgb(244, 55, 244)", 
  "Point": [
    {
      "Date": 20230516, 
      "Value" : 35.680000
    },
    {
      "Date": 20230523, 
      "Value" : 26.250000
    }
  ]
}