{
  "Color": "rgb(244, 55, 244)", 
  "Point": [
    {
      "Date": 20230214, 
      "Value" : 42.000000
    },
    {
      "Date": 20230216, 
      "Value" : 60.980000
    },
    {
      "Date": 20230428, 
      "Value" : 36.360001
    }
  ]
}