{
  "Color": "rgb(244, 55, 244)", 
  "Point": [
    {
      "Date": 20230516, 
      "Value" : 30.400000
    },
    {
      "Date": 20231108, 
      "Value" : 38.490002
    },
    {
      "Date": 20240206, 
      "Value" : 18.590000
    }
  ]
}