{
  "Color": "rgb(244, 55, 244)", 
  "Point": [
    {
      "Date": 20230227, 
      "Value" : 74.239998
    },
    {
      "Date": 20230302, 
      "Value" : 105.639999
    },
    {
      "Date": 20230510, 
      "Value" : 68.279999
    }
  ]
}