{
  "Color": "rgb(244, 55, 244)", 
  "Point": [
    {
      "Date": 20230410, 
      "Value" : 60.189999
    },
    {
      "Date": 20230411, 
      "Value" : 88.830002
    },
    {
      "Date": 20230628, 
      "Value" : 43.750000
    }
  ]
}