{
  "Color": "rgb(244, 55, 244)", 
  "Point": [
    {
      "Date": 20220908, 
      "Value" : 32.139999
    },
    {
      "Date": 20220915, 
      "Value" : 56.459999
    }
  ]
}