{
  "Color": "rgb(244, 55, 244)", 
  "Point": [
    {
      "Date": 20220624, 
      "Value" : 35.040001
    },
    {
      "Date": 20220630, 
      "Value" : 60.970001
    },
    {
      "Date": 20220902, 
      "Value" : 33.520000
    }
  ]
}