{
  "Color": "rgb(244, 55, 244)", 
  "Point": [
    {
      "Date": 20230214, 
      "Value" : 41.500000
    },
    {
      "Date": 20230216, 
      "Value" : 60.480000
    },
    {
      "Date": 20230428, 
      "Value" : 35.860001
    }
  ]
}