{
  "Color": "rgb(244, 55, 244)", 
  "Point": [
    {
      "Date": 20250123, 
      "Value" : 30.000000
    },
    {
      "Date": 20250324, 
      "Value" : 13.300000
    }
  ]
}