{
  "Color": "rgb(244, 55, 244)", 
  "Point": [
    {
      "Date": 20240111, 
      "Value" : 29.299999
    },
    {
      "Date": 20240206, 
      "Value" : 12.530000
    },
    {
      "Date": 20240327, 
      "Value" : 19.950001
    },
    {
      "Date": 20240718, 
      "Value" : 12.880000
    }
  ]
}