{
  "Color": "rgb(244, 55, 244)", 
  "Point": [
    {
      "Date": 20250424, 
      "Value" : 84.790001
    },
    {
      "Date": 20250506, 
      "Value" : 54.619999
    }
  ]
}