{
  "Color": "rgb(244, 55, 244)", 
  "Point": [
    {
      "Date": 20200904, 
      "Value" : 19.370001
    },
    {
      "Date": 20220427, 
      "Value" : 10.680000
    },
    {
      "Date": 20220729, 
      "Value" : 36.630001
    },
    {
      "Date": 20220930, 
      "Value" : 21.780001
    }
  ]
}