{
  "Color": "rgb(244, 55, 244)", 
  "Point": [
    {
      "Date": 20240607, 
      "Value" : 179.800003
    },
    {
      "Date": 20240918, 
      "Value" : 44.689999
    }
  ]
}