{
  "Color": "rgb(244, 55, 244)", 
  "Point": [
    {
      "Date": 20240607, 
      "Value" : 180.000000
    },
    {
      "Date": 20240718, 
      "Value" : 56.849998
    }
  ]
}