{
  "Color": "rgb(244, 55, 244)", 
  "Point": [
    {
      "Date": 20230627, 
      "Value" : 37.439999
    },
    {
      "Date": 20230815, 
      "Value" : 43.950001
    },
    {
      "Date": 20231023, 
      "Value" : 30.070000
    }
  ]
}