{
  "Color": "rgb(244, 55, 244)", 
  "Point": [
    {
      "Date": 20200806, 
      "Value" : 8.530000
    },
    {
      "Date": 20230419, 
      "Value" : 45.689999
    },
    {
      "Date": 20240208, 
      "Value" : 20.110001
    }
  ]
}