{
  "Color": "rgb(244, 55, 244)", 
  "Point": [
    {
      "Date": 20210916, 
      "Value" : 39.959999
    },
    {
      "Date": 20220427, 
      "Value" : 15.660000
    },
    {
      "Date": 20220728, 
      "Value" : 21.870001
    },
    {
      "Date": 20220926, 
      "Value" : 16.250000
    }
  ]
}