{
  "Color": "rgb(244, 55, 244)", 
  "Point": [
    {
      "Date": 20210409, 
      "Value" : 79.839996
    },
    {
      "Date": 20220926, 
      "Value" : 22.660000
    }
  ]
}