{
  "Color": "rgb(244, 55, 244)", 
  "Point": [
    {
      "Date": 20210430, 
      "Value" : 27.750000
    },
    {
      "Date": 20211111, 
      "Value" : 51.320000
    },
    {
      "Date": 20220427, 
      "Value" : 18.020000
    },
    {
      "Date": 20220916, 
      "Value" : 41.000000
    }
  ]
}