{
  "Color": "rgb(244, 55, 244)", 
  "Point": [
    {
      "Date": 20210805, 
      "Value" : 74.699997
    },
    {
      "Date": 20220427, 
      "Value" : 24.070000
    },
    {
      "Date": 20220811, 
      "Value" : 33.689999
    },
    {
      "Date": 20220926, 
      "Value" : 25.020000
    }
  ]
}