{
  "Color": "rgb(244, 55, 244)", 
  "Point": [
    {
      "Date": 20210805, 
      "Value" : 20.600000
    },
    {
      "Date": 20211029, 
      "Value" : 13.740000
    },
    {
      "Date": 20220331, 
      "Value" : 25.680000
    },
    {
      "Date": 20220901, 
      "Value" : 15.880000
    }
  ]
}