{
  "Color": "rgb(244, 55, 244)", 
  "Point": [
    {
      "Date": 20210811, 
      "Value" : 47.889999
    },
    {
      "Date": 20211028, 
      "Value" : 27.730000
    },
    {
      "Date": 20220106, 
      "Value" : 42.000000
    },
    {
      "Date": 20220427, 
      "Value" : 21.020000
    }
  ]
}