{
  "Color": "rgb(244, 55, 244)", 
  "Point": [
    {
      "Date": 20211028, 
      "Value" : 32.720001
    },
    {
      "Date": 20220926, 
      "Value" : 15.780000
    },
    {
      "Date": 20220930, 
      "Value" : 15.540000
    }
  ]
}