{
  "Color": "rgb(244, 55, 244)", 
  "Point": [
    {
      "Date": 20220407, 
      "Value" : 76.550003
    },
    {
      "Date": 20220428, 
      "Value" : 35.259998
    },
    {
      "Date": 20220909, 
      "Value" : 71.959999
    }
  ]
}