{
  "Color": "rgb(244, 55, 244)", 
  "Point": [
    {
      "Date": 20210909, 
      "Value" : 28.680000
    },
    {
      "Date": 20220316, 
      "Value" : 16.950001
    },
    {
      "Date": 20220708, 
      "Value" : 26.760000
    },
    {
      "Date": 20220926, 
      "Value" : 17.110001
    }
  ]
}