{
  "Color": "rgb(244, 55, 244)", 
  "Point": [
    {
      "Date": 20210929, 
      "Value" : 53.930000
    },
    {
      "Date": 20220427, 
      "Value" : 24.570000
    },
    {
      "Date": 20220711, 
      "Value" : 29.440001
    },
    {
      "Date": 20220907, 
      "Value" : 19.660000
    }
  ]
}