{
  "Color": "rgb(244, 55, 244)", 
  "Point": [
    {
      "Date": 20210914, 
      "Value" : 112.639999
    },
    {
      "Date": 20220427, 
      "Value" : 34.209999
    },
    {
      "Date": 20220629, 
      "Value" : 42.770000
    },
    {
      "Date": 20220926, 
      "Value" : 32.509998
    }
  ]
}