{
  "Color": "rgb(244, 55, 244)", 
  "Point": [
    {
      "Date": 20211020, 
      "Value" : 128.740005
    },
    {
      "Date": 20220427, 
      "Value" : 46.139999
    },
    {
      "Date": 20220817, 
      "Value" : 81.500000
    }
  ]
}