{
  "Color": "rgb(244, 55, 244)", 
  "Point": [
    {
      "Date": 20210913, 
      "Value" : 31.549999
    },
    {
      "Date": 20220427, 
      "Value" : 13.290000
    },
    {
      "Date": 20220826, 
      "Value" : 29.500000
    }
  ]
}