{
  "Color": "rgb(244, 55, 244)", 
  "Point": [
    {
      "Date": 20210914, 
      "Value" : 23.120001
    },
    {
      "Date": 20220427, 
      "Value" : 9.250000
    },
    {
      "Date": 20220711, 
      "Value" : 13.090000
    },
    {
      "Date": 20220929, 
      "Value" : 7.460000
    }
  ]
}