{
  "Color": "rgb(244, 55, 244)", 
  "Point": [
    {
      "Date": 20220805, 
      "Value" : 122.000000
    },
    {
      "Date": 20220808, 
      "Value" : 162.000000
    },
    {
      "Date": 20220905, 
      "Value" : 85.660004
    }
  ]
}