{
  "Color": "rgb(244, 55, 244)", 
  "Point": [
    {
      "Date": 20211011, 
      "Value" : 47.310001
    },
    {
      "Date": 20220427, 
      "Value" : 17.850000
    },
    {
      "Date": 20220818, 
      "Value" : 30.650000
    },
    {
      "Date": 20220926, 
      "Value" : 24.379999
    }
  ]
}