{
  "Color": "rgb(244, 55, 244)", 
  "Point": [
    {
      "Date": 20210928, 
      "Value" : 43.860001
    },
    {
      "Date": 20220429, 
      "Value" : 21.490000
    },
    {
      "Date": 20220817, 
      "Value" : 34.770000
    }
  ]
}