{
  "Color": "rgb(244, 55, 244)", 
  "Point": [
    {
      "Date": 20210922, 
      "Value" : 88.000000
    },
    {
      "Date": 20220427, 
      "Value" : 31.510000
    },
    {
      "Date": 20220818, 
      "Value" : 47.529999
    }
  ]
}