{
  "Color": "rgb(244, 55, 244)", 
  "Point": [
    {
      "Date": 20210930, 
      "Value" : 46.500000
    },
    {
      "Date": 20220418, 
      "Value" : 21.860001
    },
    {
      "Date": 20220519, 
      "Value" : 29.670000
    },
    {
      "Date": 20220926, 
      "Value" : 19.730000
    }
  ]
}