{
  "Color": "rgb(244, 55, 244)", 
  "Point": [
    {
      "Date": 20211101, 
      "Value" : 24.980000
    },
    {
      "Date": 20220426, 
      "Value" : 17.200001
    },
    {
      "Date": 20220712, 
      "Value" : 35.860001
    },
    {
      "Date": 20220926, 
      "Value" : 19.500000
    }
  ]
}