{
  "Color": "rgb(244, 55, 244)", 
  "Point": [
    {
      "Date": 20230628, 
      "Value" : 39.090000
    },
    {
      "Date": 20230629, 
      "Value" : 34.430000
    },
    {
      "Date": 20230705, 
      "Value" : 45.889999
    }
  ]
}