{
  "Color": "rgb(244, 55, 244)", 
  "Point": [
    {
      "Date": 20220831, 
      "Value" : 39.200001
    },
    {
      "Date": 20230626, 
      "Value" : 21.980000
    },
    {
      "Date": 20230727, 
      "Value" : 25.920000
    },
    {
      "Date": 20230927, 
      "Value" : 19.330000
    }
  ]
}