{
  "Color": "rgb(244, 55, 244)", 
  "Point": [
    {
      "Date": 20220311, 
      "Value" : 84.599998
    },
    {
      "Date": 20220930, 
      "Value" : 34.000000
    }
  ]
}