{
  "Color": "rgb(244, 55, 244)", 
  "Point": [
    {
      "Date": 20250303, 
      "Value" : 83.800003
    },
    {
      "Date": 20250409, 
      "Value" : 40.029999
    }
  ]
}