{
  "Color": "rgb(244, 55, 244)", 
  "Point": [
    {
      "Date": 20220322, 
      "Value" : 28.450001
    },
    {
      "Date": 20220929, 
      "Value" : 13.930000
    }
  ]
}