{
  "Color": "rgb(244, 55, 244)", 
  "Point": [
    {
      "Date": 20230404, 
      "Value" : 41.470001
    },
    {
      "Date": 20230509, 
      "Value" : 34.220001
    },
    {
      "Date": 20230712, 
      "Value" : 85.059998
    }
  ]
}