{
  "Color": "rgb(244, 55, 244)", 
  "Point": [
    {
      "Date": 20220811, 
      "Value" : 28.879999
    },
    {
      "Date": 20220812, 
      "Value" : 40.000000
    },
    {
      "Date": 20220930, 
      "Value" : 19.820000
    }
  ]
}