{
  "Color": "rgb(244, 55, 244)", 
  "Point": [
    {
      "Date": 20220617, 
      "Value" : 34.520000
    },
    {
      "Date": 20220621, 
      "Value" : 41.660000
    },
    {
      "Date": 20230425, 
      "Value" : 21.200001
    },
    {
      "Date": 20230529, 
      "Value" : 24.430000
    }
  ]
}