{
  "Color": "rgb(244, 55, 244)", 
  "Point": [
    {
      "Date": 20220526, 
      "Value" : 105.129997
    },
    {
      "Date": 20220802, 
      "Value" : 71.519997
    },
    {
      "Date": 20220823, 
      "Value" : 86.400002
    },
    {
      "Date": 20220926, 
      "Value" : 66.110001
    }
  ]
}