{
  "Color": "rgb(244, 55, 244)", 
  "Point": [
    {
      "Date": 20220819, 
      "Value" : 31.180000
    },
    {
      "Date": 20220930, 
      "Value" : 15.850000
    }
  ]
}