{
  "Color": "rgb(244, 55, 244)", 
  "Point": [
    {
      "Date": 20230726, 
      "Value" : 42.000000
    },
    {
      "Date": 20231024, 
      "Value" : 66.660004
    },
    {
      "Date": 20240206, 
      "Value" : 24.299999
    }
  ]
}