{
  "Color": "rgb(244, 55, 244)", 
  "Point": [
    {
      "Date": 20220831, 
      "Value" : 39.549999
    },
    {
      "Date": 20230425, 
      "Value" : 22.290001
    }
  ]
}