{
  "Color": "rgb(244, 55, 244)", 
  "Point": [
    {
      "Date": 20220411, 
      "Value" : 30.440001
    },
    {
      "Date": 20220930, 
      "Value" : 17.580000
    }
  ]
}