{
  "Color": "rgb(244, 55, 244)", 
  "Point": [
    {
      "Date": 20211124, 
      "Value" : 179.380005
    },
    {
      "Date": 20220429, 
      "Value" : 48.599998
    },
    {
      "Date": 20220721, 
      "Value" : 122.599998
    },
    {
      "Date": 20230510, 
      "Value" : 70.500000
    }
  ]
}