{
  "Color": "rgb(244, 55, 244)", 
  "Point": [
    {
      "Date": 20230726, 
      "Value" : 42.150002
    },
    {
      "Date": 20230731, 
      "Value" : 55.580002
    },
    {
      "Date": 20230920, 
      "Value" : 35.070000
    }
  ]
}