{
  "Color": "rgb(244, 55, 244)", 
  "Point": [
    {
      "Date": 20220808, 
      "Value" : 44.080002
    },
    {
      "Date": 20220930, 
      "Value" : 22.600000
    }
  ]
}