{
  "Color": "rgb(244, 55, 244)", 
  "Point": [
    {
      "Date": 20230309, 
      "Value" : 89.690002
    },
    {
      "Date": 20230512, 
      "Value" : 45.570000
    },
    {
      "Date": 20230714, 
      "Value" : 64.989998
    }
  ]
}