{
  "Color": "rgb(244, 55, 244)", 
  "Point": [
    {
      "Date": 20220505, 
      "Value" : 62.549999
    },
    {
      "Date": 20220524, 
      "Value" : 45.820000
    },
    {
      "Date": 20220816, 
      "Value" : 104.980003
    },
    {
      "Date": 20220923, 
      "Value" : 67.699997
    }
  ]
}