{
  "Color": "rgb(244, 55, 244)", 
  "Point": [
    {
      "Date": 20220606, 
      "Value" : 44.500000
    },
    {
      "Date": 20220811, 
      "Value" : 60.680000
    },
    {
      "Date": 20220930, 
      "Value" : 36.299999
    }
  ]
}