{
  "Color": "rgb(244, 55, 244)", 
  "Point": [
    {
      "Date": 20230627, 
      "Value" : 40.270000
    },
    {
      "Date": 20230705, 
      "Value" : 45.889999
    },
    {
      "Date": 20231023, 
      "Value" : 31.500000
    }
  ]
}