{
  "Color": "rgb(244, 55, 244)", 
  "Point": [
    {
      "Date": 20220127, 
      "Value" : 82.650002
    },
    {
      "Date": 20220422, 
      "Value" : 48.650002
    },
    {
      "Date": 20220819, 
      "Value" : 90.500000
    },
    {
      "Date": 20220926, 
      "Value" : 57.000000
    }
  ]
}