{
  "Color": "rgb(244, 55, 244)", 
  "Point": [
    {
      "Date": 20220505, 
      "Value" : 62.549999
    },
    {
      "Date": 20220524, 
      "Value" : 45.820000
    },
    {
      "Date": 20230109, 
      "Value" : 113.580002
    },
    {
      "Date": 20230511, 
      "Value" : 75.000000
    }
  ]
}