{
  "Color": "rgb(244, 55, 244)", 
  "Point": [
    {
      "Date": 20221122, 
      "Value" : 44.180000
    },
    {
      "Date": 20221227, 
      "Value" : 31.080000
    },
    {
      "Date": 20230621, 
      "Value" : 76.650002
    }
  ]
}