{
  "Color": "rgb(244, 55, 244)", 
  "Point": [
    {
      "Date": 20220412, 
      "Value" : 38.029999
    },
    {
      "Date": 20220428, 
      "Value" : 20.600000
    },
    {
      "Date": 20220816, 
      "Value" : 32.119999
    },
    {
      "Date": 20220919, 
      "Value" : 22.700001
    }
  ]
}