{
  "Color": "rgb(244, 55, 244)", 
  "Point": [
    {
      "Date": 20220421, 
      "Value" : 29.110001
    },
    {
      "Date": 20220422, 
      "Value" : 39.470001
    },
    {
      "Date": 20220930, 
      "Value" : 21.330000
    }
  ]
}