{
  "Color": "rgb(244, 55, 244)", 
  "Point": [
    {
      "Date": 20220222, 
      "Value" : 55.290001
    },
    {
      "Date": 20220427, 
      "Value" : 23.180000
    },
    {
      "Date": 20220809, 
      "Value" : 62.580002
    },
    {
      "Date": 20220929, 
      "Value" : 35.279999
    }
  ]
}