{
  "Color": "rgb(244, 55, 244)", 
  "Point": [
    {
      "Date": 20220111, 
      "Value" : 23.000000
    },
    {
      "Date": 20220119, 
      "Value" : 32.230000
    },
    {
      "Date": 20220926, 
      "Value" : 13.810000
    },
    {
      "Date": 20220930, 
      "Value" : 13.440000
    }
  ]
}