{
  "Color": "rgb(244, 55, 244)", 
  "Point": [
    {
      "Date": 20220629, 
      "Value" : 55.740002
    },
    {
      "Date": 20220630, 
      "Value" : 63.160000
    },
    {
      "Date": 20220926, 
      "Value" : 33.340000
    },
    {
      "Date": 20220930, 
      "Value" : 30.830000
    }
  ]
}