{
  "Color": "rgb(244, 55, 244)", 
  "Point": [
    {
      "Date": 20220422, 
      "Value" : 83.669998
    },
    {
      "Date": 20220427, 
      "Value" : 61.330002
    },
    {
      "Date": 20220816, 
      "Value" : 113.580002
    }
  ]
}