{
  "Color": "rgb(244, 55, 244)", 
  "Point": [
    {
      "Date": 20211203, 
      "Value" : 96.830002
    },
    {
      "Date": 20220427, 
      "Value" : 34.250000
    },
    {
      "Date": 20220708, 
      "Value" : 41.650002
    },
    {
      "Date": 20220926, 
      "Value" : 32.119999
    }
  ]
}