{
  "Color": "rgb(244, 55, 244)", 
  "Point": [
    {
      "Date": 20230403, 
      "Value" : 48.959999
    },
    {
      "Date": 20230509, 
      "Value" : 34.419998
    }
  ]
}