{
  "Color": "rgb(244, 55, 244)", 
  "Point": [
    {
      "Date": 20230727, 
      "Value" : 48.630001
    },
    {
      "Date": 20230920, 
      "Value" : 34.919998
    },
    {
      "Date": 20231024, 
      "Value" : 66.660004
    }
  ]
}