{
  "Color": "rgb(244, 55, 244)", 
  "Point": [
    {
      "Date": 20220420, 
      "Value" : 18.799999
    },
    {
      "Date": 20220427, 
      "Value" : 12.660000
    },
    {
      "Date": 20220725, 
      "Value" : 35.650002
    },
    {
      "Date": 20220926, 
      "Value" : 21.219999
    }
  ]
}