{
  "Color": "rgb(244, 55, 244)", 
  "Point": [
    {
      "Date": 20220831, 
      "Value" : 39.200001
    },
    {
      "Date": 20230425, 
      "Value" : 21.940001
    },
    {
      "Date": 20230608, 
      "Value" : 23.799999
    }
  ]
}