{
  "Color": "rgb(244, 55, 244)", 
  "Point": [
    {
      "Date": 20220831, 
      "Value" : 39.900002
    },
    {
      "Date": 20220930, 
      "Value" : 24.700001
    }
  ]
}