{
  "Color": "rgb(244, 55, 244)", 
  "Point": [
    {
      "Date": 20221122, 
      "Value" : 44.980000
    },
    {
      "Date": 20221227, 
      "Value" : 31.879999
    },
    {
      "Date": 20230424, 
      "Value" : 69.949997
    }
  ]
}