{
  "Color": "rgb(244, 55, 244)", 
  "Point": [
    {
      "Date": 20211116, 
      "Value" : 41.250000
    },
    {
      "Date": 20220427, 
      "Value" : 15.130000
    },
    {
      "Date": 20220822, 
      "Value" : 30.799999
    }
  ]
}