{
  "Color": "rgb(244, 55, 244)", 
  "Point": [
    {
      "Date": 20220608, 
      "Value" : 39.669998
    },
    {
      "Date": 20220919, 
      "Value" : 25.600000
    },
    {
      "Date": 20220930, 
      "Value" : 23.660000
    }
  ]
}