{
  "Color": "rgb(244, 55, 244)", 
  "Point": [
    {
      "Date": 20220524, 
      "Value" : 60.029999
    },
    {
      "Date": 20220926, 
      "Value" : 28.670000
    },
    {
      "Date": 20220930, 
      "Value" : 27.110001
    }
  ]
}