{
  "Color": "rgb(244, 55, 244)", 
  "Point": [
    {
      "Date": 20220708, 
      "Value" : 7.040000
    },
    {
      "Date": 20220718, 
      "Value" : 10.380000
    },
    {
      "Date": 20220926, 
      "Value" : 6.050000
    },
    {
      "Date": 20220930, 
      "Value" : 5.900000
    }
  ]
}