{
  "Color": "rgb(244, 55, 244)", 
  "Point": [
    {
      "Date": 20230309, 
      "Value" : 89.889999
    },
    {
      "Date": 20230512, 
      "Value" : 45.770000
    }
  ]
}