{
  "Color": "rgb(244, 55, 244)", 
  "Point": [
    {
      "Date": 20211207, 
      "Value" : 44.910000
    },
    {
      "Date": 20220428, 
      "Value" : 16.690001
    },
    {
      "Date": 20220708, 
      "Value" : 38.590000
    },
    {
      "Date": 20220919, 
      "Value" : 22.010000
    }
  ]
}