{
  "Color": "rgb(244, 55, 244)", 
  "Point": [
    {
      "Date": 20220928, 
      "Value" : 23.600000
    },
    {
      "Date": 20221223, 
      "Value" : 17.219999
    },
    {
      "Date": 20230417, 
      "Value" : 19.270000
    },
    {
      "Date": 20230515, 
      "Value" : 15.380000
    }
  ]
}