{
  "Color": "rgb(244, 55, 244)", 
  "Point": [
    {
      "Date": 20220829, 
      "Value" : 82.000000
    },
    {
      "Date": 20221230, 
      "Value" : 46.900002
    },
    {
      "Date": 20230213, 
      "Value" : 53.299999
    },
    {
      "Date": 20230425, 
      "Value" : 35.150002
    }
  ]
}