{
  "Color": "rgb(244, 55, 244)", 
  "Point": [
    {
      "Date": 20220810, 
      "Value" : 50.490002
    },
    {
      "Date": 20220930, 
      "Value" : 24.799999
    }
  ]
}