{
  "Color": "rgb(244, 55, 244)", 
  "Point": [
    {
      "Date": 20220118, 
      "Value" : 38.250000
    },
    {
      "Date": 20220802, 
      "Value" : 16.450001
    },
    {
      "Date": 20220901, 
      "Value" : 18.510000
    },
    {
      "Date": 20220926, 
      "Value" : 14.390000
    }
  ]
}