{
  "Color": "rgb(244, 55, 244)", 
  "Point": [
    {
      "Date": 20211228, 
      "Value" : 53.700001
    },
    {
      "Date": 20211230, 
      "Value" : 68.040001
    },
    {
      "Date": 20220427, 
      "Value" : 27.200001
    },
    {
      "Date": 20220819, 
      "Value" : 37.180000
    }
  ]
}