{
  "Color": "rgb(244, 55, 244)", 
  "Point": [
    {
      "Date": 20220801, 
      "Value" : 64.699997
    },
    {
      "Date": 20220816, 
      "Value" : 85.669998
    }
  ]
}