{
  "Color": "rgb(244, 55, 244)", 
  "Point": [
    {
      "Date": 20211215, 
      "Value" : 125.400002
    },
    {
      "Date": 20220428, 
      "Value" : 25.200001
    },
    {
      "Date": 20220822, 
      "Value" : 38.500000
    }
  ]
}