{
  "Color": "rgb(244, 55, 244)", 
  "Point": [
    {
      "Date": 20220322, 
      "Value" : 44.820000
    },
    {
      "Date": 20220428, 
      "Value" : 25.520000
    },
    {
      "Date": 20220802, 
      "Value" : 40.450001
    },
    {
      "Date": 20220926, 
      "Value" : 25.900000
    }
  ]
}