{
  "Color": "rgb(244, 55, 244)", 
  "Point": [
    {
      "Date": 20211224, 
      "Value" : 43.849998
    },
    {
      "Date": 20220426, 
      "Value" : 19.930000
    },
    {
      "Date": 20220811, 
      "Value" : 29.139999
    },
    {
      "Date": 20220926, 
      "Value" : 20.690001
    }
  ]
}