{
  "Color": "rgb(244, 55, 244)", 
  "Point": [
    {
      "Date": 20220617, 
      "Value" : 34.520000
    },
    {
      "Date": 20220621, 
      "Value" : 41.660000
    },
    {
      "Date": 20220901, 
      "Value" : 21.420000
    }
  ]
}