{
  "Color": "rgb(244, 55, 244)", 
  "Point": [
    {
      "Date": 20220928, 
      "Value" : 23.600000
    },
    {
      "Date": 20220930, 
      "Value" : 18.730000
    }
  ]
}