{
  "Color": "rgb(244, 55, 244)", 
  "Point": [
    {
      "Date": 20220708, 
      "Value" : 43.459999
    },
    {
      "Date": 20220926, 
      "Value" : 26.780001
    },
    {
      "Date": 20220930, 
      "Value" : 25.209999
    }
  ]
}