{
  "Color": "rgb(244, 55, 244)", 
  "Point": [
    {
      "Date": 20220829, 
      "Value" : 82.000000
    },
    {
      "Date": 20220930, 
      "Value" : 50.000000
    }
  ]
}