{
  "Color": "rgb(244, 55, 244)", 
  "Point": [
    {
      "Date": 20220328, 
      "Value" : 38.730000
    },
    {
      "Date": 20220426, 
      "Value" : 23.610001
    },
    {
      "Date": 20220721, 
      "Value" : 36.880001
    },
    {
      "Date": 20220928, 
      "Value" : 26.600000
    }
  ]
}