{
  "Color": "rgb(244, 55, 244)", 
  "Point": [
    {
      "Date": 20220128, 
      "Value" : 57.680000
    },
    {
      "Date": 20220427, 
      "Value" : 25.740000
    },
    {
      "Date": 20220811, 
      "Value" : 38.630001
    },
    {
      "Date": 20220926, 
      "Value" : 28.110001
    }
  ]
}