{
  "Color": "rgb(244, 55, 244)", 
  "Point": [
    {
      "Date": 20220808, 
      "Value" : 79.800003
    },
    {
      "Date": 20220819, 
      "Value" : 122.489998
    },
    {
      "Date": 20220930, 
      "Value" : 57.189999
    }
  ]
}