{
  "Color": "rgb(244, 55, 244)", 
  "Point": [
    {
      "Date": 20221230, 
      "Value" : 42.980000
    },
    {
      "Date": 20230425, 
      "Value" : 32.200001
    },
    {
      "Date": 20230619, 
      "Value" : 37.500000
    }
  ]
}