{
  "Color": "rgb(244, 55, 244)", 
  "Point": [
    {
      "Date": 20220413, 
      "Value" : 21.969999
    },
    {
      "Date": 20220926, 
      "Value" : 14.950000
    }
  ]
}