{
  "Color": "rgb(244, 55, 244)", 
  "Point": [
    {
      "Date": 20220422, 
      "Value" : 18.620001
    },
    {
      "Date": 20220425, 
      "Value" : 36.430000
    },
    {
      "Date": 20220919, 
      "Value" : 18.180000
    }
  ]
}