{
  "Color": "rgb(244, 55, 244)", 
  "Point": [
    {
      "Date": 20220223, 
      "Value" : 53.299999
    },
    {
      "Date": 20220307, 
      "Value" : 89.769997
    },
    {
      "Date": 20220929, 
      "Value" : 30.100000
    }
  ]
}