{
  "Color": "rgb(244, 55, 244)", 
  "Point": [
    {
      "Date": 20211216, 
      "Value" : 77.510002
    },
    {
      "Date": 20220427, 
      "Value" : 27.680000
    },
    {
      "Date": 20220830, 
      "Value" : 73.879997
    },
    {
      "Date": 20220926, 
      "Value" : 53.500000
    }
  ]
}