{
  "Color": "rgb(244, 55, 244)", 
  "Point": [
    {
      "Date": 20211223, 
      "Value" : 50.380001
    },
    {
      "Date": 20220427, 
      "Value" : 18.959999
    },
    {
      "Date": 20220810, 
      "Value" : 26.850000
    }
  ]
}