{
  "Color": "rgb(244, 55, 244)", 
  "Point": [
    {
      "Date": 20220314, 
      "Value" : 87.529999
    },
    {
      "Date": 20221011, 
      "Value" : 34.150002
    },
    {
      "Date": 20230202, 
      "Value" : 50.750000
    },
    {
      "Date": 20230425, 
      "Value" : 33.810001
    }
  ]
}