{
  "Color": "rgb(244, 55, 244)", 
  "Point": [
    {
      "Date": 20220914, 
      "Value" : 25.120001
    },
    {
      "Date": 20220915, 
      "Value" : 32.900002
    },
    {
      "Date": 20220929, 
      "Value" : 19.129999
    }
  ]
}