{
  "Color": "rgb(244, 55, 244)", 
  "Point": [
    {
      "Date": 20211111, 
      "Value" : 24.570000
    },
    {
      "Date": 20211201, 
      "Value" : 32.779999
    },
    {
      "Date": 20220427, 
      "Value" : 13.680000
    },
    {
      "Date": 20220818, 
      "Value" : 19.219999
    }
  ]
}