{
  "Color": "rgb(244, 55, 244)", 
  "Point": [
    {
      "Date": 20230404, 
      "Value" : 41.470001
    },
    {
      "Date": 20230509, 
      "Value" : 34.220001
    },
    {
      "Date": 20230629, 
      "Value" : 48.799999
    },
    {
      "Date": 20230707, 
      "Value" : 69.180000
    }
  ]
}