{
  "Color": "rgb(244, 55, 244)", 
  "Point": [
    {
      "Date": 20220210, 
      "Value" : 96.669998
    },
    {
      "Date": 20220428, 
      "Value" : 39.740002
    },
    {
      "Date": 20220701, 
      "Value" : 50.500000
    },
    {
      "Date": 20220926, 
      "Value" : 32.400002
    }
  ]
}