{
  "Color": "rgb(244, 55, 244)", 
  "Point": [
    {
      "Date": 20230630, 
      "Value" : 35.320000
    },
    {
      "Date": 20230922, 
      "Value" : 27.770000
    }
  ]
}