{
  "Color": "rgb(244, 55, 244)", 
  "Point": [
    {
      "Date": 20220128, 
      "Value" : 45.560001
    },
    {
      "Date": 20220323, 
      "Value" : 67.900002
    },
    {
      "Date": 20220428, 
      "Value" : 29.770000
    }
  ]
}