{
  "Color": "rgb(244, 55, 244)", 
  "Point": [
    {
      "Date": 20220322, 
      "Value" : 13.540000
    },
    {
      "Date": 20220323, 
      "Value" : 17.520000
    },
    {
      "Date": 20220930, 
      "Value" : 7.870000
    }
  ]
}