{
  "Color": "rgb(244, 55, 244)", 
  "Point": [
    {
      "Date": 20220307, 
      "Value" : 38.590000
    },
    {
      "Date": 20220316, 
      "Value" : 46.639999
    },
    {
      "Date": 20220926, 
      "Value" : 19.440001
    },
    {
      "Date": 20220930, 
      "Value" : 18.799999
    }
  ]
}