{
  "Color": "rgb(244, 55, 244)", 
  "Point": [
    {
      "Date": 20230404, 
      "Value" : 37.000000
    },
    {
      "Date": 20230824, 
      "Value" : 69.709999
    },
    {
      "Date": 20240208, 
      "Value" : 22.010000
    },
    {
      "Date": 20241008, 
      "Value" : 35.470001
    }
  ]
}