{
  "Color": "rgb(244, 55, 244)", 
  "Point": [
    {
      "Date": 20221227, 
      "Value" : 44.599998
    },
    {
      "Date": 20230424, 
      "Value" : 31.080000
    }
  ]
}