{
  "Color": "rgb(244, 55, 244)", 
  "Point": [
    {
      "Date": 20221025, 
      "Value" : 33.799999
    },
    {
      "Date": 20230227, 
      "Value" : 51.200001
    },
    {
      "Date": 20230609, 
      "Value" : 30.120001
    }
  ]
}