{
  "Color": "rgb(244, 55, 244)", 
  "Point": [
    {
      "Date": 20230404, 
      "Value" : 38.500000
    },
    {
      "Date": 20230824, 
      "Value" : 71.209999
    },
    {
      "Date": 20240208, 
      "Value" : 23.510000
    }
  ]
}