{
  "Color": "rgb(244, 55, 244)", 
  "Point": [
    {
      "Date": 20220413, 
      "Value" : 43.029999
    },
    {
      "Date": 20220428, 
      "Value" : 22.719999
    },
    {
      "Date": 20220801, 
      "Value" : 30.190001
    },
    {
      "Date": 20220923, 
      "Value" : 25.570000
    }
  ]
}