{
  "Color": "rgb(244, 55, 244)", 
  "Point": [
    {
      "Date": 20220926, 
      "Value" : 33.660000
    },
    {
      "Date": 20220930, 
      "Value" : 25.549999
    }
  ]
}