{
  "Color": "rgb(244, 55, 244)", 
  "Point": [
    {
      "Date": 20230404, 
      "Value" : 42.500000
    },
    {
      "Date": 20230425, 
      "Value" : 33.990002
    }
  ]
}