{
  "Color": "rgb(244, 55, 244)", 
  "Point": [
    {
      "Date": 20220908, 
      "Value" : 36.000000
    },
    {
      "Date": 20220930, 
      "Value" : 21.600000
    }
  ]
}