{
  "Color": "rgb(244, 55, 244)", 
  "Point": [
    {
      "Date": 20230525, 
      "Value" : 64.419998
    },
    {
      "Date": 20240206, 
      "Value" : 22.520000
    }
  ]
}