{
  "Color": "rgb(244, 55, 244)", 
  "Point": [
    {
      "Date": 20221216, 
      "Value" : 18.000000
    },
    {
      "Date": 20230425, 
      "Value" : 11.390000
    }
  ]
}