{
  "Color": "rgb(244, 55, 244)", 
  "Point": [
    {
      "Date": 20220413, 
      "Value" : 43.029999
    },
    {
      "Date": 20221230, 
      "Value" : 21.610001
    },
    {
      "Date": 20230317, 
      "Value" : 28.780001
    },
    {
      "Date": 20230510, 
      "Value" : 24.020000
    }
  ]
}