{
  "Color": "rgb(244, 55, 244)", 
  "Point": [
    {
      "Date": 20220222, 
      "Value" : 79.900002
    },
    {
      "Date": 20220428, 
      "Value" : 27.990000
    },
    {
      "Date": 20220825, 
      "Value" : 45.470001
    },
    {
      "Date": 20220926, 
      "Value" : 30.299999
    }
  ]
}