{
  "Color": "rgb(244, 55, 244)", 
  "Point": [
    {
      "Date": 20250311, 
      "Value" : 66.330002
    },
    {
      "Date": 20250312, 
      "Value" : 86.959999
    },
    {
      "Date": 20250409, 
      "Value" : 45.380001
    }
  ]
}