{
  "Color": "rgb(244, 55, 244)", 
  "Point": [
    {
      "Date": 20220623, 
      "Value" : 48.500000
    },
    {
      "Date": 20220711, 
      "Value" : 40.209999
    },
    {
      "Date": 20220822, 
      "Value" : 58.580002
    },
    {
      "Date": 20220926, 
      "Value" : 43.500000
    }
  ]
}