{
  "Color": "rgb(244, 55, 244)", 
  "Point": [
    {
      "Date": 20220707, 
      "Value" : 63.299999
    },
    {
      "Date": 20220926, 
      "Value" : 38.799999
    },
    {
      "Date": 20220930, 
      "Value" : 37.630001
    }
  ]
}