{
  "Color": "rgb(244, 55, 244)", 
  "Point": [
    {
      "Date": 20230705, 
      "Value" : 50.000000
    },
    {
      "Date": 20230707, 
      "Value" : 38.580002
    }
  ]
}