{
  "Color": "rgb(244, 55, 244)", 
  "Point": [
    {
      "Date": 20221130, 
      "Value" : 59.000000
    },
    {
      "Date": 20230510, 
      "Value" : 31.360001
    }
  ]
}