{
  "Color": "rgb(244, 55, 244)", 
  "Point": [
    {
      "Date": 20220706, 
      "Value" : 59.790001
    },
    {
      "Date": 20220930, 
      "Value" : 37.400002
    }
  ]
}