{
  "Color": "rgb(244, 55, 244)", 
  "Point": [
    {
      "Date": 20230703, 
      "Value" : 32.070000
    },
    {
      "Date": 20240206, 
      "Value" : 22.160000
    },
    {
      "Date": 20240513, 
      "Value" : 45.340000
    },
    {
      "Date": 20240703, 
      "Value" : 27.959999
    }
  ]
}