{
  "Color": "rgb(244, 55, 244)", 
  "Point": [
    {
      "Date": 20230320, 
      "Value" : 45.000000
    },
    {
      "Date": 20230510, 
      "Value" : 32.020000
    }
  ]
}