{
  "Color": "rgb(244, 55, 244)", 
  "Point": [
    {
      "Date": 20220218, 
      "Value" : 79.580002
    },
    {
      "Date": 20220428, 
      "Value" : 38.689999
    },
    {
      "Date": 20220704, 
      "Value" : 65.559998
    },
    {
      "Date": 20220926, 
      "Value" : 43.020000
    }
  ]
}