{
  "Color": "rgb(244, 55, 244)", 
  "Point": [
    {
      "Date": 20230620, 
      "Value" : 41.380001
    },
    {
      "Date": 20230703, 
      "Value" : 26.910000
    },
    {
      "Date": 20230822, 
      "Value" : 38.000000
    },
    {
      "Date": 20230922, 
      "Value" : 27.500000
    }
  ]
}