{
  "Color": "rgb(244, 55, 244)", 
  "Point": [
    {
      "Date": 20220323, 
      "Value" : 54.869999
    },
    {
      "Date": 20220427, 
      "Value" : 30.580000
    },
    {
      "Date": 20220810, 
      "Value" : 47.950001
    },
    {
      "Date": 20220926, 
      "Value" : 32.570000
    }
  ]
}