{
  "Color": "rgb(244, 55, 244)", 
  "Point": [
    {
      "Date": 20220902, 
      "Value" : 46.000000
    },
    {
      "Date": 20221024, 
      "Value" : 64.769997
    },
    {
      "Date": 20230510, 
      "Value" : 39.500000
    }
  ]
}