{
  "Color": "rgb(244, 55, 244)", 
  "Point": [
    {
      "Date": 20230208, 
      "Value" : 34.580002
    },
    {
      "Date": 20230209, 
      "Value" : 41.880001
    },
    {
      "Date": 20230510, 
      "Value" : 21.930000
    },
    {
      "Date": 20230512, 
      "Value" : 21.650000
    }
  ]
}