{
  "Color": "rgb(244, 55, 244)", 
  "Point": [
    {
      "Date": 20230615, 
      "Value" : 69.099998
    },
    {
      "Date": 20230616, 
      "Value" : 75.339996
    },
    {
      "Date": 20230628, 
      "Value" : 57.209999
    }
  ]
}