{
  "Color": "rgb(244, 55, 244)", 
  "Point": [
    {
      "Date": 20220831, 
      "Value" : 36.509998
    },
    {
      "Date": 20220901, 
      "Value" : 58.000000
    },
    {
      "Date": 20220930, 
      "Value" : 28.000000
    }
  ]
}