{
  "Color": "rgb(244, 55, 244)", 
  "Point": [
    {
      "Date": 20230616, 
      "Value" : 40.000000
    },
    {
      "Date": 20231010, 
      "Value" : 49.049999
    },
    {
      "Date": 20240206, 
      "Value" : 19.100000
    }
  ]
}