{
  "Color": "rgb(244, 55, 244)", 
  "Point": [
    {
      "Date": 20221026, 
      "Value" : 25.280001
    },
    {
      "Date": 20221230, 
      "Value" : 18.770000
    },
    {
      "Date": 20230214, 
      "Value" : 23.540001
    },
    {
      "Date": 20230509, 
      "Value" : 18.180000
    }
  ]
}