{
  "Color": "rgb(244, 55, 244)", 
  "Point": [
    {
      "Date": 20220909, 
      "Value" : 37.639999
    },
    {
      "Date": 20240206, 
      "Value" : 15.880000
    }
  ]
}