{
  "Color": "rgb(244, 55, 244)", 
  "Point": [
    {
      "Date": 20220825, 
      "Value" : 48.750000
    },
    {
      "Date": 20220930, 
      "Value" : 27.000000
    }
  ]
}