{
  "Color": "rgb(244, 55, 244)", 
  "Point": [
    {
      "Date": 20230320, 
      "Value" : 44.900002
    },
    {
      "Date": 20230608, 
      "Value" : 31.879999
    }
  ]
}