{
  "Color": "rgb(244, 55, 244)", 
  "Point": [
    {
      "Date": 20220517, 
      "Value" : 79.820000
    },
    {
      "Date": 20220926, 
      "Value" : 40.020000
    }
  ]
}