{
  "Color": "rgb(244, 55, 244)", 
  "Point": [
    {
      "Date": 20221025, 
      "Value" : 33.799999
    },
    {
      "Date": 20230227, 
      "Value" : 51.200001
    },
    {
      "Date": 20230508, 
      "Value" : 31.920000
    },
    {
      "Date": 20230512, 
      "Value" : 31.250000
    }
  ]
}