{
  "Color": "rgb(244, 55, 244)", 
  "Point": [
    {
      "Date": 20220426, 
      "Value" : 26.809999
    },
    {
      "Date": 20220512, 
      "Value" : 52.439999
    },
    {
      "Date": 20220926, 
      "Value" : 22.350000
    }
  ]
}