{
  "Color": "rgb(244, 55, 244)", 
  "Point": [
    {
      "Date": 20220420, 
      "Value" : 49.799999
    },
    {
      "Date": 20220930, 
      "Value" : 24.879999
    }
  ]
}