{
  "Color": "rgb(244, 55, 244)", 
  "Point": [
    {
      "Date": 20220804, 
      "Value" : 144.000000
    },
    {
      "Date": 20220919, 
      "Value" : 82.000000
    }
  ]
}