{
  "Color": "rgb(244, 55, 244)", 
  "Point": [
    {
      "Date": 20230630, 
      "Value" : 55.849998
    },
    {
      "Date": 20230707, 
      "Value" : 45.880001
    }
  ]
}