{
  "Color": "rgb(244, 55, 244)", 
  "Point": [
    {
      "Date": 20230614, 
      "Value" : 56.000000
    },
    {
      "Date": 20230824, 
      "Value" : 37.500000
    }
  ]
}