{
  "Color": "rgb(244, 55, 244)", 
  "Point": [
    {
      "Date": 20230614, 
      "Value" : 56.000000
    },
    {
      "Date": 20231023, 
      "Value" : 35.389999
    },
    {
      "Date": 20231121, 
      "Value" : 41.369999
    },
    {
      "Date": 20240206, 
      "Value" : 21.209999
    }
  ]
}