{
  "Color": "rgb(244, 55, 244)", 
  "Point": [
    {
      "Date": 20221102, 
      "Value" : 36.790001
    },
    {
      "Date": 20221220, 
      "Value" : 31.809999
    },
    {
      "Date": 20230327, 
      "Value" : 52.790001
    },
    {
      "Date": 20230530, 
      "Value" : 37.290001
    }
  ]
}