{
  "Color": "rgb(244, 55, 244)", 
  "Point": [
    {
      "Date": 20220315, 
      "Value" : 38.720001
    },
    {
      "Date": 20220316, 
      "Value" : 48.790001
    },
    {
      "Date": 20220930, 
      "Value" : 26.049999
    }
  ]
}