{
  "Color": "rgb(244, 55, 244)", 
  "Point": [
    {
      "Date": 20221020, 
      "Value" : 46.669998
    },
    {
      "Date": 20221031, 
      "Value" : 36.700001
    },
    {
      "Date": 20230413, 
      "Value" : 70.400002
    },
    {
      "Date": 20230530, 
      "Value" : 46.250000
    }
  ]
}