{
  "Color": "rgb(244, 55, 244)", 
  "Point": [
    {
      "Date": 20221216, 
      "Value" : 17.799999
    },
    {
      "Date": 20230425, 
      "Value" : 11.190000
    },
    {
      "Date": 20230719, 
      "Value" : 12.630000
    }
  ]
}