{
  "Color": "rgb(244, 55, 244)", 
  "Point": [
    {
      "Date": 20220927, 
      "Value" : 31.410000
    },
    {
      "Date": 20221012, 
      "Value" : 24.330000
    },
    {
      "Date": 20230220, 
      "Value" : 39.150002
    },
    {
      "Date": 20230510, 
      "Value" : 25.290001
    }
  ]
}