{
  "Color": "rgb(244, 55, 244)", 
  "Point": [
    {
      "Date": 20221025, 
      "Value" : 33.650002
    },
    {
      "Date": 20230227, 
      "Value" : 51.049999
    },
    {
      "Date": 20230626, 
      "Value" : 28.639999
    },
    {
      "Date": 20230719, 
      "Value" : 33.549999
    }
  ]
}