{
  "Color": "rgb(244, 55, 244)", 
  "Point": [
    {
      "Date": 20220826, 
      "Value" : 49.400002
    },
    {
      "Date": 20230510, 
      "Value" : 23.719999
    },
    {
      "Date": 20230608, 
      "Value" : 32.580002
    }
  ]
}