{
  "Color": "rgb(244, 55, 244)", 
  "Point": [
    {
      "Date": 20220329, 
      "Value" : 79.410004
    },
    {
      "Date": 20231221, 
      "Value" : 31.360001
    }
  ]
}