{
  "Color": "rgb(244, 55, 244)", 
  "Point": [
    {
      "Date": 20220325, 
      "Value" : 55.029999
    },
    {
      "Date": 20220425, 
      "Value" : 28.370001
    },
    {
      "Date": 20220824, 
      "Value" : 42.150002
    },
    {
      "Date": 20220930, 
      "Value" : 29.120001
    }
  ]
}