{
  "Color": "rgb(244, 55, 244)", 
  "Point": [
    {
      "Date": 20230406, 
      "Value" : 28.250000
    },
    {
      "Date": 20230425, 
      "Value" : 23.990000
    },
    {
      "Date": 20230814, 
      "Value" : 63.990002
    },
    {
      "Date": 20231026, 
      "Value" : 35.799999
    }
  ]
}