{
  "Color": "rgb(244, 55, 244)", 
  "Point": [
    {
      "Date": 20220419, 
      "Value" : 33.799999
    },
    {
      "Date": 20220422, 
      "Value" : 67.800003
    },
    {
      "Date": 20220822, 
      "Value" : 31.639999
    },
    {
      "Date": 20220923, 
      "Value" : 45.380001
    }
  ]
}