{
  "Color": "rgb(244, 55, 244)", 
  "Point": [
    {
      "Date": 20220422, 
      "Value" : 42.750000
    },
    {
      "Date": 20220926, 
      "Value" : 17.469999
    },
    {
      "Date": 20220930, 
      "Value" : 17.030001
    }
  ]
}