{
  "Color": "rgb(244, 55, 244)", 
  "Point": [
    {
      "Date": 20220928, 
      "Value" : 21.930000
    },
    {
      "Date": 20220930, 
      "Value" : 15.150000
    }
  ]
}