{
  "Color": "rgb(244, 55, 244)", 
  "Point": [
    {
      "Date": 20220617, 
      "Value" : 31.260000
    },
    {
      "Date": 20220705, 
      "Value" : 41.880001
    },
    {
      "Date": 20220923, 
      "Value" : 27.330000
    },
    {
      "Date": 20220930, 
      "Value" : 25.450001
    }
  ]
}