{
  "Color": "rgb(244, 55, 244)", 
  "Point": [
    {
      "Date": 20230620, 
      "Value" : 41.380001
    },
    {
      "Date": 20230703, 
      "Value" : 26.910000
    }
  ]
}