{
  "Color": "rgb(244, 55, 244)", 
  "Point": [
    {
      "Date": 20230508, 
      "Value" : 54.270000
    },
    {
      "Date": 20230512, 
      "Value" : 47.270000
    },
    {
      "Date": 20230602, 
      "Value" : 118.220001
    },
    {
      "Date": 20230915, 
      "Value" : 63.869999
    }
  ]
}