{
  "Color": "rgb(244, 55, 244)", 
  "Point": [
    {
      "Date": 20220614, 
      "Value" : 26.500000
    },
    {
      "Date": 20220615, 
      "Value" : 31.180000
    },
    {
      "Date": 20220927, 
      "Value" : 18.010000
    },
    {
      "Date": 20220930, 
      "Value" : 17.150000
    }
  ]
}