{
  "Color": "rgb(244, 55, 244)", 
  "Point": [
    {
      "Date": 20220905, 
      "Value" : 45.000000
    },
    {
      "Date": 20220909, 
      "Value" : 40.880001
    },
    {
      "Date": 20220923, 
      "Value" : 53.490002
    }
  ]
}