{
  "Color": "rgb(244, 55, 244)", 
  "Point": [
    {
      "Date": 20221228, 
      "Value" : 37.459999
    },
    {
      "Date": 20230424, 
      "Value" : 31.080000
    },
    {
      "Date": 20230524, 
      "Value" : 45.049999
    }
  ]
}