{
  "Color": "rgb(244, 55, 244)", 
  "Point": [
    {
      "Date": 20220902, 
      "Value" : 45.500000
    },
    {
      "Date": 20221024, 
      "Value" : 64.269997
    },
    {
      "Date": 20230628, 
      "Value" : 34.090000
    }
  ]
}