{
  "Color": "rgb(244, 55, 244)", 
  "Point": [
    {
      "Date": 20221102, 
      "Value" : 52.000000
    },
    {
      "Date": 20221220, 
      "Value" : 45.029999
    },
    {
      "Date": 20230327, 
      "Value" : 74.400002
    },
    {
      "Date": 20230427, 
      "Value" : 53.619999
    }
  ]
}