{
  "Color": "rgb(244, 55, 244)", 
  "Point": [
    {
      "Date": 20220705, 
      "Value" : 51.099998
    },
    {
      "Date": 20220926, 
      "Value" : 28.760000
    }
  ]
}