{
  "Color": "rgb(244, 55, 244)", 
  "Point": [
    {
      "Date": 20230614, 
      "Value" : 56.000000
    },
    {
      "Date": 20230629, 
      "Value" : 39.009998
    }
  ]
}