{
  "Color": "rgb(244, 55, 244)", 
  "Point": [
    {
      "Date": 20220329, 
      "Value" : 79.989998
    },
    {
      "Date": 20220426, 
      "Value" : 36.099998
    },
    {
      "Date": 20220826, 
      "Value" : 57.310001
    }
  ]
}