{
  "Color": "rgb(244, 55, 244)", 
  "Point": [
    {
      "Date": 20230710, 
      "Value" : 41.799999
    },
    {
      "Date": 20230711, 
      "Value" : 65.180000
    },
    {
      "Date": 20230825, 
      "Value" : 38.529999
    },
    {
      "Date": 20231120, 
      "Value" : 57.799999
    }
  ]
}