{
  "Color": "rgb(244, 55, 244)", 
  "Point": [
    {
      "Date": 20220825, 
      "Value" : 48.750000
    },
    {
      "Date": 20221230, 
      "Value" : 22.719999
    },
    {
      "Date": 20230320, 
      "Value" : 28.080000
    },
    {
      "Date": 20230425, 
      "Value" : 20.889999
    }
  ]
}