{
  "Color": "rgb(244, 55, 244)", 
  "Point": [
    {
      "Date": 20220913, 
      "Value" : 58.000000
    },
    {
      "Date": 20220930, 
      "Value" : 38.439999
    }
  ]
}