{
  "Color": "rgb(244, 55, 244)", 
  "Point": [
    {
      "Date": 20220408, 
      "Value" : 28.360001
    },
    {
      "Date": 20220427, 
      "Value" : 17.100000
    },
    {
      "Date": 20220718, 
      "Value" : 68.500000
    },
    {
      "Date": 20220930, 
      "Value" : 46.029999
    }
  ]
}