{
  "Color": "rgb(244, 55, 244)", 
  "Point": [
    {
      "Date": 20220609, 
      "Value" : 48.660000
    },
    {
      "Date": 20220617, 
      "Value" : 37.919998
    },
    {
      "Date": 20220823, 
      "Value" : 81.519997
    },
    {
      "Date": 20220919, 
      "Value" : 49.049999
    }
  ]
}