{
  "Color": "rgb(244, 55, 244)", 
  "Point": [
    {
      "Date": 20230710, 
      "Value" : 42.099998
    },
    {
      "Date": 20230711, 
      "Value" : 65.480003
    },
    {
      "Date": 20230724, 
      "Value" : 40.080002
    }
  ]
}