{
  "Color": "rgb(244, 55, 244)", 
  "Point": [
    {
      "Date": 20230404, 
      "Value" : 44.950001
    },
    {
      "Date": 20230425, 
      "Value" : 34.299999
    }
  ]
}