{
  "Color": "rgb(244, 55, 244)", 
  "Point": [
    {
      "Date": 20230505, 
      "Value" : 58.160000
    },
    {
      "Date": 20230512, 
      "Value" : 47.270000
    }
  ]
}