{
  "Color": "rgb(244, 55, 244)", 
  "Point": [
    {
      "Date": 20220606, 
      "Value" : 25.629999
    },
    {
      "Date": 20220613, 
      "Value" : 33.500000
    },
    {
      "Date": 20220928, 
      "Value" : 17.480000
    }
  ]
}