{
  "Color": "rgb(244, 55, 244)", 
  "Point": [
    {
      "Date": 20230404, 
      "Value" : 27.209999
    },
    {
      "Date": 20230814, 
      "Value" : 63.990002
    },
    {
      "Date": 20240208, 
      "Value" : 20.059999
    },
    {
      "Date": 20240304, 
      "Value" : 31.799999
    }
  ]
}