{
  "Color": "rgb(244, 55, 244)", 
  "Point": [
    {
      "Date": 20220909, 
      "Value" : 38.000000
    },
    {
      "Date": 20220930, 
      "Value" : 24.360001
    }
  ]
}