{
  "Color": "rgb(244, 55, 244)", 
  "Point": [
    {
      "Date": 20220705, 
      "Value" : 50.099998
    },
    {
      "Date": 20220727, 
      "Value" : 81.620003
    },
    {
      "Date": 20220926, 
      "Value" : 55.220001
    }
  ]
}