{
  "Color": "rgb(244, 55, 244)", 
  "Point": [
    {
      "Date": 20230404, 
      "Value" : 43.450001
    },
    {
      "Date": 20230425, 
      "Value" : 32.799999
    }
  ]
}