{
  "Color": "rgb(244, 55, 244)", 
  "Point": [
    {
      "Date": 20220622, 
      "Value" : 51.799999
    },
    {
      "Date": 20220926, 
      "Value" : 34.799999
    }
  ]
}