{
  "Color": "rgb(244, 55, 244)", 
  "Point": [
    {
      "Date": 20230508, 
      "Value" : 54.270000
    },
    {
      "Date": 20230512, 
      "Value" : 47.270000
    },
    {
      "Date": 20230529, 
      "Value" : 91.870003
    }
  ]
}