{
  "Color": "rgb(244, 55, 244)", 
  "Point": [
    {
      "Date": 20230906, 
      "Value" : 73.970001
    },
    {
      "Date": 20231221, 
      "Value" : 34.860001
    }
  ]
}