{
  "Color": "rgb(244, 55, 244)", 
  "Point": [
    {
      "Date": 20220927, 
      "Value" : 30.410000
    },
    {
      "Date": 20221012, 
      "Value" : 23.330000
    },
    {
      "Date": 20230220, 
      "Value" : 38.150002
    },
    {
      "Date": 20230515, 
      "Value" : 24.010000
    }
  ]
}