{
  "Color": "rgb(244, 55, 244)", 
  "Point": [
    {
      "Date": 20230630, 
      "Value" : 35.240002
    },
    {
      "Date": 20231023, 
      "Value" : 26.070000
    },
    {
      "Date": 20231115, 
      "Value" : 29.969999
    },
    {
      "Date": 20231221, 
      "Value" : 26.610001
    }
  ]
}