{
  "Color": "rgb(244, 55, 244)", 
  "Point": [
    {
      "Date": 20220902, 
      "Value" : 22.070000
    },
    {
      "Date": 20220926, 
      "Value" : 14.100000
    }
  ]
}