{
  "Color": "rgb(244, 55, 244)", 
  "Point": [
    {
      "Date": 20221226, 
      "Value" : 35.869999
    },
    {
      "Date": 20231222, 
      "Value" : 46.750000
    },
    {
      "Date": 20240205, 
      "Value" : 23.700001
    },
    {
      "Date": 20240307, 
      "Value" : 48.430000
    }
  ]
}