{
  "Color": "rgb(244, 55, 244)", 
  "Point": [
    {
      "Date": 20220330, 
      "Value" : 30.370001
    },
    {
      "Date": 20220427, 
      "Value" : 24.309999
    },
    {
      "Date": 20220725, 
      "Value" : 36.919998
    }
  ]
}