{
  "Color": "rgb(244, 55, 244)", 
  "Point": [
    {
      "Date": 20211222, 
      "Value" : 35.509998
    },
    {
      "Date": 20211229, 
      "Value" : 48.500000
    },
    {
      "Date": 20220926, 
      "Value" : 16.520000
    }
  ]
}