{
  "Color": "rgb(244, 55, 244)", 
  "Point": [
    {
      "Date": 20220729, 
      "Value" : 68.059998
    },
    {
      "Date": 20220808, 
      "Value" : 145.979996
    }
  ]
}