{
  "Color": "rgb(244, 55, 244)", 
  "Point": [
    {
      "Date": 20230707, 
      "Value" : 32.770000
    },
    {
      "Date": 20231023, 
      "Value" : 19.410000
    },
    {
      "Date": 20231121, 
      "Value" : 21.379999
    },
    {
      "Date": 20231221, 
      "Value" : 18.540001
    }
  ]
}