{
  "Color": "rgb(244, 55, 244)", 
  "Point": [
    {
      "Date": 20220120, 
      "Value" : 187.550003
    },
    {
      "Date": 20220927, 
      "Value" : 50.099998
    }
  ]
}