{
  "Color": "rgb(244, 55, 244)", 
  "Point": [
    {
      "Date": 20220317, 
      "Value" : 125.559998
    },
    {
      "Date": 20220930, 
      "Value" : 79.309998
    }
  ]
}