{
  "Color": "rgb(244, 55, 244)", 
  "Point": [
    {
      "Date": 20220127, 
      "Value" : 24.290001
    },
    {
      "Date": 20220427, 
      "Value" : 11.430000
    },
    {
      "Date": 20220809, 
      "Value" : 16.850000
    },
    {
      "Date": 20220926, 
      "Value" : 12.500000
    }
  ]
}