{
  "Color": "rgb(244, 55, 244)", 
  "Point": [
    {
      "Date": 20220826, 
      "Value" : 49.900002
    },
    {
      "Date": 20220930, 
      "Value" : 26.049999
    }
  ]
}