{
  "Color": "rgb(244, 55, 244)", 
  "Point": [
    {
      "Date": 20230630, 
      "Value" : 48.020000
    },
    {
      "Date": 20230818, 
      "Value" : 58.799999
    },
    {
      "Date": 20230922, 
      "Value" : 43.070000
    }
  ]
}