{
  "Color": "rgb(244, 55, 244)", 
  "Point": [
    {
      "Date": 20220706, 
      "Value" : 60.000000
    },
    {
      "Date": 20221031, 
      "Value" : 47.419998
    },
    {
      "Date": 20230505, 
      "Value" : 137.470001
    }
  ]
}