{
  "Color": "rgb(244, 55, 244)", 
  "Point": [
    {
      "Date": 20230906, 
      "Value" : 73.970001
    },
    {
      "Date": 20240206, 
      "Value" : 22.309999
    }
  ]
}