{
  "Color": "rgb(244, 55, 244)", 
  "Point": [
    {
      "Date": 20221230, 
      "Value" : 14.510000
    },
    {
      "Date": 20230419, 
      "Value" : 28.230000
    }
  ]
}