{
  "Color": "rgb(244, 55, 244)", 
  "Point": [
    {
      "Date": 20220623, 
      "Value" : 36.919998
    },
    {
      "Date": 20220711, 
      "Value" : 30.549999
    },
    {
      "Date": 20230809, 
      "Value" : 75.970001
    },
    {
      "Date": 20230927, 
      "Value" : 50.730000
    }
  ]
}