{
  "Color": "rgb(244, 55, 244)", 
  "Point": [
    {
      "Date": 20230712, 
      "Value" : 94.500000
    },
    {
      "Date": 20231018, 
      "Value" : 118.550003
    },
    {
      "Date": 20240918, 
      "Value" : 33.259998
    },
    {
      "Date": 20241025, 
      "Value" : 48.090000
    }
  ]
}