{
  "Color": "rgb(244, 55, 244)", 
  "Point": [
    {
      "Date": 20230609, 
      "Value" : 32.730000
    },
    {
      "Date": 20240102, 
      "Value" : 48.959999
    },
    {
      "Date": 20240208, 
      "Value" : 18.129999
    },
    {
      "Date": 20241015, 
      "Value" : 39.180000
    }
  ]
}