{
  "Color": "rgb(244, 55, 244)", 
  "Point": [
    {
      "Date": 20230320, 
      "Value" : 72.669998
    },
    {
      "Date": 20230404, 
      "Value" : 84.500000
    },
    {
      "Date": 20230728, 
      "Value" : 57.009998
    }
  ]
}