{
  "Color": "rgb(244, 55, 244)", 
  "Point": [
    {
      "Date": 20230703, 
      "Value" : 26.000000
    },
    {
      "Date": 20230707, 
      "Value" : 22.860001
    }
  ]
}