{
  "Color": "rgb(244, 55, 244)", 
  "Point": [
    {
      "Date": 20230509, 
      "Value" : 40.000000
    },
    {
      "Date": 20230512, 
      "Value" : 37.040001
    },
    {
      "Date": 20230522, 
      "Value" : 53.660000
    }
  ]
}