{
  "Color": "rgb(244, 55, 244)", 
  "Point": [
    {
      "Date": 20221216, 
      "Value" : 24.510000
    },
    {
      "Date": 20221229, 
      "Value" : 19.620001
    },
    {
      "Date": 20230526, 
      "Value" : 72.489998
    }
  ]
}