{
  "Color": "rgb(244, 55, 244)", 
  "Point": [
    {
      "Date": 20220919, 
      "Value" : 159.160004
    },
    {
      "Date": 20221018, 
      "Value" : 218.779999
    },
    {
      "Date": 20230510, 
      "Value" : 75.709999
    }
  ]
}