{
  "Color": "rgb(244, 55, 244)", 
  "Point": [
    {
      "Date": 20220926, 
      "Value" : 55.230000
    },
    {
      "Date": 20220928, 
      "Value" : 64.940002
    },
    {
      "Date": 20221223, 
      "Value" : 45.099998
    },
    {
      "Date": 20230419, 
      "Value" : 63.650002
    }
  ]
}