{
  "Color": "rgb(244, 55, 244)", 
  "Point": [
    {
      "Date": 20230119, 
      "Value" : 23.000000
    },
    {
      "Date": 20230201, 
      "Value" : 30.799999
    },
    {
      "Date": 20230426, 
      "Value" : 22.000000
    }
  ]
}