{
  "Color": "rgb(244, 55, 244)", 
  "Point": [
    {
      "Date": 20230512, 
      "Value" : 89.070000
    },
    {
      "Date": 20230605, 
      "Value" : 114.980003
    }
  ]
}