{
  "Color": "rgb(244, 55, 244)", 
  "Point": [
    {
      "Date": 20230220, 
      "Value" : 39.610001
    },
    {
      "Date": 20230426, 
      "Value" : 21.740000
    }
  ]
}