{
  "Color": "rgb(244, 55, 244)", 
  "Point": [
    {
      "Date": 20230609, 
      "Value" : 53.500000
    },
    {
      "Date": 20231023, 
      "Value" : 33.099998
    }
  ]
}