{
  "Color": "rgb(244, 55, 244)", 
  "Point": [
    {
      "Date": 20220909, 
      "Value" : 95.550003
    },
    {
      "Date": 20221012, 
      "Value" : 56.419998
    },
    {
      "Date": 20230221, 
      "Value" : 103.000000
    },
    {
      "Date": 20230512, 
      "Value" : 73.300003
    }
  ]
}