{
  "Color": "rgb(244, 55, 244)", 
  "Point": [
    {
      "Date": 20230602, 
      "Value" : 62.500000
    },
    {
      "Date": 20230605, 
      "Value" : 68.800003
    },
    {
      "Date": 20230609, 
      "Value" : 57.590000
    }
  ]
}