{
  "Color": "rgb(244, 55, 244)", 
  "Point": [
    {
      "Date": 20220919, 
      "Value" : 208.990005
    },
    {
      "Date": 20221018, 
      "Value" : 286.500000
    },
    {
      "Date": 20230510, 
      "Value" : 100.500000
    }
  ]
}