{
  "Color": "rgb(244, 55, 244)", 
  "Point": [
    {
      "Date": 20230804, 
      "Value" : 54.910000
    },
    {
      "Date": 20230810, 
      "Value" : 69.419998
    },
    {
      "Date": 20230825, 
      "Value" : 40.759998
    }
  ]
}