{
  "Color": "rgb(244, 55, 244)", 
  "Point": [
    {
      "Date": 20230209, 
      "Value" : 64.580002
    },
    {
      "Date": 20230425, 
      "Value" : 38.189999
    },
    {
      "Date": 20230605, 
      "Value" : 45.500000
    }
  ]
}