{
  "Color": "rgb(244, 55, 244)", 
  "Point": [
    {
      "Date": 20220802, 
      "Value" : 99.000000
    },
    {
      "Date": 20220926, 
      "Value" : 63.820000
    }
  ]
}