{
  "Color": "rgb(244, 55, 244)", 
  "Point": [
    {
      "Date": 20230119, 
      "Value" : 22.700001
    },
    {
      "Date": 20230201, 
      "Value" : 30.500000
    },
    {
      "Date": 20230426, 
      "Value" : 21.700001
    }
  ]
}