{
  "Color": "rgb(244, 55, 244)", 
  "Point": [
    {
      "Date": 20230606, 
      "Value" : 55.959999
    },
    {
      "Date": 20230609, 
      "Value" : 42.020000
    }
  ]
}