{
  "Color": "rgb(244, 55, 244)", 
  "Point": [
    {
      "Date": 20230306, 
      "Value" : 131.039993
    },
    {
      "Date": 20230309, 
      "Value" : 149.500000
    },
    {
      "Date": 20230510, 
      "Value" : 94.000000
    }
  ]
}