{
  "Color": "rgb(244, 55, 244)", 
  "Point": [
    {
      "Date": 20221109, 
      "Value" : 37.590000
    },
    {
      "Date": 20230425, 
      "Value" : 22.270000
    }
  ]
}