{
  "Color": "rgb(244, 55, 244)", 
  "Point": [
    {
      "Date": 20230526, 
      "Value" : 57.849998
    },
    {
      "Date": 20231023, 
      "Value" : 28.030001
    },
    {
      "Date": 20231122, 
      "Value" : 36.000000
    },
    {
      "Date": 20231222, 
      "Value" : 30.100000
    }
  ]
}