{
  "Color": "rgb(244, 55, 244)", 
  "Point": [
    {
      "Date": 20230418, 
      "Value" : 49.349998
    },
    {
      "Date": 20231107, 
      "Value" : 75.629997
    },
    {
      "Date": 20240206, 
      "Value" : 31.129999
    }
  ]
}