{
  "Color": "rgb(244, 55, 244)", 
  "Point": [
    {
      "Date": 20230621, 
      "Value" : 54.299999
    },
    {
      "Date": 20230626, 
      "Value" : 73.489998
    },
    {
      "Date": 20230712, 
      "Value" : 47.380001
    }
  ]
}