{
  "Color": "rgb(244, 55, 244)", 
  "Point": [
    {
      "Date": 20230703, 
      "Value" : 24.030001
    },
    {
      "Date": 20230810, 
      "Value" : 27.959999
    },
    {
      "Date": 20230825, 
      "Value" : 21.070000
    }
  ]
}