{
  "Color": "rgb(244, 55, 244)", 
  "Point": [
    {
      "Date": 20230329, 
      "Value" : 30.980000
    },
    {
      "Date": 20230510, 
      "Value" : 21.700001
    }
  ]
}