{
  "Color": "rgb(244, 55, 244)", 
  "Point": [
    {
      "Date": 20221122, 
      "Value" : 33.799999
    },
    {
      "Date": 20230425, 
      "Value" : 17.110001
    },
    {
      "Date": 20230601, 
      "Value" : 25.379999
    }
  ]
}