{
  "Color": "rgb(244, 55, 244)", 
  "Point": [
    {
      "Date": 20230321, 
      "Value" : 102.989998
    },
    {
      "Date": 20230322, 
      "Value" : 92.500000
    },
    {
      "Date": 20230404, 
      "Value" : 127.750000
    }
  ]
}