{
  "Color": "rgb(244, 55, 244)", 
  "Point": [
    {
      "Date": 20230628, 
      "Value" : 48.000000
    },
    {
      "Date": 20230630, 
      "Value" : 41.380001
    }
  ]
}