{
  "Color": "rgb(244, 55, 244)", 
  "Point": [
    {
      "Date": 20230530, 
      "Value" : 53.220001
    },
    {
      "Date": 20230626, 
      "Value" : 33.419998
    }
  ]
}