{
  "Color": "rgb(244, 55, 244)", 
  "Point": [
    {
      "Date": 20230425, 
      "Value" : 29.180000
    },
    {
      "Date": 20230505, 
      "Value" : 26.170000
    },
    {
      "Date": 20230530, 
      "Value" : 36.000000
    }
  ]
}