{
  "Color": "rgb(244, 55, 244)", 
  "Point": [
    {
      "Date": 20221118, 
      "Value" : 48.320000
    },
    {
      "Date": 20230428, 
      "Value" : 34.259998
    }
  ]
}