{
  "Color": "rgb(244, 55, 244)", 
  "Point": [
    {
      "Date": 20230626, 
      "Value" : 73.489998
    },
    {
      "Date": 20230712, 
      "Value" : 47.380001
    },
    {
      "Date": 20230816, 
      "Value" : 99.379997
    },
    {
      "Date": 20231102, 
      "Value" : 55.380001
    }
  ]
}