{
  "Color": "rgb(244, 55, 244)", 
  "Point": [
    {
      "Date": 20230220, 
      "Value" : 39.389999
    },
    {
      "Date": 20230426, 
      "Value" : 21.520000
    },
    {
      "Date": 20230815, 
      "Value" : 25.480000
    },
    {
      "Date": 20230922, 
      "Value" : 20.830000
    }
  ]
}