{
  "Color": "rgb(244, 55, 244)", 
  "Point": [
    {
      "Date": 20230612, 
      "Value" : 32.910000
    },
    {
      "Date": 20240208, 
      "Value" : 18.129999
    },
    {
      "Date": 20250207, 
      "Value" : 66.660004
    },
    {
      "Date": 20250409, 
      "Value" : 30.990000
    }
  ]
}