{
  "Color": "rgb(244, 55, 244)", 
  "Point": [
    {
      "Date": 20230801, 
      "Value" : 80.040001
    },
    {
      "Date": 20231226, 
      "Value" : 36.299999
    },
    {
      "Date": 20240110, 
      "Value" : 43.750000
    },
    {
      "Date": 20240205, 
      "Value" : 25.209999
    }
  ]
}