{
  "Color": "rgb(244, 55, 244)", 
  "Point": [
    {
      "Date": 20220922, 
      "Value" : 37.599998
    },
    {
      "Date": 20220928, 
      "Value" : 60.000000
    }
  ]
}