{
  "Color": "rgb(244, 55, 244)", 
  "Point": [
    {
      "Date": 20220919, 
      "Value" : 36.840000
    },
    {
      "Date": 20221229, 
      "Value" : 24.930000
    },
    {
      "Date": 20230321, 
      "Value" : 30.330000
    },
    {
      "Date": 20230428, 
      "Value" : 25.500000
    }
  ]
}