{
  "Color": "rgb(244, 55, 244)", 
  "Point": [
    {
      "Date": 20230328, 
      "Value" : 70.849998
    },
    {
      "Date": 20230512, 
      "Value" : 45.849998
    },
    {
      "Date": 20230621, 
      "Value" : 59.900002
    }
  ]
}