{
  "Color": "rgb(244, 55, 244)", 
  "Point": [
    {
      "Date": 20230526, 
      "Value" : 50.459999
    },
    {
      "Date": 20240117, 
      "Value" : 59.200001
    },
    {
      "Date": 20240208, 
      "Value" : 25.200001
    },
    {
      "Date": 20240301, 
      "Value" : 42.000000
    }
  ]
}