{
  "Color": "rgb(244, 55, 244)", 
  "Point": [
    {
      "Date": 20220818, 
      "Value" : 36.650002
    },
    {
      "Date": 20220930, 
      "Value" : 20.879999
    }
  ]
}