{
  "Color": "rgb(244, 55, 244)", 
  "Point": [
    {
      "Date": 20230609, 
      "Value" : 53.500000
    },
    {
      "Date": 20230628, 
      "Value" : 35.570000
    },
    {
      "Date": 20230905, 
      "Value" : 41.950001
    },
    {
      "Date": 20230922, 
      "Value" : 36.169998
    }
  ]
}