{
  "Color": "rgb(244, 55, 244)", 
  "Point": [
    {
      "Date": 20221109, 
      "Value" : 34.980000
    },
    {
      "Date": 20221229, 
      "Value" : 21.889999
    },
    {
      "Date": 20230227, 
      "Value" : 26.450001
    },
    {
      "Date": 20230425, 
      "Value" : 20.879999
    }
  ]
}