{
  "Color": "rgb(244, 55, 244)", 
  "Point": [
    {
      "Date": 20230523, 
      "Value" : 21.500000
    },
    {
      "Date": 20230525, 
      "Value" : 29.570000
    }
  ]
}