{
  "Color": "rgb(244, 55, 244)", 
  "Point": [
    {
      "Date": 20221111, 
      "Value" : 49.759998
    },
    {
      "Date": 20221230, 
      "Value" : 28.180000
    },
    {
      "Date": 20230824, 
      "Value" : 44.299999
    },
    {
      "Date": 20231027, 
      "Value" : 28.209999
    }
  ]
}