{
  "Color": "rgb(244, 55, 244)", 
  "Point": [
    {
      "Date": 20230518, 
      "Value" : 14.210000
    },
    {
      "Date": 20230728, 
      "Value" : 16.650000
    },
    {
      "Date": 20230922, 
      "Value" : 13.420000
    }
  ]
}