{
  "Color": "rgb(244, 55, 244)", 
  "Point": [
    {
      "Date": 20230526, 
      "Value" : 58.000000
    },
    {
      "Date": 20230529, 
      "Value" : 43.209999
    }
  ]
}