{
  "Color": "rgb(244, 55, 244)", 
  "Point": [
    {
      "Date": 20221122, 
      "Value" : 35.070000
    },
    {
      "Date": 20230425, 
      "Value" : 23.980000
    }
  ]
}