{
  "Color": "rgb(244, 55, 244)", 
  "Point": [
    {
      "Date": 20230220, 
      "Value" : 39.389999
    },
    {
      "Date": 20230426, 
      "Value" : 21.520000
    },
    {
      "Date": 20230525, 
      "Value" : 24.240000
    }
  ]
}