{
  "Color": "rgb(244, 55, 244)", 
  "Point": [
    {
      "Date": 20221201, 
      "Value" : 24.280001
    },
    {
      "Date": 20230426, 
      "Value" : 17.049999
    },
    {
      "Date": 20230525, 
      "Value" : 31.799999
    }
  ]
}