{
  "Color": "rgb(244, 55, 244)", 
  "Point": [
    {
      "Date": 20230208, 
      "Value" : 45.990002
    },
    {
      "Date": 20230425, 
      "Value" : 30.900000
    }
  ]
}