{
  "Color": "rgb(244, 55, 244)", 
  "Point": [
    {
      "Date": 20230418, 
      "Value" : 70.410004
    },
    {
      "Date": 20230508, 
      "Value" : 44.509998
    },
    {
      "Date": 20230821, 
      "Value" : 68.879997
    }
  ]
}