{
  "Color": "rgb(244, 55, 244)", 
  "Point": [
    {
      "Date": 20220921, 
      "Value" : 51.720001
    },
    {
      "Date": 20230510, 
      "Value" : 31.450001
    }
  ]
}