{
  "Color": "rgb(244, 55, 244)", 
  "Point": [
    {
      "Date": 20221102, 
      "Value" : 33.779999
    },
    {
      "Date": 20230425, 
      "Value" : 24.580000
    },
    {
      "Date": 20230719, 
      "Value" : 49.799999
    },
    {
      "Date": 20230921, 
      "Value" : 30.580000
    }
  ]
}