{
  "Color": "rgb(244, 55, 244)", 
  "Point": [
    {
      "Date": 20221010, 
      "Value" : 26.250000
    },
    {
      "Date": 20221028, 
      "Value" : 22.200001
    },
    {
      "Date": 20230324, 
      "Value" : 46.459999
    },
    {
      "Date": 20230426, 
      "Value" : 32.040001
    }
  ]
}