{
  "Color": "rgb(244, 55, 244)", 
  "Point": [
    {
      "Date": 20230418, 
      "Value" : 70.410004
    },
    {
      "Date": 20240307, 
      "Value" : 36.299999
    }
  ]
}