{
  "Color": "rgb(244, 55, 244)", 
  "Point": [
    {
      "Date": 20230606, 
      "Value" : 55.959999
    },
    {
      "Date": 20231023, 
      "Value" : 35.869999
    },
    {
      "Date": 20231115, 
      "Value" : 41.599998
    },
    {
      "Date": 20240206, 
      "Value" : 20.700001
    }
  ]
}