{
  "Color": "rgb(244, 55, 244)", 
  "Point": [
    {
      "Date": 20230717, 
      "Value" : 32.000000
    },
    {
      "Date": 20231024, 
      "Value" : 19.799999
    },
    {
      "Date": 20231114, 
      "Value" : 24.879999
    },
    {
      "Date": 20231219, 
      "Value" : 20.879999
    }
  ]
}