{
  "Color": "rgb(244, 55, 244)", 
  "Point": [
    {
      "Date": 20220909, 
      "Value" : 63.369999
    },
    {
      "Date": 20221012, 
      "Value" : 37.279999
    },
    {
      "Date": 20230221, 
      "Value" : 68.330002
    },
    {
      "Date": 20230515, 
      "Value" : 48.340000
    }
  ]
}