{
  "Color": "rgb(244, 55, 244)", 
  "Point": [
    {
      "Date": 20230524, 
      "Value" : 38.880001
    },
    {
      "Date": 20230525, 
      "Value" : 78.449997
    }
  ]
}