{
  "Color": "rgb(244, 55, 244)", 
  "Point": [
    {
      "Date": 20220908, 
      "Value" : 99.800003
    },
    {
      "Date": 20220930, 
      "Value" : 62.330002
    }
  ]
}