{
  "Color": "rgb(244, 55, 244)", 
  "Point": [
    {
      "Date": 20221122, 
      "Value" : 22.930000
    },
    {
      "Date": 20230425, 
      "Value" : 15.540000
    },
    {
      "Date": 20230726, 
      "Value" : 22.700001
    },
    {
      "Date": 20230918, 
      "Value" : 15.980000
    }
  ]
}