{
  "Color": "rgb(244, 55, 244)", 
  "Point": [
    {
      "Date": 20230712, 
      "Value" : 29.549999
    },
    {
      "Date": 20230725, 
      "Value" : 53.270000
    }
  ]
}