{
  "Color": "rgb(244, 55, 244)", 
  "Point": [
    {
      "Date": 20220805, 
      "Value" : 117.470001
    },
    {
      "Date": 20220930, 
      "Value" : 51.419998
    }
  ]
}