{
  "Color": "rgb(244, 55, 244)", 
  "Point": [
    {
      "Date": 20221216, 
      "Value" : 38.290001
    },
    {
      "Date": 20230426, 
      "Value" : 27.980000
    },
    {
      "Date": 20230704, 
      "Value" : 41.169998
    },
    {
      "Date": 20230707, 
      "Value" : 48.910000
    }
  ]
}