{
  "Color": "rgb(244, 55, 244)", 
  "Point": [
    {
      "Date": 20230523, 
      "Value" : 21.299999
    },
    {
      "Date": 20230525, 
      "Value" : 29.370001
    },
    {
      "Date": 20231221, 
      "Value" : 17.450001
    }
  ]
}