{
  "Color": "rgb(244, 55, 244)", 
  "Point": [
    {
      "Date": 20220909, 
      "Value" : 180.000000
    },
    {
      "Date": 20230510, 
      "Value" : 74.199997
    }
  ]
}