{
  "Color": "rgb(244, 55, 244)", 
  "Point": [
    {
      "Date": 20220921, 
      "Value" : 51.720001
    },
    {
      "Date": 20220930, 
      "Value" : 37.070000
    }
  ]
}