{
  "Color": "rgb(244, 55, 244)", 
  "Point": [
    {
      "Date": 20230425, 
      "Value" : 55.000000
    },
    {
      "Date": 20230511, 
      "Value" : 73.000000
    }
  ]
}