{
  "Color": "rgb(244, 55, 244)", 
  "Point": [
    {
      "Date": 20230209, 
      "Value" : 64.980003
    },
    {
      "Date": 20230425, 
      "Value" : 38.590000
    }
  ]
}