{
  "Color": "rgb(244, 55, 244)", 
  "Point": [
    {
      "Date": 20230713, 
      "Value" : 108.190002
    },
    {
      "Date": 20230828, 
      "Value" : 64.059998
    },
    {
      "Date": 20231018, 
      "Value" : 118.800003
    },
    {
      "Date": 20231110, 
      "Value" : 72.650002
    }
  ]
}