{
  "Color": "rgb(244, 55, 244)", 
  "Point": [
    {
      "Date": 20221130, 
      "Value" : 19.299999
    },
    {
      "Date": 20221206, 
      "Value" : 25.850000
    },
    {
      "Date": 20230426, 
      "Value" : 17.049999
    }
  ]
}