{
  "Color": "rgb(244, 55, 244)", 
  "Point": [
    {
      "Date": 20230424, 
      "Value" : 32.340000
    },
    {
      "Date": 20230505, 
      "Value" : 26.170000
    }
  ]
}