{
  "Color": "rgb(244, 55, 244)", 
  "Point": [
    {
      "Date": 20220812, 
      "Value" : 119.199997
    },
    {
      "Date": 20220928, 
      "Value" : 51.450001
    }
  ]
}