{
  "Color": "rgb(244, 55, 244)", 
  "Point": [
    {
      "Date": 20230530, 
      "Value" : 53.220001
    },
    {
      "Date": 20230609, 
      "Value" : 37.880001
    }
  ]
}