{
  "Color": "rgb(244, 55, 244)", 
  "Point": [
    {
      "Date": 20220922, 
      "Value" : 140.000000
    },
    {
      "Date": 20220930, 
      "Value" : 97.440002
    }
  ]
}