{
  "Color": "rgb(244, 55, 244)", 
  "Point": [
    {
      "Date": 20230328, 
      "Value" : 93.500000
    },
    {
      "Date": 20230512, 
      "Value" : 61.000000
    }
  ]
}