{
  "Color": "rgb(244, 55, 244)", 
  "Point": [
    {
      "Date": 20230517, 
      "Value" : 36.500000
    },
    {
      "Date": 20230524, 
      "Value" : 56.500000
    }
  ]
}