{
  "Color": "rgb(244, 55, 244)", 
  "Point": [
    {
      "Date": 20230120, 
      "Value" : 25.959999
    },
    {
      "Date": 20230426, 
      "Value" : 21.700001
    },
    {
      "Date": 20230612, 
      "Value" : 31.280001
    },
    {
      "Date": 20230724, 
      "Value" : 24.709999
    }
  ]
}