{
  "Color": "rgb(244, 55, 244)", 
  "Point": [
    {
      "Date": 20221014, 
      "Value" : 28.440001
    },
    {
      "Date": 20221223, 
      "Value" : 18.180000
    },
    {
      "Date": 20230210, 
      "Value" : 34.720001
    },
    {
      "Date": 20230510, 
      "Value" : 22.309999
    }
  ]
}