{
  "Color": "rgb(244, 55, 244)", 
  "Point": [
    {
      "Date": 20230518, 
      "Value" : 16.080000
    },
    {
      "Date": 20230519, 
      "Value" : 13.510000
    }
  ]
}