{
  "Color": "rgb(244, 55, 244)", 
  "Point": [
    {
      "Date": 20220919, 
      "Value" : 36.840000
    },
    {
      "Date": 20220930, 
      "Value" : 27.100000
    }
  ]
}