{
  "Color": "rgb(244, 55, 244)", 
  "Point": [
    {
      "Date": 20220712, 
      "Value" : 78.000000
    },
    {
      "Date": 20220819, 
      "Value" : 176.979996
    },
    {
      "Date": 20220926, 
      "Value" : 110.000000
    }
  ]
}