{
  "Color": "rgb(244, 55, 244)", 
  "Point": [
    {
      "Date": 20220819, 
      "Value" : 68.500000
    },
    {
      "Date": 20220926, 
      "Value" : 34.500000
    }
  ]
}