{
  "Color": "rgb(244, 55, 244)", 
  "Point": [
    {
      "Date": 20230321, 
      "Value" : 66.379997
    },
    {
      "Date": 20231023, 
      "Value" : 43.500000
    },
    {
      "Date": 20240112, 
      "Value" : 63.900002
    },
    {
      "Date": 20240202, 
      "Value" : 44.599998
    }
  ]
}