{
  "Color": "rgb(244, 55, 244)", 
  "Point": [
    {
      "Date": 20220623, 
      "Value" : 60.000000
    },
    {
      "Date": 20220705, 
      "Value" : 75.000000
    },
    {
      "Date": 20220930, 
      "Value" : 50.500000
    }
  ]
}