{
  "Color": "rgb(244, 55, 244)", 
  "Point": [
    {
      "Date": 20220818, 
      "Value" : 36.650002
    },
    {
      "Date": 20230103, 
      "Value" : 18.389999
    },
    {
      "Date": 20230227, 
      "Value" : 25.410000
    },
    {
      "Date": 20230427, 
      "Value" : 18.620001
    }
  ]
}