{
  "Color": "rgb(244, 55, 244)", 
  "Point": [
    {
      "Date": 20230801, 
      "Value" : 80.040001
    },
    {
      "Date": 20231023, 
      "Value" : 39.799999
    }
  ]
}