{
  "Color": "rgb(244, 55, 244)", 
  "Point": [
    {
      "Date": 20230801, 
      "Value" : 80.040001
    },
    {
      "Date": 20231221, 
      "Value" : 37.299999
    }
  ]
}