{
  "Color": "rgb(244, 55, 244)", 
  "Point": [
    {
      "Date": 20230609, 
      "Value" : 24.799999
    },
    {
      "Date": 20230619, 
      "Value" : 30.280001
    },
    {
      "Date": 20230707, 
      "Value" : 21.700001
    }
  ]
}