{
  "Color": "rgb(244, 55, 244)", 
  "Point": [
    {
      "Date": 20221216, 
      "Value" : 38.290001
    },
    {
      "Date": 20230426, 
      "Value" : 27.980000
    },
    {
      "Date": 20230803, 
      "Value" : 87.440002
    },
    {
      "Date": 20230927, 
      "Value" : 54.900002
    }
  ]
}