{
  "Color": "rgb(244, 55, 244)", 
  "Point": [
    {
      "Date": 20220926, 
      "Value" : 55.700001
    },
    {
      "Date": 20220928, 
      "Value" : 65.410004
    },
    {
      "Date": 20220930, 
      "Value" : 50.119999
    }
  ]
}