{
  "Color": "rgb(244, 55, 244)", 
  "Point": [
    {
      "Date": 20230418, 
      "Value" : 61.139999
    },
    {
      "Date": 20230427, 
      "Value" : 38.639999
    },
    {
      "Date": 20230719, 
      "Value" : 57.000000
    }
  ]
}