{
  "Color": "rgb(244, 55, 244)", 
  "Point": [
    {
      "Date": 20230811, 
      "Value" : 128.800003
    },
    {
      "Date": 20231102, 
      "Value" : 48.680000
    }
  ]
}