{
  "Color": "rgb(244, 55, 244)", 
  "Point": [
    {
      "Date": 20230321, 
      "Value" : 67.879997
    },
    {
      "Date": 20230510, 
      "Value" : 45.430000
    }
  ]
}