{
  "Color": "rgb(244, 55, 244)", 
  "Point": [
    {
      "Date": 20230621, 
      "Value" : 29.049999
    },
    {
      "Date": 20230628, 
      "Value" : 21.230000
    }
  ]
}