{
  "Color": "rgb(244, 55, 244)", 
  "Point": [
    {
      "Date": 20230629, 
      "Value" : 44.500000
    },
    {
      "Date": 20230630, 
      "Value" : 41.380001
    },
    {
      "Date": 20231106, 
      "Value" : 53.810001
    }
  ]
}