{
  "Color": "rgb(244, 55, 244)", 
  "Point": [
    {
      "Date": 20221109, 
      "Value" : 36.990002
    },
    {
      "Date": 20230425, 
      "Value" : 21.670000
    },
    {
      "Date": 20230713, 
      "Value" : 34.970001
    },
    {
      "Date": 20230918, 
      "Value" : 24.040001
    }
  ]
}