{
  "Color": "rgb(244, 55, 244)", 
  "Point": [
    {
      "Date": 20220817, 
      "Value" : 68.000000
    },
    {
      "Date": 20220930, 
      "Value" : 31.040001
    }
  ]
}