{
  "Color": "rgb(244, 55, 244)", 
  "Point": [
    {
      "Date": 20220726, 
      "Value" : 54.099998
    },
    {
      "Date": 20220810, 
      "Value" : 61.500000
    },
    {
      "Date": 20220930, 
      "Value" : 38.580002
    }
  ]
}