{
  "Color": "rgb(244, 55, 244)", 
  "Point": [
    {
      "Date": 20220810, 
      "Value" : 85.500000
    },
    {
      "Date": 20220930, 
      "Value" : 43.029999
    }
  ]
}