{
  "Color": "rgb(244, 55, 244)", 
  "Point": [
    {
      "Date": 20230629, 
      "Value" : 44.500000
    },
    {
      "Date": 20230630, 
      "Value" : 41.380001
    },
    {
      "Date": 20230727, 
      "Value" : 52.180000
    },
    {
      "Date": 20230825, 
      "Value" : 42.000000
    }
  ]
}