{
  "Color": "rgb(244, 55, 244)", 
  "Point": [
    {
      "Date": 20240605, 
      "Value" : 61.750000
    },
    {
      "Date": 20240606, 
      "Value" : 111.190002
    },
    {
      "Date": 20240924, 
      "Value" : 38.060001
    },
    {
      "Date": 20241101, 
      "Value" : 67.820000
    }
  ]
}