{
  "Color": "rgb(244, 55, 244)", 
  "Point": [
    {
      "Date": 20230612, 
      "Value" : 46.439999
    },
    {
      "Date": 20231023, 
      "Value" : 33.099998
    },
    {
      "Date": 20231219, 
      "Value" : 60.000000
    }
  ]
}