{
  "Color": "rgb(244, 55, 244)", 
  "Point": [
    {
      "Date": 20220920, 
      "Value" : 237.509995
    },
    {
      "Date": 20220922, 
      "Value" : 197.899994
    },
    {
      "Date": 20220927, 
      "Value" : 248.080002
    }
  ]
}