{
  "Color": "rgb(244, 55, 244)", 
  "Point": [
    {
      "Date": 20220913, 
      "Value" : 19.000000
    },
    {
      "Date": 20221012, 
      "Value" : 13.780000
    },
    {
      "Date": 20230412, 
      "Value" : 32.349998
    },
    {
      "Date": 20230526, 
      "Value" : 22.680000
    }
  ]
}