{
  "Color": "rgb(244, 55, 244)", 
  "Point": [
    {
      "Date": 20230330, 
      "Value" : 29.000000
    },
    {
      "Date": 20230510, 
      "Value" : 21.299999
    },
    {
      "Date": 20230714, 
      "Value" : 41.200001
    }
  ]
}