{
  "Color": "rgb(244, 55, 244)", 
  "Point": [
    {
      "Date": 20220803, 
      "Value" : 98.000000
    },
    {
      "Date": 20221012, 
      "Value" : 62.799999
    },
    {
      "Date": 20230308, 
      "Value" : 133.889999
    },
    {
      "Date": 20230510, 
      "Value" : 94.809998
    }
  ]
}