{
  "Color": "rgb(244, 55, 244)", 
  "Point": [
    {
      "Date": 20221227, 
      "Value" : 12.280000
    },
    {
      "Date": 20230105, 
      "Value" : 8.440000
    }
  ]
}