{
  "Color": "rgb(244, 55, 244)", 
  "Point": [
    {
      "Date": 20230418, 
      "Value" : 61.490002
    },
    {
      "Date": 20230427, 
      "Value" : 38.990002
    }
  ]
}