{
  "Color": "rgb(244, 55, 244)", 
  "Point": [
    {
      "Date": 20230321, 
      "Value" : 67.989998
    },
    {
      "Date": 20230322, 
      "Value" : 61.000000
    },
    {
      "Date": 20230404, 
      "Value" : 84.500000
    }
  ]
}