{
  "Color": "rgb(244, 55, 244)", 
  "Point": [
    {
      "Date": 20230629, 
      "Value" : 44.500000
    },
    {
      "Date": 20230630, 
      "Value" : 41.380001
    },
    {
      "Date": 20231129, 
      "Value" : 55.680000
    }
  ]
}