{
  "Color": "rgb(244, 55, 244)", 
  "Point": [
    {
      "Date": 20221114, 
      "Value" : 63.000000
    },
    {
      "Date": 20230103, 
      "Value" : 45.020000
    },
    {
      "Date": 20230201, 
      "Value" : 56.200001
    },
    {
      "Date": 20230427, 
      "Value" : 43.000000
    }
  ]
}