{
  "Color": "rgb(244, 55, 244)", 
  "Point": [
    {
      "Date": 20221216, 
      "Value" : 24.389999
    },
    {
      "Date": 20221229, 
      "Value" : 19.500000
    },
    {
      "Date": 20230526, 
      "Value" : 72.370003
    }
  ]
}