{
  "Color": "rgb(244, 55, 244)", 
  "Point": [
    {
      "Date": 20230418, 
      "Value" : 71.000000
    },
    {
      "Date": 20230508, 
      "Value" : 45.099998
    }
  ]
}