{
  "Color": "rgb(244, 55, 244)", 
  "Point": [
    {
      "Date": 20230512, 
      "Value" : 89.070000
    },
    {
      "Date": 20230703, 
      "Value" : 124.279999
    },
    {
      "Date": 20230921, 
      "Value" : 77.860001
    }
  ]
}