{
  "Color": "rgb(244, 55, 244)", 
  "Point": [
    {
      "Date": 20230208, 
      "Value" : 45.689999
    },
    {
      "Date": 20230425, 
      "Value" : 30.600000
    },
    {
      "Date": 20230526, 
      "Value" : 34.160000
    },
    {
      "Date": 20230628, 
      "Value" : 30.980000
    }
  ]
}