{
  "Color": "rgb(244, 55, 244)", 
  "Point": [
    {
      "Date": 20230605, 
      "Value" : 68.800003
    },
    {
      "Date": 20230612, 
      "Value" : 55.849998
    },
    {
      "Date": 20230621, 
      "Value" : 80.300003
    }
  ]
}