{
  "Color": "rgb(244, 55, 244)", 
  "Point": [
    {
      "Date": 20220923, 
      "Value" : 88.820000
    },
    {
      "Date": 20221011, 
      "Value" : 57.770000
    },
    {
      "Date": 20230417, 
      "Value" : 119.080002
    }
  ]
}