{
  "Color": "rgb(244, 55, 244)", 
  "Point": [
    {
      "Date": 20221116, 
      "Value" : 34.119999
    },
    {
      "Date": 20230425, 
      "Value" : 21.230000
    }
  ]
}