{
  "Color": "rgb(244, 55, 244)", 
  "Point": [
    {
      "Date": 20230306, 
      "Value" : 86.760002
    },
    {
      "Date": 20230309, 
      "Value" : 99.070000
    },
    {
      "Date": 20230609, 
      "Value" : 58.810001
    }
  ]
}