{
  "Color": "rgb(244, 55, 244)", 
  "Point": [
    {
      "Date": 20221215, 
      "Value" : 35.000000
    },
    {
      "Date": 20230224, 
      "Value" : 44.000000
    },
    {
      "Date": 20230426, 
      "Value" : 28.290001
    }
  ]
}