{
  "Color": "rgb(244, 55, 244)", 
  "Point": [
    {
      "Date": 20221111, 
      "Value" : 60.009998
    },
    {
      "Date": 20221230, 
      "Value" : 34.119999
    },
    {
      "Date": 20230418, 
      "Value" : 51.770000
    }
  ]
}