{
  "Color": "rgb(244, 55, 244)", 
  "Point": [
    {
      "Date": 20230508, 
      "Value" : 48.930000
    },
    {
      "Date": 20230512, 
      "Value" : 37.040001
    }
  ]
}