{
  "Color": "rgb(244, 55, 244)", 
  "Point": [
    {
      "Date": 20220909, 
      "Value" : 22.879999
    },
    {
      "Date": 20220930, 
      "Value" : 14.060000
    }
  ]
}