{
  "Color": "rgb(244, 55, 244)", 
  "Point": [
    {
      "Date": 20230524, 
      "Value" : 38.180000
    },
    {
      "Date": 20230525, 
      "Value" : 77.750000
    },
    {
      "Date": 20231023, 
      "Value" : 38.560001
    }
  ]
}