{
  "Color": "rgb(244, 55, 244)", 
  "Point": [
    {
      "Date": 20230609, 
      "Value" : 24.600000
    },
    {
      "Date": 20230619, 
      "Value" : 30.080000
    },
    {
      "Date": 20231023, 
      "Value" : 17.910000
    }
  ]
}