{
  "Color": "rgb(244, 55, 244)", 
  "Point": [
    {
      "Date": 20230712, 
      "Value" : 94.750000
    },
    {
      "Date": 20231018, 
      "Value" : 118.800003
    },
    {
      "Date": 20240206, 
      "Value" : 36.509998
    },
    {
      "Date": 20240304, 
      "Value" : 52.330002
    }
  ]
}