{
  "Color": "rgb(244, 55, 244)", 
  "Point": [
    {
      "Date": 20220930, 
      "Value" : 58.500000
    },
    {
      "Date": 20221031, 
      "Value" : 46.189999
    },
    {
      "Date": 20230117, 
      "Value" : 76.349998
    },
    {
      "Date": 20230509, 
      "Value" : 49.560001
    }
  ]
}