{
  "Color": "rgb(244, 55, 244)", 
  "Point": [
    {
      "Date": 20220816, 
      "Value" : 94.599998
    },
    {
      "Date": 20220930, 
      "Value" : 49.110001
    }
  ]
}