{
  "Color": "rgb(244, 55, 244)", 
  "Point": [
    {
      "Date": 20230712, 
      "Value" : 19.250000
    },
    {
      "Date": 20230815, 
      "Value" : 27.700001
    },
    {
      "Date": 20231219, 
      "Value" : 16.299999
    },
    {
      "Date": 20231222, 
      "Value" : 15.870000
    }
  ]
}