{
  "Color": "rgb(244, 55, 244)", 
  "Point": [
    {
      "Date": 20221117, 
      "Value" : 30.930000
    },
    {
      "Date": 20230425, 
      "Value" : 21.230000
    },
    {
      "Date": 20230524, 
      "Value" : 36.000000
    },
    {
      "Date": 20230921, 
      "Value" : 23.459999
    }
  ]
}