{
  "Color": "rgb(244, 55, 244)", 
  "Point": [
    {
      "Date": 20230418, 
      "Value" : 50.259998
    },
    {
      "Date": 20240124, 
      "Value" : 27.600000
    },
    {
      "Date": 20240702, 
      "Value" : 35.990002
    },
    {
      "Date": 20240718, 
      "Value" : 26.000000
    }
  ]
}