{
  "Color": "rgb(244, 55, 244)", 
  "Point": [
    {
      "Date": 20221215, 
      "Value" : 29.490000
    },
    {
      "Date": 20221229, 
      "Value" : 19.620001
    },
    {
      "Date": 20230421, 
      "Value" : 28.440001
    }
  ]
}