{
  "Color": "rgb(244, 55, 244)", 
  "Point": [
    {
      "Date": 20230801, 
      "Value" : 80.040001
    },
    {
      "Date": 20230922, 
      "Value" : 46.910000
    }
  ]
}