{
  "Color": "rgb(244, 55, 244)", 
  "Point": [
    {
      "Date": 20230209, 
      "Value" : 31.830000
    },
    {
      "Date": 20230210, 
      "Value" : 55.380001
    },
    {
      "Date": 20230511, 
      "Value" : 32.900002
    },
    {
      "Date": 20230608, 
      "Value" : 42.880001
    }
  ]
}