{
  "Color": "rgb(244, 55, 244)", 
  "Point": [
    {
      "Date": 20230417, 
      "Value" : 41.730000
    },
    {
      "Date": 20230512, 
      "Value" : 21.290001
    }
  ]
}