{
  "Color": "rgb(244, 55, 244)", 
  "Point": [
    {
      "Date": 20230721, 
      "Value" : 35.200001
    },
    {
      "Date": 20230804, 
      "Value" : 54.349998
    },
    {
      "Date": 20231219, 
      "Value" : 29.799999
    },
    {
      "Date": 20231222, 
      "Value" : 29.350000
    }
  ]
}