{
  "Color": "rgb(244, 55, 244)", 
  "Point": [
    {
      "Date": 20230619, 
      "Value" : 45.470001
    },
    {
      "Date": 20230628, 
      "Value" : 27.590000
    },
    {
      "Date": 20230818, 
      "Value" : 41.139999
    },
    {
      "Date": 20230915, 
      "Value" : 29.799999
    }
  ]
}