{
  "Color": "rgb(244, 55, 244)", 
  "Point": [
    {
      "Date": 20230822, 
      "Value" : 62.000000
    },
    {
      "Date": 20230828, 
      "Value" : 88.279999
    },
    {
      "Date": 20231023, 
      "Value" : 35.930000
    }
  ]
}