{
  "Color": "rgb(244, 55, 244)", 
  "Point": [
    {
      "Date": 20230821, 
      "Value" : 116.180000
    },
    {
      "Date": 20231024, 
      "Value" : 54.779999
    }
  ]
}