{
  "Color": "rgb(244, 55, 244)", 
  "Point": [
    {
      "Date": 20231218, 
      "Value" : 96.000000
    },
    {
      "Date": 20231222, 
      "Value" : 68.699997
    }
  ]
}