{
  "Color": "rgb(244, 55, 244)", 
  "Point": [
    {
      "Date": 20230417, 
      "Value" : 41.480000
    },
    {
      "Date": 20230512, 
      "Value" : 21.040001
    },
    {
      "Date": 20230811, 
      "Value" : 32.270000
    },
    {
      "Date": 20230922, 
      "Value" : 22.379999
    }
  ]
}