{
  "Color": "rgb(244, 55, 244)", 
  "Point": [
    {
      "Date": 20230301, 
      "Value" : 28.500000
    },
    {
      "Date": 20230626, 
      "Value" : 16.670000
    },
    {
      "Date": 20230726, 
      "Value" : 18.750000
    }
  ]
}