{
  "Color": "rgb(244, 55, 244)", 
  "Point": [
    {
      "Date": 20230519, 
      "Value" : 40.369999
    },
    {
      "Date": 20230525, 
      "Value" : 54.480000
    },
    {
      "Date": 20230529, 
      "Value" : 39.669998
    }
  ]
}