{
  "Color": "rgb(244, 55, 244)", 
  "Point": [
    {
      "Date": 20230209, 
      "Value" : 32.330002
    },
    {
      "Date": 20230210, 
      "Value" : 55.880001
    },
    {
      "Date": 20230511, 
      "Value" : 33.400002
    }
  ]
}