{
  "Color": "rgb(244, 55, 244)", 
  "Point": [
    {
      "Date": 20230725, 
      "Value" : 44.880001
    },
    {
      "Date": 20231023, 
      "Value" : 29.340000
    }
  ]
}