{
  "Color": "rgb(244, 55, 244)", 
  "Point": [
    {
      "Date": 20230417, 
      "Value" : 41.480000
    },
    {
      "Date": 20231023, 
      "Value" : 17.290001
    }
  ]
}