{
  "Color": "rgb(244, 55, 244)", 
  "Point": [
    {
      "Date": 20230317, 
      "Value" : 28.000000
    },
    {
      "Date": 20230425, 
      "Value" : 16.520000
    },
    {
      "Date": 20230519, 
      "Value" : 21.209999
    }
  ]
}