{
  "Color": "rgb(244, 55, 244)", 
  "Point": [
    {
      "Date": 20230725, 
      "Value" : 44.880001
    },
    {
      "Date": 20231023, 
      "Value" : 29.340000
    },
    {
      "Date": 20231120, 
      "Value" : 34.220001
    },
    {
      "Date": 20240208, 
      "Value" : 17.230000
    }
  ]
}