{
  "Color": "rgb(244, 55, 244)", 
  "Point": [
    {
      "Date": 20230704, 
      "Value" : 64.000000
    },
    {
      "Date": 20230707, 
      "Value" : 108.879997
    }
  ]
}