{
  "Color": "rgb(244, 55, 244)", 
  "Point": [
    {
      "Date": 20230707, 
      "Value" : 70.300003
    },
    {
      "Date": 20230721, 
      "Value" : 49.490002
    }
  ]
}