{
  "Color": "rgb(244, 55, 244)", 
  "Point": [
    {
      "Date": 20230619, 
      "Value" : 45.630001
    },
    {
      "Date": 20230628, 
      "Value" : 27.750000
    }
  ]
}