{
  "Color": "rgb(244, 55, 244)", 
  "Point": [
    {
      "Date": 20230816, 
      "Value" : 78.239998
    },
    {
      "Date": 20231023, 
      "Value" : 39.000000
    },
    {
      "Date": 20231120, 
      "Value" : 46.250000
    },
    {
      "Date": 20231221, 
      "Value" : 38.709999
    }
  ]
}