{
  "Color": "rgb(244, 55, 244)", 
  "Point": [
    {
      "Date": 20250318, 
      "Value" : 168.889999
    },
    {
      "Date": 20250409, 
      "Value" : 95.029999
    }
  ]
}