{
  "Color": "rgb(244, 55, 244)", 
  "Point": [
    {
      "Date": 20230707, 
      "Value" : 70.300003
    },
    {
      "Date": 20231023, 
      "Value" : 42.330002
    },
    {
      "Date": 20231115, 
      "Value" : 50.299999
    },
    {
      "Date": 20231219, 
      "Value" : 42.619999
    }
  ]
}