{
  "Color": "rgb(244, 55, 244)", 
  "Point": [
    {
      "Date": 20231213, 
      "Value" : 66.199997
    },
    {
      "Date": 20240208, 
      "Value" : 29.410000
    }
  ]
}