{
  "Color": "rgb(244, 55, 244)", 
  "Point": [
    {
      "Date": 20230816, 
      "Value" : 78.239998
    },
    {
      "Date": 20231023, 
      "Value" : 39.000000
    }
  ]
}