{
  "Color": "rgb(244, 55, 244)", 
  "Point": [
    {
      "Date": 20250110, 
      "Value" : 35.119999
    },
    {
      "Date": 20250114, 
      "Value" : 51.040001
    },
    {
      "Date": 20250409, 
      "Value" : 24.440001
    }
  ]
}