{
  "Color": "rgb(244, 55, 244)", 
  "Point": [
    {
      "Date": 20230704, 
      "Value" : 63.500000
    },
    {
      "Date": 20230711, 
      "Value" : 113.379997
    },
    {
      "Date": 20231010, 
      "Value" : 67.709999
    },
    {
      "Date": 20231027, 
      "Value" : 87.000000
    }
  ]
}