{
  "Color": "rgb(244, 55, 244)", 
  "Point": [
    {
      "Date": 20230714, 
      "Value" : 58.750000
    },
    {
      "Date": 20230922, 
      "Value" : 35.439999
    }
  ]
}