{
  "Color": "rgb(244, 55, 244)", 
  "Point": [
    {
      "Date": 20230714, 
      "Value" : 58.750000
    },
    {
      "Date": 20231023, 
      "Value" : 31.719999
    },
    {
      "Date": 20231121, 
      "Value" : 35.020000
    },
    {
      "Date": 20231219, 
      "Value" : 29.750000
    }
  ]
}