{
  "Color": "rgb(244, 55, 244)", 
  "Point": [
    {
      "Date": 20230619, 
      "Value" : 34.689999
    },
    {
      "Date": 20231115, 
      "Value" : 54.189999
    },
    {
      "Date": 20240208, 
      "Value" : 17.900000
    }
  ]
}