{
  "Color": "rgb(244, 55, 244)", 
  "Point": [
    {
      "Date": 20230301, 
      "Value" : 28.500000
    },
    {
      "Date": 20230426, 
      "Value" : 17.010000
    }
  ]
}