{
  "Color": "rgb(244, 55, 244)", 
  "Point": [
    {
      "Date": 20230818, 
      "Value" : 85.800003
    },
    {
      "Date": 20231023, 
      "Value" : 36.200001
    },
    {
      "Date": 20231128, 
      "Value" : 43.590000
    },
    {
      "Date": 20240208, 
      "Value" : 19.520000
    }
  ]
}