{
  "Color": "rgb(244, 55, 244)", 
  "Point": [
    {
      "Date": 20230928, 
      "Value" : 21.500000
    },
    {
      "Date": 20231023, 
      "Value" : 12.190000
    }
  ]
}