{
  "Color": "rgb(244, 55, 244)", 
  "Point": [
    {
      "Date": 20240926, 
      "Value" : 29.110001
    },
    {
      "Date": 20241008, 
      "Value" : 361.000000
    }
  ]
}