{
  "Color": "rgb(244, 55, 244)", 
  "Point": [
    {
      "Date": 20230921, 
      "Value" : 41.049999
    },
    {
      "Date": 20231221, 
      "Value" : 20.240000
    }
  ]
}