{
  "Color": "rgb(244, 55, 244)", 
  "Point": [
    {
      "Date": 20230815, 
      "Value" : 96.180000
    },
    {
      "Date": 20231221, 
      "Value" : 35.660000
    }
  ]
}