{
  "Color": "rgb(244, 55, 244)", 
  "Point": [
    {
      "Date": 20230905, 
      "Value" : 37.500000
    },
    {
      "Date": 20231023, 
      "Value" : 17.139999
    }
  ]
}