{
  "Color": "rgb(244, 55, 244)", 
  "Point": [
    {
      "Date": 20231229, 
      "Value" : 27.490000
    },
    {
      "Date": 20240102, 
      "Value" : 34.520000
    },
    {
      "Date": 20240208, 
      "Value" : 14.040000
    },
    {
      "Date": 20241008, 
      "Value" : 22.490000
    }
  ]
}