{
  "Color": "rgb(244, 55, 244)", 
  "Point": [
    {
      "Date": 20240208, 
      "Value" : 179.610001
    },
    {
      "Date": 20240319, 
      "Value" : 276.829987
    },
    {
      "Date": 20240808, 
      "Value" : 145.169998
    },
    {
      "Date": 20241008, 
      "Value" : 264.230011
    }
  ]
}