{
  "Color": "rgb(244, 55, 244)", 
  "Point": [
    {
      "Date": 20240321, 
      "Value" : 74.690002
    },
    {
      "Date": 20240416, 
      "Value" : 53.090000
    },
    {
      "Date": 20240523, 
      "Value" : 148.199997
    },
    {
      "Date": 20240718, 
      "Value" : 84.639999
    }
  ]
}