{
  "Color": "rgb(244, 55, 244)", 
  "Point": [
    {
      "Date": 20230817, 
      "Value" : 56.000000
    },
    {
      "Date": 20230927, 
      "Value" : 29.200001
    }
  ]
}