{
  "Color": "rgb(244, 55, 244)", 
  "Point": [
    {
      "Date": 20230720, 
      "Value" : 35.080002
    },
    {
      "Date": 20230727, 
      "Value" : 69.989998
    }
  ]
}