{
  "Color": "rgb(244, 55, 244)", 
  "Point": [
    {
      "Date": 20230727, 
      "Value" : 27.000000
    },
    {
      "Date": 20230801, 
      "Value" : 40.330002
    },
    {
      "Date": 20230922, 
      "Value" : 23.129999
    }
  ]
}