{
  "Color": "rgb(244, 55, 244)", 
  "Point": [
    {
      "Date": 20231128, 
      "Value" : 74.320000
    },
    {
      "Date": 20240206, 
      "Value" : 23.340000
    },
    {
      "Date": 20240319, 
      "Value" : 47.090000
    },
    {
      "Date": 20240718, 
      "Value" : 26.660000
    }
  ]
}