{
  "Color": "rgb(244, 55, 244)", 
  "Point": [
    {
      "Date": 20250320, 
      "Value" : 69.370003
    },
    {
      "Date": 20250409, 
      "Value" : 40.220001
    },
    {
      "Date": 20250516, 
      "Value" : 88.379997
    }
  ]
}