{
  "Color": "rgb(244, 55, 244)", 
  "Point": [
    {
      "Date": 20231031, 
      "Value" : 84.000000
    },
    {
      "Date": 20240208, 
      "Value" : 21.459999
    }
  ]
}