{
  "Color": "rgb(244, 55, 244)", 
  "Point": [
    {
      "Date": 20230725, 
      "Value" : 36.660000
    },
    {
      "Date": 20230811, 
      "Value" : 52.430000
    },
    {
      "Date": 20231024, 
      "Value" : 30.840000
    }
  ]
}