{
  "Color": "rgb(244, 55, 244)", 
  "Point": [
    {
      "Date": 20240408, 
      "Value" : 42.660000
    },
    {
      "Date": 20240918, 
      "Value" : 19.860001
    },
    {
      "Date": 20241024, 
      "Value" : 27.889999
    }
  ]
}