{
  "Color": "rgb(244, 55, 244)", 
  "Point": [
    {
      "Date": 20230817, 
      "Value" : 56.000000
    },
    {
      "Date": 20231024, 
      "Value" : 25.400000
    }
  ]
}