{
  "Color": "rgb(244, 55, 244)", 
  "Point": [
    {
      "Date": 20230725, 
      "Value" : 36.660000
    },
    {
      "Date": 20230811, 
      "Value" : 52.430000
    },
    {
      "Date": 20231219, 
      "Value" : 28.629999
    },
    {
      "Date": 20231222, 
      "Value" : 28.200001
    }
  ]
}