{
  "Color": "rgb(244, 55, 244)", 
  "Point": [
    {
      "Date": 20230717, 
      "Value" : 46.000000
    },
    {
      "Date": 20230828, 
      "Value" : 32.000000
    },
    {
      "Date": 20230907, 
      "Value" : 40.680000
    }
  ]
}