{
  "Color": "rgb(244, 55, 244)", 
  "Point": [
    {
      "Date": 20240202, 
      "Value" : 65.360001
    },
    {
      "Date": 20240416, 
      "Value" : 32.830002
    },
    {
      "Date": 20240619, 
      "Value" : 41.500000
    },
    {
      "Date": 20240718, 
      "Value" : 33.500000
    }
  ]
}