{
  "Color": "rgb(244, 55, 244)", 
  "Point": [
    {
      "Date": 20230804, 
      "Value" : 68.970001
    },
    {
      "Date": 20230807, 
      "Value" : 60.139999
    },
    {
      "Date": 20230814, 
      "Value" : 111.000000
    }
  ]
}