{
  "Color": "rgb(244, 55, 244)", 
  "Point": [
    {
      "Date": 20230720, 
      "Value" : 93.599998
    },
    {
      "Date": 20231023, 
      "Value" : 49.520000
    }
  ]
}