{
  "Color": "rgb(244, 55, 244)", 
  "Point": [
    {
      "Date": 20240228, 
      "Value" : 87.690002
    },
    {
      "Date": 20240718, 
      "Value" : 33.209999
    }
  ]
}