{
  "Color": "rgb(244, 55, 244)", 
  "Point": [
    {
      "Date": 20230828, 
      "Value" : 185.000000
    },
    {
      "Date": 20230922, 
      "Value" : 84.180000
    }
  ]
}