{
  "Color": "rgb(244, 55, 244)", 
  "Point": [
    {
      "Date": 20230921, 
      "Value" : 41.049999
    },
    {
      "Date": 20240206, 
      "Value" : 13.740000
    },
    {
      "Date": 20240408, 
      "Value" : 31.280001
    },
    {
      "Date": 20240716, 
      "Value" : 17.320000
    }
  ]
}