{
  "Color": "rgb(244, 55, 244)", 
  "Point": [
    {
      "Date": 20240208, 
      "Value" : 179.610001
    },
    {
      "Date": 20240319, 
      "Value" : 276.829987
    },
    {
      "Date": 20240705, 
      "Value" : 173.250000
    }
  ]
}