{
  "Color": "rgb(244, 55, 244)", 
  "Point": [
    {
      "Date": 20230828, 
      "Value" : 185.000000
    },
    {
      "Date": 20240206, 
      "Value" : 40.459999
    }
  ]
}