{
  "Color": "rgb(244, 55, 244)", 
  "Point": [
    {
      "Date": 20230830, 
      "Value" : 144.000000
    },
    {
      "Date": 20231027, 
      "Value" : 77.099998
    },
    {
      "Date": 20231121, 
      "Value" : 102.830002
    },
    {
      "Date": 20240206, 
      "Value" : 49.630001
    }
  ]
}