{
  "Color": "rgb(244, 55, 244)", 
  "Point": [
    {
      "Date": 20230815, 
      "Value" : 96.180000
    },
    {
      "Date": 20230829, 
      "Value" : 40.450001
    }
  ]
}