{
  "Color": "rgb(244, 55, 244)", 
  "Point": [
    {
      "Date": 20230720, 
      "Value" : 34.680000
    },
    {
      "Date": 20230801, 
      "Value" : 74.230003
    },
    {
      "Date": 20231219, 
      "Value" : 36.610001
    }
  ]
}