{
  "Color": "rgb(244, 55, 244)", 
  "Point": [
    {
      "Date": 20240313, 
      "Value" : 39.910000
    },
    {
      "Date": 20240918, 
      "Value" : 16.559999
    },
    {
      "Date": 20241203, 
      "Value" : 24.990000
    },
    {
      "Date": 20250409, 
      "Value" : 13.660000
    }
  ]
}