{
  "Color": "rgb(244, 55, 244)", 
  "Point": [
    {
      "Date": 20240513, 
      "Value" : 68.099998
    },
    {
      "Date": 20240523, 
      "Value" : 155.000000
    },
    {
      "Date": 20240924, 
      "Value" : 55.500000
    }
  ]
}