{
  "Color": "rgb(244, 55, 244)", 
  "Point": [
    {
      "Date": 20230803, 
      "Value" : 34.000000
    },
    {
      "Date": 20230808, 
      "Value" : 41.590000
    },
    {
      "Date": 20231023, 
      "Value" : 22.690001
    }
  ]
}