{
  "Color": "rgb(244, 55, 244)", 
  "Point": [
    {
      "Date": 20230915, 
      "Value" : 62.880001
    },
    {
      "Date": 20240206, 
      "Value" : 24.440001
    }
  ]
}