{
  "Color": "rgb(244, 55, 244)", 
  "Point": [
    {
      "Date": 20230803, 
      "Value" : 48.000000
    },
    {
      "Date": 20230814, 
      "Value" : 78.709999
    },
    {
      "Date": 20240709, 
      "Value" : 29.650000
    }
  ]
}