{
  "Color": "rgb(244, 55, 244)", 
  "Point": [
    {
      "Date": 20240116, 
      "Value" : 83.000000
    },
    {
      "Date": 20240208, 
      "Value" : 29.770000
    }
  ]
}