{
  "Color": "rgb(244, 55, 244)", 
  "Point": [
    {
      "Date": 20230817, 
      "Value" : 56.000000
    },
    {
      "Date": 20231226, 
      "Value" : 22.020000
    },
    {
      "Date": 20240116, 
      "Value" : 29.200001
    },
    {
      "Date": 20240206, 
      "Value" : 15.170000
    }
  ]
}