{
  "Color": "rgb(244, 55, 244)", 
  "Point": [
    {
      "Date": 20231208, 
      "Value" : 36.759998
    },
    {
      "Date": 20231221, 
      "Value" : 19.780001
    }
  ]
}