{
  "Color": "rgb(244, 55, 244)", 
  "Point": [
    {
      "Date": 20230803, 
      "Value" : 48.000000
    },
    {
      "Date": 20230814, 
      "Value" : 78.709999
    },
    {
      "Date": 20240920, 
      "Value" : 24.360001
    },
    {
      "Date": 20241022, 
      "Value" : 34.220001
    }
  ]
}