{
  "Color": "rgb(244, 55, 244)", 
  "Point": [
    {
      "Date": 20241017, 
      "Value" : 130.479996
    },
    {
      "Date": 20241018, 
      "Value" : 172.630005
    },
    {
      "Date": 20241101, 
      "Value" : 71.559998
    }
  ]
}