{
  "Color": "rgb(244, 55, 244)", 
  "Point": [
    {
      "Date": 20230727, 
      "Value" : 27.000000
    },
    {
      "Date": 20230728, 
      "Value" : 36.660000
    }
  ]
}