{
  "Color": "rgb(244, 55, 244)", 
  "Point": [
    {
      "Date": 20231031, 
      "Value" : 84.000000
    },
    {
      "Date": 20231219, 
      "Value" : 38.549999
    }
  ]
}