{
  "Color": "rgb(244, 55, 244)", 
  "Point": [
    {
      "Date": 20231201, 
      "Value" : 63.980000
    },
    {
      "Date": 20231211, 
      "Value" : 34.500000
    }
  ]
}