{
  "Color": "rgb(244, 55, 244)", 
  "Point": [
    {
      "Date": 20230719, 
      "Value" : 35.040001
    },
    {
      "Date": 20230801, 
      "Value" : 74.230003
    },
    {
      "Date": 20240208, 
      "Value" : 18.629999
    }
  ]
}