{
  "Color": "rgb(244, 55, 244)", 
  "Point": [
    {
      "Date": 20240829, 
      "Value" : 67.059998
    },
    {
      "Date": 20240924, 
      "Value" : 35.450001
    },
    {
      "Date": 20241009, 
      "Value" : 69.769997
    }
  ]
}