{
  "Color": "rgb(244, 55, 244)", 
  "Point": [
    {
      "Date": 20230911, 
      "Value" : 73.500000
    },
    {
      "Date": 20230927, 
      "Value" : 44.810001
    }
  ]
}