{
  "Color": "rgb(244, 55, 244)", 
  "Point": [
    {
      "Date": 20230911, 
      "Value" : 73.500000
    },
    {
      "Date": 20231023, 
      "Value" : 39.840000
    }
  ]
}