{
  "Color": "rgb(244, 55, 244)", 
  "Point": [
    {
      "Date": 20231228, 
      "Value" : 95.879997
    },
    {
      "Date": 20240208, 
      "Value" : 37.189999
    }
  ]
}