{
  "Color": "rgb(244, 55, 244)", 
  "Point": [
    {
      "Date": 20241220, 
      "Value" : 110.000000
    },
    {
      "Date": 20250409, 
      "Value" : 49.299999
    },
    {
      "Date": 20250516, 
      "Value" : 63.480000
    }
  ]
}