{
  "Color": "rgb(244, 55, 244)", 
  "Point": [
    {
      "Date": 20240328, 
      "Value" : 53.770000
    },
    {
      "Date": 20240416, 
      "Value" : 30.900000
    },
    {
      "Date": 20240619, 
      "Value" : 41.799999
    },
    {
      "Date": 20240705, 
      "Value" : 32.259998
    }
  ]
}