{
  "Color": "rgb(244, 55, 244)", 
  "Point": [
    {
      "Date": 20230905, 
      "Value" : 37.500000
    },
    {
      "Date": 20240206, 
      "Value" : 10.280000
    }
  ]
}