{
  "Color": "rgb(244, 55, 244)", 
  "Point": [
    {
      "Date": 20230717, 
      "Value" : 46.000000
    },
    {
      "Date": 20231023, 
      "Value" : 31.350000
    },
    {
      "Date": 20231116, 
      "Value" : 41.310001
    },
    {
      "Date": 20231222, 
      "Value" : 32.599998
    }
  ]
}