{
  "Color": "rgb(244, 55, 244)", 
  "Point": [
    {
      "Date": 20231031, 
      "Value" : 84.000000
    },
    {
      "Date": 20231108, 
      "Value" : 50.200001
    }
  ]
}