{
  "Color": "rgb(244, 55, 244)", 
  "Point": [
    {
      "Date": 20230925, 
      "Value" : 63.299999
    },
    {
      "Date": 20230927, 
      "Value" : 90.000000
    },
    {
      "Date": 20231222, 
      "Value" : 52.799999
    }
  ]
}