{
  "Color": "rgb(244, 55, 244)", 
  "Point": [
    {
      "Date": 20230720, 
      "Value" : 93.599998
    },
    {
      "Date": 20231023, 
      "Value" : 49.520000
    },
    {
      "Date": 20231229, 
      "Value" : 72.129997
    },
    {
      "Date": 20240206, 
      "Value" : 32.709999
    }
  ]
}