{
  "Color": "rgb(244, 55, 244)", 
  "Point": [
    {
      "Date": 20240124, 
      "Value" : 67.820000
    },
    {
      "Date": 20240129, 
      "Value" : 97.970001
    },
    {
      "Date": 20240208, 
      "Value" : 39.099998
    }
  ]
}