{
  "Color": "rgb(244, 55, 244)", 
  "Point": [
    {
      "Date": 20231226, 
      "Value" : 8.350000
    },
    {
      "Date": 20240206, 
      "Value" : 3.880000
    }
  ]
}