{
  "Color": "rgb(244, 55, 244)", 
  "Point": [
    {
      "Date": 20230915, 
      "Value" : 62.880001
    },
    {
      "Date": 20230922, 
      "Value" : 41.230000
    },
    {
      "Date": 20231120, 
      "Value" : 59.500000
    },
    {
      "Date": 20231219, 
      "Value" : 47.110001
    }
  ]
}