{
  "Color": "rgb(244, 55, 244)", 
  "Point": [
    {
      "Date": 20240202, 
      "Value" : 65.879997
    },
    {
      "Date": 20240208, 
      "Value" : 38.400002
    }
  ]
}