{
  "Color": "rgb(244, 55, 244)", 
  "Point": [
    {
      "Date": 20231201, 
      "Value" : 63.980000
    },
    {
      "Date": 20240123, 
      "Value" : 27.010000
    },
    {
      "Date": 20240301, 
      "Value" : 43.130001
    }
  ]
}