{
  "Color": "rgb(244, 55, 244)", 
  "Point": [
    {
      "Date": 20241122, 
      "Value" : 240.000000
    },
    {
      "Date": 20250113, 
      "Value" : 112.800003
    },
    {
      "Date": 20250305, 
      "Value" : 144.839996
    },
    {
      "Date": 20250409, 
      "Value" : 90.209999
    }
  ]
}