{
  "Color": "rgb(244, 55, 244)", 
  "Point": [
    {
      "Date": 20241025, 
      "Value" : 160.000000
    },
    {
      "Date": 20250113, 
      "Value" : 52.119999
    },
    {
      "Date": 20250516, 
      "Value" : 85.980003
    }
  ]
}