{
  "Color": "rgb(244, 55, 244)", 
  "Point": [
    {
      "Date": 20241024, 
      "Value" : 191.070007
    },
    {
      "Date": 20250113, 
      "Value" : 79.989998
    },
    {
      "Date": 20250212, 
      "Value" : 113.129997
    },
    {
      "Date": 20250409, 
      "Value" : 62.220001
    }
  ]
}