{
  "Color": "rgb(244, 55, 244)", 
  "Point": [
    {
      "Date": 20250325, 
      "Value" : 171.000000
    },
    {
      "Date": 20250326, 
      "Value" : 148.080002
    },
    {
      "Date": 20250402, 
      "Value" : 199.899994
    }
  ]
}