{
  "Color": "rgb(244, 55, 244)", 
  "Point": [
    {
      "Date": 20240801, 
      "Value" : 107.370003
    },
    {
      "Date": 20240918, 
      "Value" : 45.130001
    }
  ]
}