{
  "Color": "rgb(244, 55, 244)", 
  "Point": [
    {
      "Date": 20240710, 
      "Value" : 51.099998
    },
    {
      "Date": 20240711, 
      "Value" : 64.000000
    },
    {
      "Date": 20240918, 
      "Value" : 32.730000
    }
  ]
}