{
  "Color": "rgb(244, 55, 244)", 
  "Point": [
    {
      "Date": 20250411, 
      "Value" : 45.000000
    },
    {
      "Date": 20250430, 
      "Value" : 26.770000
    }
  ]
}