{
  "Color": "rgb(244, 55, 244)", 
  "Point": [
    {
      "Date": 20240710, 
      "Value" : 51.900002
    },
    {
      "Date": 20240711, 
      "Value" : 64.800003
    },
    {
      "Date": 20240718, 
      "Value" : 41.060001
    }
  ]
}