{
  "Color": "rgb(244, 55, 244)", 
  "Point": [
    {
      "Date": 20240912, 
      "Value" : 65.300003
    },
    {
      "Date": 20240923, 
      "Value" : 46.529999
    },
    {
      "Date": 20241009, 
      "Value" : 94.879997
    }
  ]
}