{
  "Color": "rgb(244, 55, 244)", 
  "Point": [
    {
      "Date": 20241107, 
      "Value" : 187.000000
    },
    {
      "Date": 20250106, 
      "Value" : 74.000000
    },
    {
      "Date": 20250320, 
      "Value" : 97.650002
    },
    {
      "Date": 20250409, 
      "Value" : 64.019997
    }
  ]
}