{
  "Color": "rgb(244, 55, 244)", 
  "Point": [
    {
      "Date": 20240905, 
      "Value" : 49.509998
    },
    {
      "Date": 20240924, 
      "Value" : 30.469999
    },
    {
      "Date": 20241009, 
      "Value" : 60.500000
    }
  ]
}