{
  "Color": "rgb(244, 55, 244)", 
  "Point": [
    {
      "Date": 20250417, 
      "Value" : 83.800003
    },
    {
      "Date": 20250430, 
      "Value" : 51.189999
    }
  ]
}