{
  "Color": "rgb(244, 55, 244)", 
  "Point": [
    {
      "Date": 20240802, 
      "Value" : 94.400002
    },
    {
      "Date": 20240918, 
      "Value" : 45.130001
    },
    {
      "Date": 20250307, 
      "Value" : 119.430000
    }
  ]
}