{
  "Color": "rgb(244, 55, 244)", 
  "Point": [
    {
      "Date": 20230712, 
      "Value" : 4.290000
    },
    {
      "Date": 20231023, 
      "Value" : 3.720000
    },
    {
      "Date": 20231219, 
      "Value" : 14.800000
    }
  ]
}