{
  "Color": "rgb(244, 55, 244)", 
  "Point": [
    {
      "Date": 20230712, 
      "Value" : 7.120000
    },
    {
      "Date": 20231023, 
      "Value" : 6.780000
    },
    {
      "Date": 20240102, 
      "Value" : 17.360001
    },
    {
      "Date": 20240226, 
      "Value" : 9.870000
    }
  ]
}