{
  "Color": "rgb(244, 55, 244)", 
  "Point": [
    {
      "Date": 20230712, 
      "Value" : 16.980000
    },
    {
      "Date": 20230828, 
      "Value" : 13.800000
    },
    {
      "Date": 20231127, 
      "Value" : 37.959999
    },
    {
      "Date": 20240205, 
      "Value" : 14.750000
    }
  ]
}