{
  "Color": "rgb(244, 55, 244)", 
  "Point": [
    {
      "Date": 20230712, 
      "Value" : 15.480000
    },
    {
      "Date": 20231023, 
      "Value" : 10.700000
    },
    {
      "Date": 20231220, 
      "Value" : 32.599998
    }
  ]
}