{
  "Color": "rgb(244, 55, 244)", 
  "Point": [
    {
      "Date": 20230712, 
      "Value" : 12.920000
    },
    {
      "Date": 20231023, 
      "Value" : 10.100000
    },
    {
      "Date": 20231127, 
      "Value" : 15.970000
    }
  ]
}