{
  "Color": "rgb(244, 55, 244)", 
  "Point": [
    {
      "Date": 20230711, 
      "Value" : 12.650000
    },
    {
      "Date": 20231127, 
      "Value" : 15.970000
    },
    {
      "Date": 20240205, 
      "Value" : 9.120000
    }
  ]
}