{
  "Color": "rgb(244, 55, 244)", 
  "Point": [
    {
      "Date": 20230712, 
      "Value" : 5.970000
    },
    {
      "Date": 20231103, 
      "Value" : 5.200000
    },
    {
      "Date": 20240102, 
      "Value" : 19.629999
    },
    {
      "Date": 20240205, 
      "Value" : 9.910000
    }
  ]
}