{
  "Color": "rgb(244, 55, 244)", 
  "Point": [
    {
      "Date": 20230712, 
      "Value" : 8.980000
    },
    {
      "Date": 20231024, 
      "Value" : 5.940000
    },
    {
      "Date": 20231214, 
      "Value" : 24.700001
    },
    {
      "Date": 20231222, 
      "Value" : 32.630001
    }
  ]
}