{
  "Color": "rgb(244, 55, 244)", 
  "Point": [
    {
      "Date": 20230712, 
      "Value" : 8.980000
    },
    {
      "Date": 20231024, 
      "Value" : 5.940000
    },
    {
      "Date": 20231226, 
      "Value" : 34.770000
    },
    {
      "Date": 20240118, 
      "Value" : 19.709999
    }
  ]
}