{
  "Color": "rgb(244, 55, 244)", 
  "Point": [
    {
      "Date": 20230712, 
      "Value" : 11.290000
    },
    {
      "Date": 20231023, 
      "Value" : 7.450000
    },
    {
      "Date": 20231221, 
      "Value" : 13.500000
    }
  ]
}