{
  "Color": "rgb(244, 55, 244)", 
  "Point": [
    {
      "Date": 20230712, 
      "Value" : 5.280000
    },
    {
      "Date": 20230824, 
      "Value" : 5.190000
    },
    {
      "Date": 20240103, 
      "Value" : 13.660000
    },
    {
      "Date": 20240202, 
      "Value" : 8.500000
    }
  ]
}