{
  "Color": "rgb(244, 55, 244)", 
  "Point": [
    {
      "Date": 20230329, 
      "Value" : 8.700000
    },
    {
      "Date": 20230612, 
      "Value" : 5.830000
    },
    {
      "Date": 20230704, 
      "Value" : 6.000000
    },
    {
      "Date": 20230724, 
      "Value" : 5.870000
    }
  ]
}