{
  "Color": "rgb(244, 55, 244)", 
  "Point": [
    {
      "Date": 20211126, 
      "Value" : 4.650000
    },
    {
      "Date": 20211215, 
      "Value" : 9.990000
    },
    {
      "Date": 20220427, 
      "Value" : 4.480000
    },
    {
      "Date": 20220729, 
      "Value" : 5.890000
    }
  ]
}