{
  "Color": "rgb(244, 55, 244)", 
  "Point": [
    {
      "Date": 20220421, 
      "Value" : 11.950000
    },
    {
      "Date": 20220610, 
      "Value" : 19.480000
    },
    {
      "Date": 20220810, 
      "Value" : 14.080000
    },
    {
      "Date": 20220830, 
      "Value" : 17.790001
    }
  ]
}