{
  "Color": "rgb(244, 55, 244)", 
  "Point": [
    {
      "Date": 20230329, 
      "Value" : 8.900000
    },
    {
      "Date": 20230425, 
      "Value" : 6.030000
    }
  ]
}