{
  "Color": "rgb(244, 55, 244)", 
  "Point": [
    {
      "Date": 20230410, 
      "Value" : 14.060000
    },
    {
      "Date": 20231023, 
      "Value" : 7.010000
    }
  ]
}