{
  "Color": "rgb(244, 55, 244)", 
  "Point": [
    {
      "Date": 20221208, 
      "Value" : 9.860000
    },
    {
      "Date": 20221215, 
      "Value" : 18.879999
    },
    {
      "Date": 20230425, 
      "Value" : 10.260000
    }
  ]
}