{
  "Color": "rgb(244, 55, 244)", 
  "Point": [
    {
      "Date": 20231222, 
      "Value" : 9.870000
    },
    {
      "Date": 20240828, 
      "Value" : 3.490000
    },
    {
      "Date": 20241008, 
      "Value" : 5.520000
    }
  ]
}