{
  "Color": "rgb(244, 55, 244)", 
  "Point": [
    {
      "Date": 20220630, 
      "Value" : 17.540001
    },
    {
      "Date": 20220701, 
      "Value" : 23.160000
    },
    {
      "Date": 20220927, 
      "Value" : 14.760000
    }
  ]
}