{
  "Color": "rgb(244, 55, 244)", 
  "Point": [
    {
      "Date": 20230201, 
      "Value" : 9.860000
    },
    {
      "Date": 20230817, 
      "Value" : 23.280001
    },
    {
      "Date": 20231013, 
      "Value" : 15.960000
    }
  ]
}