{
  "Color": "rgb(244, 55, 244)", 
  "Point": [
    {
      "Date": 20230410, 
      "Value" : 20.420000
    },
    {
      "Date": 20231023, 
      "Value" : 10.490000
    },
    {
      "Date": 20231204, 
      "Value" : 12.550000
    }
  ]
}