{
  "Color": "rgb(244, 55, 244)", 
  "Point": [
    {
      "Date": 20230410, 
      "Value" : 20.420000
    },
    {
      "Date": 20230425, 
      "Value" : 10.600000
    },
    {
      "Date": 20230825, 
      "Value" : 18.600000
    }
  ]
}