{
  "Color": "rgb(244, 55, 244)", 
  "Point": [
    {
      "Date": 20220630, 
      "Value" : 17.540001
    },
    {
      "Date": 20220701, 
      "Value" : 23.160000
    },
    {
      "Date": 20221012, 
      "Value" : 14.260000
    },
    {
      "Date": 20230421, 
      "Value" : 19.400000
    }
  ]
}