{
  "Color": "rgb(244, 55, 244)", 
  "Point": [
    {
      "Date": 20230410, 
      "Value" : 20.500000
    },
    {
      "Date": 20230425, 
      "Value" : 10.680000
    }
  ]
}