{
  "Color": "rgb(244, 55, 244)", 
  "Point": [
    {
      "Date": 20231222, 
      "Value" : 9.900000
    },
    {
      "Date": 20240206, 
      "Value" : 4.450000
    }
  ]
}