{
  "Color": "rgb(244, 55, 244)", 
  "Point": [
    {
      "Date": 20231205, 
      "Value" : 19.580000
    },
    {
      "Date": 20231215, 
      "Value" : 12.410000
    }
  ]
}