{
  "Color": "rgb(244, 55, 244)", 
  "Point": [
    {
      "Date": 20221222, 
      "Value" : 8.300000
    },
    {
      "Date": 20230822, 
      "Value" : 30.370001
    },
    {
      "Date": 20240122, 
      "Value" : 15.000000
    },
    {
      "Date": 20240306, 
      "Value" : 22.070000
    }
  ]
}