{
  "Color": "rgb(244, 55, 244)", 
  "Point": [
    {
      "Date": 20230410, 
      "Value" : 27.020000
    },
    {
      "Date": 20230829, 
      "Value" : 12.650000
    }
  ]
}