{
  "Color": "rgb(244, 55, 244)", 
  "Point": [
    {
      "Date": 20230310, 
      "Value" : 5.260000
    },
    {
      "Date": 20230321, 
      "Value" : 12.290000
    },
    {
      "Date": 20230531, 
      "Value" : 7.780000
    }
  ]
}