{
  "Color": "rgb(244, 55, 244)", 
  "Point": [
    {
      "Date": 20221222, 
      "Value" : 8.480000
    },
    {
      "Date": 20230119, 
      "Value" : 20.450001
    },
    {
      "Date": 20230425, 
      "Value" : 12.660000
    },
    {
      "Date": 20230608, 
      "Value" : 15.730000
    }
  ]
}