{
  "Color": "rgb(244, 55, 244)", 
  "Point": [
    {
      "Date": 20230303, 
      "Value" : 70.300003
    },
    {
      "Date": 20230421, 
      "Value" : 169.199997
    },
    {
      "Date": 20230515, 
      "Value" : 114.809998
    }
  ]
}