{
  "Color": "rgb(244, 55, 244)", 
  "Point": [
    {
      "Date": 20230316, 
      "Value" : 23.820000
    },
    {
      "Date": 20230317, 
      "Value" : 31.000000
    },
    {
      "Date": 20230426, 
      "Value" : 17.690001
    },
    {
      "Date": 20230526, 
      "Value" : 24.000000
    }
  ]
}