{
  "Color": "rgb(244, 55, 244)", 
  "Point": [
    {
      "Date": 20230911, 
      "Value" : 50.000000
    },
    {
      "Date": 20231227, 
      "Value" : 22.709999
    },
    {
      "Date": 20240110, 
      "Value" : 28.049999
    },
    {
      "Date": 20240206, 
      "Value" : 15.720000
    }
  ]
}