{
  "Color": "rgb(244, 55, 244)", 
  "Point": [
    {
      "Date": 20220926, 
      "Value" : 18.180000
    },
    {
      "Date": 20220930, 
      "Value" : 31.940001
    }
  ]
}