{
  "Color": "rgb(244, 55, 244)", 
  "Point": [
    {
      "Date": 20220512, 
      "Value" : 9.890000
    },
    {
      "Date": 20240529, 
      "Value" : 35.990002
    },
    {
      "Date": 20240923, 
      "Value" : 18.219999
    }
  ]
}