{
  "Color": "rgb(244, 55, 244)", 
  "Point": [
    {
      "Date": 20220926, 
      "Value" : 18.180000
    },
    {
      "Date": 20221014, 
      "Value" : 34.570000
    },
    {
      "Date": 20230413, 
      "Value" : 25.750000
    },
    {
      "Date": 20230505, 
      "Value" : 27.879999
    }
  ]
}