{
  "Color": "rgb(244, 55, 244)", 
  "Point": [
    {
      "Date": 20231107, 
      "Value" : 91.800003
    },
    {
      "Date": 20240206, 
      "Value" : 35.939999
    }
  ]
}