{
  "Color": "rgb(244, 55, 244)", 
  "Point": [
    {
      "Date": 20230321, 
      "Value" : 15.420000
    },
    {
      "Date": 20230323, 
      "Value" : 22.389999
    },
    {
      "Date": 20230425, 
      "Value" : 14.150000
    }
  ]
}