{
  "Color": "rgb(244, 55, 244)", 
  "Point": [
    {
      "Date": 20220512, 
      "Value" : 10.240000
    },
    {
      "Date": 20220602, 
      "Value" : 32.200001
    }
  ]
}