{
  "Color": "rgb(244, 55, 244)", 
  "Point": [
    {
      "Date": 20220310, 
      "Value" : 11.150000
    },
    {
      "Date": 20220328, 
      "Value" : 42.430000
    },
    {
      "Date": 20230425, 
      "Value" : 14.960000
    }
  ]
}