{
  "Color": "rgb(244, 55, 244)", 
  "Point": [
    {
      "Date": 20231227, 
      "Value" : 29.780001
    },
    {
      "Date": 20240105, 
      "Value" : 45.380001
    },
    {
      "Date": 20240828, 
      "Value" : 14.890000
    },
    {
      "Date": 20241023, 
      "Value" : 19.559999
    }
  ]
}