{
  "Color": "rgb(244, 55, 244)", 
  "Point": [
    {
      "Date": 20230321, 
      "Value" : 15.220000
    },
    {
      "Date": 20230323, 
      "Value" : 22.190001
    },
    {
      "Date": 20231023, 
      "Value" : 12.500000
    },
    {
      "Date": 20231122, 
      "Value" : 16.270000
    }
  ]
}