{
  "Color": "rgb(244, 55, 244)", 
  "Point": [
    {
      "Date": 20211216, 
      "Value" : 17.900000
    },
    {
      "Date": 20211223, 
      "Value" : 35.160000
    },
    {
      "Date": 20220428, 
      "Value" : 15.900000
    }
  ]
}