{
  "Color": "rgb(244, 55, 244)", 
  "Point": [
    {
      "Date": 20240923, 
      "Value" : 39.200001
    },
    {
      "Date": 20240924, 
      "Value" : 35.730000
    },
    {
      "Date": 20241010, 
      "Value" : 54.000000
    }
  ]
}