{
  "Color": "rgb(244, 55, 244)", 
  "Point": [
    {
      "Date": 20240130, 
      "Value" : 55.220001
    },
    {
      "Date": 20240208, 
      "Value" : 23.969999
    },
    {
      "Date": 20250225, 
      "Value" : 48.450001
    },
    {
      "Date": 20250418, 
      "Value" : 36.779999
    }
  ]
}