{
  "Color": "rgb(244, 55, 244)", 
  "Point": [
    {
      "Date": 20250103, 
      "Value" : 99.849998
    },
    {
      "Date": 20250219, 
      "Value" : 32.160000
    },
    {
      "Date": 20250416, 
      "Value" : 63.680000
    }
  ]
}