{
  "Color": "rgb(244, 55, 244)", 
  "Point": [
    {
      "Date": 20231107, 
      "Value" : 91.800003
    },
    {
      "Date": 20231117, 
      "Value" : 56.900002
    }
  ]
}