{
  "Color": "rgb(244, 55, 244)", 
  "Point": [
    {
      "Date": 20231227, 
      "Value" : 30.000000
    },
    {
      "Date": 20240105, 
      "Value" : 45.599998
    },
    {
      "Date": 20240208, 
      "Value" : 17.049999
    }
  ]
}