{
  "Color": "rgb(244, 55, 244)", 
  "Point": [
    {
      "Date": 20230313, 
      "Value" : 13.760000
    },
    {
      "Date": 20230320, 
      "Value" : 24.700001
    }
  ]
}