{
  "Color": "rgb(244, 55, 244)", 
  "Point": [
    {
      "Date": 20250320, 
      "Value" : 85.580002
    },
    {
      "Date": 20250409, 
      "Value" : 35.220001
    },
    {
      "Date": 20250514, 
      "Value" : 45.799999
    }
  ]
}