{
  "Color": "rgb(244, 55, 244)", 
  "Point": [
    {
      "Date": 20230130, 
      "Value" : 22.379999
    },
    {
      "Date": 20230203, 
      "Value" : 37.369999
    },
    {
      "Date": 20230424, 
      "Value" : 24.260000
    }
  ]
}