{
  "Color": "rgb(244, 55, 244)", 
  "Point": [
    {
      "Date": 20231017, 
      "Value" : 26.680000
    },
    {
      "Date": 20240206, 
      "Value" : 11.920000
    }
  ]
}