{
  "Color": "rgb(244, 55, 244)", 
  "Point": [
    {
      "Date": 20221014, 
      "Value" : 30.500000
    },
    {
      "Date": 20221031, 
      "Value" : 22.430000
    },
    {
      "Date": 20230613, 
      "Value" : 49.590000
    },
    {
      "Date": 20231016, 
      "Value" : 31.000000
    }
  ]
}