{
  "Color": "rgb(244, 55, 244)", 
  "Point": [
    {
      "Date": 20220216, 
      "Value" : 4.850000
    },
    {
      "Date": 20220323, 
      "Value" : 27.090000
    },
    {
      "Date": 20220929, 
      "Value" : 9.960000
    }
  ]
}