{
  "Color": "rgb(244, 55, 244)", 
  "Point": [
    {
      "Date": 20230217, 
      "Value" : 34.610001
    },
    {
      "Date": 20230220, 
      "Value" : 45.700001
    },
    {
      "Date": 20230425, 
      "Value" : 24.920000
    },
    {
      "Date": 20230705, 
      "Value" : 33.320000
    }
  ]
}