{
  "Color": "rgb(244, 55, 244)", 
  "Point": [
    {
      "Date": 20220715, 
      "Value" : 12.060000
    },
    {
      "Date": 20220729, 
      "Value" : 35.840000
    },
    {
      "Date": 20220926, 
      "Value" : 21.139999
    }
  ]
}