{
  "Color": "rgb(244, 55, 244)", 
  "Point": [
    {
      "Date": 20230419, 
      "Value" : 30.200001
    },
    {
      "Date": 20231023, 
      "Value" : 17.590000
    },
    {
      "Date": 20231121, 
      "Value" : 19.690001
    },
    {
      "Date": 20231219, 
      "Value" : 18.030001
    }
  ]
}