{
  "Color": "rgb(244, 55, 244)", 
  "Point": [
    {
      "Date": 20230329, 
      "Value" : 26.209999
    },
    {
      "Date": 20230425, 
      "Value" : 17.230000
    }
  ]
}