{
  "Color": "rgb(244, 55, 244)", 
  "Point": [
    {
      "Date": 20250416, 
      "Value" : 60.060001
    },
    {
      "Date": 20250428, 
      "Value" : 35.400002
    }
  ]
}