{
  "Color": "rgb(244, 55, 244)", 
  "Point": [
    {
      "Date": 20231101, 
      "Value" : 50.000000
    },
    {
      "Date": 20240206, 
      "Value" : 14.500000
    }
  ]
}