{
  "Color": "rgb(244, 55, 244)", 
  "Point": [
    {
      "Date": 20231017, 
      "Value" : 26.680000
    },
    {
      "Date": 20231024, 
      "Value" : 16.450001
    }
  ]
}