{
  "Color": "rgb(244, 55, 244)", 
  "Point": [
    {
      "Date": 20230329, 
      "Value" : 38.990002
    },
    {
      "Date": 20230425, 
      "Value" : 25.700001
    }
  ]
}