{
  "Color": "rgb(244, 55, 244)", 
  "Point": [
    {
      "Date": 20230410, 
      "Value" : 23.790001
    },
    {
      "Date": 20240625, 
      "Value" : 8.660000
    },
    {
      "Date": 20240725, 
      "Value" : 9.210000
    },
    {
      "Date": 20240918, 
      "Value" : 7.700000
    }
  ]
}