{
  "Color": "rgb(244, 55, 244)", 
  "Point": [
    {
      "Date": 20230410, 
      "Value" : 54.000000
    },
    {
      "Date": 20230508, 
      "Value" : 28.660000
    }
  ]
}