{
  "Color": "rgb(244, 55, 244)", 
  "Point": [
    {
      "Date": 20230510, 
      "Value" : 22.500000
    },
    {
      "Date": 20230512, 
      "Value" : 16.160000
    }
  ]
}