{
  "Color": "rgb(244, 55, 244)", 
  "Point": [
    {
      "Date": 20230510, 
      "Value" : 22.500000
    },
    {
      "Date": 20230519, 
      "Value" : 15.990000
    }
  ]
}