{
  "Color": "rgb(244, 55, 244)", 
  "Point": [
    {
      "Date": 20230510, 
      "Value" : 22.500000
    },
    {
      "Date": 20231023, 
      "Value" : 15.400000
    },
    {
      "Date": 20231122, 
      "Value" : 18.490000
    },
    {
      "Date": 20231213, 
      "Value" : 16.610001
    }
  ]
}