{
  "Color": "rgb(244, 55, 244)", 
  "Point": [
    {
      "Date": 20220428, 
      "Value" : 14.230000
    },
    {
      "Date": 20220719, 
      "Value" : 31.730000
    },
    {
      "Date": 20220930, 
      "Value" : 19.000000
    }
  ]
}