{
  "Color": "rgb(244, 55, 244)", 
  "Point": [
    {
      "Date": 20230410, 
      "Value" : 53.910000
    },
    {
      "Date": 20230628, 
      "Value" : 26.980000
    }
  ]
}