{
  "Color": "rgb(244, 55, 244)", 
  "Point": [
    {
      "Date": 20220909, 
      "Value" : 12.660000
    },
    {
      "Date": 20220919, 
      "Value" : 24.400000
    },
    {
      "Date": 20230515, 
      "Value" : 15.070000
    }
  ]
}