{
  "Color": "rgb(244, 55, 244)", 
  "Point": [
    {
      "Date": 20230419, 
      "Value" : 30.200001
    },
    {
      "Date": 20230425, 
      "Value" : 17.889999
    },
    {
      "Date": 20230824, 
      "Value" : 27.469999
    },
    {
      "Date": 20230922, 
      "Value" : 19.330000
    }
  ]
}