{
  "Color": "rgb(244, 55, 244)", 
  "Point": [
    {
      "Date": 20221014, 
      "Value" : 38.939999
    },
    {
      "Date": 20221031, 
      "Value" : 28.850000
    },
    {
      "Date": 20230606, 
      "Value" : 58.599998
    }
  ]
}