{
  "Color": "rgb(244, 55, 244)", 
  "Point": [
    {
      "Date": 20231101, 
      "Value" : 50.000000
    },
    {
      "Date": 20231110, 
      "Value" : 28.030001
    }
  ]
}