{
  "Color": "rgb(244, 55, 244)", 
  "Point": [
    {
      "Date": 20230217, 
      "Value" : 34.910000
    },
    {
      "Date": 20230220, 
      "Value" : 46.000000
    },
    {
      "Date": 20230425, 
      "Value" : 25.219999
    }
  ]
}