{
  "Color": "rgb(244, 55, 244)", 
  "Point": [
    {
      "Date": 20230313, 
      "Value" : 13.550000
    },
    {
      "Date": 20230320, 
      "Value" : 24.490000
    },
    {
      "Date": 20230628, 
      "Value" : 17.250000
    }
  ]
}