{
  "Color": "rgb(244, 55, 244)", 
  "Point": [
    {
      "Date": 20230327, 
      "Value" : 7.030000
    },
    {
      "Date": 20230407, 
      "Value" : 18.100000
    }
  ]
}