{
  "Color": "rgb(244, 55, 244)", 
  "Point": [
    {
      "Date": 20220506, 
      "Value" : 17.230000
    },
    {
      "Date": 20220512, 
      "Value" : 30.410000
    },
    {
      "Date": 20220921, 
      "Value" : 15.870000
    }
  ]
}