{
  "Color": "rgb(244, 55, 244)", 
  "Point": [
    {
      "Date": 20250409, 
      "Value" : 39.500000
    },
    {
      "Date": 20250429, 
      "Value" : 20.120001
    }
  ]
}