{
  "Color": "rgb(244, 55, 244)", 
  "Point": [
    {
      "Date": 20230925, 
      "Value" : 28.750000
    },
    {
      "Date": 20240206, 
      "Value" : 11.540000
    },
    {
      "Date": 20240415, 
      "Value" : 17.610001
    },
    {
      "Date": 20240718, 
      "Value" : 12.680000
    }
  ]
}