{
  "Color": "rgb(244, 55, 244)", 
  "Point": [
    {
      "Date": 20230315, 
      "Value" : 21.299999
    },
    {
      "Date": 20230418, 
      "Value" : 40.400002
    },
    {
      "Date": 20231023, 
      "Value" : 23.260000
    },
    {
      "Date": 20231108, 
      "Value" : 28.469999
    }
  ]
}