{
  "Color": "rgb(244, 55, 244)", 
  "Point": [
    {
      "Date": 20220520, 
      "Value" : 16.370001
    },
    {
      "Date": 20220530, 
      "Value" : 34.000000
    },
    {
      "Date": 20220930, 
      "Value" : 17.639999
    }
  ]
}