{
  "Color": "rgb(244, 55, 244)", 
  "Point": [
    {
      "Date": 20220725, 
      "Value" : 7.860000
    },
    {
      "Date": 20220809, 
      "Value" : 26.910000
    },
    {
      "Date": 20220930, 
      "Value" : 13.900000
    }
  ]
}