{
  "Color": "rgb(244, 55, 244)", 
  "Point": [
    {
      "Date": 20230131, 
      "Value" : 42.709999
    },
    {
      "Date": 20230203, 
      "Value" : 68.000000
    },
    {
      "Date": 20230424, 
      "Value" : 43.700001
    }
  ]
}