{
  "Color": "rgb(244, 55, 244)", 
  "Point": [
    {
      "Date": 20220831, 
      "Value" : 41.180000
    },
    {
      "Date": 20220905, 
      "Value" : 63.000000
    },
    {
      "Date": 20220930, 
      "Value" : 39.160000
    }
  ]
}