{
  "Color": "rgb(244, 55, 244)", 
  "Point": [
    {
      "Date": 20240705, 
      "Value" : 44.000000
    },
    {
      "Date": 20240918, 
      "Value" : 18.020000
    }
  ]
}