{
  "Color": "rgb(244, 55, 244)", 
  "Point": [
    {
      "Date": 20220729, 
      "Value" : 36.669998
    },
    {
      "Date": 20220802, 
      "Value" : 53.250000
    },
    {
      "Date": 20220930, 
      "Value" : 31.500000
    }
  ]
}