{
  "Color": "rgb(244, 55, 244)", 
  "Point": [
    {
      "Date": 20231024, 
      "Value" : 17.879999
    },
    {
      "Date": 20231026, 
      "Value" : 53.880001
    },
    {
      "Date": 20231218, 
      "Value" : 22.600000
    }
  ]
}