{
  "Color": "rgb(244, 55, 244)", 
  "Point": [
    {
      "Date": 20221108, 
      "Value" : 34.200001
    },
    {
      "Date": 20230425, 
      "Value" : 22.400000
    }
  ]
}