{
  "Color": "rgb(244, 55, 244)", 
  "Point": [
    {
      "Date": 20220819, 
      "Value" : 34.660000
    },
    {
      "Date": 20221011, 
      "Value" : 25.520000
    },
    {
      "Date": 20230209, 
      "Value" : 70.989998
    },
    {
      "Date": 20230510, 
      "Value" : 41.860001
    }
  ]
}