{
  "Color": "rgb(244, 55, 244)", 
  "Point": [
    {
      "Date": 20230823, 
      "Value" : 81.169998
    },
    {
      "Date": 20231023, 
      "Value" : 38.410000
    },
    {
      "Date": 20231121, 
      "Value" : 48.000000
    },
    {
      "Date": 20240206, 
      "Value" : 26.980000
    }
  ]
}