{
  "Color": "rgb(244, 55, 244)", 
  "Point": [
    {
      "Date": 20230327, 
      "Value" : 6.960000
    },
    {
      "Date": 20230531, 
      "Value" : 20.450001
    },
    {
      "Date": 20230626, 
      "Value" : 13.510000
    },
    {
      "Date": 20230719, 
      "Value" : 17.719999
    }
  ]
}