{
  "Color": "rgb(244, 55, 244)", 
  "Point": [
    {
      "Date": 20240826, 
      "Value" : 29.100000
    },
    {
      "Date": 20240827, 
      "Value" : 39.500000
    },
    {
      "Date": 20240918, 
      "Value" : 20.500000
    }
  ]
}