{
  "Color": "rgb(244, 55, 244)", 
  "Point": [
    {
      "Date": 20230823, 
      "Value" : 81.169998
    },
    {
      "Date": 20231023, 
      "Value" : 38.410000
    }
  ]
}