{
  "Color": "rgb(244, 55, 244)", 
  "Point": [
    {
      "Date": 20220315, 
      "Value" : 23.360001
    },
    {
      "Date": 20220330, 
      "Value" : 74.720001
    }
  ]
}