{
  "Color": "rgb(244, 55, 244)", 
  "Point": [
    {
      "Date": 20220712, 
      "Value" : 53.110001
    },
    {
      "Date": 20220927, 
      "Value" : 29.610001
    }
  ]
}