{
  "Color": "rgb(244, 55, 244)", 
  "Point": [
    {
      "Date": 20231215, 
      "Value" : 35.299999
    },
    {
      "Date": 20240206, 
      "Value" : 15.000000
    }
  ]
}