{
  "Color": "rgb(244, 55, 244)", 
  "Point": [
    {
      "Date": 20230315, 
      "Value" : 21.299999
    },
    {
      "Date": 20230418, 
      "Value" : 40.400002
    },
    {
      "Date": 20230922, 
      "Value" : 25.500000
    }
  ]
}