{
  "Color": "rgb(244, 55, 244)", 
  "Point": [
    {
      "Date": 20221108, 
      "Value" : 33.880001
    },
    {
      "Date": 20230425, 
      "Value" : 22.080000
    },
    {
      "Date": 20230605, 
      "Value" : 26.370001
    },
    {
      "Date": 20230628, 
      "Value" : 23.200001
    }
  ]
}