{
  "Color": "rgb(244, 55, 244)", 
  "Point": [
    {
      "Date": 20240705, 
      "Value" : 45.000000
    },
    {
      "Date": 20240719, 
      "Value" : 23.620001
    }
  ]
}