{
  "Color": "rgb(244, 55, 244)", 
  "Point": [
    {
      "Date": 20230925, 
      "Value" : 37.580002
    },
    {
      "Date": 20231023, 
      "Value" : 22.180000
    },
    {
      "Date": 20231222, 
      "Value" : 25.559999
    }
  ]
}