{
  "Color": "rgb(244, 55, 244)", 
  "Point": [
    {
      "Date": 20220818, 
      "Value" : 26.260000
    },
    {
      "Date": 20220825, 
      "Value" : 42.209999
    },
    {
      "Date": 20220930, 
      "Value" : 26.250000
    }
  ]
}