{
  "Color": "rgb(244, 55, 244)", 
  "Point": [
    {
      "Date": 20240111, 
      "Value" : 41.110001
    },
    {
      "Date": 20240112, 
      "Value" : 53.349998
    },
    {
      "Date": 20240206, 
      "Value" : 24.059999
    }
  ]
}