{
  "Color": "rgb(244, 55, 244)", 
  "Point": [
    {
      "Date": 20241126, 
      "Value" : 188.000000
    },
    {
      "Date": 20250408, 
      "Value" : 41.000000
    },
    {
      "Date": 20250418, 
      "Value" : 49.880001
    }
  ]
}