{
  "Color": "rgb(244, 55, 244)", 
  "Point": [
    {
      "Date": 20240301, 
      "Value" : 49.509998
    },
    {
      "Date": 20240304, 
      "Value" : 61.700001
    },
    {
      "Date": 20240813, 
      "Value" : 33.400002
    },
    {
      "Date": 20241008, 
      "Value" : 46.880001
    }
  ]
}