{
  "Color": "rgb(244, 55, 244)", 
  "Point": [
    {
      "Date": 20231220, 
      "Value" : 53.490002
    },
    {
      "Date": 20240206, 
      "Value" : 22.990000
    },
    {
      "Date": 20240328, 
      "Value" : 46.130001
    },
    {
      "Date": 20240709, 
      "Value" : 24.709999
    }
  ]
}