{
  "Color": "rgb(244, 55, 244)", 
  "Point": [
    {
      "Date": 20240320, 
      "Value" : 34.209999
    },
    {
      "Date": 20240321, 
      "Value" : 41.680000
    },
    {
      "Date": 20240918, 
      "Value" : 18.080000
    }
  ]
}