{
  "Color": "rgb(244, 55, 244)", 
  "Point": [
    {
      "Date": 20240124, 
      "Value" : 57.799999
    },
    {
      "Date": 20240129, 
      "Value" : 68.980003
    },
    {
      "Date": 20240718, 
      "Value" : 31.940001
    }
  ]
}