{
  "Color": "rgb(244, 55, 244)", 
  "Point": [
    {
      "Date": 20250304, 
      "Value" : 77.769997
    },
    {
      "Date": 20250409, 
      "Value" : 30.680000
    }
  ]
}