{
  "Color": "rgb(244, 55, 244)", 
  "Point": [
    {
      "Date": 20210616, 
      "Value" : 31.160000
    },
    {
      "Date": 20220309, 
      "Value" : 23.629999
    },
    {
      "Date": 20220720, 
      "Value" : 67.790001
    },
    {
      "Date": 20220923, 
      "Value" : 48.150002
    }
  ]
}