{
  "Color": "rgb(244, 55, 244)", 
  "Point": [
    {
      "Date": 20210421, 
      "Value" : 8.780000
    },
    {
      "Date": 20230630, 
      "Value" : 26.500000
    },
    {
      "Date": 20230829, 
      "Value" : 21.270000
    },
    {
      "Date": 20231220, 
      "Value" : 30.490000
    }
  ]
}