{
  "Color": "rgb(244, 55, 244)", 
  "Point": [
    {
      "Date": 20210816, 
      "Value" : 13.820000
    },
    {
      "Date": 20220110, 
      "Value" : 22.959999
    },
    {
      "Date": 20220926, 
      "Value" : 9.350000
    },
    {
      "Date": 20220930, 
      "Value" : 9.220000
    }
  ]
}