{
  "Color": "rgb(244, 55, 244)", 
  "Point": [
    {
      "Date": 20210225, 
      "Value" : 31.820000
    },
    {
      "Date": 20220427, 
      "Value" : 13.330000
    },
    {
      "Date": 20220817, 
      "Value" : 39.799999
    },
    {
      "Date": 20220930, 
      "Value" : 26.010000
    }
  ]
}