{
  "Color": "rgb(244, 55, 244)", 
  "Point": [
    {
      "Date": 20221208, 
      "Value" : 78.000000
    },
    {
      "Date": 20221214, 
      "Value" : 101.989998
    },
    {
      "Date": 20230608, 
      "Value" : 65.610001
    }
  ]
}