{
  "Color": "rgb(244, 55, 244)", 
  "Point": [
    {
      "Date": 20201231, 
      "Value" : 259.829987
    },
    {
      "Date": 20220316, 
      "Value" : 111.790001
    },
    {
      "Date": 20220824, 
      "Value" : 511.690002
    }
  ]
}