{
  "Color": "rgb(244, 55, 244)", 
  "Point": [
    {
      "Date": 20220919, 
      "Value" : 81.559998
    },
    {
      "Date": 20220922, 
      "Value" : 63.630001
    }
  ]
}