{
  "Color": "rgb(244, 55, 244)", 
  "Point": [
    {
      "Date": 20221018, 
      "Value" : 60.619999
    },
    {
      "Date": 20221116, 
      "Value" : 75.919998
    },
    {
      "Date": 20230515, 
      "Value" : 42.209999
    },
    {
      "Date": 20230621, 
      "Value" : 58.799999
    }
  ]
}