{
  "Color": "rgb(244, 55, 244)", 
  "Point": [
    {
      "Date": 20221208, 
      "Value" : 77.699997
    },
    {
      "Date": 20221214, 
      "Value" : 101.690002
    },
    {
      "Date": 20230608, 
      "Value" : 65.309998
    }
  ]
}