{
  "Color": "rgb(244, 55, 244)", 
  "Point": [
    {
      "Date": 20221019, 
      "Value" : 73.379997
    },
    {
      "Date": 20221021, 
      "Value" : 63.770000
    },
    {
      "Date": 20230406, 
      "Value" : 153.000000
    },
    {
      "Date": 20230504, 
      "Value" : 106.300003
    }
  ]
}