{
  "Color": "rgb(244, 55, 244)", 
  "Point": [
    {
      "Date": 20220526, 
      "Value" : 60.790001
    },
    {
      "Date": 20220805, 
      "Value" : 88.150002
    },
    {
      "Date": 20220930, 
      "Value" : 49.279999
    }
  ]
}