{
  "Color": "rgb(244, 55, 244)", 
  "Point": [
    {
      "Date": 20220815, 
      "Value" : 61.189999
    },
    {
      "Date": 20221012, 
      "Value" : 36.220001
    },
    {
      "Date": 20230425, 
      "Value" : 102.000000
    },
    {
      "Date": 20230517, 
      "Value" : 73.680000
    }
  ]
}