{
  "Color": "rgb(244, 55, 244)", 
  "Point": [
    {
      "Date": 20211221, 
      "Value" : 523.590027
    },
    {
      "Date": 20220426, 
      "Value" : 361.390015
    },
    {
      "Date": 20220907, 
      "Value" : 1338.880005
    },
    {
      "Date": 20230607, 
      "Value" : 494.700012
    }
  ]
}