{
  "Color": "rgb(244, 55, 244)", 
  "Point": [
    {
      "Date": 20220812, 
      "Value" : 73.800003
    },
    {
      "Date": 20220829, 
      "Value" : 48.689999
    }
  ]
}