{
  "Color": "rgb(244, 55, 244)", 
  "Point": [
    {
      "Date": 20220406, 
      "Value" : 79.379997
    },
    {
      "Date": 20220411, 
      "Value" : 59.700001
    },
    {
      "Date": 20220803, 
      "Value" : 163.300003
    },
    {
      "Date": 20220928, 
      "Value" : 108.000000
    }
  ]
}