{
  "Color": "rgb(244, 55, 244)", 
  "Point": [
    {
      "Date": 20220711, 
      "Value" : 48.700001
    },
    {
      "Date": 20220811, 
      "Value" : 76.879997
    },
    {
      "Date": 20220906, 
      "Value" : 56.349998
    }
  ]
}