{
  "Color": "rgb(244, 55, 244)", 
  "Point": [
    {
      "Date": 20221018, 
      "Value" : 90.879997
    },
    {
      "Date": 20221116, 
      "Value" : 113.669998
    },
    {
      "Date": 20230515, 
      "Value" : 63.450001
    }
  ]
}