{
  "Color": "rgb(244, 55, 244)", 
  "Point": [
    {
      "Date": 20220420, 
      "Value" : 88.099998
    },
    {
      "Date": 20220919, 
      "Value" : 327.000000
    }
  ]
}