{
  "Color": "rgb(244, 55, 244)", 
  "Point": [
    {
      "Date": 20220426, 
      "Value" : 18.260000
    },
    {
      "Date": 20220428, 
      "Value" : 15.850000
    },
    {
      "Date": 20220823, 
      "Value" : 35.869999
    },
    {
      "Date": 20220923, 
      "Value" : 25.450001
    }
  ]
}