{
  "Color": "rgb(244, 55, 244)", 
  "Point": [
    {
      "Date": 20220624, 
      "Value" : 82.400002
    },
    {
      "Date": 20220805, 
      "Value" : 107.639999
    },
    {
      "Date": 20220926, 
      "Value" : 77.250000
    },
    {
      "Date": 20220930, 
      "Value" : 70.000000
    }
  ]
}