{
  "Color": "rgb(244, 55, 244)", 
  "Point": [
    {
      "Date": 20210730, 
      "Value" : 42.700001
    },
    {
      "Date": 20220427, 
      "Value" : 25.559999
    },
    {
      "Date": 20220823, 
      "Value" : 83.410004
    }
  ]
}