{
  "Color": "rgb(244, 55, 244)", 
  "Point": [
    {
      "Date": 20221018, 
      "Value" : 90.879997
    },
    {
      "Date": 20221116, 
      "Value" : 113.669998
    },
    {
      "Date": 20230510, 
      "Value" : 64.809998
    },
    {
      "Date": 20230512, 
      "Value" : 63.889999
    }
  ]
}