{
  "Color": "rgb(244, 55, 244)", 
  "Point": [
    {
      "Date": 20221223, 
      "Value" : 44.549999
    },
    {
      "Date": 20230413, 
      "Value" : 59.500000
    },
    {
      "Date": 20230509, 
      "Value" : 38.259998
    }
  ]
}