{
  "Color": "rgb(244, 55, 244)", 
  "Point": [
    {
      "Date": 20220315, 
      "Value" : 48.990002
    },
    {
      "Date": 20220427, 
      "Value" : 31.770000
    },
    {
      "Date": 20220818, 
      "Value" : 69.500000
    },
    {
      "Date": 20220930, 
      "Value" : 39.509998
    }
  ]
}