{
  "Color": "rgb(244, 55, 244)", 
  "Point": [
    {
      "Date": 20220429, 
      "Value" : 24.700001
    },
    {
      "Date": 20220819, 
      "Value" : 74.000000
    }
  ]
}