{
  "Color": "rgb(244, 55, 244)", 
  "Point": [
    {
      "Date": 20220323, 
      "Value" : 35.980000
    },
    {
      "Date": 20220427, 
      "Value" : 17.520000
    },
    {
      "Date": 20220722, 
      "Value" : 25.330000
    },
    {
      "Date": 20220927, 
      "Value" : 20.299999
    }
  ]
}