{
  "Color": "rgb(244, 55, 244)", 
  "Point": [
    {
      "Date": 20220311, 
      "Value" : 62.090000
    },
    {
      "Date": 20220930, 
      "Value" : 18.959999
    }
  ]
}