{
  "Color": "rgb(244, 55, 244)", 
  "Point": [
    {
      "Date": 20220919, 
      "Value" : 45.919998
    },
    {
      "Date": 20221223, 
      "Value" : 34.200001
    },
    {
      "Date": 20230210, 
      "Value" : 40.599998
    },
    {
      "Date": 20230505, 
      "Value" : 30.620001
    }
  ]
}