{
  "Color": "rgb(244, 55, 244)", 
  "Point": [
    {
      "Date": 20221212, 
      "Value" : 47.080002
    },
    {
      "Date": 20230209, 
      "Value" : 57.470001
    },
    {
      "Date": 20230515, 
      "Value" : 35.849998
    }
  ]
}