{
  "Color": "rgb(244, 55, 244)", 
  "Point": [
    {
      "Date": 20220606, 
      "Value" : 14.980000
    },
    {
      "Date": 20220929, 
      "Value" : 6.080000
    }
  ]
}