{
  "Color": "rgb(244, 55, 244)", 
  "Point": [
    {
      "Date": 20220929, 
      "Value" : 89.690002
    },
    {
      "Date": 20220930, 
      "Value" : 73.879997
    }
  ]
}