{
  "Color": "rgb(244, 55, 244)", 
  "Point": [
    {
      "Date": 20220316, 
      "Value" : 21.120001
    },
    {
      "Date": 20220427, 
      "Value" : 9.720000
    },
    {
      "Date": 20220815, 
      "Value" : 20.350000
    }
  ]
}