{
  "Color": "rgb(244, 55, 244)", 
  "Point": [
    {
      "Date": 20220412, 
      "Value" : 42.000000
    },
    {
      "Date": 20220418, 
      "Value" : 58.880001
    },
    {
      "Date": 20220919, 
      "Value" : 38.299999
    },
    {
      "Date": 20220930, 
      "Value" : 34.299999
    }
  ]
}