{
  "Color": "rgb(244, 55, 244)", 
  "Point": [
    {
      "Date": 20220315, 
      "Value" : 50.500000
    },
    {
      "Date": 20220428, 
      "Value" : 27.150000
    },
    {
      "Date": 20220810, 
      "Value" : 35.759998
    },
    {
      "Date": 20220930, 
      "Value" : 28.780001
    }
  ]
}