{
  "Color": "rgb(244, 55, 244)", 
  "Point": [
    {
      "Date": 20221219, 
      "Value" : 22.059999
    },
    {
      "Date": 20221226, 
      "Value" : 18.059999
    },
    {
      "Date": 20230417, 
      "Value" : 30.549999
    }
  ]
}