{
  "Color": "rgb(244, 55, 244)", 
  "Point": [
    {
      "Date": 20220923, 
      "Value" : 26.889999
    },
    {
      "Date": 20220930, 
      "Value" : 20.500000
    }
  ]
}