{
  "Color": "rgb(244, 55, 244)", 
  "Point": [
    {
      "Date": 20220418, 
      "Value" : 47.599998
    },
    {
      "Date": 20220428, 
      "Value" : 33.349998
    },
    {
      "Date": 20220829, 
      "Value" : 84.699997
    },
    {
      "Date": 20220930, 
      "Value" : 53.400002
    }
  ]
}