{
  "Color": "rgb(244, 55, 244)", 
  "Point": [
    {
      "Date": 20220609, 
      "Value" : 236.610001
    },
    {
      "Date": 20220614, 
      "Value" : 214.000000
    },
    {
      "Date": 20220909, 
      "Value" : 382.329987
    }
  ]
}