{
  "Color": "rgb(244, 55, 244)", 
  "Point": [
    {
      "Date": 20230421, 
      "Value" : 56.209999
    },
    {
      "Date": 20230628, 
      "Value" : 40.480000
    }
  ]
}