{
  "Color": "rgb(244, 55, 244)", 
  "Point": [
    {
      "Date": 20220909, 
      "Value" : 85.000000
    },
    {
      "Date": 20220928, 
      "Value" : 127.500000
    }
  ]
}