{
  "Color": "rgb(244, 55, 244)", 
  "Point": [
    {
      "Date": 20220729, 
      "Value" : 56.490002
    },
    {
      "Date": 20220805, 
      "Value" : 72.589996
    },
    {
      "Date": 20220930, 
      "Value" : 39.799999
    }
  ]
}