{
  "Color": "rgb(244, 55, 244)", 
  "Point": [
    {
      "Date": 20220919, 
      "Value" : 45.919998
    },
    {
      "Date": 20220930, 
      "Value" : 35.490002
    }
  ]
}