{
  "Color": "rgb(244, 55, 244)", 
  "Point": [
    {
      "Date": 20221212, 
      "Value" : 35.830002
    },
    {
      "Date": 20230209, 
      "Value" : 43.820000
    },
    {
      "Date": 20230515, 
      "Value" : 27.190001
    },
    {
      "Date": 20230705, 
      "Value" : 41.790001
    }
  ]
}