{
  "Color": "rgb(244, 55, 244)", 
  "Point": [
    {
      "Date": 20220121, 
      "Value" : 51.880001
    },
    {
      "Date": 20220427, 
      "Value" : 17.030001
    },
    {
      "Date": 20220810, 
      "Value" : 37.770000
    },
    {
      "Date": 20220927, 
      "Value" : 23.709999
    }
  ]
}