{
  "Color": "rgb(244, 55, 244)", 
  "Point": [
    {
      "Date": 20230505, 
      "Value" : 23.860001
    },
    {
      "Date": 20230927, 
      "Value" : 16.650000
    }
  ]
}