{
  "Color": "rgb(244, 55, 244)", 
  "Point": [
    {
      "Date": 20191212, 
      "Value" : 31.320000
    },
    {
      "Date": 20220428, 
      "Value" : 9.750000
    },
    {
      "Date": 20220805, 
      "Value" : 40.799999
    },
    {
      "Date": 20220923, 
      "Value" : 21.590000
    }
  ]
}