{
  "Color": "rgb(244, 55, 244)", 
  "Point": [
    {
      "Date": 20220905, 
      "Value" : 131.500000
    },
    {
      "Date": 20220906, 
      "Value" : 108.000000
    },
    {
      "Date": 20220923, 
      "Value" : 137.990005
    }
  ]
}