{
  "Color": "rgb(244, 55, 244)", 
  "Point": [
    {
      "Date": 20211228, 
      "Value" : 81.739998
    },
    {
      "Date": 20220427, 
      "Value" : 38.849998
    },
    {
      "Date": 20220704, 
      "Value" : 69.720001
    },
    {
      "Date": 20220926, 
      "Value" : 46.150002
    }
  ]
}