{
  "Color": "rgb(244, 55, 244)", 
  "Point": [
    {
      "Date": 20220629, 
      "Value" : 50.200001
    },
    {
      "Date": 20220803, 
      "Value" : 60.419998
    },
    {
      "Date": 20220930, 
      "Value" : 43.700001
    }
  ]
}