{
  "Color": "rgb(244, 55, 244)", 
  "Point": [
    {
      "Date": 20220822, 
      "Value" : 192.479996
    },
    {
      "Date": 20220906, 
      "Value" : 155.000000
    }
  ]
}