{
  "Color": "rgb(244, 55, 244)", 
  "Point": [
    {
      "Date": 20220107, 
      "Value" : 51.240002
    },
    {
      "Date": 20220427, 
      "Value" : 26.650000
    },
    {
      "Date": 20220808, 
      "Value" : 61.669998
    },
    {
      "Date": 20220928, 
      "Value" : 45.880001
    }
  ]
}