{
  "Color": "rgb(244, 55, 244)", 
  "Point": [
    {
      "Date": 20211026, 
      "Value" : 49.490002
    },
    {
      "Date": 20220427, 
      "Value" : 21.840000
    },
    {
      "Date": 20220809, 
      "Value" : 62.590000
    },
    {
      "Date": 20220926, 
      "Value" : 35.000000
    }
  ]
}