{
  "Color": "rgb(244, 55, 244)", 
  "Point": [
    {
      "Date": 20221020, 
      "Value" : 67.000000
    },
    {
      "Date": 20221021, 
      "Value" : 51.200001
    },
    {
      "Date": 20230414, 
      "Value" : 133.119995
    }
  ]
}