{
  "Color": "rgb(244, 55, 244)", 
  "Point": [
    {
      "Date": 20211223, 
      "Value" : 29.820000
    },
    {
      "Date": 20220427, 
      "Value" : 12.460000
    },
    {
      "Date": 20221027, 
      "Value" : 76.040001
    },
    {
      "Date": 20230512, 
      "Value" : 37.990002
    }
  ]
}