{
  "Color": "rgb(244, 55, 244)", 
  "Point": [
    {
      "Date": 20220701, 
      "Value" : 56.810001
    },
    {
      "Date": 20220812, 
      "Value" : 79.779999
    },
    {
      "Date": 20220930, 
      "Value" : 46.500000
    }
  ]
}