{
  "Color": "rgb(244, 55, 244)", 
  "Point": [
    {
      "Date": 20211223, 
      "Value" : 29.820000
    },
    {
      "Date": 20220427, 
      "Value" : 12.460000
    },
    {
      "Date": 20220824, 
      "Value" : 63.990002
    }
  ]
}