{
  "Color": "rgb(244, 55, 244)", 
  "Point": [
    {
      "Date": 20220929, 
      "Value" : 173.289993
    },
    {
      "Date": 20221226, 
      "Value" : 113.400002
    },
    {
      "Date": 20230130, 
      "Value" : 133.770004
    },
    {
      "Date": 20230609, 
      "Value" : 92.000000
    }
  ]
}