{
  "Color": "rgb(244, 55, 244)", 
  "Point": [
    {
      "Date": 20220216, 
      "Value" : 39.639999
    },
    {
      "Date": 20220427, 
      "Value" : 22.930000
    },
    {
      "Date": 20221027, 
      "Value" : 77.480003
    },
    {
      "Date": 20230509, 
      "Value" : 51.520000
    }
  ]
}