{
  "Color": "rgb(244, 55, 244)", 
  "Point": [
    {
      "Date": 20211230, 
      "Value" : 29.920000
    },
    {
      "Date": 20220427, 
      "Value" : 14.980000
    },
    {
      "Date": 20220905, 
      "Value" : 21.830000
    }
  ]
}