{
  "Color": "rgb(244, 55, 244)", 
  "Point": [
    {
      "Date": 20220113, 
      "Value" : 86.879997
    },
    {
      "Date": 20220429, 
      "Value" : 41.000000
    },
    {
      "Date": 20220819, 
      "Value" : 126.650002
    }
  ]
}