{
  "Color": "rgb(244, 55, 244)", 
  "Point": [
    {
      "Date": 20220128, 
      "Value" : 57.770000
    },
    {
      "Date": 20220425, 
      "Value" : 42.439999
    },
    {
      "Date": 20220927, 
      "Value" : 117.959999
    }
  ]
}