{
  "Color": "rgb(244, 55, 244)", 
  "Point": [
    {
      "Date": 20230505, 
      "Value" : 23.860001
    },
    {
      "Date": 20231027, 
      "Value" : 14.890000
    }
  ]
}