{
  "Color": "rgb(244, 55, 244)", 
  "Point": [
    {
      "Date": 20220929, 
      "Value" : 259.989990
    },
    {
      "Date": 20221226, 
      "Value" : 171.350006
    },
    {
      "Date": 20230130, 
      "Value" : 201.500000
    },
    {
      "Date": 20230509, 
      "Value" : 141.500000
    }
  ]
}