{
  "Color": "rgb(244, 55, 244)", 
  "Point": [
    {
      "Date": 20220811, 
      "Value" : 50.580002
    },
    {
      "Date": 20220927, 
      "Value" : 28.000000
    }
  ]
}