{
  "Color": "rgb(244, 55, 244)", 
  "Point": [
    {
      "Date": 20230505, 
      "Value" : 23.860001
    },
    {
      "Date": 20230508, 
      "Value" : 18.450001
    }
  ]
}