{
  "Color": "rgb(244, 55, 244)", 
  "Point": [
    {
      "Date": 20211227, 
      "Value" : 37.570000
    },
    {
      "Date": 20220427, 
      "Value" : 14.930000
    },
    {
      "Date": 20220830, 
      "Value" : 27.799999
    }
  ]
}