{
  "Color": "rgb(244, 55, 244)", 
  "Point": [
    {
      "Date": 20211228, 
      "Value" : 56.180000
    },
    {
      "Date": 20220427, 
      "Value" : 18.150000
    },
    {
      "Date": 20220824, 
      "Value" : 47.349998
    },
    {
      "Date": 20220928, 
      "Value" : 32.389999
    }
  ]
}