{
  "Color": "rgb(244, 55, 244)", 
  "Point": [
    {
      "Date": 20220606, 
      "Value" : 65.000000
    },
    {
      "Date": 20220930, 
      "Value" : 31.670000
    }
  ]
}