{
  "Color": "rgb(244, 55, 244)", 
  "Point": [
    {
      "Date": 20220407, 
      "Value" : 34.900002
    },
    {
      "Date": 20220427, 
      "Value" : 26.059999
    },
    {
      "Date": 20220721, 
      "Value" : 47.389999
    }
  ]
}