{
  "Color": "rgb(244, 55, 244)", 
  "Point": [
    {
      "Date": 20220928, 
      "Value" : 19.980000
    },
    {
      "Date": 20221011, 
      "Value" : 16.190001
    },
    {
      "Date": 20230419, 
      "Value" : 29.490000
    },
    {
      "Date": 20230628, 
      "Value" : 19.030001
    }
  ]
}