{
  "Color": "rgb(244, 55, 244)", 
  "Point": [
    {
      "Date": 20211223, 
      "Value" : 29.690001
    },
    {
      "Date": 20220427, 
      "Value" : 12.330000
    },
    {
      "Date": 20221027, 
      "Value" : 75.919998
    },
    {
      "Date": 20230724, 
      "Value" : 33.480000
    }
  ]
}