{
  "Color": "rgb(244, 55, 244)", 
  "Point": [
    {
      "Date": 20220323, 
      "Value" : 28.900000
    },
    {
      "Date": 20220428, 
      "Value" : 15.880000
    },
    {
      "Date": 20220711, 
      "Value" : 35.500000
    },
    {
      "Date": 20220926, 
      "Value" : 19.150000
    }
  ]
}