{
  "Color": "rgb(244, 55, 244)", 
  "Point": [
    {
      "Date": 20220816, 
      "Value" : 23.780001
    },
    {
      "Date": 20220930, 
      "Value" : 14.180000
    }
  ]
}