{
  "Color": "rgb(244, 55, 244)", 
  "Point": [
    {
      "Date": 20220429, 
      "Value" : 28.160000
    },
    {
      "Date": 20220915, 
      "Value" : 107.000000
    }
  ]
}