{
  "Color": "rgb(244, 55, 244)", 
  "Point": [
    {
      "Date": 20220722, 
      "Value" : 34.110001
    },
    {
      "Date": 20220803, 
      "Value" : 46.980000
    }
  ]
}