{
  "Color": "rgb(244, 55, 244)", 
  "Point": [
    {
      "Date": 20220421, 
      "Value" : 67.059998
    },
    {
      "Date": 20220427, 
      "Value" : 49.410000
    },
    {
      "Date": 20220818, 
      "Value" : 85.279999
    },
    {
      "Date": 20220909, 
      "Value" : 62.000000
    }
  ]
}