{
  "Color": "rgb(244, 55, 244)", 
  "Point": [
    {
      "Date": 20220128, 
      "Value" : 41.049999
    },
    {
      "Date": 20220425, 
      "Value" : 30.100000
    },
    {
      "Date": 20221031, 
      "Value" : 110.410004
    },
    {
      "Date": 20230515, 
      "Value" : 52.000000
    }
  ]
}