{
  "Color": "rgb(244, 55, 244)", 
  "Point": [
    {
      "Date": 20220929, 
      "Value" : 259.989990
    },
    {
      "Date": 20220930, 
      "Value" : 204.119995
    }
  ]
}