{
  "Color": "rgb(244, 55, 244)", 
  "Point": [
    {
      "Date": 20220216, 
      "Value" : 39.740002
    },
    {
      "Date": 20220427, 
      "Value" : 23.030001
    },
    {
      "Date": 20220823, 
      "Value" : 72.790001
    }
  ]
}