{
  "Color": "rgb(244, 55, 244)", 
  "Point": [
    {
      "Date": 20220126, 
      "Value" : 8.480000
    },
    {
      "Date": 20220610, 
      "Value" : 16.200001
    },
    {
      "Date": 20220719, 
      "Value" : 13.250000
    },
    {
      "Date": 20220817, 
      "Value" : 19.350000
    }
  ]
}