{
  "Color": "rgb(244, 55, 244)", 
  "Point": [
    {
      "Date": 20220927, 
      "Value" : 19.010000
    },
    {
      "Date": 20230419, 
      "Value" : 29.490000
    },
    {
      "Date": 20230825, 
      "Value" : 16.129999
    }
  ]
}