{
  "Color": "rgb(244, 55, 244)", 
  "Point": [
    {
      "Date": 20220927, 
      "Value" : 21.700001
    },
    {
      "Date": 20220930, 
      "Value" : 16.930000
    }
  ]
}