{
  "Color": "rgb(244, 55, 244)", 
  "Point": [
    {
      "Date": 20220809, 
      "Value" : 69.000000
    },
    {
      "Date": 20220901, 
      "Value" : 41.849998
    }
  ]
}