{
  "Color": "rgb(244, 55, 244)", 
  "Point": [
    {
      "Date": 20211215, 
      "Value" : 176.960007
    },
    {
      "Date": 20220427, 
      "Value" : 82.000000
    },
    {
      "Date": 20220812, 
      "Value" : 114.500000
    },
    {
      "Date": 20220927, 
      "Value" : 85.000000
    }
  ]
}