{
  "Color": "rgb(244, 55, 244)", 
  "Point": [
    {
      "Date": 20210708, 
      "Value" : 20.350000
    },
    {
      "Date": 20220427, 
      "Value" : 10.540000
    },
    {
      "Date": 20220817, 
      "Value" : 24.240000
    },
    {
      "Date": 20220930, 
      "Value" : 15.150000
    }
  ]
}