{
  "Color": "rgb(244, 55, 244)", 
  "Point": [
    {
      "Date": 20220825, 
      "Value" : 15.800000
    },
    {
      "Date": 20220926, 
      "Value" : 10.120000
    }
  ]
}