{
  "Color": "rgb(244, 55, 244)", 
  "Point": [
    {
      "Date": 20220307, 
      "Value" : 167.289993
    },
    {
      "Date": 20220803, 
      "Value" : 338.570007
    },
    {
      "Date": 20220831, 
      "Value" : 259.079987
    }
  ]
}