{
  "Color": "rgb(244, 55, 244)", 
  "Point": [
    {
      "Date": 20220728, 
      "Value" : 35.380001
    },
    {
      "Date": 20220926, 
      "Value" : 21.459999
    }
  ]
}