{
  "Color": "rgb(244, 55, 244)", 
  "Point": [
    {
      "Date": 20220818, 
      "Value" : 24.240000
    },
    {
      "Date": 20220930, 
      "Value" : 13.710000
    }
  ]
}