{
  "Color": "rgb(244, 55, 244)", 
  "Point": [
    {
      "Date": 20220520, 
      "Value" : 47.709999
    },
    {
      "Date": 20220805, 
      "Value" : 65.199997
    },
    {
      "Date": 20220928, 
      "Value" : 40.930000
    },
    {
      "Date": 20220930, 
      "Value" : 39.959999
    }
  ]
}