{
  "Color": "rgb(244, 55, 244)", 
  "Point": [
    {
      "Date": 20220927, 
      "Value" : 115.000000
    },
    {
      "Date": 20221110, 
      "Value" : 186.580002
    },
    {
      "Date": 20230425, 
      "Value" : 101.989998
    }
  ]
}