{
  "Color": "rgb(244, 55, 244)", 
  "Point": [
    {
      "Date": 20221118, 
      "Value" : 43.750000
    },
    {
      "Date": 20230824, 
      "Value" : 28.850000
    },
    {
      "Date": 20231109, 
      "Value" : 41.500000
    },
    {
      "Date": 20231219, 
      "Value" : 35.160000
    }
  ]
}