{
  "Color": "rgb(244, 55, 244)", 
  "Point": [
    {
      "Date": 20220725, 
      "Value" : 12.900000
    },
    {
      "Date": 20220727, 
      "Value" : 16.500000
    },
    {
      "Date": 20220930, 
      "Value" : 10.550000
    }
  ]
}