{
  "Color": "rgb(244, 55, 244)", 
  "Point": [
    {
      "Date": 20220722, 
      "Value" : 92.550003
    },
    {
      "Date": 20220810, 
      "Value" : 128.500000
    },
    {
      "Date": 20220930, 
      "Value" : 90.279999
    }
  ]
}