{
  "Color": "rgb(244, 55, 244)", 
  "Point": [
    {
      "Date": 20220707, 
      "Value" : 48.900002
    },
    {
      "Date": 20220926, 
      "Value" : 25.600000
    },
    {
      "Date": 20220930, 
      "Value" : 24.620001
    }
  ]
}