{
  "Color": "rgb(244, 55, 244)", 
  "Point": [
    {
      "Date": 20221117, 
      "Value" : 32.250000
    },
    {
      "Date": 20230103, 
      "Value" : 21.500000
    },
    {
      "Date": 20230417, 
      "Value" : 46.490002
    },
    {
      "Date": 20230713, 
      "Value" : 30.700001
    }
  ]
}