{
  "Color": "rgb(244, 55, 244)", 
  "Point": [
    {
      "Date": 20220805, 
      "Value" : 14.200000
    },
    {
      "Date": 20220930, 
      "Value" : 6.980000
    }
  ]
}