{
  "Color": "rgb(244, 55, 244)", 
  "Point": [
    {
      "Date": 20220608, 
      "Value" : 266.000000
    },
    {
      "Date": 20220829, 
      "Value" : 726.500000
    },
    {
      "Date": 20220919, 
      "Value" : 568.090027
    }
  ]
}