{
  "Color": "rgb(244, 55, 244)", 
  "Point": [
    {
      "Date": 20230404, 
      "Value" : 127.000000
    },
    {
      "Date": 20230515, 
      "Value" : 60.400002
    },
    {
      "Date": 20230609, 
      "Value" : 85.300003
    },
    {
      "Date": 20230630, 
      "Value" : 61.849998
    }
  ]
}