{
  "Color": "rgb(244, 55, 244)", 
  "Point": [
    {
      "Date": 20220530, 
      "Value" : 22.100000
    },
    {
      "Date": 20221230, 
      "Value" : 15.170000
    },
    {
      "Date": 20230404, 
      "Value" : 61.799999
    },
    {
      "Date": 20230504, 
      "Value" : 33.389999
    }
  ]
}