{
  "Color": "rgb(244, 55, 244)", 
  "Point": [
    {
      "Date": 20230519, 
      "Value" : 65.000000
    },
    {
      "Date": 20230524, 
      "Value" : 74.019997
    }
  ]
}