{
  "Color": "rgb(244, 55, 244)", 
  "Point": [
    {
      "Date": 20220622, 
      "Value" : 37.810001
    },
    {
      "Date": 20220719, 
      "Value" : 56.570000
    },
    {
      "Date": 20220930, 
      "Value" : 36.580002
    }
  ]
}