{
  "Color": "rgb(244, 55, 244)", 
  "Point": [
    {
      "Date": 20230519, 
      "Value" : 65.000000
    },
    {
      "Date": 20230901, 
      "Value" : 92.489998
    },
    {
      "Date": 20240205, 
      "Value" : 46.119999
    },
    {
      "Date": 20240304, 
      "Value" : 64.879997
    }
  ]
}