{
  "Color": "rgb(244, 55, 244)", 
  "Point": [
    {
      "Date": 20220411, 
      "Value" : 38.799999
    },
    {
      "Date": 20220412, 
      "Value" : 35.380001
    },
    {
      "Date": 20220829, 
      "Value" : 96.879997
    },
    {
      "Date": 20220930, 
      "Value" : 76.000000
    }
  ]
}