{
  "Color": "rgb(244, 55, 244)", 
  "Point": [
    {
      "Date": 20220429, 
      "Value" : 19.430000
    },
    {
      "Date": 20220505, 
      "Value" : 18.049999
    },
    {
      "Date": 20220803, 
      "Value" : 79.290001
    },
    {
      "Date": 20220923, 
      "Value" : 49.200001
    }
  ]
}