{
  "Color": "rgb(244, 55, 244)", 
  "Point": [
    {
      "Date": 20221121, 
      "Value" : 34.950001
    },
    {
      "Date": 20240812, 
      "Value" : 24.250000
    },
    {
      "Date": 20241022, 
      "Value" : 45.049999
    }
  ]
}