{
  "Color": "rgb(244, 55, 244)", 
  "Point": [
    {
      "Date": 20220805, 
      "Value" : 60.580002
    },
    {
      "Date": 20220930, 
      "Value" : 25.770000
    }
  ]
}