{
  "Color": "rgb(244, 55, 244)", 
  "Point": [
    {
      "Date": 20230420, 
      "Value" : 18.930000
    },
    {
      "Date": 20230515, 
      "Value" : 12.320000
    }
  ]
}