{
  "Color": "rgb(244, 55, 244)", 
  "Point": [
    {
      "Date": 20220713, 
      "Value" : 106.800003
    },
    {
      "Date": 20220715, 
      "Value" : 129.199997
    },
    {
      "Date": 20220930, 
      "Value" : 68.879997
    }
  ]
}