{
  "Color": "rgb(244, 55, 244)", 
  "Point": [
    {
      "Date": 20220823, 
      "Value" : 55.500000
    },
    {
      "Date": 20220930, 
      "Value" : 32.349998
    }
  ]
}