{
  "Color": "rgb(244, 55, 244)", 
  "Point": [
    {
      "Date": 20220805, 
      "Value" : 14.200000
    },
    {
      "Date": 20221011, 
      "Value" : 6.620000
    },
    {
      "Date": 20230215, 
      "Value" : 11.900000
    },
    {
      "Date": 20230721, 
      "Value" : 7.360000
    }
  ]
}