{
  "Color": "rgb(244, 55, 244)", 
  "Point": [
    {
      "Date": 20220715, 
      "Value" : 69.959999
    },
    {
      "Date": 20220930, 
      "Value" : 46.070000
    }
  ]
}