{
  "Color": "rgb(244, 55, 244)", 
  "Point": [
    {
      "Date": 20220802, 
      "Value" : 22.010000
    },
    {
      "Date": 20220812, 
      "Value" : 40.349998
    },
    {
      "Date": 20220926, 
      "Value" : 22.860001
    },
    {
      "Date": 20220930, 
      "Value" : 21.020000
    }
  ]
}