{
  "Color": "rgb(244, 55, 244)", 
  "Point": [
    {
      "Date": 20220401, 
      "Value" : 41.900002
    },
    {
      "Date": 20220427, 
      "Value" : 28.180000
    },
    {
      "Date": 20220808, 
      "Value" : 62.180000
    },
    {
      "Date": 20220926, 
      "Value" : 43.340000
    }
  ]
}