{
  "Color": "rgb(244, 55, 244)", 
  "Point": [
    {
      "Date": 20220927, 
      "Value" : 128.000000
    },
    {
      "Date": 20220930, 
      "Value" : 104.650002
    }
  ]
}