{
  "Color": "rgb(244, 55, 244)", 
  "Point": [
    {
      "Date": 20230216, 
      "Value" : 55.020000
    },
    {
      "Date": 20230510, 
      "Value" : 28.209999
    }
  ]
}