{
  "Color": "rgb(244, 55, 244)", 
  "Point": [
    {
      "Date": 20220425, 
      "Value" : 52.000000
    },
    {
      "Date": 20220427, 
      "Value" : 37.869999
    },
    {
      "Date": 20220805, 
      "Value" : 69.980003
    },
    {
      "Date": 20220926, 
      "Value" : 40.720001
    }
  ]
}