{
  "Color": "rgb(244, 55, 244)", 
  "Point": [
    {
      "Date": 20210512, 
      "Value" : 25.860001
    },
    {
      "Date": 20220117, 
      "Value" : 40.349998
    },
    {
      "Date": 20220427, 
      "Value" : 14.180000
    },
    {
      "Date": 20220830, 
      "Value" : 33.279999
    }
  ]
}