{
  "Color": "rgb(244, 55, 244)", 
  "Point": [
    {
      "Date": 20220527, 
      "Value" : 19.650000
    },
    {
      "Date": 20220607, 
      "Value" : 36.599998
    },
    {
      "Date": 20220926, 
      "Value" : 16.940001
    },
    {
      "Date": 20220930, 
      "Value" : 16.650000
    }
  ]
}