{
  "Color": "rgb(244, 55, 244)", 
  "Point": [
    {
      "Date": 20221117, 
      "Value" : 32.349998
    },
    {
      "Date": 20230103, 
      "Value" : 21.600000
    },
    {
      "Date": 20230417, 
      "Value" : 46.590000
    }
  ]
}