{
  "Color": "rgb(244, 55, 244)", 
  "Point": [
    {
      "Date": 20220913, 
      "Value" : 120.000000
    },
    {
      "Date": 20220916, 
      "Value" : 170.899994
    }
  ]
}