{
  "Color": "rgb(244, 55, 244)", 
  "Point": [
    {
      "Date": 20220831, 
      "Value" : 15.650000
    },
    {
      "Date": 20220926, 
      "Value" : 11.710000
    }
  ]
}