{
  "Color": "rgb(244, 55, 244)", 
  "Point": [
    {
      "Date": 20230619, 
      "Value" : 23.000000
    },
    {
      "Date": 20240205, 
      "Value" : 13.020000
    },
    {
      "Date": 20240304, 
      "Value" : 15.880000
    }
  ]
}