{
  "Color": "rgb(244, 55, 244)", 
  "Point": [
    {
      "Date": 20220823, 
      "Value" : 55.240002
    },
    {
      "Date": 20230628, 
      "Value" : 30.990000
    }
  ]
}