{
  "Color": "rgb(244, 55, 244)", 
  "Point": [
    {
      "Date": 20221229, 
      "Value" : 23.770000
    },
    {
      "Date": 20230420, 
      "Value" : 57.779999
    }
  ]
}