{
  "Color": "rgb(244, 55, 244)", 
  "Point": [
    {
      "Date": 20220817, 
      "Value" : 60.000000
    },
    {
      "Date": 20220929, 
      "Value" : 35.490002
    }
  ]
}