{
  "Color": "rgb(244, 55, 244)", 
  "Point": [
    {
      "Date": 20221012, 
      "Value" : 8.840000
    },
    {
      "Date": 20230320, 
      "Value" : 11.060000
    }
  ]
}