{
  "Color": "rgb(244, 55, 244)", 
  "Point": [
    {
      "Date": 20221212, 
      "Value" : 51.849998
    },
    {
      "Date": 20221228, 
      "Value" : 39.020000
    },
    {
      "Date": 20230412, 
      "Value" : 55.549999
    }
  ]
}