{
  "Color": "rgb(244, 55, 244)", 
  "Point": [
    {
      "Date": 20220826, 
      "Value" : 95.199997
    },
    {
      "Date": 20220916, 
      "Value" : 135.500000
    }
  ]
}