{
  "Color": "rgb(244, 55, 244)", 
  "Point": [
    {
      "Date": 20230119, 
      "Value" : 89.000000
    },
    {
      "Date": 20230406, 
      "Value" : 133.000000
    },
    {
      "Date": 20230525, 
      "Value" : 93.629997
    }
  ]
}