{
  "Color": "rgb(244, 55, 244)", 
  "Point": [
    {
      "Date": 20230522, 
      "Value" : 67.000000
    },
    {
      "Date": 20230630, 
      "Value" : 98.500000
    }
  ]
}