{
  "Color": "rgb(244, 55, 244)", 
  "Point": [
    {
      "Date": 20230511, 
      "Value" : 31.000000
    },
    {
      "Date": 20230515, 
      "Value" : 27.500000
    }
  ]
}