{
  "Color": "rgb(244, 55, 244)", 
  "Point": [
    {
      "Date": 20220915, 
      "Value" : 24.719999
    },
    {
      "Date": 20230829, 
      "Value" : 12.390000
    }
  ]
}