{
  "Color": "rgb(244, 55, 244)", 
  "Point": [
    {
      "Date": 20221227, 
      "Value" : 26.650000
    },
    {
      "Date": 20230103, 
      "Value" : 25.010000
    },
    {
      "Date": 20230504, 
      "Value" : 62.930000
    },
    {
      "Date": 20230822, 
      "Value" : 40.310001
    }
  ]
}