{
  "Color": "rgb(244, 55, 244)", 
  "Point": [
    {
      "Date": 20221228, 
      "Value" : 8.400000
    },
    {
      "Date": 20230519, 
      "Value" : 19.780001
    }
  ]
}