{
  "Color": "rgb(244, 55, 244)", 
  "Point": [
    {
      "Date": 20230407, 
      "Value" : 65.000000
    },
    {
      "Date": 20230508, 
      "Value" : 38.169998
    },
    {
      "Date": 20230614, 
      "Value" : 45.590000
    }
  ]
}