{
  "Color": "rgb(244, 55, 244)", 
  "Point": [
    {
      "Date": 20220818, 
      "Value" : 16.580000
    },
    {
      "Date": 20220819, 
      "Value" : 19.180000
    },
    {
      "Date": 20220929, 
      "Value" : 10.130000
    }
  ]
}