{
  "Color": "rgb(244, 55, 244)", 
  "Point": [
    {
      "Date": 20230621, 
      "Value" : 37.779999
    },
    {
      "Date": 20230626, 
      "Value" : 24.160000
    },
    {
      "Date": 20231214, 
      "Value" : 42.000000
    }
  ]
}