{
  "Color": "rgb(244, 55, 244)", 
  "Point": [
    {
      "Date": 20220921, 
      "Value" : 11.000000
    },
    {
      "Date": 20220930, 
      "Value" : 8.760000
    }
  ]
}