{
  "Color": "rgb(244, 55, 244)", 
  "Point": [
    {
      "Date": 20221228, 
      "Value" : 8.400000
    },
    {
      "Date": 20230413, 
      "Value" : 14.180000
    }
  ]
}