{
  "Color": "rgb(244, 55, 244)", 
  "Point": [
    {
      "Date": 20221212, 
      "Value" : 51.500000
    },
    {
      "Date": 20221228, 
      "Value" : 38.669998
    },
    {
      "Date": 20230412, 
      "Value" : 55.200001
    },
    {
      "Date": 20230515, 
      "Value" : 38.750000
    }
  ]
}