{
  "Color": "rgb(244, 55, 244)", 
  "Point": [
    {
      "Date": 20221205, 
      "Value" : 125.500000
    },
    {
      "Date": 20221229, 
      "Value" : 93.269997
    },
    {
      "Date": 20230413, 
      "Value" : 155.000000
    }
  ]
}