{
  "Color": "rgb(244, 55, 244)", 
  "Point": [
    {
      "Date": 20221228, 
      "Value" : 8.400000
    },
    {
      "Date": 20230609, 
      "Value" : 23.379999
    }
  ]
}