{
  "Color": "rgb(244, 55, 244)", 
  "Point": [
    {
      "Date": 20221205, 
      "Value" : 84.510002
    },
    {
      "Date": 20221229, 
      "Value" : 62.730000
    },
    {
      "Date": 20230413, 
      "Value" : 104.440002
    },
    {
      "Date": 20230518, 
      "Value" : 70.199997
    }
  ]
}