{
  "Color": "rgb(244, 55, 244)", 
  "Point": [
    {
      "Date": 20221128, 
      "Value" : 26.299999
    },
    {
      "Date": 20221230, 
      "Value" : 21.900000
    },
    {
      "Date": 20230310, 
      "Value" : 35.880001
    },
    {
      "Date": 20230510, 
      "Value" : 25.000000
    }
  ]
}