{
  "Color": "rgb(244, 55, 244)", 
  "Point": [
    {
      "Date": 20220921, 
      "Value" : 31.670000
    },
    {
      "Date": 20220930, 
      "Value" : 23.950001
    }
  ]
}