{
  "Color": "rgb(244, 55, 244)", 
  "Point": [
    {
      "Date": 20220829, 
      "Value" : 47.980000
    },
    {
      "Date": 20220902, 
      "Value" : 55.549999
    },
    {
      "Date": 20220930, 
      "Value" : 41.009998
    }
  ]
}