{
  "Color": "rgb(244, 55, 244)", 
  "Point": [
    {
      "Date": 20220915, 
      "Value" : 24.719999
    },
    {
      "Date": 20231023, 
      "Value" : 11.810000
    },
    {
      "Date": 20231204, 
      "Value" : 14.100000
    },
    {
      "Date": 20240206, 
      "Value" : 7.290000
    }
  ]
}