{
  "Color": "rgb(244, 55, 244)", 
  "Point": [
    {
      "Date": 20230511, 
      "Value" : 31.000000
    },
    {
      "Date": 20230512, 
      "Value" : 28.020000
    }
  ]
}