{
  "Color": "rgb(244, 55, 244)", 
  "Point": [
    {
      "Date": 20230417, 
      "Value" : 40.279999
    },
    {
      "Date": 20230425, 
      "Value" : 23.490000
    }
  ]
}