{
  "Color": "rgb(244, 55, 244)", 
  "Point": [
    {
      "Date": 20220706, 
      "Value" : 38.369999
    },
    {
      "Date": 20220927, 
      "Value" : 24.600000
    },
    {
      "Date": 20220930, 
      "Value" : 23.010000
    }
  ]
}