{
  "Color": "rgb(244, 55, 244)", 
  "Point": [
    {
      "Date": 20230522, 
      "Value" : 67.000000
    },
    {
      "Date": 20230830, 
      "Value" : 106.800003
    },
    {
      "Date": 20231027, 
      "Value" : 67.500000
    }
  ]
}