{
  "Color": "rgb(244, 55, 244)", 
  "Point": [
    {
      "Date": 20221107, 
      "Value" : 54.500000
    },
    {
      "Date": 20230103, 
      "Value" : 31.570000
    },
    {
      "Date": 20230420, 
      "Value" : 50.990002
    }
  ]
}