{
  "Color": "rgb(244, 55, 244)", 
  "Point": [
    {
      "Date": 20230724, 
      "Value" : 45.779999
    },
    {
      "Date": 20230818, 
      "Value" : 55.259998
    },
    {
      "Date": 20230825, 
      "Value" : 42.000000
    }
  ]
}