{
  "Color": "rgb(244, 55, 244)", 
  "Point": [
    {
      "Date": 20221209, 
      "Value" : 45.650002
    },
    {
      "Date": 20230412, 
      "Value" : 55.200001
    },
    {
      "Date": 20230626, 
      "Value" : 36.880001
    }
  ]
}