{
  "Color": "rgb(244, 55, 244)", 
  "Point": [
    {
      "Date": 20230609, 
      "Value" : 11.960000
    },
    {
      "Date": 20230627, 
      "Value" : 20.790001
    }
  ]
}