{
  "Color": "rgb(244, 55, 244)", 
  "Point": [
    {
      "Date": 20220915, 
      "Value" : 24.719999
    },
    {
      "Date": 20221012, 
      "Value" : 13.080000
    }
  ]
}