{
  "Color": "rgb(244, 55, 244)", 
  "Point": [
    {
      "Date": 20230221, 
      "Value" : 86.190002
    },
    {
      "Date": 20230410, 
      "Value" : 125.669998
    },
    {
      "Date": 20230508, 
      "Value" : 75.000000
    }
  ]
}