{
  "Color": "rgb(244, 55, 244)", 
  "Point": [
    {
      "Date": 20221209, 
      "Value" : 45.650002
    },
    {
      "Date": 20230412, 
      "Value" : 55.200001
    },
    {
      "Date": 20230724, 
      "Value" : 34.060001
    },
    {
      "Date": 20230728, 
      "Value" : 31.680000
    }
  ]
}