{
  "Color": "rgb(244, 55, 244)", 
  "Point": [
    {
      "Date": 20221202, 
      "Value" : 79.139999
    },
    {
      "Date": 20230413, 
      "Value" : 104.440002
    },
    {
      "Date": 20230707, 
      "Value" : 59.619999
    }
  ]
}