{
  "Color": "rgb(244, 55, 244)", 
  "Point": [
    {
      "Date": 20230510, 
      "Value" : 6.960000
    },
    {
      "Date": 20231024, 
      "Value" : 5.050000
    },
    {
      "Date": 20231108, 
      "Value" : 5.440000
    },
    {
      "Date": 20231221, 
      "Value" : 4.910000
    }
  ]
}