{
  "Color": "rgb(244, 55, 244)", 
  "Point": [
    {
      "Date": 20230629, 
      "Value" : 33.500000
    },
    {
      "Date": 20230817, 
      "Value" : 23.219999
    },
    {
      "Date": 20230830, 
      "Value" : 29.290001
    },
    {
      "Date": 20231102, 
      "Value" : 19.730000
    }
  ]
}