{
  "Color": "rgb(244, 55, 244)", 
  "Point": [
    {
      "Date": 20241129, 
      "Value" : 70.010002
    },
    {
      "Date": 20250407, 
      "Value" : 37.299999
    }
  ]
}