{
  "Color": "rgb(244, 55, 244)", 
  "Point": [
    {
      "Date": 20230522, 
      "Value" : 67.000000
    },
    {
      "Date": 20230529, 
      "Value" : 85.110001
    }
  ]
}