{
  "Color": "rgb(244, 55, 244)", 
  "Point": [
    {
      "Date": 20230512, 
      "Value" : 29.500000
    },
    {
      "Date": 20230515, 
      "Value" : 27.500000
    },
    {
      "Date": 20230609, 
      "Value" : 33.740002
    }
  ]
}