{
  "Color": "rgb(244, 55, 244)", 
  "Point": [
    {
      "Date": 20221222, 
      "Value" : 128.000000
    },
    {
      "Date": 20221223, 
      "Value" : 114.330002
    },
    {
      "Date": 20230410, 
      "Value" : 308.799988
    },
    {
      "Date": 20230516, 
      "Value" : 205.520004
    }
  ]
}