{
  "Color": "rgb(244, 55, 244)", 
  "Point": [
    {
      "Date": 20221229, 
      "Value" : 23.469999
    },
    {
      "Date": 20230420, 
      "Value" : 57.480000
    },
    {
      "Date": 20230517, 
      "Value" : 42.900002
    },
    {
      "Date": 20230601, 
      "Value" : 54.439999
    }
  ]
}