{
  "Color": "rgb(244, 55, 244)", 
  "Point": [
    {
      "Date": 20230407, 
      "Value" : 64.800003
    },
    {
      "Date": 20230817, 
      "Value" : 34.520000
    },
    {
      "Date": 20230908, 
      "Value" : 45.680000
    },
    {
      "Date": 20230926, 
      "Value" : 39.209999
    }
  ]
}