{
  "Color": "rgb(244, 55, 244)", 
  "Point": [
    {
      "Date": 20230418, 
      "Value" : 29.600000
    },
    {
      "Date": 20230425, 
      "Value" : 23.490000
    },
    {
      "Date": 20230718, 
      "Value" : 43.980000
    },
    {
      "Date": 20230926, 
      "Value" : 29.410000
    }
  ]
}