{
  "Color": "rgb(244, 55, 244)", 
  "Point": [
    {
      "Date": 20230407, 
      "Value" : 64.800003
    },
    {
      "Date": 20230817, 
      "Value" : 34.520000
    },
    {
      "Date": 20231106, 
      "Value" : 49.750000
    },
    {
      "Date": 20231218, 
      "Value" : 39.610001
    }
  ]
}