{
  "Color": "rgb(244, 55, 244)", 
  "Point": [
    {
      "Date": 20230606, 
      "Value" : 201.000000
    },
    {
      "Date": 20231026, 
      "Value" : 80.389999
    },
    {
      "Date": 20240105, 
      "Value" : 96.639999
    },
    {
      "Date": 20240206, 
      "Value" : 68.379997
    }
  ]
}