{
  "Color": "rgb(244, 55, 244)", 
  "Point": [
    {
      "Date": 20230309, 
      "Value" : 152.300003
    },
    {
      "Date": 20230410, 
      "Value" : 287.299988
    },
    {
      "Date": 20230628, 
      "Value" : 161.610001
    },
    {
      "Date": 20230718, 
      "Value" : 219.690002
    }
  ]
}