{
  "Color": "rgb(244, 55, 244)", 
  "Point": [
    {
      "Date": 20230630, 
      "Value" : 53.419998
    },
    {
      "Date": 20230825, 
      "Value" : 33.779999
    },
    {
      "Date": 20230906, 
      "Value" : 42.619999
    },
    {
      "Date": 20231023, 
      "Value" : 33.020000
    }
  ]
}