{
  "Color": "rgb(244, 55, 244)", 
  "Point": [
    {
      "Date": 20230518, 
      "Value" : 23.990000
    },
    {
      "Date": 20230525, 
      "Value" : 28.309999
    },
    {
      "Date": 20230628, 
      "Value" : 23.520000
    }
  ]
}