{
  "Color": "rgb(244, 55, 244)", 
  "Point": [
    {
      "Date": 20230908, 
      "Value" : 15.550000
    },
    {
      "Date": 20231222, 
      "Value" : 8.240000
    }
  ]
}