{
  "Color": "rgb(244, 55, 244)", 
  "Point": [
    {
      "Date": 20230106, 
      "Value" : 28.750000
    },
    {
      "Date": 20230428, 
      "Value" : 106.500000
    },
    {
      "Date": 20230630, 
      "Value" : 71.099998
    },
    {
      "Date": 20230728, 
      "Value" : 97.000000
    }
  ]
}