{
  "Color": "rgb(244, 55, 244)", 
  "Point": [
    {
      "Date": 20230309, 
      "Value" : 153.000000
    },
    {
      "Date": 20230410, 
      "Value" : 288.000000
    }
  ]
}