{
  "Color": "rgb(244, 55, 244)", 
  "Point": [
    {
      "Date": 20230418, 
      "Value" : 34.299999
    },
    {
      "Date": 20230703, 
      "Value" : 46.669998
    },
    {
      "Date": 20230724, 
      "Value" : 39.110001
    }
  ]
}