{
  "Color": "rgb(244, 55, 244)", 
  "Point": [
    {
      "Date": 20230418, 
      "Value" : 34.599998
    },
    {
      "Date": 20230522, 
      "Value" : 45.299999
    }
  ]
}