{
  "Color": "rgb(244, 55, 244)", 
  "Point": [
    {
      "Date": 20230518, 
      "Value" : 24.129999
    },
    {
      "Date": 20230525, 
      "Value" : 28.450001
    }
  ]
}