{
  "Color": "rgb(244, 55, 244)", 
  "Point": [
    {
      "Date": 20230331, 
      "Value" : 240.809998
    },
    {
      "Date": 20230628, 
      "Value" : 141.389999
    }
  ]
}