{
  "Color": "rgb(244, 55, 244)", 
  "Point": [
    {
      "Date": 20230817, 
      "Value" : 36.759998
    },
    {
      "Date": 20230818, 
      "Value" : 67.660004
    },
    {
      "Date": 20230825, 
      "Value" : 34.139999
    }
  ]
}