{
  "Color": "rgb(244, 55, 244)", 
  "Point": [
    {
      "Date": 20230621, 
      "Value" : 50.560001
    },
    {
      "Date": 20230703, 
      "Value" : 62.490002
    },
    {
      "Date": 20230829, 
      "Value" : 44.450001
    }
  ]
}