{
  "Color": "rgb(244, 55, 244)", 
  "Point": [
    {
      "Date": 20230418, 
      "Value" : 245.000000
    },
    {
      "Date": 20230421, 
      "Value" : 301.790009
    },
    {
      "Date": 20230512, 
      "Value" : 190.500000
    }
  ]
}