{
  "Color": "rgb(244, 55, 244)", 
  "Point": [
    {
      "Date": 20230816, 
      "Value" : 63.259998
    },
    {
      "Date": 20230818, 
      "Value" : 92.879997
    },
    {
      "Date": 20231102, 
      "Value" : 53.860001
    }
  ]
}