{
  "Color": "rgb(244, 55, 244)", 
  "Point": [
    {
      "Date": 20230825, 
      "Value" : 30.610001
    },
    {
      "Date": 20230830, 
      "Value" : 49.430000
    }
  ]
}