{
  "Color": "rgb(244, 55, 244)", 
  "Point": [
    {
      "Date": 20230524, 
      "Value" : 22.799999
    },
    {
      "Date": 20230609, 
      "Value" : 34.939999
    }
  ]
}