{
  "Color": "rgb(244, 55, 244)", 
  "Point": [
    {
      "Date": 20210517, 
      "Value" : 52.430000
    },
    {
      "Date": 20211029, 
      "Value" : 17.510000
    },
    {
      "Date": 20220321, 
      "Value" : 33.430000
    },
    {
      "Date": 20220927, 
      "Value" : 16.770000
    }
  ]
}