{
  "Color": "rgb(244, 55, 244)", 
  "Point": [
    {
      "Date": 20221230, 
      "Value" : 15.000000
    },
    {
      "Date": 20230421, 
      "Value" : 107.980003
    },
    {
      "Date": 20230518, 
      "Value" : 70.599998
    }
  ]
}