{
  "Color": "rgb(244, 55, 244)", 
  "Point": [
    {
      "Date": 20230418, 
      "Value" : 165.440002
    },
    {
      "Date": 20230421, 
      "Value" : 203.809998
    },
    {
      "Date": 20230628, 
      "Value" : 124.370003
    }
  ]
}