{
  "Color": "rgb(244, 55, 244)", 
  "Point": [
    {
      "Date": 20230331, 
      "Value" : 241.110001
    },
    {
      "Date": 20230508, 
      "Value" : 143.759995
    }
  ]
}