{
  "Color": "rgb(244, 55, 244)", 
  "Point": [
    {
      "Date": 20230418, 
      "Value" : 165.440002
    },
    {
      "Date": 20230421, 
      "Value" : 203.809998
    },
    {
      "Date": 20230825, 
      "Value" : 105.080002
    },
    {
      "Date": 20230912, 
      "Value" : 130.929993
    }
  ]
}