{
  "Color": "rgb(244, 55, 244)", 
  "Point": [
    {
      "Date": 20230815, 
      "Value" : 17.799999
    },
    {
      "Date": 20230825, 
      "Value" : 10.210000
    },
    {
      "Date": 20231113, 
      "Value" : 13.930000
    },
    {
      "Date": 20231218, 
      "Value" : 12.200000
    }
  ]
}