{
  "Color": "rgb(244, 55, 244)", 
  "Point": [
    {
      "Date": 20230602, 
      "Value" : 35.720001
    },
    {
      "Date": 20230608, 
      "Value" : 26.500000
    }
  ]
}