{
  "Color": "rgb(244, 55, 244)", 
  "Point": [
    {
      "Date": 20230404, 
      "Value" : 56.000000
    },
    {
      "Date": 20230406, 
      "Value" : 91.000000
    },
    {
      "Date": 20230515, 
      "Value" : 49.139999
    },
    {
      "Date": 20230707, 
      "Value" : 71.500000
    }
  ]
}