{
  "Color": "rgb(244, 55, 244)", 
  "Point": [
    {
      "Date": 20230601, 
      "Value" : 23.600000
    },
    {
      "Date": 20230628, 
      "Value" : 16.010000
    }
  ]
}