{
  "Color": "rgb(244, 55, 244)", 
  "Point": [
    {
      "Date": 20221209, 
      "Value" : 165.000000
    },
    {
      "Date": 20230510, 
      "Value" : 99.000000
    }
  ]
}