{
  "Color": "rgb(244, 55, 244)", 
  "Point": [
    {
      "Date": 20230404, 
      "Value" : 56.000000
    },
    {
      "Date": 20230406, 
      "Value" : 91.000000
    },
    {
      "Date": 20230512, 
      "Value" : 49.680000
    }
  ]
}