{
  "Color": "rgb(244, 55, 244)", 
  "Point": [
    {
      "Date": 20221209, 
      "Value" : 111.120003
    },
    {
      "Date": 20230510, 
      "Value" : 66.529999
    }
  ]
}