{
  "Color": "rgb(244, 55, 244)", 
  "Point": [
    {
      "Date": 20230516, 
      "Value" : 18.280001
    },
    {
      "Date": 20230619, 
      "Value" : 25.500000
    }
  ]
}