{
  "Color": "rgb(244, 55, 244)", 
  "Point": [
    {
      "Date": 20230516, 
      "Value" : 18.280001
    },
    {
      "Date": 20230522, 
      "Value" : 24.450001
    }
  ]
}