{
  "Color": "rgb(244, 55, 244)", 
  "Point": [
    {
      "Date": 20230519, 
      "Value" : 113.230003
    },
    {
      "Date": 20230523, 
      "Value" : 137.600006
    }
  ]
}