{
  "Color": "rgb(244, 55, 244)", 
  "Point": [
    {
      "Date": 20230719, 
      "Value" : 69.870003
    },
    {
      "Date": 20240205, 
      "Value" : 40.580002
    },
    {
      "Date": 20240305, 
      "Value" : 59.349998
    }
  ]
}