{
  "Color": "rgb(244, 55, 244)", 
  "Point": [
    {
      "Date": 20250115, 
      "Value" : 91.080002
    },
    {
      "Date": 20250225, 
      "Value" : 128.169998
    },
    {
      "Date": 20250409, 
      "Value" : 88.000000
    },
    {
      "Date": 20250512, 
      "Value" : 116.879997
    }
  ]
}