{
  "Color": "rgb(244, 55, 244)", 
  "Point": [
    {
      "Date": 20230406, 
      "Value" : 90.800003
    },
    {
      "Date": 20230515, 
      "Value" : 48.939999
    },
    {
      "Date": 20230714, 
      "Value" : 125.989998
    },
    {
      "Date": 20231026, 
      "Value" : 69.610001
    }
  ]
}