{
  "Color": "rgb(244, 55, 244)", 
  "Point": [
    {
      "Date": 20230418, 
      "Value" : 165.440002
    },
    {
      "Date": 20230421, 
      "Value" : 203.809998
    },
    {
      "Date": 20231024, 
      "Value" : 100.809998
    },
    {
      "Date": 20231213, 
      "Value" : 144.899994
    }
  ]
}