{
  "Color": "rgb(244, 55, 244)", 
  "Point": [
    {
      "Date": 20211026, 
      "Value" : 42.380001
    },
    {
      "Date": 20220427, 
      "Value" : 19.750000
    },
    {
      "Date": 20220606, 
      "Value" : 25.540001
    },
    {
      "Date": 20220928, 
      "Value" : 18.660000
    }
  ]
}