{
  "Color": "rgb(244, 55, 244)", 
  "Point": [
    {
      "Date": 20230524, 
      "Value" : 22.799999
    },
    {
      "Date": 20230612, 
      "Value" : 35.250000
    },
    {
      "Date": 20230921, 
      "Value" : 23.820000
    }
  ]
}