{
  "Color": "rgb(244, 55, 244)", 
  "Point": [
    {
      "Date": 20230605, 
      "Value" : 36.599998
    },
    {
      "Date": 20230628, 
      "Value" : 25.320000
    }
  ]
}