{
  "Color": "rgb(244, 55, 244)", 
  "Point": [
    {
      "Date": 20230302, 
      "Value" : 44.980000
    },
    {
      "Date": 20240206, 
      "Value" : 21.000000
    },
    {
      "Date": 20241009, 
      "Value" : 65.500000
    }
  ]
}