{
  "Color": "rgb(244, 55, 244)", 
  "Point": [
    {
      "Date": 20230628, 
      "Value" : 21.889999
    },
    {
      "Date": 20230825, 
      "Value" : 17.000000
    },
    {
      "Date": 20231018, 
      "Value" : 32.230000
    }
  ]
}