{
  "Color": "rgb(244, 55, 244)", 
  "Point": [
    {
      "Date": 20230721, 
      "Value" : 11.880000
    },
    {
      "Date": 20230825, 
      "Value" : 10.120000
    },
    {
      "Date": 20230901, 
      "Value" : 18.240000
    },
    {
      "Date": 20231023, 
      "Value" : 10.740000
    }
  ]
}