{
  "Color": "rgb(244, 55, 244)", 
  "Point": [
    {
      "Date": 20230627, 
      "Value" : 18.010000
    },
    {
      "Date": 20230713, 
      "Value" : 28.410000
    },
    {
      "Date": 20230825, 
      "Value" : 17.000000
    }
  ]
}