{
  "Color": "rgb(244, 55, 244)", 
  "Point": [
    {
      "Date": 20230608, 
      "Value" : 120.000000
    },
    {
      "Date": 20230609, 
      "Value" : 96.000000
    }
  ]
}