{
  "Color": "rgb(244, 55, 244)", 
  "Point": [
    {
      "Date": 20240412, 
      "Value" : 52.340000
    },
    {
      "Date": 20240923, 
      "Value" : 32.580002
    },
    {
      "Date": 20250227, 
      "Value" : 104.809998
    },
    {
      "Date": 20250509, 
      "Value" : 54.799999
    }
  ]
}