{
  "Color": "rgb(244, 55, 244)", 
  "Point": [
    {
      "Date": 20240412, 
      "Value" : 52.770000
    },
    {
      "Date": 20240416, 
      "Value" : 43.900002
    },
    {
      "Date": 20240613, 
      "Value" : 66.500000
    },
    {
      "Date": 20240701, 
      "Value" : 51.200001
    }
  ]
}