{
  "Color": "rgb(244, 55, 244)", 
  "Point": [
    {
      "Date": 20210401, 
      "Value" : 26.049999
    },
    {
      "Date": 20220110, 
      "Value" : 51.040001
    },
    {
      "Date": 20220427, 
      "Value" : 20.100000
    },
    {
      "Date": 20220819, 
      "Value" : 50.650002
    }
  ]
}