{
  "Color": "rgb(244, 55, 244)", 
  "Point": [
    {
      "Date": 20230628, 
      "Value" : 33.009998
    },
    {
      "Date": 20230707, 
      "Value" : 41.500000
    },
    {
      "Date": 20240206, 
      "Value" : 20.879999
    }
  ]
}