{
  "Color": "rgb(244, 55, 244)", 
  "Point": [
    {
      "Date": 20210917, 
      "Value" : 29.190001
    },
    {
      "Date": 20220427, 
      "Value" : 10.070000
    },
    {
      "Date": 20220729, 
      "Value" : 18.629999
    },
    {
      "Date": 20220915, 
      "Value" : 13.100000
    }
  ]
}