{
  "Color": "rgb(244, 55, 244)", 
  "Point": [
    {
      "Date": 20230718, 
      "Value" : 66.000000
    },
    {
      "Date": 20230726, 
      "Value" : 89.879997
    }
  ]
}