{
  "Color": "rgb(244, 55, 244)", 
  "Point": [
    {
      "Date": 20230628, 
      "Value" : 12.690000
    },
    {
      "Date": 20230706, 
      "Value" : 15.850000
    }
  ]
}