{
  "Color": "rgb(244, 55, 244)", 
  "Point": [
    {
      "Date": 20230712, 
      "Value" : 84.199997
    },
    {
      "Date": 20231023, 
      "Value" : 57.299999
    },
    {
      "Date": 20231124, 
      "Value" : 64.169998
    },
    {
      "Date": 20231221, 
      "Value" : 57.869999
    }
  ]
}