{
  "Color": "rgb(244, 55, 244)", 
  "Point": [
    {
      "Date": 20230818, 
      "Value" : 96.989998
    },
    {
      "Date": 20231024, 
      "Value" : 49.160000
    },
    {
      "Date": 20231120, 
      "Value" : 56.160000
    },
    {
      "Date": 20240206, 
      "Value" : 21.600000
    }
  ]
}