{
  "Color": "rgb(244, 55, 244)", 
  "Point": [
    {
      "Date": 20230628, 
      "Value" : 14.020000
    },
    {
      "Date": 20240918, 
      "Value" : 6.300000
    },
    {
      "Date": 20250210, 
      "Value" : 22.270000
    },
    {
      "Date": 20250409, 
      "Value" : 9.980000
    }
  ]
}