{
  "Color": "rgb(244, 55, 244)", 
  "Point": [
    {
      "Date": 20230818, 
      "Value" : 96.989998
    },
    {
      "Date": 20231222, 
      "Value" : 43.040001
    }
  ]
}