{
  "Color": "rgb(244, 55, 244)", 
  "Point": [
    {
      "Date": 20230720, 
      "Value" : 14.100000
    },
    {
      "Date": 20230728, 
      "Value" : 10.700000
    }
  ]
}