{
  "Color": "rgb(244, 55, 244)", 
  "Point": [
    {
      "Date": 20201223, 
      "Value" : 28.219999
    },
    {
      "Date": 20211117, 
      "Value" : 35.900002
    },
    {
      "Date": 20220427, 
      "Value" : 12.550000
    },
    {
      "Date": 20220823, 
      "Value" : 33.200001
    }
  ]
}