{
  "Color": "rgb(244, 55, 244)", 
  "Point": [
    {
      "Date": 20231113, 
      "Value" : 33.299999
    },
    {
      "Date": 20231115, 
      "Value" : 41.830002
    },
    {
      "Date": 20240206, 
      "Value" : 19.139999
    }
  ]
}