{
  "Color": "rgb(244, 55, 244)", 
  "Point": [
    {
      "Date": 20230726, 
      "Value" : 62.000000
    },
    {
      "Date": 20231102, 
      "Value" : 35.279999
    }
  ]
}