{
  "Color": "rgb(244, 55, 244)", 
  "Point": [
    {
      "Date": 20230627, 
      "Value" : 14.130000
    },
    {
      "Date": 20230718, 
      "Value" : 17.110001
    },
    {
      "Date": 20230825, 
      "Value" : 11.780000
    },
    {
      "Date": 20230911, 
      "Value" : 14.230000
    }
  ]
}