{
  "Color": "rgb(244, 55, 244)", 
  "Point": [
    {
      "Date": 20230718, 
      "Value" : 66.000000
    },
    {
      "Date": 20231031, 
      "Value" : 112.800003
    }
  ]
}