{
  "Color": "rgb(244, 55, 244)", 
  "Point": [
    {
      "Date": 20230629, 
      "Value" : 31.559999
    },
    {
      "Date": 20230707, 
      "Value" : 41.500000
    },
    {
      "Date": 20231221, 
      "Value" : 32.500000
    }
  ]
}