{
  "Color": "rgb(244, 55, 244)", 
  "Point": [
    {
      "Date": 20230727, 
      "Value" : 56.779999
    },
    {
      "Date": 20230825, 
      "Value" : 43.799999
    },
    {
      "Date": 20230901, 
      "Value" : 85.000000
    }
  ]
}