{
  "Color": "rgb(244, 55, 244)", 
  "Point": [
    {
      "Date": 20231011, 
      "Value" : 90.879997
    },
    {
      "Date": 20231024, 
      "Value" : 76.790001
    },
    {
      "Date": 20231106, 
      "Value" : 95.190002
    },
    {
      "Date": 20231206, 
      "Value" : 79.029999
    }
  ]
}