{
  "Color": "rgb(244, 55, 244)", 
  "Point": [
    {
      "Date": 20230627, 
      "Value" : 18.010000
    },
    {
      "Date": 20230704, 
      "Value" : 28.090000
    }
  ]
}