{
  "Color": "rgb(244, 55, 244)", 
  "Point": [
    {
      "Date": 20210310, 
      "Value" : 25.629999
    },
    {
      "Date": 20220427, 
      "Value" : 13.300000
    },
    {
      "Date": 20220824, 
      "Value" : 41.860001
    }
  ]
}