{
  "Color": "rgb(244, 55, 244)", 
  "Point": [
    {
      "Date": 20230928, 
      "Value" : 75.389999
    },
    {
      "Date": 20231023, 
      "Value" : 55.549999
    }
  ]
}