{
  "Color": "rgb(244, 55, 244)", 
  "Point": [
    {
      "Date": 20211022, 
      "Value" : 70.199997
    },
    {
      "Date": 20220428, 
      "Value" : 28.120001
    },
    {
      "Date": 20220705, 
      "Value" : 44.009998
    },
    {
      "Date": 20220929, 
      "Value" : 28.660000
    }
  ]
}