{
  "Color": "rgb(244, 55, 244)", 
  "Point": [
    {
      "Date": 20231206, 
      "Value" : 60.000000
    },
    {
      "Date": 20231212, 
      "Value" : 69.900002
    },
    {
      "Date": 20240208, 
      "Value" : 23.520000
    }
  ]
}