{
  "Color": "rgb(244, 55, 244)", 
  "Point": [
    {
      "Date": 20250110, 
      "Value" : 29.000000
    },
    {
      "Date": 20250407, 
      "Value" : 14.210000
    }
  ]
}