{
  "Color": "rgb(244, 55, 244)", 
  "Point": [
    {
      "Date": 20240208, 
      "Value" : 18.010000
    },
    {
      "Date": 20240226, 
      "Value" : 27.110001
    }
  ]
}