{
  "Color": "rgb(244, 55, 244)", 
  "Point": [
    {
      "Date": 20241120, 
      "Value" : 37.009998
    },
    {
      "Date": 20250113, 
      "Value" : 19.670000
    },
    {
      "Date": 20250314, 
      "Value" : 25.110001
    },
    {
      "Date": 20250407, 
      "Value" : 17.410000
    }
  ]
}