{
  "Color": "rgb(244, 55, 244)", 
  "Point": [
    {
      "Date": 20230914, 
      "Value" : 72.000000
    },
    {
      "Date": 20230921, 
      "Value" : 50.119999
    }
  ]
}