{
  "Color": "rgb(244, 55, 244)", 
  "Point": [
    {
      "Date": 20210827, 
      "Value" : 67.370003
    },
    {
      "Date": 20220427, 
      "Value" : 28.280001
    },
    {
      "Date": 20220803, 
      "Value" : 85.019997
    },
    {
      "Date": 20220928, 
      "Value" : 45.410000
    }
  ]
}