{
  "Color": "rgb(244, 55, 244)", 
  "Point": [
    {
      "Date": 20240103, 
      "Value" : 87.389999
    },
    {
      "Date": 20240112, 
      "Value" : 125.000000
    },
    {
      "Date": 20240704, 
      "Value" : 40.000000
    }
  ]
}