{
  "Color": "rgb(244, 55, 244)", 
  "Point": [
    {
      "Date": 20241205, 
      "Value" : 84.949997
    },
    {
      "Date": 20250429, 
      "Value" : 44.810001
    }
  ]
}