{
  "Color": "rgb(244, 55, 244)", 
  "Point": [
    {
      "Date": 20210806, 
      "Value" : 125.680000
    },
    {
      "Date": 20220427, 
      "Value" : 55.730000
    },
    {
      "Date": 20220721, 
      "Value" : 168.000000
    },
    {
      "Date": 20220928, 
      "Value" : 93.129997
    }
  ]
}