{
  "Color": "rgb(244, 55, 244)", 
  "Point": [
    {
      "Date": 20211015, 
      "Value" : 33.330002
    },
    {
      "Date": 20211119, 
      "Value" : 64.419998
    },
    {
      "Date": 20220427, 
      "Value" : 18.830000
    },
    {
      "Date": 20220823, 
      "Value" : 41.480000
    }
  ]
}