{
  "Color": "rgb(244, 55, 244)", 
  "Point": [
    {
      "Date": 20230920, 
      "Value" : 31.500000
    },
    {
      "Date": 20231220, 
      "Value" : 52.770000
    },
    {
      "Date": 20240206, 
      "Value" : 20.559999
    }
  ]
}