{
  "Color": "rgb(244, 55, 244)", 
  "Point": [
    {
      "Date": 20250325, 
      "Value" : 31.000000
    },
    {
      "Date": 20250409, 
      "Value" : 19.700001
    }
  ]
}