{
  "Color": "rgb(244, 55, 244)", 
  "Point": [
    {
      "Date": 20230712, 
      "Value" : 8.160000
    },
    {
      "Date": 20231024, 
      "Value" : 6.990000
    },
    {
      "Date": 20231211, 
      "Value" : 13.060000
    }
  ]
}