{
  "Color": "rgb(244, 55, 244)", 
  "Point": [
    {
      "Date": 20230712, 
      "Value" : 6.700000
    },
    {
      "Date": 20231023, 
      "Value" : 6.270000
    },
    {
      "Date": 20231221, 
      "Value" : 11.470000
    }
  ]
}