{
  "Color": "rgb(244, 55, 244)", 
  "Point": [
    {
      "Date": 20230711, 
      "Value" : 8.640000
    },
    {
      "Date": 20231027, 
      "Value" : 3.800000
    },
    {
      "Date": 20240102, 
      "Value" : 7.460000
    },
    {
      "Date": 20240205, 
      "Value" : 4.010000
    }
  ]
}