{
  "Color": "rgb(244, 55, 244)", 
  "Point": [
    {
      "Date": 20230712, 
      "Value" : 4.520000
    },
    {
      "Date": 20231023, 
      "Value" : 2.990000
    },
    {
      "Date": 20240102, 
      "Value" : 7.450000
    },
    {
      "Date": 20240205, 
      "Value" : 3.850000
    }
  ]
}