{
  "Color": "rgb(244, 55, 244)", 
  "Point": [
    {
      "Date": 20230712, 
      "Value" : 7.990000
    },
    {
      "Date": 20231024, 
      "Value" : 6.800000
    },
    {
      "Date": 20231221, 
      "Value" : 13.140000
    }
  ]
}