{
  "Color": "rgb(244, 55, 244)", 
  "Point": [
    {
      "Date": 20230712, 
      "Value" : 5.090000
    },
    {
      "Date": 20231023, 
      "Value" : 3.900000
    },
    {
      "Date": 20231220, 
      "Value" : 13.730000
    }
  ]
}