{
  "Color": "rgb(244, 55, 244)", 
  "Point": [
    {
      "Date": 20230712, 
      "Value" : 6.800000
    },
    {
      "Date": 20231027, 
      "Value" : 4.530000
    },
    {
      "Date": 20240102, 
      "Value" : 11.600000
    },
    {
      "Date": 20240208, 
      "Value" : 6.110000
    }
  ]
}