{
  "Color": "rgb(244, 55, 244)", 
  "Point": [
    {
      "Date": 20230712, 
      "Value" : 6.800000
    },
    {
      "Date": 20231027, 
      "Value" : 4.530000
    },
    {
      "Date": 20231127, 
      "Value" : 9.140000
    }
  ]
}