{
  "Color": "rgb(244, 55, 244)", 
  "Point": [
    {
      "Date": 20230712, 
      "Value" : 7.850000
    },
    {
      "Date": 20231010, 
      "Value" : 6.660000
    },
    {
      "Date": 20231127, 
      "Value" : 11.980000
    }
  ]
}