{
  "Color": "rgb(244, 55, 244)", 
  "Point": [
    {
      "Date": 20230712, 
      "Value" : 3.440000
    },
    {
      "Date": 20231024, 
      "Value" : 3.170000
    },
    {
      "Date": 20231215, 
      "Value" : 7.380000
    },
    {
      "Date": 20240208, 
      "Value" : 3.690000
    }
  ]
}