{
  "Color": "rgb(244, 55, 244)", 
  "Point": [
    {
      "Date": 20231214, 
      "Value" : 31.490000
    },
    {
      "Date": 20240205, 
      "Value" : 11.500000
    }
  ]
}