{
  "Color": "rgb(244, 55, 244)", 
  "Point": [
    {
      "Date": 20230711, 
      "Value" : 25.180000
    },
    {
      "Date": 20230713, 
      "Value" : 25.950001
    },
    {
      "Date": 20231101, 
      "Value" : 13.600000
    },
    {
      "Date": 20231127, 
      "Value" : 21.350000
    }
  ]
}