{
  "Color": "rgb(244, 55, 244)", 
  "Point": [
    {
      "Date": 20231214, 
      "Value" : 31.299999
    },
    {
      "Date": 20240416, 
      "Value" : 10.670000
    },
    {
      "Date": 20240530, 
      "Value" : 12.650000
    },
    {
      "Date": 20240913, 
      "Value" : 8.470000
    }
  ]
}