{
  "Color": "rgb(244, 55, 244)", 
  "Point": [
    {
      "Date": 20230711, 
      "Value" : 7.720000
    },
    {
      "Date": 20231128, 
      "Value" : 19.750000
    },
    {
      "Date": 20240913, 
      "Value" : 6.440000
    },
    {
      "Date": 20241031, 
      "Value" : 13.480000
    }
  ]
}