{
  "Color": "rgb(244, 55, 244)", 
  "Point": [
    {
      "Date": 20230712, 
      "Value" : 9.680000
    },
    {
      "Date": 20231027, 
      "Value" : 8.980000
    },
    {
      "Date": 20231229, 
      "Value" : 21.500000
    },
    {
      "Date": 20240205, 
      "Value" : 11.730000
    }
  ]
}