{
  "Color": "rgb(244, 55, 244)", 
  "Point": [
    {
      "Date": 20230712, 
      "Value" : 3.840000
    },
    {
      "Date": 20231024, 
      "Value" : 2.680000
    },
    {
      "Date": 20231219, 
      "Value" : 7.480000
    },
    {
      "Date": 20240205, 
      "Value" : 3.600000
    }
  ]
}