{
  "Color": "rgb(244, 55, 244)", 
  "Point": [
    {
      "Date": 20230712, 
      "Value" : 2.410000
    },
    {
      "Date": 20231024, 
      "Value" : 2.250000
    },
    {
      "Date": 20231127, 
      "Value" : 4.080000
    }
  ]
}