{
  "Color": "rgb(244, 55, 244)", 
  "Point": [
    {
      "Date": 20230712, 
      "Value" : 4.720000
    },
    {
      "Date": 20231101, 
      "Value" : 3.910000
    },
    {
      "Date": 20240103, 
      "Value" : 11.660000
    },
    {
      "Date": 20240208, 
      "Value" : 6.400000
    }
  ]
}