{
  "Color": "rgb(244, 55, 244)", 
  "Point": [
    {
      "Date": 20230711, 
      "Value" : 8.550000
    },
    {
      "Date": 20231127, 
      "Value" : 13.080000
    },
    {
      "Date": 20240202, 
      "Value" : 9.010000
    }
  ]
}