{
  "Color": "rgb(244, 55, 244)", 
  "Point": [
    {
      "Date": 20230712, 
      "Value" : 4.590000
    },
    {
      "Date": 20231024, 
      "Value" : 4.150000
    },
    {
      "Date": 20231206, 
      "Value" : 36.860001
    }
  ]
}