{
  "Color": "rgb(244, 55, 244)", 
  "Point": [
    {
      "Date": 20230711, 
      "Value" : 8.600000
    },
    {
      "Date": 20231228, 
      "Value" : 14.760000
    },
    {
      "Date": 20240606, 
      "Value" : 5.110000
    },
    {
      "Date": 20240718, 
      "Value" : 13.990000
    }
  ]
}