{
  "Color": "rgb(244, 55, 244)", 
  "Point": [
    {
      "Date": 20230712, 
      "Value" : 8.940000
    },
    {
      "Date": 20231103, 
      "Value" : 5.930000
    },
    {
      "Date": 20231221, 
      "Value" : 12.700000
    }
  ]
}