{
  "Color": "rgb(244, 55, 244)", 
  "Point": [
    {
      "Date": 20230711, 
      "Value" : 4.510000
    },
    {
      "Date": 20240103, 
      "Value" : 7.980000
    },
    {
      "Date": 20240627, 
      "Value" : 3.690000
    },
    {
      "Date": 20241030, 
      "Value" : 9.590000
    }
  ]
}