{
  "Color": "rgb(244, 55, 244)", 
  "Point": [
    {
      "Date": 20230712, 
      "Value" : 9.830000
    },
    {
      "Date": 20231026, 
      "Value" : 6.850000
    },
    {
      "Date": 20231127, 
      "Value" : 11.990000
    }
  ]
}