{
  "Color": "rgb(244, 55, 244)", 
  "Point": [
    {
      "Date": 20230712, 
      "Value" : 9.830000
    },
    {
      "Date": 20231026, 
      "Value" : 6.850000
    },
    {
      "Date": 20240105, 
      "Value" : 14.290000
    },
    {
      "Date": 20240205, 
      "Value" : 7.000000
    }
  ]
}