{
  "Color": "rgb(244, 55, 244)", 
  "Point": [
    {
      "Date": 20230712, 
      "Value" : 4.540000
    },
    {
      "Date": 20231024, 
      "Value" : 3.830000
    },
    {
      "Date": 20240103, 
      "Value" : 7.980000
    },
    {
      "Date": 20240208, 
      "Value" : 4.310000
    }
  ]
}