{
  "Color": "rgb(244, 55, 244)", 
  "Point": [
    {
      "Date": 20230712, 
      "Value" : 6.470000
    },
    {
      "Date": 20231023, 
      "Value" : 6.300000
    },
    {
      "Date": 20231221, 
      "Value" : 15.680000
    }
  ]
}