{
  "Color": "rgb(244, 55, 244)", 
  "Point": [
    {
      "Date": 20230712, 
      "Value" : 5.170000
    },
    {
      "Date": 20231023, 
      "Value" : 4.900000
    },
    {
      "Date": 20231128, 
      "Value" : 11.490000
    },
    {
      "Date": 20240205, 
      "Value" : 6.340000
    }
  ]
}