{
  "Color": "rgb(244, 55, 244)", 
  "Point": [
    {
      "Date": 20230711, 
      "Value" : 2.890000
    },
    {
      "Date": 20231127, 
      "Value" : 4.220000
    },
    {
      "Date": 20240624, 
      "Value" : 2.220000
    },
    {
      "Date": 20240717, 
      "Value" : 2.830000
    }
  ]
}