{
  "Color": "rgb(244, 55, 244)", 
  "Point": [
    {
      "Date": 20230712, 
      "Value" : 10.480000
    },
    {
      "Date": 20230822, 
      "Value" : 9.220000
    },
    {
      "Date": 20231220, 
      "Value" : 19.549999
    }
  ]
}