{
  "Color": "rgb(244, 55, 244)", 
  "Point": [
    {
      "Date": 20230711, 
      "Value" : 4.480000
    },
    {
      "Date": 20240102, 
      "Value" : 7.950000
    },
    {
      "Date": 20240606, 
      "Value" : 2.950000
    },
    {
      "Date": 20240717, 
      "Value" : 4.580000
    }
  ]
}