{
  "Color": "rgb(244, 55, 244)", 
  "Point": [
    {
      "Date": 20230712, 
      "Value" : 13.900000
    },
    {
      "Date": 20231023, 
      "Value" : 12.360000
    },
    {
      "Date": 20231221, 
      "Value" : 21.980000
    }
  ]
}