{
  "Color": "rgb(244, 55, 244)", 
  "Point": [
    {
      "Date": 20230712, 
      "Value" : 4.000000
    },
    {
      "Date": 20231020, 
      "Value" : 3.420000
    },
    {
      "Date": 20231127, 
      "Value" : 14.950000
    },
    {
      "Date": 20240208, 
      "Value" : 7.010000
    }
  ]
}