{
  "Color": "rgb(244, 55, 244)", 
  "Point": [
    {
      "Date": 20230712, 
      "Value" : 4.620000
    },
    {
      "Date": 20231024, 
      "Value" : 4.310000
    },
    {
      "Date": 20231208, 
      "Value" : 8.640000
    }
  ]
}