{
  "Color": "rgb(244, 55, 244)", 
  "Point": [
    {
      "Date": 20230711, 
      "Value" : 9.580000
    },
    {
      "Date": 20231220, 
      "Value" : 25.010000
    },
    {
      "Date": 20240205, 
      "Value" : 12.400000
    }
  ]
}