{
  "Color": "rgb(244, 55, 244)", 
  "Point": [
    {
      "Date": 20230919, 
      "Value" : 6.160000
    },
    {
      "Date": 20231020, 
      "Value" : 5.260000
    },
    {
      "Date": 20231226, 
      "Value" : 20.940001
    },
    {
      "Date": 20240208, 
      "Value" : 11.500000
    }
  ]
}