{
  "Color": "rgb(244, 55, 244)", 
  "Point": [
    {
      "Date": 20230712, 
      "Value" : 8.350000
    },
    {
      "Date": 20231024, 
      "Value" : 6.410000
    },
    {
      "Date": 20231221, 
      "Value" : 12.390000
    }
  ]
}