{
  "Color": "rgb(244, 55, 244)", 
  "Point": [
    {
      "Date": 20231117, 
      "Value" : 15.670000
    },
    {
      "Date": 20240709, 
      "Value" : 11.300000
    },
    {
      "Date": 20241030, 
      "Value" : 30.299999
    }
  ]
}