{
  "Color": "rgb(244, 55, 244)", 
  "Point": [
    {
      "Date": 20231116, 
      "Value" : 17.480000
    },
    {
      "Date": 20231128, 
      "Value" : 25.490000
    }
  ]
}