{
  "Color": "rgb(244, 55, 244)", 
  "Point": [
    {
      "Date": 20230712, 
      "Value" : 11.000000
    },
    {
      "Date": 20231025, 
      "Value" : 7.430000
    },
    {
      "Date": 20231129, 
      "Value" : 17.740000
    }
  ]
}