{
  "Color": "rgb(244, 55, 244)", 
  "Point": [
    {
      "Date": 20231016, 
      "Value" : 4.250000
    },
    {
      "Date": 20231020, 
      "Value" : 3.800000
    },
    {
      "Date": 20231206, 
      "Value" : 9.070000
    },
    {
      "Date": 20240709, 
      "Value" : 4.240000
    }
  ]
}