{
  "Color": "rgb(244, 55, 244)", 
  "Point": [
    {
      "Date": 20230712, 
      "Value" : 6.820000
    },
    {
      "Date": 20231023, 
      "Value" : 5.620000
    },
    {
      "Date": 20240112, 
      "Value" : 16.000000
    },
    {
      "Date": 20240208, 
      "Value" : 8.000000
    }
  ]
}