{
  "Color": "rgb(244, 55, 244)", 
  "Point": [
    {
      "Date": 20230712, 
      "Value" : 5.630000
    },
    {
      "Date": 20231026, 
      "Value" : 3.520000
    },
    {
      "Date": 20231221, 
      "Value" : 11.100000
    }
  ]
}