{
  "Color": "rgb(244, 55, 244)", 
  "Point": [
    {
      "Date": 20231009, 
      "Value" : 6.980000
    },
    {
      "Date": 20231128, 
      "Value" : 18.020000
    },
    {
      "Date": 20240205, 
      "Value" : 8.910000
    }
  ]
}