{
  "Color": "rgb(244, 55, 244)", 
  "Point": [
    {
      "Date": 20230720, 
      "Value" : 86.309998
    },
    {
      "Date": 20241112, 
      "Value" : 249.800003
    },
    {
      "Date": 20250102, 
      "Value" : 202.259995
    },
    {
      "Date": 20250515, 
      "Value" : 496.000000
    }
  ]
}