{
  "Color": "rgb(244, 55, 244)", 
  "Point": [
    {
      "Date": 20230720, 
      "Value" : 114.500000
    },
    {
      "Date": 20231115, 
      "Value" : 302.329987
    },
    {
      "Date": 20231215, 
      "Value" : 241.580002
    }
  ]
}