{
  "Color": "rgb(244, 55, 244)", 
  "Point": [
    {
      "Date": 20230720, 
      "Value" : 114.500000
    },
    {
      "Date": 20231115, 
      "Value" : 302.329987
    },
    {
      "Date": 20240205, 
      "Value" : 175.000000
    },
    {
      "Date": 20240308, 
      "Value" : 244.399994
    }
  ]
}