{
  "Color": "rgb(244, 55, 244)", 
  "Point": [
    {
      "Date": 20230712, 
      "Value" : 8.350000
    },
    {
      "Date": 20230824, 
      "Value" : 7.380000
    },
    {
      "Date": 20231218, 
      "Value" : 16.379999
    }
  ]
}