{
  "Color": "rgb(244, 55, 244)", 
  "Point": [
    {
      "Date": 20230712, 
      "Value" : 8.350000
    },
    {
      "Date": 20230824, 
      "Value" : 7.380000
    },
    {
      "Date": 20231226, 
      "Value" : 19.700001
    },
    {
      "Date": 20240208, 
      "Value" : 9.000000
    }
  ]
}