{
  "Color": "rgb(244, 55, 244)", 
  "Point": [
    {
      "Date": 20230712, 
      "Value" : 3.460000
    },
    {
      "Date": 20231023, 
      "Value" : 3.310000
    },
    {
      "Date": 20231221, 
      "Value" : 6.720000
    }
  ]
}