{
  "Color": "rgb(244, 55, 244)", 
  "Point": [
    {
      "Date": 20231219, 
      "Value" : 18.850000
    },
    {
      "Date": 20240709, 
      "Value" : 5.200000
    }
  ]
}