{
  "Color": "rgb(244, 55, 244)", 
  "Point": [
    {
      "Date": 20230712, 
      "Value" : 8.860000
    },
    {
      "Date": 20231024, 
      "Value" : 8.210000
    },
    {
      "Date": 20231127, 
      "Value" : 14.090000
    }
  ]
}