{
  "Color": "rgb(244, 55, 244)", 
  "Point": [
    {
      "Date": 20231220, 
      "Value" : 14.460000
    },
    {
      "Date": 20240923, 
      "Value" : 5.010000
    },
    {
      "Date": 20250306, 
      "Value" : 33.700001
    },
    {
      "Date": 20250407, 
      "Value" : 15.500000
    }
  ]
}