{
  "Color": "rgb(244, 55, 244)", 
  "Point": [
    {
      "Date": 20230712, 
      "Value" : 8.860000
    },
    {
      "Date": 20231024, 
      "Value" : 8.210000
    },
    {
      "Date": 20231226, 
      "Value" : 17.299999
    },
    {
      "Date": 20240205, 
      "Value" : 8.250000
    }
  ]
}