{
  "Color": "rgb(244, 55, 244)", 
  "Point": [
    {
      "Date": 20230712, 
      "Value" : 6.700000
    },
    {
      "Date": 20231027, 
      "Value" : 5.850000
    },
    {
      "Date": 20231127, 
      "Value" : 9.790000
    }
  ]
}