{
  "Color": "rgb(244, 55, 244)", 
  "Point": [
    {
      "Date": 20230712, 
      "Value" : 16.590000
    },
    {
      "Date": 20231023, 
      "Value" : 10.920000
    },
    {
      "Date": 20231220, 
      "Value" : 22.000000
    },
    {
      "Date": 20240205, 
      "Value" : 12.080000
    }
  ]
}