{
  "Color": "rgb(244, 55, 244)", 
  "Point": [
    {
      "Date": 20230712, 
      "Value" : 3.320000
    },
    {
      "Date": 20231023, 
      "Value" : 2.520000
    },
    {
      "Date": 20231221, 
      "Value" : 6.310000
    }
  ]
}