{
  "Color": "rgb(244, 55, 244)", 
  "Point": [
    {
      "Date": 20230712, 
      "Value" : 5.410000
    },
    {
      "Date": 20231023, 
      "Value" : 4.930000
    },
    {
      "Date": 20240223, 
      "Value" : 12.930000
    }
  ]
}