{
  "Color": "rgb(244, 55, 244)", 
  "Point": [
    {
      "Date": 20230712, 
      "Value" : 5.560000
    },
    {
      "Date": 20231023, 
      "Value" : 4.600000
    },
    {
      "Date": 20240207, 
      "Value" : 16.000000
    }
  ]
}