{
  "Color": "rgb(244, 55, 244)", 
  "Point": [
    {
      "Date": 20230712, 
      "Value" : 9.800000
    },
    {
      "Date": 20231023, 
      "Value" : 5.500000
    },
    {
      "Date": 20231128, 
      "Value" : 10.630000
    }
  ]
}