{
  "Color": "rgb(244, 55, 244)", 
  "Point": [
    {
      "Date": 20230712, 
      "Value" : 9.800000
    },
    {
      "Date": 20231023, 
      "Value" : 5.500000
    },
    {
      "Date": 20240104, 
      "Value" : 12.890000
    },
    {
      "Date": 20240205, 
      "Value" : 6.570000
    }
  ]
}