{
  "Color": "rgb(244, 55, 244)", 
  "Point": [
    {
      "Date": 20230712, 
      "Value" : 4.010000
    },
    {
      "Date": 20231024, 
      "Value" : 3.570000
    },
    {
      "Date": 20231219, 
      "Value" : 9.880000
    }
  ]
}