{
  "Color": "rgb(244, 55, 244)", 
  "Point": [
    {
      "Date": 20230712, 
      "Value" : 4.800000
    },
    {
      "Date": 20231027, 
      "Value" : 3.730000
    },
    {
      "Date": 20240102, 
      "Value" : 8.320000
    },
    {
      "Date": 20240205, 
      "Value" : 4.090000
    }
  ]
}