{
  "Color": "rgb(244, 55, 244)", 
  "Point": [
    {
      "Date": 20230712, 
      "Value" : 3.050000
    },
    {
      "Date": 20231023, 
      "Value" : 2.780000
    },
    {
      "Date": 20231215, 
      "Value" : 5.390000
    },
    {
      "Date": 20240208, 
      "Value" : 3.100000
    }
  ]
}