{
  "Color": "rgb(244, 55, 244)", 
  "Point": [
    {
      "Date": 20230711, 
      "Value" : 4.350000
    },
    {
      "Date": 20231127, 
      "Value" : 5.100000
    },
    {
      "Date": 20240709, 
      "Value" : 2.820000
    }
  ]
}