{
  "Color": "rgb(244, 55, 244)", 
  "Point": [
    {
      "Date": 20230711, 
      "Value" : 4.450000
    },
    {
      "Date": 20231127, 
      "Value" : 5.200000
    },
    {
      "Date": 20240206, 
      "Value" : 3.280000
    }
  ]
}