{
  "Color": "rgb(244, 55, 244)", 
  "Point": [
    {
      "Date": 20230712, 
      "Value" : 9.300000
    },
    {
      "Date": 20231031, 
      "Value" : 8.010000
    },
    {
      "Date": 20231221, 
      "Value" : 12.970000
    }
  ]
}