{
  "Color": "rgb(244, 55, 244)", 
  "Point": [
    {
      "Date": 20230711, 
      "Value" : 9.200000
    },
    {
      "Date": 20240102, 
      "Value" : 14.040000
    },
    {
      "Date": 20240205, 
      "Value" : 7.350000
    }
  ]
}