{
  "Color": "rgb(244, 55, 244)", 
  "Point": [
    {
      "Date": 20230712, 
      "Value" : 6.870000
    },
    {
      "Date": 20231017, 
      "Value" : 6.300000
    },
    {
      "Date": 20231225, 
      "Value" : 17.420000
    },
    {
      "Date": 20240618, 
      "Value" : 6.950000
    }
  ]
}