{
  "Color": "rgb(244, 55, 244)", 
  "Point": [
    {
      "Date": 20230711, 
      "Value" : 8.350000
    },
    {
      "Date": 20240104, 
      "Value" : 12.790000
    },
    {
      "Date": 20240205, 
      "Value" : 7.000000
    }
  ]
}