{
  "Color": "rgb(244, 55, 244)", 
  "Point": [
    {
      "Date": 20230810, 
      "Value" : 31.190001
    },
    {
      "Date": 20231027, 
      "Value" : 9.600000
    },
    {
      "Date": 20231219, 
      "Value" : 22.799999
    }
  ]
}