{
  "Color": "rgb(244, 55, 244)", 
  "Point": [
    {
      "Date": 20230712, 
      "Value" : 40.090000
    },
    {
      "Date": 20231024, 
      "Value" : 26.299999
    },
    {
      "Date": 20231221, 
      "Value" : 50.500000
    }
  ]
}