{
  "Color": "rgb(244, 55, 244)", 
  "Point": [
    {
      "Date": 20230712, 
      "Value" : 8.460000
    },
    {
      "Date": 20231024, 
      "Value" : 7.820000
    },
    {
      "Date": 20231215, 
      "Value" : 11.640000
    }
  ]
}