{
  "Color": "rgb(244, 55, 244)", 
  "Point": [
    {
      "Date": 20230711, 
      "Value" : 8.170000
    },
    {
      "Date": 20240104, 
      "Value" : 12.610000
    },
    {
      "Date": 20240625, 
      "Value" : 6.450000
    },
    {
      "Date": 20240711, 
      "Value" : 7.320000
    }
  ]
}