{
  "Color": "rgb(244, 55, 244)", 
  "Point": [
    {
      "Date": 20230712, 
      "Value" : 6.370000
    },
    {
      "Date": 20231024, 
      "Value" : 4.740000
    },
    {
      "Date": 20231129, 
      "Value" : 16.879999
    }
  ]
}