{
  "Color": "rgb(244, 55, 244)", 
  "Point": [
    {
      "Date": 20230712, 
      "Value" : 7.470000
    },
    {
      "Date": 20231023, 
      "Value" : 5.730000
    },
    {
      "Date": 20231127, 
      "Value" : 11.600000
    }
  ]
}