{
  "Color": "rgb(244, 55, 244)", 
  "Point": [
    {
      "Date": 20230712, 
      "Value" : 7.390000
    },
    {
      "Date": 20230727, 
      "Value" : 6.920000
    },
    {
      "Date": 20231128, 
      "Value" : 11.780000
    }
  ]
}