{
  "Color": "rgb(244, 55, 244)", 
  "Point": [
    {
      "Date": 20230712, 
      "Value" : 3.890000
    },
    {
      "Date": 20231023, 
      "Value" : 3.460000
    },
    {
      "Date": 20240103, 
      "Value" : 6.400000
    },
    {
      "Date": 20240205, 
      "Value" : 3.720000
    }
  ]
}