{
  "Color": "rgb(244, 55, 244)", 
  "Point": [
    {
      "Date": 20230712, 
      "Value" : 5.190000
    },
    {
      "Date": 20231023, 
      "Value" : 4.610000
    },
    {
      "Date": 20231221, 
      "Value" : 10.380000
    }
  ]
}