{
  "Color": "rgb(244, 55, 244)", 
  "Point": [
    {
      "Date": 20230712, 
      "Value" : 5.810000
    },
    {
      "Date": 20231031, 
      "Value" : 5.030000
    },
    {
      "Date": 20240104, 
      "Value" : 9.990000
    },
    {
      "Date": 20240208, 
      "Value" : 5.900000
    }
  ]
}