{
  "Color": "rgb(244, 55, 244)", 
  "Point": [
    {
      "Date": 20230712, 
      "Value" : 11.160000
    },
    {
      "Date": 20231024, 
      "Value" : 10.640000
    },
    {
      "Date": 20231127, 
      "Value" : 24.670000
    }
  ]
}