{
  "Color": "rgb(244, 55, 244)", 
  "Point": [
    {
      "Date": 20230712, 
      "Value" : 22.750000
    },
    {
      "Date": 20231024, 
      "Value" : 19.400000
    },
    {
      "Date": 20231127, 
      "Value" : 28.500000
    }
  ]
}