{
  "Color": "rgb(244, 55, 244)", 
  "Point": [
    {
      "Date": 20230712, 
      "Value" : 21.950001
    },
    {
      "Date": 20240913, 
      "Value" : 13.600000
    },
    {
      "Date": 20241025, 
      "Value" : 47.799999
    }
  ]
}