{
  "Color": "rgb(244, 55, 244)", 
  "Point": [
    {
      "Date": 20230712, 
      "Value" : 6.150000
    },
    {
      "Date": 20231102, 
      "Value" : 4.910000
    },
    {
      "Date": 20231221, 
      "Value" : 14.670000
    }
  ]
}