{
  "Color": "rgb(244, 55, 244)", 
  "Point": [
    {
      "Date": 20230712, 
      "Value" : 18.309999
    },
    {
      "Date": 20231023, 
      "Value" : 11.790000
    },
    {
      "Date": 20231127, 
      "Value" : 21.000000
    }
  ]
}