{
  "Color": "rgb(244, 55, 244)", 
  "Point": [
    {
      "Date": 20230712, 
      "Value" : 6.180000
    },
    {
      "Date": 20230828, 
      "Value" : 5.370000
    },
    {
      "Date": 20231127, 
      "Value" : 15.470000
    }
  ]
}