{
  "Color": "rgb(244, 55, 244)", 
  "Point": [
    {
      "Date": 20231130, 
      "Value" : 28.500000
    },
    {
      "Date": 20231221, 
      "Value" : 16.770000
    }
  ]
}