{
  "Color": "rgb(244, 55, 244)", 
  "Point": [
    {
      "Date": 20231130, 
      "Value" : 28.270000
    },
    {
      "Date": 20240829, 
      "Value" : 10.050000
    },
    {
      "Date": 20241029, 
      "Value" : 24.480000
    }
  ]
}