{
  "Color": "rgb(244, 55, 244)", 
  "Point": [
    {
      "Date": 20230712, 
      "Value" : 16.670000
    },
    {
      "Date": 20231103, 
      "Value" : 13.320000
    },
    {
      "Date": 20231127, 
      "Value" : 21.180000
    }
  ]
}