{
  "Color": "rgb(244, 55, 244)", 
  "Point": [
    {
      "Date": 20230712, 
      "Value" : 8.990000
    },
    {
      "Date": 20231023, 
      "Value" : 6.190000
    },
    {
      "Date": 20240125, 
      "Value" : 16.950001
    },
    {
      "Date": 20240709, 
      "Value" : 7.650000
    }
  ]
}