{
  "Color": "rgb(244, 55, 244)", 
  "Point": [
    {
      "Date": 20230712, 
      "Value" : 3.340000
    },
    {
      "Date": 20240709, 
      "Value" : 2.940000
    },
    {
      "Date": 20241021, 
      "Value" : 6.930000
    }
  ]
}