{
  "Color": "rgb(244, 55, 244)", 
  "Point": [
    {
      "Date": 20230712, 
      "Value" : 3.360000
    },
    {
      "Date": 20231103, 
      "Value" : 3.010000
    },
    {
      "Date": 20240103, 
      "Value" : 5.650000
    },
    {
      "Date": 20240208, 
      "Value" : 3.430000
    }
  ]
}