{
  "Color": "rgb(244, 55, 244)", 
  "Point": [
    {
      "Date": 20230712, 
      "Value" : 3.720000
    },
    {
      "Date": 20231024, 
      "Value" : 3.430000
    },
    {
      "Date": 20240108, 
      "Value" : 10.360000
    },
    {
      "Date": 20240208, 
      "Value" : 5.010000
    }
  ]
}