{
  "Color": "rgb(244, 55, 244)", 
  "Point": [
    {
      "Date": 20230712, 
      "Value" : 4.800000
    },
    {
      "Date": 20230825, 
      "Value" : 4.270000
    },
    {
      "Date": 20240103, 
      "Value" : 8.680000
    },
    {
      "Date": 20240205, 
      "Value" : 5.410000
    }
  ]
}