{
  "Color": "rgb(244, 55, 244)", 
  "Point": [
    {
      "Date": 20230712, 
      "Value" : 10.700000
    },
    {
      "Date": 20230825, 
      "Value" : 6.280000
    },
    {
      "Date": 20240117, 
      "Value" : 22.850000
    },
    {
      "Date": 20240308, 
      "Value" : 13.210000
    }
  ]
}