{
  "Color": "rgb(244, 55, 244)", 
  "Point": [
    {
      "Date": 20230712, 
      "Value" : 31.709999
    },
    {
      "Date": 20231024, 
      "Value" : 25.040001
    },
    {
      "Date": 20240102, 
      "Value" : 50.900002
    },
    {
      "Date": 20240205, 
      "Value" : 33.200001
    }
  ]
}