{
  "Color": "rgb(244, 55, 244)", 
  "Point": [
    {
      "Date": 20230712, 
      "Value" : 7.550000
    },
    {
      "Date": 20231023, 
      "Value" : 6.380000
    },
    {
      "Date": 20231219, 
      "Value" : 15.930000
    }
  ]
}