{
  "Color": "rgb(244, 55, 244)", 
  "Point": [
    {
      "Date": 20230712, 
      "Value" : 7.550000
    },
    {
      "Date": 20231023, 
      "Value" : 6.380000
    },
    {
      "Date": 20240119, 
      "Value" : 18.879999
    },
    {
      "Date": 20240208, 
      "Value" : 11.220000
    }
  ]
}