{
  "Color": "rgb(244, 55, 244)", 
  "Point": [
    {
      "Date": 20230712, 
      "Value" : 10.700000
    },
    {
      "Date": 20230825, 
      "Value" : 6.280000
    },
    {
      "Date": 20231129, 
      "Value" : 15.500000
    }
  ]
}