{
  "Color": "rgb(244, 55, 244)", 
  "Point": [
    {
      "Date": 20230712, 
      "Value" : 5.080000
    },
    {
      "Date": 20231024, 
      "Value" : 4.780000
    },
    {
      "Date": 20231221, 
      "Value" : 9.650000
    }
  ]
}