{
  "Color": "rgb(244, 55, 244)", 
  "Point": [
    {
      "Date": 20230711, 
      "Value" : 4.600000
    },
    {
      "Date": 20240103, 
      "Value" : 8.540000
    },
    {
      "Date": 20240626, 
      "Value" : 3.630000
    }
  ]
}