{
  "Color": "rgb(244, 55, 244)", 
  "Point": [
    {
      "Date": 20230712, 
      "Value" : 6.590000
    },
    {
      "Date": 20231009, 
      "Value" : 6.070000
    },
    {
      "Date": 20231226, 
      "Value" : 32.000000
    }
  ]
}