{
  "Color": "rgb(244, 55, 244)", 
  "Point": [
    {
      "Date": 20230712, 
      "Value" : 6.350000
    },
    {
      "Date": 20231019, 
      "Value" : 5.560000
    },
    {
      "Date": 20231127, 
      "Value" : 12.430000
    }
  ]
}