{
  "Color": "rgb(244, 55, 244)", 
  "Point": [
    {
      "Date": 20230712, 
      "Value" : 3.270000
    },
    {
      "Date": 20231024, 
      "Value" : 3.020000
    },
    {
      "Date": 20231127, 
      "Value" : 8.310000
    }
  ]
}