{
  "Color": "rgb(244, 55, 244)", 
  "Point": [
    {
      "Date": 20230712, 
      "Value" : 6.160000
    },
    {
      "Date": 20231101, 
      "Value" : 4.930000
    },
    {
      "Date": 20231206, 
      "Value" : 10.300000
    }
  ]
}