{
  "Color": "rgb(244, 55, 244)", 
  "Point": [
    {
      "Date": 20230711, 
      "Value" : 5.930000
    },
    {
      "Date": 20240111, 
      "Value" : 10.170000
    },
    {
      "Date": 20240709, 
      "Value" : 4.660000
    },
    {
      "Date": 20241029, 
      "Value" : 9.680000
    }
  ]
}