{
  "Color": "rgb(244, 55, 244)", 
  "Point": [
    {
      "Date": 20230712, 
      "Value" : 6.160000
    },
    {
      "Date": 20231101, 
      "Value" : 4.930000
    },
    {
      "Date": 20240111, 
      "Value" : 10.370000
    },
    {
      "Date": 20240208, 
      "Value" : 6.050000
    }
  ]
}