{
  "Color": "rgb(244, 55, 244)", 
  "Point": [
    {
      "Date": 20230915, 
      "Value" : 8.140000
    },
    {
      "Date": 20240103, 
      "Value" : 12.000000
    },
    {
      "Date": 20240205, 
      "Value" : 6.500000
    }
  ]
}