{
  "Color": "rgb(244, 55, 244)", 
  "Point": [
    {
      "Date": 20230915, 
      "Value" : 7.840000
    },
    {
      "Date": 20240103, 
      "Value" : 11.700000
    },
    {
      "Date": 20240205, 
      "Value" : 6.200000
    },
    {
      "Date": 20241008, 
      "Value" : 10.740000
    }
  ]
}