{
  "Color": "rgb(244, 55, 244)", 
  "Point": [
    {
      "Date": 20230711, 
      "Value" : 7.610000
    },
    {
      "Date": 20231228, 
      "Value" : 15.670000
    },
    {
      "Date": 20240709, 
      "Value" : 5.280000
    },
    {
      "Date": 20241101, 
      "Value" : 17.180000
    }
  ]
}