{
  "Color": "rgb(244, 55, 244)", 
  "Point": [
    {
      "Date": 20230918, 
      "Value" : 7.440000
    },
    {
      "Date": 20231024, 
      "Value" : 6.820000
    },
    {
      "Date": 20231127, 
      "Value" : 11.630000
    }
  ]
}