{
  "Color": "rgb(244, 55, 244)", 
  "Point": [
    {
      "Date": 20230712, 
      "Value" : 9.670000
    },
    {
      "Date": 20231019, 
      "Value" : 7.530000
    },
    {
      "Date": 20231228, 
      "Value" : 18.850000
    },
    {
      "Date": 20240208, 
      "Value" : 10.310000
    }
  ]
}