{
  "Color": "rgb(244, 55, 244)", 
  "Point": [
    {
      "Date": 20231212, 
      "Value" : 23.330000
    },
    {
      "Date": 20231227, 
      "Value" : 30.580000
    },
    {
      "Date": 20240709, 
      "Value" : 12.740000
    }
  ]
}