{
  "Color": "rgb(244, 55, 244)", 
  "Point": [
    {
      "Date": 20230818, 
      "Value" : 12.590000
    },
    {
      "Date": 20231024, 
      "Value" : 7.950000
    },
    {
      "Date": 20240125, 
      "Value" : 25.299999
    },
    {
      "Date": 20240606, 
      "Value" : 10.520000
    }
  ]
}