{
  "Color": "rgb(244, 55, 244)", 
  "Point": [
    {
      "Date": 20230818, 
      "Value" : 12.790000
    },
    {
      "Date": 20231024, 
      "Value" : 8.150000
    },
    {
      "Date": 20231127, 
      "Value" : 21.340000
    }
  ]
}