{
  "Color": "rgb(244, 55, 244)", 
  "Point": [
    {
      "Date": 20230712, 
      "Value" : 4.390000
    },
    {
      "Date": 20231023, 
      "Value" : 3.800000
    },
    {
      "Date": 20231215, 
      "Value" : 12.420000
    },
    {
      "Date": 20240709, 
      "Value" : 4.480000
    }
  ]
}