{
  "Color": "rgb(244, 55, 244)", 
  "Point": [
    {
      "Date": 20230712, 
      "Value" : 5.850000
    },
    {
      "Date": 20231024, 
      "Value" : 4.460000
    },
    {
      "Date": 20231226, 
      "Value" : 18.070000
    },
    {
      "Date": 20240709, 
      "Value" : 7.010000
    }
  ]
}