{
  "Color": "rgb(244, 55, 244)", 
  "Point": [
    {
      "Date": 20230712, 
      "Value" : 6.010000
    },
    {
      "Date": 20231024, 
      "Value" : 4.620000
    },
    {
      "Date": 20231226, 
      "Value" : 18.230000
    },
    {
      "Date": 20240208, 
      "Value" : 10.000000
    }
  ]
}