{
  "Color": "rgb(244, 55, 244)", 
  "Point": [
    {
      "Date": 20230712, 
      "Value" : 4.480000
    },
    {
      "Date": 20231023, 
      "Value" : 3.890000
    },
    {
      "Date": 20231215, 
      "Value" : 12.510000
    },
    {
      "Date": 20240208, 
      "Value" : 6.220000
    }
  ]
}