{
  "Color": "rgb(244, 55, 244)", 
  "Point": [
    {
      "Date": 20230712, 
      "Value" : 6.120000
    },
    {
      "Date": 20231023, 
      "Value" : 4.740000
    },
    {
      "Date": 20231206, 
      "Value" : 14.000000
    }
  ]
}