{
  "Color": "rgb(244, 55, 244)", 
  "Point": [
    {
      "Date": 20230712, 
      "Value" : 4.610000
    },
    {
      "Date": 20231023, 
      "Value" : 3.970000
    },
    {
      "Date": 20240105, 
      "Value" : 10.150000
    },
    {
      "Date": 20240205, 
      "Value" : 5.350000
    }
  ]
}