{
  "Color": "rgb(244, 55, 244)", 
  "Point": [
    {
      "Date": 20231221, 
      "Value" : 39.689999
    },
    {
      "Date": 20240205, 
      "Value" : 13.980000
    }
  ]
}