{
  "Color": "rgb(244, 55, 244)", 
  "Point": [
    {
      "Date": 20230712, 
      "Value" : 5.080000
    },
    {
      "Date": 20231024, 
      "Value" : 4.620000
    },
    {
      "Date": 20240104, 
      "Value" : 10.200000
    },
    {
      "Date": 20240208, 
      "Value" : 6.040000
    }
  ]
}