{
  "Color": "rgb(244, 55, 244)", 
  "Point": [
    {
      "Date": 20230712, 
      "Value" : 5.080000
    },
    {
      "Date": 20231024, 
      "Value" : 4.620000
    },
    {
      "Date": 20231218, 
      "Value" : 9.980000
    }
  ]
}