{
  "Color": "rgb(244, 55, 244)", 
  "Point": [
    {
      "Date": 20230711, 
      "Value" : 9.250000
    },
    {
      "Date": 20240104, 
      "Value" : 14.000000
    },
    {
      "Date": 20240205, 
      "Value" : 8.590000
    }
  ]
}