{
  "Color": "rgb(244, 55, 244)", 
  "Point": [
    {
      "Date": 20230711, 
      "Value" : 9.100000
    },
    {
      "Date": 20240104, 
      "Value" : 13.850000
    },
    {
      "Date": 20240709, 
      "Value" : 7.510000
    }
  ]
}