{
  "Color": "rgb(244, 55, 244)", 
  "Point": [
    {
      "Date": 20230712, 
      "Value" : 13.120000
    },
    {
      "Date": 20231024, 
      "Value" : 9.640000
    },
    {
      "Date": 20240102, 
      "Value" : 22.299999
    },
    {
      "Date": 20240205, 
      "Value" : 9.960000
    }
  ]
}