{
  "Color": "rgb(244, 55, 244)", 
  "Point": [
    {
      "Date": 20230712, 
      "Value" : 5.480000
    },
    {
      "Date": 20231020, 
      "Value" : 4.500000
    },
    {
      "Date": 20240102, 
      "Value" : 10.800000
    },
    {
      "Date": 20240208, 
      "Value" : 6.090000
    }
  ]
}