{
  "Color": "rgb(244, 55, 244)", 
  "Point": [
    {
      "Date": 20230712, 
      "Value" : 15.560000
    },
    {
      "Date": 20231023, 
      "Value" : 13.010000
    },
    {
      "Date": 20231128, 
      "Value" : 46.000000
    }
  ]
}