{
  "Color": "rgb(244, 55, 244)", 
  "Point": [
    {
      "Date": 20230821, 
      "Value" : 8.320000
    },
    {
      "Date": 20231023, 
      "Value" : 6.010000
    },
    {
      "Date": 20231214, 
      "Value" : 18.799999
    }
  ]
}