{
  "Color": "rgb(244, 55, 244)", 
  "Point": [
    {
      "Date": 20240118, 
      "Value" : 15.840000
    },
    {
      "Date": 20240206, 
      "Value" : 8.280000
    },
    {
      "Date": 20240509, 
      "Value" : 11.020000
    },
    {
      "Date": 20240709, 
      "Value" : 8.750000
    }
  ]
}