{
  "Color": "rgb(244, 55, 244)", 
  "Point": [
    {
      "Date": 20240119, 
      "Value" : 13.480000
    },
    {
      "Date": 20240910, 
      "Value" : 7.960000
    },
    {
      "Date": 20250409, 
      "Value" : 55.970001
    },
    {
      "Date": 20250430, 
      "Value" : 29.600000
    }
  ]
}