{
  "Color": "rgb(244, 55, 244)", 
  "Point": [
    {
      "Date": 20240118, 
      "Value" : 20.790001
    },
    {
      "Date": 20240206, 
      "Value" : 10.970000
    }
  ]
}