{
  "Color": "rgb(244, 55, 244)", 
  "Point": [
    {
      "Date": 20230712, 
      "Value" : 11.990000
    },
    {
      "Date": 20231023, 
      "Value" : 8.270000
    },
    {
      "Date": 20231221, 
      "Value" : 29.100000
    },
    {
      "Date": 20240115, 
      "Value" : 15.860000
    }
  ]
}