{
  "Color": "rgb(244, 55, 244)", 
  "Point": [
    {
      "Date": 20230712, 
      "Value" : 7.540000
    },
    {
      "Date": 20230828, 
      "Value" : 5.050000
    },
    {
      "Date": 20240103, 
      "Value" : 16.240000
    },
    {
      "Date": 20240709, 
      "Value" : 8.500000
    }
  ]
}