{
  "Color": "rgb(244, 55, 244)", 
  "Point": [
    {
      "Date": 20230817, 
      "Value" : 14.890000
    },
    {
      "Date": 20231023, 
      "Value" : 7.300000
    },
    {
      "Date": 20231213, 
      "Value" : 28.900000
    }
  ]
}