{
  "Color": "rgb(244, 55, 244)", 
  "Point": [
    {
      "Date": 20230712, 
      "Value" : 5.310000
    },
    {
      "Date": 20231023, 
      "Value" : 5.080000
    },
    {
      "Date": 20240430, 
      "Value" : 17.530001
    },
    {
      "Date": 20240715, 
      "Value" : 14.110000
    }
  ]
}