{
  "Color": "rgb(244, 55, 244)", 
  "Point": [
    {
      "Date": 20230712, 
      "Value" : 9.680000
    },
    {
      "Date": 20230825, 
      "Value" : 8.350000
    },
    {
      "Date": 20231129, 
      "Value" : 21.469999
    }
  ]
}