{
  "Color": "rgb(244, 55, 244)", 
  "Point": [
    {
      "Date": 20230712, 
      "Value" : 19.160000
    },
    {
      "Date": 20231023, 
      "Value" : 15.190000
    },
    {
      "Date": 20231215, 
      "Value" : 35.490002
    }
  ]
}