{
  "Color": "rgb(244, 55, 244)", 
  "Point": [
    {
      "Date": 20230712, 
      "Value" : 8.470000
    },
    {
      "Date": 20230821, 
      "Value" : 8.170000
    },
    {
      "Date": 20240119, 
      "Value" : 21.700001
    },
    {
      "Date": 20240709, 
      "Value" : 9.320000
    }
  ]
}