{
  "Color": "rgb(244, 55, 244)", 
  "Point": [
    {
      "Date": 20230712, 
      "Value" : 2.970000
    },
    {
      "Date": 20231023, 
      "Value" : 2.610000
    },
    {
      "Date": 20240109, 
      "Value" : 5.300000
    },
    {
      "Date": 20240205, 
      "Value" : 3.310000
    }
  ]
}