{
  "Color": "rgb(244, 55, 244)", 
  "Point": [
    {
      "Date": 20230712, 
      "Value" : 12.310000
    },
    {
      "Date": 20230822, 
      "Value" : 10.210000
    },
    {
      "Date": 20231127, 
      "Value" : 16.330000
    }
  ]
}