{
  "Color": "rgb(244, 55, 244)", 
  "Point": [
    {
      "Date": 20230712, 
      "Value" : 8.570000
    },
    {
      "Date": 20231024, 
      "Value" : 5.360000
    },
    {
      "Date": 20231215, 
      "Value" : 12.740000
    }
  ]
}