{
  "Color": "rgb(244, 55, 244)", 
  "Point": [
    {
      "Date": 20230712, 
      "Value" : 8.570000
    },
    {
      "Date": 20231024, 
      "Value" : 5.360000
    },
    {
      "Date": 20240103, 
      "Value" : 17.280001
    },
    {
      "Date": 20240130, 
      "Value" : 9.950000
    }
  ]
}