{
  "Color": "rgb(244, 55, 244)", 
  "Point": [
    {
      "Date": 20230720, 
      "Value" : 10.250000
    },
    {
      "Date": 20230829, 
      "Value" : 5.850000
    },
    {
      "Date": 20231220, 
      "Value" : 15.500000
    }
  ]
}