{
  "Color": "rgb(244, 55, 244)", 
  "Point": [
    {
      "Date": 20230712, 
      "Value" : 4.970000
    },
    {
      "Date": 20231024, 
      "Value" : 3.770000
    },
    {
      "Date": 20231214, 
      "Value" : 12.670000
    },
    {
      "Date": 20240202, 
      "Value" : 6.480000
    }
  ]
}