{
  "Color": "rgb(244, 55, 244)", 
  "Point": [
    {
      "Date": 20230712, 
      "Value" : 7.570000
    },
    {
      "Date": 20231026, 
      "Value" : 6.720000
    },
    {
      "Date": 20231222, 
      "Value" : 15.880000
    }
  ]
}