{
  "Color": "rgb(244, 55, 244)", 
  "Point": [
    {
      "Date": 20230712, 
      "Value" : 7.570000
    },
    {
      "Date": 20231026, 
      "Value" : 6.720000
    },
    {
      "Date": 20240102, 
      "Value" : 19.930000
    },
    {
      "Date": 20240208, 
      "Value" : 9.520000
    }
  ]
}