{
  "Color": "rgb(244, 55, 244)", 
  "Point": [
    {
      "Date": 20230712, 
      "Value" : 12.050000
    },
    {
      "Date": 20231024, 
      "Value" : 9.810000
    },
    {
      "Date": 20231221, 
      "Value" : 21.070000
    }
  ]
}