{
  "Color": "rgb(244, 55, 244)", 
  "Point": [
    {
      "Date": 20230712, 
      "Value" : 3.500000
    },
    {
      "Date": 20231024, 
      "Value" : 3.150000
    },
    {
      "Date": 20231206, 
      "Value" : 7.200000
    },
    {
      "Date": 20240205, 
      "Value" : 3.880000
    }
  ]
}