{
  "Color": "rgb(244, 55, 244)", 
  "Point": [
    {
      "Date": 20230712, 
      "Value" : 13.600000
    },
    {
      "Date": 20231024, 
      "Value" : 10.300000
    },
    {
      "Date": 20240105, 
      "Value" : 28.350000
    },
    {
      "Date": 20240205, 
      "Value" : 13.410000
    }
  ]
}