{
  "Color": "rgb(244, 55, 244)", 
  "Point": [
    {
      "Date": 20230712, 
      "Value" : 15.000000
    },
    {
      "Date": 20231031, 
      "Value" : 11.110000
    },
    {
      "Date": 20231123, 
      "Value" : 18.770000
    }
  ]
}