{
  "Color": "rgb(244, 55, 244)", 
  "Point": [
    {
      "Date": 20230711, 
      "Value" : 6.700000
    },
    {
      "Date": 20231127, 
      "Value" : 10.360000
    },
    {
      "Date": 20240205, 
      "Value" : 5.100000
    }
  ]
}