{
  "Color": "rgb(244, 55, 244)", 
  "Point": [
    {
      "Date": 20230711, 
      "Value" : 6.520000
    },
    {
      "Date": 20231127, 
      "Value" : 10.180000
    },
    {
      "Date": 20240709, 
      "Value" : 4.880000
    }
  ]
}