{
  "Color": "rgb(244, 55, 244)", 
  "Point": [
    {
      "Date": 20230711, 
      "Value" : 13.920000
    },
    {
      "Date": 20240102, 
      "Value" : 16.379999
    },
    {
      "Date": 20240205, 
      "Value" : 9.500000
    }
  ]
}