{
  "Color": "rgb(244, 55, 244)", 
  "Point": [
    {
      "Date": 20230712, 
      "Value" : 14.150000
    },
    {
      "Date": 20231020, 
      "Value" : 10.010000
    },
    {
      "Date": 20231127, 
      "Value" : 15.930000
    }
  ]
}