{
  "Color": "rgb(244, 55, 244)", 
  "Point": [
    {
      "Date": 20230712, 
      "Value" : 5.650000
    },
    {
      "Date": 20231024, 
      "Value" : 4.920000
    },
    {
      "Date": 20240123, 
      "Value" : 14.960000
    },
    {
      "Date": 20240208, 
      "Value" : 8.000000
    }
  ]
}