{
  "Color": "rgb(244, 55, 244)", 
  "Point": [
    {
      "Date": 20230712, 
      "Value" : 5.650000
    },
    {
      "Date": 20231024, 
      "Value" : 4.920000
    },
    {
      "Date": 20231221, 
      "Value" : 14.560000
    }
  ]
}