{
  "Color": "rgb(244, 55, 244)", 
  "Point": [
    {
      "Date": 20230712, 
      "Value" : 4.180000
    },
    {
      "Date": 20231026, 
      "Value" : 3.770000
    },
    {
      "Date": 20240103, 
      "Value" : 10.990000
    },
    {
      "Date": 20240208, 
      "Value" : 6.200000
    }
  ]
}