{
  "Color": "rgb(244, 55, 244)", 
  "Point": [
    {
      "Date": 20230712, 
      "Value" : 7.180000
    },
    {
      "Date": 20231024, 
      "Value" : 6.000000
    },
    {
      "Date": 20231128, 
      "Value" : 17.650000
    }
  ]
}