{
  "Color": "rgb(244, 55, 244)", 
  "Point": [
    {
      "Date": 20230712, 
      "Value" : 7.180000
    },
    {
      "Date": 20231024, 
      "Value" : 6.000000
    },
    {
      "Date": 20240102, 
      "Value" : 19.240000
    },
    {
      "Date": 20240308, 
      "Value" : 9.370000
    }
  ]
}