{
  "Color": "rgb(244, 55, 244)", 
  "Point": [
    {
      "Date": 20230712, 
      "Value" : 8.590000
    },
    {
      "Date": 20231023, 
      "Value" : 6.720000
    },
    {
      "Date": 20240102, 
      "Value" : 30.450001
    },
    {
      "Date": 20240206, 
      "Value" : 16.500000
    }
  ]
}