{
  "Color": "rgb(244, 55, 244)", 
  "Point": [
    {
      "Date": 20230712, 
      "Value" : 6.150000
    },
    {
      "Date": 20230825, 
      "Value" : 4.790000
    },
    {
      "Date": 20231129, 
      "Value" : 14.870000
    },
    {
      "Date": 20240205, 
      "Value" : 5.810000
    }
  ]
}