{
  "Color": "rgb(244, 55, 244)", 
  "Point": [
    {
      "Date": 20230712, 
      "Value" : 7.600000
    },
    {
      "Date": 20231023, 
      "Value" : 6.600000
    },
    {
      "Date": 20231221, 
      "Value" : 15.150000
    }
  ]
}