{
  "Color": "rgb(244, 55, 244)", 
  "Point": [
    {
      "Date": 20240202, 
      "Value" : 19.910000
    },
    {
      "Date": 20240208, 
      "Value" : 13.840000
    }
  ]
}