{
  "Color": "rgb(244, 55, 244)", 
  "Point": [
    {
      "Date": 20240202, 
      "Value" : 19.410000
    },
    {
      "Date": 20240709, 
      "Value" : 13.120000
    }
  ]
}