{
  "Color": "rgb(244, 55, 244)", 
  "Point": [
    {
      "Date": 20230809, 
      "Value" : 12.070000
    },
    {
      "Date": 20231024, 
      "Value" : 8.610000
    },
    {
      "Date": 20231127, 
      "Value" : 21.080000
    }
  ]
}