{
  "Color": "rgb(244, 55, 244)", 
  "Point": [
    {
      "Date": 20230809, 
      "Value" : 12.070000
    },
    {
      "Date": 20231024, 
      "Value" : 8.610000
    },
    {
      "Date": 20240119, 
      "Value" : 30.510000
    },
    {
      "Date": 20240208, 
      "Value" : 14.220000
    }
  ]
}