{
  "Color": "rgb(244, 55, 244)", 
  "Point": [
    {
      "Date": 20230712, 
      "Value" : 5.570000
    },
    {
      "Date": 20231023, 
      "Value" : 5.150000
    },
    {
      "Date": 20231221, 
      "Value" : 8.730000
    },
    {
      "Date": 20240709, 
      "Value" : 4.850000
    }
  ]
}