{
  "Color": "rgb(244, 55, 244)", 
  "Point": [
    {
      "Date": 20230904, 
      "Value" : 15.710000
    },
    {
      "Date": 20231024, 
      "Value" : 7.580000
    },
    {
      "Date": 20231128, 
      "Value" : 18.700001
    }
  ]
}