{
  "Color": "rgb(244, 55, 244)", 
  "Point": [
    {
      "Date": 20230712, 
      "Value" : 8.690000
    },
    {
      "Date": 20231106, 
      "Value" : 7.870000
    },
    {
      "Date": 20231221, 
      "Value" : 14.760000
    }
  ]
}