{
  "Color": "rgb(244, 55, 244)", 
  "Point": [
    {
      "Date": 20231228, 
      "Value" : 24.400000
    },
    {
      "Date": 20240202, 
      "Value" : 12.410000
    }
  ]
}