{
  "Color": "rgb(244, 55, 244)", 
  "Point": [
    {
      "Date": 20230712, 
      "Value" : 8.690000
    },
    {
      "Date": 20231106, 
      "Value" : 7.870000
    },
    {
      "Date": 20240104, 
      "Value" : 15.300000
    },
    {
      "Date": 20240208, 
      "Value" : 9.400000
    }
  ]
}