{
  "Color": "rgb(244, 55, 244)", 
  "Point": [
    {
      "Date": 20230712, 
      "Value" : 7.350000
    },
    {
      "Date": 20231023, 
      "Value" : 6.950000
    },
    {
      "Date": 20240103, 
      "Value" : 17.500000
    },
    {
      "Date": 20240205, 
      "Value" : 8.880000
    }
  ]
}