{
  "Color": "rgb(244, 55, 244)", 
  "Point": [
    {
      "Date": 20230712, 
      "Value" : 8.270000
    },
    {
      "Date": 20231024, 
      "Value" : 7.320000
    },
    {
      "Date": 20231228, 
      "Value" : 21.799999
    },
    {
      "Date": 20240202, 
      "Value" : 10.000000
    }
  ]
}