{
  "Color": "rgb(244, 55, 244)", 
  "Point": [
    {
      "Date": 20230712, 
      "Value" : 3.690000
    },
    {
      "Date": 20231024, 
      "Value" : 3.010000
    },
    {
      "Date": 20231221, 
      "Value" : 6.280000
    }
  ]
}