{
  "Color": "rgb(244, 55, 244)", 
  "Point": [
    {
      "Date": 20230712, 
      "Value" : 10.660000
    },
    {
      "Date": 20231023, 
      "Value" : 8.880000
    },
    {
      "Date": 20231227, 
      "Value" : 32.090000
    },
    {
      "Date": 20240208, 
      "Value" : 14.900000
    }
  ]
}