{
  "Color": "rgb(244, 55, 244)", 
  "Point": [
    {
      "Date": 20230712, 
      "Value" : 6.340000
    },
    {
      "Date": 20230831, 
      "Value" : 5.700000
    },
    {
      "Date": 20240104, 
      "Value" : 17.889999
    },
    {
      "Date": 20240306, 
      "Value" : 9.850000
    }
  ]
}