{
  "Color": "rgb(244, 55, 244)", 
  "Point": [
    {
      "Date": 20230712, 
      "Value" : 3.210000
    },
    {
      "Date": 20230825, 
      "Value" : 3.020000
    },
    {
      "Date": 20231127, 
      "Value" : 10.000000
    },
    {
      "Date": 20240208, 
      "Value" : 4.890000
    }
  ]
}