{
  "Color": "rgb(244, 55, 244)", 
  "Point": [
    {
      "Date": 20230711, 
      "Value" : 47.520000
    },
    {
      "Date": 20230718, 
      "Value" : 64.570000
    },
    {
      "Date": 20231023, 
      "Value" : 30.299999
    },
    {
      "Date": 20231127, 
      "Value" : 49.480000
    }
  ]
}