{
  "Color": "rgb(244, 55, 244)", 
  "Point": [
    {
      "Date": 20230712, 
      "Value" : 50.709999
    },
    {
      "Date": 20240829, 
      "Value" : 25.000000
    },
    {
      "Date": 20241021, 
      "Value" : 86.489998
    }
  ]
}