{
  "Color": "rgb(244, 55, 244)", 
  "Point": [
    {
      "Date": 20240408, 
      "Value" : 13.770000
    },
    {
      "Date": 20240710, 
      "Value" : 7.100000
    }
  ]
}