{
  "Color": "rgb(244, 55, 244)", 
  "Point": [
    {
      "Date": 20230823, 
      "Value" : 21.990000
    },
    {
      "Date": 20231023, 
      "Value" : 9.480000
    },
    {
      "Date": 20240105, 
      "Value" : 21.879999
    },
    {
      "Date": 20240205, 
      "Value" : 11.220000
    }
  ]
}