{
  "Color": "rgb(244, 55, 244)", 
  "Point": [
    {
      "Date": 20230712, 
      "Value" : 10.200000
    },
    {
      "Date": 20230830, 
      "Value" : 7.600000
    },
    {
      "Date": 20231127, 
      "Value" : 14.770000
    }
  ]
}