{
  "Color": "rgb(244, 55, 244)", 
  "Point": [
    {
      "Date": 20240408, 
      "Value" : 13.770000
    },
    {
      "Date": 20240918, 
      "Value" : 6.360000
    },
    {
      "Date": 20241030, 
      "Value" : 13.000000
    }
  ]
}