{
  "Color": "rgb(244, 55, 244)", 
  "Point": [
    {
      "Date": 20230712, 
      "Value" : 5.380000
    },
    {
      "Date": 20231023, 
      "Value" : 4.320000
    },
    {
      "Date": 20231220, 
      "Value" : 9.000000
    }
  ]
}