{
  "Color": "rgb(244, 55, 244)", 
  "Point": [
    {
      "Date": 20231116, 
      "Value" : 20.270000
    },
    {
      "Date": 20240416, 
      "Value" : 7.730000
    },
    {
      "Date": 20240527, 
      "Value" : 10.370000
    },
    {
      "Date": 20240709, 
      "Value" : 7.040000
    }
  ]
}