{
  "Color": "rgb(244, 55, 244)", 
  "Point": [
    {
      "Date": 20230712, 
      "Value" : 9.240000
    },
    {
      "Date": 20230825, 
      "Value" : 8.080000
    },
    {
      "Date": 20240105, 
      "Value" : 19.000000
    },
    {
      "Date": 20240205, 
      "Value" : 9.310000
    }
  ]
}