{
  "Color": "rgb(244, 55, 244)", 
  "Point": [
    {
      "Date": 20230712, 
      "Value" : 11.720000
    },
    {
      "Date": 20231024, 
      "Value" : 9.600000
    },
    {
      "Date": 20231221, 
      "Value" : 23.660000
    },
    {
      "Date": 20240205, 
      "Value" : 12.890000
    }
  ]
}