{
  "Color": "rgb(244, 55, 244)", 
  "Point": [
    {
      "Date": 20230712, 
      "Value" : 4.080000
    },
    {
      "Date": 20231026, 
      "Value" : 3.500000
    },
    {
      "Date": 20231229, 
      "Value" : 7.250000
    },
    {
      "Date": 20240709, 
      "Value" : 3.690000
    }
  ]
}