{
  "Color": "rgb(244, 55, 244)", 
  "Point": [
    {
      "Date": 20230713, 
      "Value" : 16.250000
    },
    {
      "Date": 20231024, 
      "Value" : 11.000000
    },
    {
      "Date": 20231128, 
      "Value" : 28.330000
    }
  ]
}