{
  "Color": "rgb(244, 55, 244)", 
  "Point": [
    {
      "Date": 20230713, 
      "Value" : 16.250000
    },
    {
      "Date": 20231024, 
      "Value" : 11.000000
    },
    {
      "Date": 20240102, 
      "Value" : 32.820000
    },
    {
      "Date": 20240208, 
      "Value" : 18.700001
    }
  ]
}