{
  "Color": "rgb(244, 55, 244)", 
  "Point": [
    {
      "Date": 20231124, 
      "Value" : 48.160000
    },
    {
      "Date": 20240205, 
      "Value" : 19.469999
    },
    {
      "Date": 20240228, 
      "Value" : 62.730000
    },
    {
      "Date": 20240709, 
      "Value" : 20.799999
    }
  ]
}