{
  "Color": "rgb(244, 55, 244)", 
  "Point": [
    {
      "Date": 20230712, 
      "Value" : 6.760000
    },
    {
      "Date": 20231027, 
      "Value" : 6.080000
    },
    {
      "Date": 20231221, 
      "Value" : 10.870000
    }
  ]
}