{
  "Color": "rgb(244, 55, 244)", 
  "Point": [
    {
      "Date": 20240105, 
      "Value" : 24.780001
    },
    {
      "Date": 20240205, 
      "Value" : 10.060000
    }
  ]
}