{
  "Color": "rgb(244, 55, 244)", 
  "Point": [
    {
      "Date": 20230927, 
      "Value" : 6.160000
    },
    {
      "Date": 20231023, 
      "Value" : 5.150000
    },
    {
      "Date": 20231221, 
      "Value" : 11.990000
    }
  ]
}