{
  "Color": "rgb(244, 55, 244)", 
  "Point": [
    {
      "Date": 20231110, 
      "Value" : 30.700001
    },
    {
      "Date": 20240918, 
      "Value" : 9.700000
    }
  ]
}