{
  "Color": "rgb(244, 55, 244)", 
  "Point": [
    {
      "Date": 20230927, 
      "Value" : 5.910000
    },
    {
      "Date": 20231023, 
      "Value" : 4.900000
    },
    {
      "Date": 20241101, 
      "Value" : 14.400000
    }
  ]
}