{
  "Color": "rgb(244, 55, 244)", 
  "Point": [
    {
      "Date": 20231110, 
      "Value" : 31.000000
    },
    {
      "Date": 20240709, 
      "Value" : 10.910000
    }
  ]
}