{
  "Color": "rgb(244, 55, 244)", 
  "Point": [
    {
      "Date": 20231110, 
      "Value" : 32.000000
    },
    {
      "Date": 20240205, 
      "Value" : 12.980000
    }
  ]
}