{
  "Color": "rgb(244, 55, 244)", 
  "Point": [
    {
      "Date": 20231128, 
      "Value" : 70.959999
    },
    {
      "Date": 20240208, 
      "Value" : 27.969999
    },
    {
      "Date": 20240307, 
      "Value" : 33.959999
    },
    {
      "Date": 20240521, 
      "Value" : 19.959999
    }
  ]
}