{
  "Color": "rgb(244, 55, 244)", 
  "Point": [
    {
      "Date": 20231019, 
      "Value" : 21.540001
    },
    {
      "Date": 20240104, 
      "Value" : 49.259998
    },
    {
      "Date": 20240913, 
      "Value" : 14.060000
    },
    {
      "Date": 20241029, 
      "Value" : 30.299999
    }
  ]
}