{
  "Color": "rgb(244, 55, 244)", 
  "Point": [
    {
      "Date": 20240308, 
      "Value" : 19.750000
    },
    {
      "Date": 20240709, 
      "Value" : 8.090000
    }
  ]
}