{
  "Color": "rgb(244, 55, 244)", 
  "Point": [
    {
      "Date": 20231205, 
      "Value" : 36.410000
    },
    {
      "Date": 20240205, 
      "Value" : 14.740000
    },
    {
      "Date": 20240422, 
      "Value" : 21.040001
    },
    {
      "Date": 20240709, 
      "Value" : 13.550000
    }
  ]
}