{
  "Color": "rgb(244, 55, 244)", 
  "Point": [
    {
      "Date": 20240308, 
      "Value" : 19.750000
    },
    {
      "Date": 20240913, 
      "Value" : 7.940000
    }
  ]
}