{
  "Color": "rgb(244, 55, 244)", 
  "Point": [
    {
      "Date": 20231108, 
      "Value" : 16.209999
    },
    {
      "Date": 20231128, 
      "Value" : 19.980000
    },
    {
      "Date": 20240709, 
      "Value" : 7.300000
    }
  ]
}