{
  "Color": "rgb(244, 55, 244)", 
  "Point": [
    {
      "Date": 20231109, 
      "Value" : 14.990000
    },
    {
      "Date": 20231120, 
      "Value" : 11.600000
    },
    {
      "Date": 20231128, 
      "Value" : 20.280001
    }
  ]
}