{
  "Color": "rgb(244, 55, 244)", 
  "Point": [
    {
      "Date": 20240112, 
      "Value" : 11.480000
    },
    {
      "Date": 20240910, 
      "Value" : 7.110000
    },
    {
      "Date": 20241030, 
      "Value" : 18.900000
    }
  ]
}