{
  "Color": "rgb(244, 55, 244)", 
  "Point": [
    {
      "Date": 20231108, 
      "Value" : 16.510000
    },
    {
      "Date": 20231128, 
      "Value" : 20.280001
    },
    {
      "Date": 20240205, 
      "Value" : 8.130000
    }
  ]
}