{
  "Color": "rgb(244, 55, 244)", 
  "Point": [
    {
      "Date": 20230712, 
      "Value" : 875.299988
    },
    {
      "Date": 20231023, 
      "Value" : 702.549988
    },
    {
      "Date": 20231127, 
      "Value" : 1114.260010
    }
  ]
}