{
  "Color": "rgb(244, 55, 244)", 
  "Point": [
    {
      "Date": 20060821, 
      "Value" : -0.080000
    },
    {
      "Date": 20070806, 
      "Value" : 17.150000
    },
    {
      "Date": 20130709, 
      "Value" : 2.360000
    }
  ]
}