{
  "Color": "rgb(244, 55, 244)", 
  "Point": [
    {
      "Date": 20060510, 
      "Value" : 1.470000
    },
    {
      "Date": 20080107, 
      "Value" : 24.000000
    }
  ]
}