{
  "Color": "rgb(244, 55, 244)", 
  "Point": [
    {
      "Date": 20060510, 
      "Value" : 1.400000
    },
    {
      "Date": 20080107, 
      "Value" : 23.930000
    }
  ]
}