{
  "Color": "rgb(244, 55, 244)", 
  "Point": [
    {
      "Date": 20021113, 
      "Value" : 5.150000
    },
    {
      "Date": 20030418, 
      "Value" : 6.880000
    },
    {
      "Date": 20031222, 
      "Value" : 3.830000
    }
  ]
}