{
  "Color": "rgb(244, 55, 244)", 
  "Point": [
    {
      "Date": 20021113, 
      "Value" : 5.120000
    },
    {
      "Date": 20030418, 
      "Value" : 6.840000
    },
    {
      "Date": 20031222, 
      "Value" : 3.800000
    }
  ]
}