{
  "Color": "rgb(244, 55, 244)", 
  "Point": [
    {
      "Date": 20191231, 
      "Value" : 1000.000000
    },
    {
      "Date": 20200714, 
      "Value" : 1726.189941
    },
    {
      "Date": 20220427, 
      "Value" : 853.210022
    }
  ]
}