{
  "Color": "rgb(244, 55, 244)", 
  "Point": [
    {
      "Date": 20060612, 
      "Value" : 1.930000
    },
    {
      "Date": 20150618, 
      "Value" : 42.820000
    },
    {
      "Date": 20220427, 
      "Value" : 3.260000
    },
    {
      "Date": 20230608, 
      "Value" : 9.900000
    }
  ]
}