{
  "Color": "rgb(244, 55, 244)", 
  "Point": [
    {
      "Date": 20030106, 
      "Value" : 2.980000
    },
    {
      "Date": 20030415, 
      "Value" : 4.250000
    },
    {
      "Date": 20031104, 
      "Value" : 2.030000
    }
  ]
}