{
  "Color": "rgb(244, 55, 244)", 
  "Point": [
    {
      "Date": 20060815, 
      "Value" : 2.010000
    },
    {
      "Date": 20150618, 
      "Value" : 15.650000
    }
  ]
}