{
  "Color": "rgb(244, 55, 244)", 
  "Point": [
    {
      "Date": 20030106, 
      "Value" : 2.930000
    },
    {
      "Date": 20030415, 
      "Value" : 4.200000
    },
    {
      "Date": 20031104, 
      "Value" : 1.980000
    }
  ]
}