{
  "Color": "rgb(244, 55, 244)", 
  "Point": [
    {
      "Date": 20230927, 
      "Value" : 34.860001
    },
    {
      "Date": 20240206, 
      "Value" : 14.020000
    },
    {
      "Date": 20250320, 
      "Value" : 34.410000
    }
  ]
}