{
  "Color": "rgb(244, 55, 244)", 
  "Point": [
    {
      "Date": 20220812, 
      "Value" : 44.770000
    },
    {
      "Date": 20240207, 
      "Value" : 18.820000
    }
  ]
}