{
  "Color": "rgb(244, 55, 244)", 
  "Point": [
    {
      "Date": 20211015, 
      "Value" : 45.560001
    },
    {
      "Date": 20221031, 
      "Value" : 19.180000
    },
    {
      "Date": 20230712, 
      "Value" : 23.980000
    }
  ]
}