{
  "Color": "rgb(244, 55, 244)", 
  "Point": [
    {
      "Date": 20211222, 
      "Value" : 17.660000
    },
    {
      "Date": 20240205, 
      "Value" : 7.500000
    },
    {
      "Date": 20250310, 
      "Value" : 26.990000
    }
  ]
}