{
  "Color": "rgb(244, 55, 244)", 
  "Point": [
    {
      "Date": 20210804, 
      "Value" : 40.099998
    },
    {
      "Date": 20240208, 
      "Value" : 9.130000
    },
    {
      "Date": 20250509, 
      "Value" : 15.980000
    }
  ]
}