{
  "Color": "rgb(244, 55, 244)", 
  "Point": [
    {
      "Date": 20230410, 
      "Value" : 40.070000
    },
    {
      "Date": 20240206, 
      "Value" : 14.390000
    },
    {
      "Date": 20241210, 
      "Value" : 25.510000
    },
    {
      "Date": 20250409, 
      "Value" : 15.120000
    }
  ]
}