{
  "Color": "rgb(244, 55, 244)", 
  "Point": [
    {
      "Date": 20210810, 
      "Value" : 49.599998
    },
    {
      "Date": 20230426, 
      "Value" : 20.049999
    },
    {
      "Date": 20230906, 
      "Value" : 23.490000
    }
  ]
}