{
  "Color": "rgb(244, 55, 244)", 
  "Point": [
    {
      "Date": 20220824, 
      "Value" : 33.869999
    },
    {
      "Date": 20230425, 
      "Value" : 19.940001
    }
  ]
}