{
  "Color": "rgb(244, 55, 244)", 
  "Point": [
    {
      "Date": 20211026, 
      "Value" : 20.260000
    },
    {
      "Date": 20220427, 
      "Value" : 10.460000
    },
    {
      "Date": 20240124, 
      "Value" : 22.760000
    }
  ]
}