{
  "Color": "rgb(244, 55, 244)", 
  "Point": [
    {
      "Date": 20210810, 
      "Value" : 49.599998
    },
    {
      "Date": 20240208, 
      "Value" : 11.440000
    },
    {
      "Date": 20250221, 
      "Value" : 25.459999
    }
  ]
}