{
  "Color": "rgb(244, 55, 244)", 
  "Point": [
    {
      "Date": 20221226, 
      "Value" : 55.009998
    },
    {
      "Date": 20230208, 
      "Value" : 111.690002
    }
  ]
}