{
  "Color": "rgb(244, 55, 244)", 
  "Point": [
    {
      "Date": 20210630, 
      "Value" : 31.910000
    },
    {
      "Date": 20240207, 
      "Value" : 9.620000
    },
    {
      "Date": 20241029, 
      "Value" : 20.320000
    }
  ]
}