{
  "Color": "rgb(244, 55, 244)", 
  "Point": [
    {
      "Date": 20210630, 
      "Value" : 32.410000
    },
    {
      "Date": 20240207, 
      "Value" : 10.120000
    }
  ]
}