{
  "Color": "rgb(244, 55, 244)", 
  "Point": [
    {
      "Date": 20211130, 
      "Value" : 23.879999
    },
    {
      "Date": 20231023, 
      "Value" : 10.910000
    }
  ]
}