{
  "Color": "rgb(244, 55, 244)", 
  "Point": [
    {
      "Date": 20210527, 
      "Value" : 57.310001
    },
    {
      "Date": 20240206, 
      "Value" : 8.990000
    }
  ]
}