{
  "Color": "rgb(244, 55, 244)", 
  "Point": [
    {
      "Date": 20211015, 
      "Value" : 44.910000
    },
    {
      "Date": 20221031, 
      "Value" : 18.530001
    },
    {
      "Date": 20230605, 
      "Value" : 23.360001
    },
    {
      "Date": 20240206, 
      "Value" : 12.470000
    }
  ]
}