{
  "Color": "rgb(244, 55, 244)", 
  "Point": [
    {
      "Date": 20220629, 
      "Value" : 56.660000
    },
    {
      "Date": 20230425, 
      "Value" : 25.260000
    }
  ]
}