{
  "Color": "rgb(244, 55, 244)", 
  "Point": [
    {
      "Date": 20230825, 
      "Value" : 19.530001
    },
    {
      "Date": 20231123, 
      "Value" : 36.779999
    }
  ]
}