{
  "Color": "rgb(244, 55, 244)", 
  "Point": [
    {
      "Date": 20220930, 
      "Value" : 13.060000
    },
    {
      "Date": 20230308, 
      "Value" : 98.209999
    },
    {
      "Date": 20230922, 
      "Value" : 44.880001
    }
  ]
}