{
  "Color": "rgb(244, 55, 244)", 
  "Point": [
    {
      "Date": 20211231, 
      "Value" : 31.990000
    },
    {
      "Date": 20240206, 
      "Value" : 10.610000
    }
  ]
}