{
  "Color": "rgb(244, 55, 244)", 
  "Point": [
    {
      "Date": 20210527, 
      "Value" : 57.959999
    },
    {
      "Date": 20230627, 
      "Value" : 13.680000
    }
  ]
}