{
  "Color": "rgb(244, 55, 244)", 
  "Point": [
    {
      "Date": 20220707, 
      "Value" : 44.139999
    },
    {
      "Date": 20230425, 
      "Value" : 20.510000
    }
  ]
}