{
  "Color": "rgb(244, 55, 244)", 
  "Point": [
    {
      "Date": 20240903, 
      "Value" : 50.480000
    },
    {
      "Date": 20250409, 
      "Value" : 29.889999
    }
  ]
}