{
  "Color": "rgb(244, 55, 244)", 
  "Point": [
    {
      "Date": 20230216, 
      "Value" : 16.600000
    },
    {
      "Date": 20230227, 
      "Value" : 37.980000
    }
  ]
}