{
  "Color": "rgb(244, 55, 244)", 
  "Point": [
    {
      "Date": 20211130, 
      "Value" : 23.879999
    },
    {
      "Date": 20221011, 
      "Value" : 11.310000
    }
  ]
}