{
  "Color": "rgb(244, 55, 244)", 
  "Point": [
    {
      "Date": 20210915, 
      "Value" : 9.130000
    },
    {
      "Date": 20221011, 
      "Value" : 4.170000
    },
    {
      "Date": 20230510, 
      "Value" : 5.440000
    }
  ]
}