{
  "Color": "rgb(244, 55, 244)", 
  "Point": [
    {
      "Date": 20220121, 
      "Value" : 7.300000
    },
    {
      "Date": 20230627, 
      "Value" : 2.690000
    }
  ]
}