{
  "Color": "rgb(244, 55, 244)", 
  "Point": [
    {
      "Date": 20220629, 
      "Value" : 56.259998
    },
    {
      "Date": 20240918, 
      "Value" : 19.430000
    }
  ]
}