{
  "Color": "rgb(244, 55, 244)", 
  "Point": [
    {
      "Date": 20210527, 
      "Value" : 56.810001
    },
    {
      "Date": 20240206, 
      "Value" : 8.490000
    },
    {
      "Date": 20250122, 
      "Value" : 22.120001
    }
  ]
}