{
  "Color": "rgb(244, 55, 244)", 
  "Point": [
    {
      "Date": 20220906, 
      "Value" : 82.370003
    },
    {
      "Date": 20240208, 
      "Value" : 27.610001
    }
  ]
}