{
  "Color": "rgb(244, 55, 244)", 
  "Point": [
    {
      "Date": 20230216, 
      "Value" : 16.480000
    },
    {
      "Date": 20230227, 
      "Value" : 37.860001
    },
    {
      "Date": 20240208, 
      "Value" : 12.090000
    },
    {
      "Date": 20250320, 
      "Value" : 18.639999
    }
  ]
}