{
  "Color": "rgb(244, 55, 244)", 
  "Point": [
    {
      "Date": 20221226, 
      "Value" : 54.209999
    },
    {
      "Date": 20230208, 
      "Value" : 110.889999
    },
    {
      "Date": 20240208, 
      "Value" : 30.700001
    }
  ]
}