{
  "Color": "rgb(244, 55, 244)", 
  "Point": [
    {
      "Date": 20231228, 
      "Value" : 30.000000
    },
    {
      "Date": 20240709, 
      "Value" : 12.280000
    }
  ]
}