{
  "Color": "rgb(244, 55, 244)", 
  "Point": [
    {
      "Date": 20220606, 
      "Value" : 18.330000
    },
    {
      "Date": 20230302, 
      "Value" : 115.930000
    },
    {
      "Date": 20230828, 
      "Value" : 71.000000
    }
  ]
}