{
  "Color": "rgb(244, 55, 244)", 
  "Point": [
    {
      "Date": 20211130, 
      "Value" : 23.879999
    },
    {
      "Date": 20240206, 
      "Value" : 8.060000
    }
  ]
}