{
  "Color": "rgb(244, 55, 244)", 
  "Point": [
    {
      "Date": 20220715, 
      "Value" : 49.490002
    },
    {
      "Date": 20230425, 
      "Value" : 23.299999
    },
    {
      "Date": 20230823, 
      "Value" : 27.379999
    }
  ]
}