{
  "Color": "rgb(244, 55, 244)", 
  "Point": [
    {
      "Date": 20220919, 
      "Value" : 19.160000
    },
    {
      "Date": 20220928, 
      "Value" : 43.340000
    },
    {
      "Date": 20231023, 
      "Value" : 19.750000
    }
  ]
}