{
  "Color": "rgb(244, 55, 244)", 
  "Point": [
    {
      "Date": 20230223, 
      "Value" : 72.730003
    },
    {
      "Date": 20230510, 
      "Value" : 43.009998
    }
  ]
}