{
  "Color": "rgb(244, 55, 244)", 
  "Point": [
    {
      "Date": 20220428, 
      "Value" : 16.650000
    },
    {
      "Date": 20220617, 
      "Value" : 56.840000
    },
    {
      "Date": 20231227, 
      "Value" : 22.290001
    }
  ]
}