{
  "Color": "rgb(244, 55, 244)", 
  "Point": [
    {
      "Date": 20211130, 
      "Value" : 23.780001
    },
    {
      "Date": 20240206, 
      "Value" : 7.960000
    }
  ]
}