{
  "Color": "rgb(244, 55, 244)", 
  "Point": [
    {
      "Date": 20211223, 
      "Value" : 11.220000
    },
    {
      "Date": 20240422, 
      "Value" : 3.370000
    }
  ]
}