{
  "Color": "rgb(244, 55, 244)", 
  "Point": [
    {
      "Date": 20211029, 
      "Value" : 13.740000
    },
    {
      "Date": 20220905, 
      "Value" : 35.099998
    },
    {
      "Date": 20231026, 
      "Value" : 15.960000
    }
  ]
}