{
  "Color": "rgb(244, 55, 244)", 
  "Point": [
    {
      "Date": 20210527, 
      "Value" : 57.709999
    },
    {
      "Date": 20230627, 
      "Value" : 13.430000
    },
    {
      "Date": 20231114, 
      "Value" : 17.629999
    }
  ]
}