{
  "Color": "rgb(244, 55, 244)", 
  "Point": [
    {
      "Date": 20221205, 
      "Value" : 16.000000
    },
    {
      "Date": 20230104, 
      "Value" : 30.480000
    },
    {
      "Date": 20240208, 
      "Value" : 11.050000
    }
  ]
}