{
  "Color": "rgb(244, 55, 244)", 
  "Point": [
    {
      "Date": 20230410, 
      "Value" : 16.940001
    },
    {
      "Date": 20240205, 
      "Value" : 6.940000
    }
  ]
}