{
  "Color": "rgb(244, 55, 244)", 
  "Point": [
    {
      "Date": 20211222, 
      "Value" : 24.980000
    },
    {
      "Date": 20240205, 
      "Value" : 10.750000
    }
  ]
}