{
  "Color": "rgb(244, 55, 244)", 
  "Point": [
    {
      "Date": 20220111, 
      "Value" : 18.139999
    },
    {
      "Date": 20220121, 
      "Value" : 49.330002
    },
    {
      "Date": 20240208, 
      "Value" : 11.100000
    }
  ]
}