{
  "Color": "rgb(244, 55, 244)", 
  "Point": [
    {
      "Date": 20210915, 
      "Value" : 9.070000
    },
    {
      "Date": 20240206, 
      "Value" : 3.490000
    },
    {
      "Date": 20240514, 
      "Value" : 4.410000
    },
    {
      "Date": 20240918, 
      "Value" : 3.630000
    }
  ]
}