{
  "Color": "rgb(244, 55, 244)", 
  "Point": [
    {
      "Date": 20211015, 
      "Value" : 45.560001
    },
    {
      "Date": 20221031, 
      "Value" : 19.180000
    },
    {
      "Date": 20230605, 
      "Value" : 24.010000
    },
    {
      "Date": 20231024, 
      "Value" : 20.340000
    }
  ]
}