{
  "Color": "rgb(244, 55, 244)", 
  "Point": [
    {
      "Date": 20220805, 
      "Value" : 2.200000
    },
    {
      "Date": 20221028, 
      "Value" : 22.930000
    },
    {
      "Date": 20240718, 
      "Value" : 6.240000
    }
  ]
}