{
  "Color": "rgb(244, 55, 244)", 
  "Point": [
    {
      "Date": 20210804, 
      "Value" : 40.200001
    },
    {
      "Date": 20240208, 
      "Value" : 9.230000
    }
  ]
}