{
  "Color": "rgb(244, 55, 244)", 
  "Point": [
    {
      "Date": 20220111, 
      "Value" : 18.840000
    },
    {
      "Date": 20220121, 
      "Value" : 50.029999
    },
    {
      "Date": 20230612, 
      "Value" : 20.100000
    }
  ]
}