{
  "Color": "rgb(244, 55, 244)", 
  "Point": [
    {
      "Date": 20211021, 
      "Value" : 11.800000
    },
    {
      "Date": 20221212, 
      "Value" : 25.059999
    },
    {
      "Date": 20240220, 
      "Value" : 15.610000
    }
  ]
}