{
  "Color": "rgb(244, 55, 244)", 
  "Point": [
    {
      "Date": 20210726, 
      "Value" : 32.950001
    },
    {
      "Date": 20240207, 
      "Value" : 10.210000
    }
  ]
}