{
  "Color": "rgb(244, 55, 244)", 
  "Point": [
    {
      "Date": 20220906, 
      "Value" : 82.370003
    },
    {
      "Date": 20230512, 
      "Value" : 44.299999
    }
  ]
}