{
  "Color": "rgb(244, 55, 244)", 
  "Point": [
    {
      "Date": 20220715, 
      "Value" : 49.490002
    },
    {
      "Date": 20240208, 
      "Value" : 14.430000
    }
  ]
}