{
  "Color": "rgb(244, 55, 244)", 
  "Point": [
    {
      "Date": 20210527, 
      "Value" : 57.709999
    },
    {
      "Date": 20240206, 
      "Value" : 9.390000
    }
  ]
}