{
  "Color": "rgb(244, 55, 244)", 
  "Point": [
    {
      "Date": 20220824, 
      "Value" : 33.740002
    },
    {
      "Date": 20240208, 
      "Value" : 10.730000
    },
    {
      "Date": 20241209, 
      "Value" : 22.180000
    }
  ]
}