{
  "Color": "rgb(244, 55, 244)", 
  "Point": [
    {
      "Date": 20220818, 
      "Value" : 11.260000
    },
    {
      "Date": 20220831, 
      "Value" : 32.759998
    },
    {
      "Date": 20240206, 
      "Value" : 8.670000
    },
    {
      "Date": 20241204, 
      "Value" : 19.090000
    }
  ]
}