{
  "Color": "rgb(244, 55, 244)", 
  "Point": [
    {
      "Date": 20210804, 
      "Value" : 48.290001
    },
    {
      "Date": 20220427, 
      "Value" : 15.580000
    },
    {
      "Date": 20230724, 
      "Value" : 25.809999
    }
  ]
}