{
  "Color": "rgb(244, 55, 244)", 
  "Point": [
    {
      "Date": 20220302, 
      "Value" : 47.430000
    },
    {
      "Date": 20240208, 
      "Value" : 19.910000
    }
  ]
}