{
  "Color": "rgb(244, 55, 244)", 
  "Point": [
    {
      "Date": 20210624, 
      "Value" : 4.170000
    },
    {
      "Date": 20210818, 
      "Value" : 23.740000
    },
    {
      "Date": 20240206, 
      "Value" : 6.230000
    },
    {
      "Date": 20250317, 
      "Value" : 11.770000
    }
  ]
}