{
  "Color": "rgb(244, 55, 244)", 
  "Point": [
    {
      "Date": 20211222, 
      "Value" : 25.230000
    },
    {
      "Date": 20220427, 
      "Value" : 11.980000
    },
    {
      "Date": 20230601, 
      "Value" : 20.469999
    }
  ]
}