{
  "Color": "rgb(244, 55, 244)", 
  "Point": [
    {
      "Date": 20210510, 
      "Value" : 31.059999
    },
    {
      "Date": 20240208, 
      "Value" : 9.200000
    }
  ]
}