{
  "Color": "rgb(244, 55, 244)", 
  "Point": [
    {
      "Date": 20210521, 
      "Value" : 28.740000
    },
    {
      "Date": 20240205, 
      "Value" : 7.880000
    }
  ]
}