{
  "Color": "rgb(244, 55, 244)", 
  "Point": [
    {
      "Date": 20220727, 
      "Value" : 3.920000
    },
    {
      "Date": 20220817, 
      "Value" : 19.049999
    },
    {
      "Date": 20240206, 
      "Value" : 5.420000
    }
  ]
}