{
  "Color": "rgb(244, 55, 244)", 
  "Point": [
    {
      "Date": 20220715, 
      "Value" : 40.950001
    },
    {
      "Date": 20240208, 
      "Value" : 11.730000
    },
    {
      "Date": 20250327, 
      "Value" : 21.549999
    }
  ]
}