{
  "Color": "rgb(244, 55, 244)", 
  "Point": [
    {
      "Date": 20220121, 
      "Value" : 7.200000
    },
    {
      "Date": 20240626, 
      "Value" : 2.250000
    }
  ]
}