{
  "Color": "rgb(244, 55, 244)", 
  "Point": [
    {
      "Date": 20220812, 
      "Value" : 45.369999
    },
    {
      "Date": 20240207, 
      "Value" : 19.420000
    }
  ]
}