{
  "Color": "rgb(244, 55, 244)", 
  "Point": [
    {
      "Date": 20220428, 
      "Value" : 16.500000
    },
    {
      "Date": 20220617, 
      "Value" : 56.689999
    },
    {
      "Date": 20240718, 
      "Value" : 17.610001
    }
  ]
}