{
  "Color": "rgb(244, 55, 244)", 
  "Point": [
    {
      "Date": 20210906, 
      "Value" : 18.340000
    },
    {
      "Date": 20230214, 
      "Value" : 82.620003
    },
    {
      "Date": 20240717, 
      "Value" : 26.420000
    }
  ]
}