{
  "Color": "rgb(244, 55, 244)", 
  "Point": [
    {
      "Date": 20221031, 
      "Value" : 9.020000
    },
    {
      "Date": 20221129, 
      "Value" : 21.920000
    },
    {
      "Date": 20240208, 
      "Value" : 5.550000
    },
    {
      "Date": 20250425, 
      "Value" : 11.080000
    }
  ]
}