{
  "Color": "rgb(244, 55, 244)", 
  "Point": [
    {
      "Date": 20230410, 
      "Value" : 40.160000
    },
    {
      "Date": 20230505, 
      "Value" : 22.959999
    }
  ]
}