{
  "Color": "rgb(244, 55, 244)", 
  "Point": [
    {
      "Date": 20210527, 
      "Value" : 57.040001
    },
    {
      "Date": 20240206, 
      "Value" : 8.720000
    },
    {
      "Date": 20241029, 
      "Value" : 17.100000
    }
  ]
}