{
  "Color": "rgb(244, 55, 244)", 
  "Point": [
    {
      "Date": 20211021, 
      "Value" : 8.850000
    },
    {
      "Date": 20221212, 
      "Value" : 19.049999
    },
    {
      "Date": 20240718, 
      "Value" : 10.730000
    }
  ]
}