{
  "Color": "rgb(244, 55, 244)", 
  "Point": [
    {
      "Date": 20211231, 
      "Value" : 45.189999
    },
    {
      "Date": 20230425, 
      "Value" : 17.850000
    }
  ]
}