{
  "Color": "rgb(244, 55, 244)", 
  "Point": [
    {
      "Date": 20220629, 
      "Value" : 56.259998
    },
    {
      "Date": 20240710, 
      "Value" : 21.549999
    }
  ]
}