{
  "Color": "rgb(244, 55, 244)", 
  "Point": [
    {
      "Date": 20211026, 
      "Value" : 20.000000
    },
    {
      "Date": 20220427, 
      "Value" : 10.200000
    },
    {
      "Date": 20240124, 
      "Value" : 22.500000
    }
  ]
}