{
  "Color": "rgb(244, 55, 244)", 
  "Point": [
    {
      "Date": 20220930, 
      "Value" : 11.860000
    },
    {
      "Date": 20230308, 
      "Value" : 97.010002
    },
    {
      "Date": 20240923, 
      "Value" : 21.840000
    }
  ]
}