{
  "Color": "rgb(244, 55, 244)", 
  "Point": [
    {
      "Date": 20220629, 
      "Value" : 56.259998
    },
    {
      "Date": 20230425, 
      "Value" : 24.860001
    },
    {
      "Date": 20231018, 
      "Value" : 37.980000
    }
  ]
}