{
  "Color": "rgb(244, 55, 244)", 
  "Point": [
    {
      "Date": 20231123, 
      "Value" : 36.680000
    },
    {
      "Date": 20240208, 
      "Value" : 12.700000
    }
  ]
}