{
  "Color": "rgb(244, 55, 244)", 
  "Point": [
    {
      "Date": 20210428, 
      "Value" : 53.570000
    },
    {
      "Date": 20210730, 
      "Value" : 27.410000
    },
    {
      "Date": 20220712, 
      "Value" : 50.060001
    },
    {
      "Date": 20231023, 
      "Value" : 19.980000
    }
  ]
}