{
  "Color": "rgb(244, 55, 244)", 
  "Point": [
    {
      "Date": 20210804, 
      "Value" : 48.290001
    },
    {
      "Date": 20240208, 
      "Value" : 11.120000
    }
  ]
}