{
  "Color": "rgb(244, 55, 244)", 
  "Point": [
    {
      "Date": 20220812, 
      "Value" : 44.770000
    },
    {
      "Date": 20240207, 
      "Value" : 18.820000
    },
    {
      "Date": 20241128, 
      "Value" : 57.389999
    },
    {
      "Date": 20250409, 
      "Value" : 25.510000
    }
  ]
}