{
  "Color": "rgb(244, 55, 244)", 
  "Point": [
    {
      "Date": 20221103, 
      "Value" : 38.410000
    },
    {
      "Date": 20230829, 
      "Value" : 20.379999
    }
  ]
}