{
  "Color": "rgb(244, 55, 244)", 
  "Point": [
    {
      "Date": 20220606, 
      "Value" : 13.950000
    },
    {
      "Date": 20230302, 
      "Value" : 89.019997
    },
    {
      "Date": 20240206, 
      "Value" : 26.610001
    }
  ]
}