{
  "Color": "rgb(244, 55, 244)", 
  "Point": [
    {
      "Date": 20220812, 
      "Value" : 45.369999
    },
    {
      "Date": 20221223, 
      "Value" : 25.280001
    }
  ]
}