{
  "Color": "rgb(244, 55, 244)", 
  "Point": [
    {
      "Date": 20220428, 
      "Value" : 16.650000
    },
    {
      "Date": 20220617, 
      "Value" : 56.840000
    },
    {
      "Date": 20230825, 
      "Value" : 23.010000
    }
  ]
}