{
  "Color": "rgb(244, 55, 244)", 
  "Point": [
    {
      "Date": 20220309, 
      "Value" : 30.830000
    },
    {
      "Date": 20221010, 
      "Value" : 16.809999
    },
    {
      "Date": 20230630, 
      "Value" : 22.600000
    }
  ]
}