{
  "Color": "rgb(244, 55, 244)", 
  "Point": [
    {
      "Date": 20220715, 
      "Value" : 49.490002
    },
    {
      "Date": 20231024, 
      "Value" : 22.030001
    }
  ]
}