{
  "Color": "rgb(244, 55, 244)", 
  "Point": [
    {
      "Date": 20210521, 
      "Value" : 28.740000
    },
    {
      "Date": 20220929, 
      "Value" : 9.330000
    }
  ]
}