{
  "Color": "rgb(244, 55, 244)", 
  "Point": [
    {
      "Date": 20211029, 
      "Value" : 13.620000
    },
    {
      "Date": 20220905, 
      "Value" : 34.980000
    },
    {
      "Date": 20240206, 
      "Value" : 10.230000
    }
  ]
}