{
  "Color": "rgb(244, 55, 244)", 
  "Point": [
    {
      "Date": 20210915, 
      "Value" : 9.130000
    },
    {
      "Date": 20240206, 
      "Value" : 3.550000
    }
  ]
}