{
  "Color": "rgb(244, 55, 244)", 
  "Point": [
    {
      "Date": 20221205, 
      "Value" : 16.200001
    },
    {
      "Date": 20230104, 
      "Value" : 30.680000
    }
  ]
}