{
  "Color": "rgb(244, 55, 244)", 
  "Point": [
    {
      "Date": 20220429, 
      "Value" : 35.349998
    },
    {
      "Date": 20220512, 
      "Value" : 71.849998
    },
    {
      "Date": 20240206, 
      "Value" : 17.780001
    }
  ]
}