{
  "Color": "rgb(244, 55, 244)", 
  "Point": [
    {
      "Date": 20220906, 
      "Value" : 81.889999
    },
    {
      "Date": 20240208, 
      "Value" : 27.129999
    },
    {
      "Date": 20250214, 
      "Value" : 68.860001
    }
  ]
}