{
  "Color": "rgb(244, 55, 244)", 
  "Point": [
    {
      "Date": 20210630, 
      "Value" : 31.510000
    },
    {
      "Date": 20240207, 
      "Value" : 9.220000
    },
    {
      "Date": 20250319, 
      "Value" : 24.219999
    }
  ]
}