{
  "Color": "rgb(244, 55, 244)", 
  "Point": [
    {
      "Date": 20220824, 
      "Value" : 33.869999
    },
    {
      "Date": 20240208, 
      "Value" : 10.860000
    }
  ]
}