{
  "Color": "rgb(244, 55, 244)", 
  "Point": [
    {
      "Date": 20220831, 
      "Value" : 23.299999
    },
    {
      "Date": 20220922, 
      "Value" : 46.630001
    },
    {
      "Date": 20240606, 
      "Value" : 19.410000
    }
  ]
}