{
  "Color": "rgb(244, 55, 244)", 
  "Point": [
    {
      "Date": 20220727, 
      "Value" : 4.000000
    },
    {
      "Date": 20220817, 
      "Value" : 19.129999
    },
    {
      "Date": 20231024, 
      "Value" : 7.500000
    }
  ]
}