{
  "Color": "rgb(244, 55, 244)", 
  "Point": [
    {
      "Date": 20210726, 
      "Value" : 33.049999
    },
    {
      "Date": 20221031, 
      "Value" : 12.000000
    },
    {
      "Date": 20231221, 
      "Value" : 20.000000
    }
  ]
}