{
  "Color": "rgb(244, 55, 244)", 
  "Point": [
    {
      "Date": 20230410, 
      "Value" : 17.350000
    },
    {
      "Date": 20230927, 
      "Value" : 8.880000
    }
  ]
}