{
  "Color": "rgb(244, 55, 244)", 
  "Point": [
    {
      "Date": 20210624, 
      "Value" : 4.220000
    },
    {
      "Date": 20210818, 
      "Value" : 23.790001
    },
    {
      "Date": 20220427, 
      "Value" : 7.910000
    }
  ]
}