{
  "Color": "rgb(244, 55, 244)", 
  "Point": [
    {
      "Date": 20210906, 
      "Value" : 18.530001
    },
    {
      "Date": 20230214, 
      "Value" : 82.809998
    },
    {
      "Date": 20230926, 
      "Value" : 58.310001
    }
  ]
}