{
  "Color": "rgb(244, 55, 244)", 
  "Point": [
    {
      "Date": 20220302, 
      "Value" : 47.230000
    },
    {
      "Date": 20240606, 
      "Value" : 17.350000
    }
  ]
}