{
  "Color": "rgb(244, 55, 244)", 
  "Point": [
    {
      "Date": 20210521, 
      "Value" : 28.639999
    },
    {
      "Date": 20240918, 
      "Value" : 7.010000
    }
  ]
}