{
  "Color": "rgb(244, 55, 244)", 
  "Point": [
    {
      "Date": 20211223, 
      "Value" : 11.260000
    },
    {
      "Date": 20220427, 
      "Value" : 4.330000
    }
  ]
}