{
  "Color": "rgb(244, 55, 244)", 
  "Point": [
    {
      "Date": 20230410, 
      "Value" : 16.990000
    },
    {
      "Date": 20240205, 
      "Value" : 6.990000
    }
  ]
}