{
  "Color": "rgb(244, 55, 244)", 
  "Point": [
    {
      "Date": 20211029, 
      "Value" : 13.740000
    },
    {
      "Date": 20220905, 
      "Value" : 35.099998
    },
    {
      "Date": 20230626, 
      "Value" : 19.780001
    }
  ]
}