{
  "Color": "rgb(244, 55, 244)", 
  "Point": [
    {
      "Date": 20221103, 
      "Value" : 38.410000
    },
    {
      "Date": 20230515, 
      "Value" : 21.660000
    }
  ]
}