{
  "Color": "rgb(244, 55, 244)", 
  "Point": [
    {
      "Date": 20220429, 
      "Value" : 34.990002
    },
    {
      "Date": 20220512, 
      "Value" : 71.489998
    },
    {
      "Date": 20240918, 
      "Value" : 15.910000
    },
    {
      "Date": 20250417, 
      "Value" : 26.950001
    }
  ]
}