{
  "Color": "rgb(244, 55, 244)", 
  "Point": [
    {
      "Date": 20220818, 
      "Value" : 11.460000
    },
    {
      "Date": 20220831, 
      "Value" : 32.959999
    },
    {
      "Date": 20230627, 
      "Value" : 14.030000
    }
  ]
}