{
  "Color": "rgb(244, 55, 244)", 
  "Point": [
    {
      "Date": 20210510, 
      "Value" : 31.059999
    },
    {
      "Date": 20220429, 
      "Value" : 12.080000
    },
    {
      "Date": 20231130, 
      "Value" : 18.610001
    }
  ]
}