{
  "Color": "rgb(244, 55, 244)", 
  "Point": [
    {
      "Date": 20220906, 
      "Value" : 82.370003
    },
    {
      "Date": 20230927, 
      "Value" : 42.900002
    }
  ]
}