{
  "Color": "rgb(244, 55, 244)", 
  "Point": [
    {
      "Date": 20220919, 
      "Value" : 19.090000
    },
    {
      "Date": 20220928, 
      "Value" : 43.270000
    },
    {
      "Date": 20240207, 
      "Value" : 13.430000
    },
    {
      "Date": 20241023, 
      "Value" : 28.850000
    }
  ]
}