{
  "Color": "rgb(244, 55, 244)", 
  "Point": [
    {
      "Date": 20230829, 
      "Value" : 20.379999
    },
    {
      "Date": 20231019, 
      "Value" : 46.799999
    }
  ]
}