{
  "Color": "rgb(244, 55, 244)", 
  "Point": [
    {
      "Date": 20230927, 
      "Value" : 34.959999
    },
    {
      "Date": 20240206, 
      "Value" : 14.120000
    }
  ]
}