{
  "Color": "rgb(244, 55, 244)", 
  "Point": [
    {
      "Date": 20231019, 
      "Value" : 32.139999
    },
    {
      "Date": 20240208, 
      "Value" : 9.860000
    },
    {
      "Date": 20240909, 
      "Value" : 33.279999
    }
  ]
}