{
  "Color": "rgb(244, 55, 244)", 
  "Point": [
    {
      "Date": 20230223, 
      "Value" : 71.480003
    },
    {
      "Date": 20240206, 
      "Value" : 23.870001
    }
  ]
}