{
  "Color": "rgb(244, 55, 244)", 
  "Point": [
    {
      "Date": 20231019, 
      "Value" : 46.799999
    },
    {
      "Date": 20240208, 
      "Value" : 14.500000
    }
  ]
}