{
  "Color": "rgb(244, 55, 244)", 
  "Point": [
    {
      "Date": 20220930, 
      "Value" : 23.370001
    },
    {
      "Date": 20230217, 
      "Value" : 55.529999
    },
    {
      "Date": 20240208, 
      "Value" : 18.620001
    }
  ]
}