{
  "Color": "rgb(244, 55, 244)", 
  "Point": [
    {
      "Date": 20210510, 
      "Value" : 30.760000
    },
    {
      "Date": 20240208, 
      "Value" : 8.900000
    }
  ]
}