{
  "Color": "rgb(244, 55, 244)", 
  "Point": [
    {
      "Date": 20221031, 
      "Value" : 12.530000
    },
    {
      "Date": 20221129, 
      "Value" : 29.290001
    },
    {
      "Date": 20240208, 
      "Value" : 8.020000
    }
  ]
}