{
  "Color": "rgb(244, 55, 244)", 
  "Point": [
    {
      "Date": 20241011, 
      "Value" : 245.000000
    },
    {
      "Date": 20250409, 
      "Value" : 31.000000
    }
  ]
}