{
  "Color": "rgb(244, 55, 244)", 
  "Point": [
    {
      "Date": 20211222, 
      "Value" : 25.230000
    },
    {
      "Date": 20240205, 
      "Value" : 11.000000
    }
  ]
}