{
  "Color": "rgb(244, 55, 244)", 
  "Point": [
    {
      "Date": 20220831, 
      "Value" : 23.700001
    },
    {
      "Date": 20220922, 
      "Value" : 47.029999
    },
    {
      "Date": 20240208, 
      "Value" : 21.580000
    }
  ]
}