{
  "Color": "rgb(244, 55, 244)", 
  "Point": [
    {
      "Date": 20210726, 
      "Value" : 33.049999
    },
    {
      "Date": 20240207, 
      "Value" : 10.310000
    }
  ]
}