{
  "Color": "rgb(244, 55, 244)", 
  "Point": [
    {
      "Date": 20220309, 
      "Value" : 30.719999
    },
    {
      "Date": 20221010, 
      "Value" : 16.690001
    },
    {
      "Date": 20230630, 
      "Value" : 22.480000
    },
    {
      "Date": 20240123, 
      "Value" : 17.510000
    }
  ]
}