{
  "Color": "rgb(244, 55, 244)", 
  "Point": [
    {
      "Date": 20220520, 
      "Value" : 11.200000
    },
    {
      "Date": 20220602, 
      "Value" : 31.950001
    },
    {
      "Date": 20240206, 
      "Value" : 9.980000
    }
  ]
}