{
  "Color": "rgb(244, 55, 244)", 
  "Point": [
    {
      "Date": 20231030, 
      "Value" : 98.849998
    },
    {
      "Date": 20250409, 
      "Value" : 18.900000
    }
  ]
}