{
  "Color": "rgb(244, 55, 244)", 
  "Point": [
    {
      "Date": 20230628, 
      "Value" : 19.980000
    },
    {
      "Date": 20230822, 
      "Value" : 41.650002
    }
  ]
}