{
  "Color": "rgb(244, 55, 244)", 
  "Point": [
    {
      "Date": 20231103, 
      "Value" : 49.400002
    },
    {
      "Date": 20231219, 
      "Value" : 21.900000
    }
  ]
}