{
  "Color": "rgb(244, 55, 244)", 
  "Point": [
    {
      "Date": 20231103, 
      "Value" : 49.200001
    },
    {
      "Date": 20240208, 
      "Value" : 13.580000
    }
  ]
}