{
  "Color": "rgb(244, 55, 244)", 
  "Point": [
    {
      "Date": 20231110, 
      "Value" : 90.000000
    },
    {
      "Date": 20240206, 
      "Value" : 29.530001
    }
  ]
}