{
  "Color": "rgb(244, 55, 244)", 
  "Point": [
    {
      "Date": 20241230, 
      "Value" : 12.500000
    },
    {
      "Date": 20250324, 
      "Value" : 6.500000
    }
  ]
}