{
  "Color": "rgb(244, 55, 244)", 
  "Point": [
    {
      "Date": 20220926, 
      "Value" : 63.160000
    },
    {
      "Date": 20230615, 
      "Value" : 36.509998
    }
  ]
}