{
  "Color": "rgb(244, 55, 244)", 
  "Point": [
    {
      "Date": 20231103, 
      "Value" : 49.049999
    },
    {
      "Date": 20250409, 
      "Value" : 11.010000
    }
  ]
}