{
  "Color": "rgb(244, 55, 244)", 
  "Point": [
    {
      "Date": 20230313, 
      "Value" : 35.990002
    },
    {
      "Date": 20230825, 
      "Value" : 22.299999
    }
  ]
}