{
  "Color": "rgb(244, 55, 244)", 
  "Point": [
    {
      "Date": 20230313, 
      "Value" : 35.189999
    },
    {
      "Date": 20230825, 
      "Value" : 21.500000
    }
  ]
}