{
  "Color": "rgb(244, 55, 244)", 
  "Point": [
    {
      "Date": 20230313, 
      "Value" : 34.389999
    },
    {
      "Date": 20230825, 
      "Value" : 20.700001
    }
  ]
}