{
  "Color": "rgb(244, 55, 244)", 
  "Point": [
    {
      "Date": 20230410, 
      "Value" : 35.099998
    },
    {
      "Date": 20240208, 
      "Value" : 9.930000
    }
  ]
}