{
  "Color": "rgb(244, 55, 244)", 
  "Point": [
    {
      "Date": 20220729, 
      "Value" : 47.740002
    },
    {
      "Date": 20240918, 
      "Value" : 14.580000
    }
  ]
}