{
  "Color": "rgb(244, 55, 244)", 
  "Point": [
    {
      "Date": 20220701, 
      "Value" : 22.620001
    },
    {
      "Date": 20231115, 
      "Value" : 103.879997
    }
  ]
}