{
  "Color": "rgb(244, 55, 244)", 
  "Point": [
    {
      "Date": 20230602, 
      "Value" : 68.879997
    },
    {
      "Date": 20230628, 
      "Value" : 38.380001
    }
  ]
}