{
  "Color": "rgb(244, 55, 244)", 
  "Point": [
    {
      "Date": 20230602, 
      "Value" : 68.639999
    },
    {
      "Date": 20240718, 
      "Value" : 22.160000
    },
    {
      "Date": 20241213, 
      "Value" : 31.120001
    }
  ]
}