{
  "Color": "rgb(244, 55, 244)", 
  "Point": [
    {
      "Date": 20230822, 
      "Value" : 41.650002
    },
    {
      "Date": 20240206, 
      "Value" : 13.680000
    }
  ]
}