{
  "Color": "rgb(244, 55, 244)", 
  "Point": [
    {
      "Date": 20230410, 
      "Value" : 63.750000
    },
    {
      "Date": 20240206, 
      "Value" : 16.870001
    }
  ]
}