{
  "Color": "rgb(244, 55, 244)", 
  "Point": [
    {
      "Date": 20220630, 
      "Value" : 59.700001
    },
    {
      "Date": 20240206, 
      "Value" : 20.100000
    },
    {
      "Date": 20250509, 
      "Value" : 57.189999
    }
  ]
}