{
  "Color": "rgb(244, 55, 244)", 
  "Point": [
    {
      "Date": 20231110, 
      "Value" : 88.519997
    },
    {
      "Date": 20240918, 
      "Value" : 27.930000
    }
  ]
}