{
  "Color": "rgb(244, 55, 244)", 
  "Point": [
    {
      "Date": 20230822, 
      "Value" : 41.549999
    },
    {
      "Date": 20240206, 
      "Value" : 13.580000
    }
  ]
}