{
  "Color": "rgb(244, 55, 244)", 
  "Point": [
    {
      "Date": 20240111, 
      "Value" : 38.439999
    },
    {
      "Date": 20240206, 
      "Value" : 16.639999
    }
  ]
}