{
  "Color": "rgb(244, 55, 244)", 
  "Point": [
    {
      "Date": 20240119, 
      "Value" : 28.820000
    },
    {
      "Date": 20240208, 
      "Value" : 14.180000
    }
  ]
}