{
  "Color": "rgb(244, 55, 244)", 
  "Point": [
    {
      "Date": 20221116, 
      "Value" : 8.120000
    },
    {
      "Date": 20221206, 
      "Value" : 31.129999
    },
    {
      "Date": 20230927, 
      "Value" : 14.600000
    }
  ]
}