{
  "Color": "rgb(244, 55, 244)", 
  "Point": [
    {
      "Date": 20240328, 
      "Value" : 34.709999
    },
    {
      "Date": 20240918, 
      "Value" : 18.350000
    }
  ]
}