{
  "Color": "rgb(244, 55, 244)", 
  "Point": [
    {
      "Date": 20231030, 
      "Value" : 99.050003
    },
    {
      "Date": 20240709, 
      "Value" : 22.120001
    }
  ]
}