{
  "Color": "rgb(244, 55, 244)", 
  "Point": [
    {
      "Date": 20231110, 
      "Value" : 89.199997
    },
    {
      "Date": 20240206, 
      "Value" : 28.730000
    }
  ]
}