{
  "Color": "rgb(244, 55, 244)", 
  "Point": [
    {
      "Date": 20231103, 
      "Value" : 49.400002
    },
    {
      "Date": 20231110, 
      "Value" : 26.680000
    }
  ]
}