{
  "Color": "rgb(244, 55, 244)", 
  "Point": [
    {
      "Date": 20230117, 
      "Value" : 95.199997
    },
    {
      "Date": 20240206, 
      "Value" : 22.709999
    }
  ]
}