{
  "Color": "rgb(244, 55, 244)", 
  "Point": [
    {
      "Date": 20220818, 
      "Value" : 6.040000
    },
    {
      "Date": 20220831, 
      "Value" : 15.230000
    }
  ]
}