{
  "Color": "rgb(244, 55, 244)", 
  "Point": [
    {
      "Date": 20220926, 
      "Value" : 63.160000
    },
    {
      "Date": 20231221, 
      "Value" : 31.290001
    }
  ]
}