{
  "Color": "rgb(244, 55, 244)", 
  "Point": [
    {
      "Date": 20220624, 
      "Value" : 57.919998
    },
    {
      "Date": 20240205, 
      "Value" : 25.620001
    },
    {
      "Date": 20241028, 
      "Value" : 39.730000
    }
  ]
}