{
  "Color": "rgb(244, 55, 244)", 
  "Point": [
    {
      "Date": 20240709, 
      "Value" : 12.200000
    },
    {
      "Date": 20240806, 
      "Value" : 39.639999
    }
  ]
}