{
  "Color": "rgb(244, 55, 244)", 
  "Point": [
    {
      "Date": 20231221, 
      "Value" : 45.540001
    },
    {
      "Date": 20240208, 
      "Value" : 16.680000
    }
  ]
}