{
  "Color": "rgb(244, 55, 244)", 
  "Point": [
    {
      "Date": 20220701, 
      "Value" : 17.299999
    },
    {
      "Date": 20240402, 
      "Value" : 111.050003
    }
  ]
}