{
  "Color": "rgb(244, 55, 244)", 
  "Point": [
    {
      "Date": 20211130, 
      "Value" : 18.580000
    },
    {
      "Date": 20211230, 
      "Value" : 108.010002
    },
    {
      "Date": 20240207, 
      "Value" : 21.180000
    },
    {
      "Date": 20250513, 
      "Value" : 43.000000
    }
  ]
}