{
  "Color": "rgb(244, 55, 244)", 
  "Point": [
    {
      "Date": 20221011, 
      "Value" : 18.750000
    },
    {
      "Date": 20230613, 
      "Value" : 35.869999
    },
    {
      "Date": 20231102, 
      "Value" : 22.840000
    },
    {
      "Date": 20240112, 
      "Value" : 45.680000
    }
  ]
}