{
  "Color": "rgb(244, 55, 244)", 
  "Point": [
    {
      "Date": 20220915, 
      "Value" : 40.090000
    },
    {
      "Date": 20240208, 
      "Value" : 8.740000
    }
  ]
}