{
  "Color": "rgb(244, 55, 244)", 
  "Point": [
    {
      "Date": 20220520, 
      "Value" : 11.040000
    },
    {
      "Date": 20220602, 
      "Value" : 31.790001
    },
    {
      "Date": 20240624, 
      "Value" : 9.700000
    }
  ]
}