{
  "Color": "rgb(244, 55, 244)", 
  "Point": [
    {
      "Date": 20240402, 
      "Value" : 57.849998
    },
    {
      "Date": 20240924, 
      "Value" : 32.770000
    }
  ]
}