{
  "Color": "rgb(244, 55, 244)", 
  "Point": [
    {
      "Date": 20221228, 
      "Value" : 39.660000
    },
    {
      "Date": 20230117, 
      "Value" : 95.199997
    }
  ]
}