{
  "Color": "rgb(244, 55, 244)", 
  "Point": [
    {
      "Date": 20230303, 
      "Value" : 25.170000
    },
    {
      "Date": 20240206, 
      "Value" : 7.720000
    }
  ]
}