{
  "Color": "rgb(244, 55, 244)", 
  "Point": [
    {
      "Date": 20250127, 
      "Value" : 69.000000
    },
    {
      "Date": 20250409, 
      "Value" : 33.770000
    }
  ]
}