{
  "Color": "rgb(244, 55, 244)", 
  "Point": [
    {
      "Date": 20231108, 
      "Value" : 26.889999
    },
    {
      "Date": 20240206, 
      "Value" : 12.880000
    },
    {
      "Date": 20250508, 
      "Value" : 36.259998
    }
  ]
}