{
  "Color": "rgb(244, 55, 244)", 
  "Point": [
    {
      "Date": 20220729, 
      "Value" : 47.869999
    },
    {
      "Date": 20240208, 
      "Value" : 15.090000
    }
  ]
}