{
  "Color": "rgb(244, 55, 244)", 
  "Point": [
    {
      "Date": 20221011, 
      "Value" : 18.870001
    },
    {
      "Date": 20230613, 
      "Value" : 35.990002
    }
  ]
}