{
  "Color": "rgb(244, 55, 244)", 
  "Point": [
    {
      "Date": 20230303, 
      "Value" : 25.170000
    },
    {
      "Date": 20231221, 
      "Value" : 11.380000
    }
  ]
}