{
  "Color": "rgb(244, 55, 244)", 
  "Point": [
    {
      "Date": 20231120, 
      "Value" : 128.179993
    },
    {
      "Date": 20240918, 
      "Value" : 39.599998
    },
    {
      "Date": 20250311, 
      "Value" : 113.000000
    }
  ]
}