{
  "Color": "rgb(244, 55, 244)", 
  "Point": [
    {
      "Date": 20220512, 
      "Value" : 16.889999
    },
    {
      "Date": 20220524, 
      "Value" : 43.520000
    },
    {
      "Date": 20240208, 
      "Value" : 12.620000
    },
    {
      "Date": 20250307, 
      "Value" : 33.700001
    }
  ]
}