{
  "Color": "rgb(244, 55, 244)", 
  "Point": [
    {
      "Date": 20231110, 
      "Value" : 90.000000
    },
    {
      "Date": 20231219, 
      "Value" : 46.869999
    }
  ]
}