{
  "Color": "rgb(244, 55, 244)", 
  "Point": [
    {
      "Date": 20230411, 
      "Value" : 88.830002
    },
    {
      "Date": 20230825, 
      "Value" : 41.639999
    }
  ]
}