{
  "Color": "rgb(244, 55, 244)", 
  "Point": [
    {
      "Date": 20230411, 
      "Value" : 59.680000
    },
    {
      "Date": 20240206, 
      "Value" : 17.600000
    }
  ]
}