{
  "Color": "rgb(244, 55, 244)", 
  "Point": [
    {
      "Date": 20220915, 
      "Value" : 33.330002
    },
    {
      "Date": 20240208, 
      "Value" : 7.200000
    },
    {
      "Date": 20250428, 
      "Value" : 15.410000
    }
  ]
}