{
  "Color": "rgb(244, 55, 244)", 
  "Point": [
    {
      "Date": 20220831, 
      "Value" : 15.230000
    },
    {
      "Date": 20240918, 
      "Value" : 3.870000
    }
  ]
}