{
  "Color": "rgb(244, 55, 244)", 
  "Point": [
    {
      "Date": 20221206, 
      "Value" : 31.030001
    },
    {
      "Date": 20240206, 
      "Value" : 8.010000
    },
    {
      "Date": 20241008, 
      "Value" : 12.270000
    }
  ]
}