{
  "Color": "rgb(244, 55, 244)", 
  "Point": [
    {
      "Date": 20240924, 
      "Value" : 32.770000
    },
    {
      "Date": 20250227, 
      "Value" : 67.639999
    }
  ]
}