{
  "Color": "rgb(244, 55, 244)", 
  "Point": [
    {
      "Date": 20230608, 
      "Value" : 60.840000
    },
    {
      "Date": 20231023, 
      "Value" : 34.070000
    }
  ]
}