{
  "Color": "rgb(244, 55, 244)", 
  "Point": [
    {
      "Date": 20230602, 
      "Value" : 68.680000
    },
    {
      "Date": 20240718, 
      "Value" : 22.200001
    }
  ]
}