{
  "Color": "rgb(244, 55, 244)", 
  "Point": [
    {
      "Date": 20231229, 
      "Value" : 75.339996
    },
    {
      "Date": 20240725, 
      "Value" : 31.070000
    }
  ]
}