{
  "Color": "rgb(244, 55, 244)", 
  "Point": [
    {
      "Date": 20230303, 
      "Value" : 8.060000
    },
    {
      "Date": 20230505, 
      "Value" : 42.549999
    },
    {
      "Date": 20240205, 
      "Value" : 18.780001
    }
  ]
}