{
  "Color": "rgb(244, 55, 244)", 
  "Point": [
    {
      "Date": 20231110, 
      "Value" : 88.519997
    },
    {
      "Date": 20250409, 
      "Value" : 25.389999
    }
  ]
}