{
  "Color": "rgb(244, 55, 244)", 
  "Point": [
    {
      "Date": 20220624, 
      "Value" : 59.669998
    },
    {
      "Date": 20221025, 
      "Value" : 29.370001
    }
  ]
}