{
  "Color": "rgb(244, 55, 244)", 
  "Point": [
    {
      "Date": 20230302, 
      "Value" : 61.459999
    },
    {
      "Date": 20240206, 
      "Value" : 21.250000
    }
  ]
}