{
  "Color": "rgb(244, 55, 244)", 
  "Point": [
    {
      "Date": 20220926, 
      "Value" : 62.660000
    },
    {
      "Date": 20240206, 
      "Value" : 19.809999
    }
  ]
}