{
  "Color": "rgb(244, 55, 244)", 
  "Point": [
    {
      "Date": 20221025, 
      "Value" : 23.490000
    },
    {
      "Date": 20230428, 
      "Value" : 12.180000
    }
  ]
}