{
  "Color": "rgb(244, 55, 244)", 
  "Point": [
    {
      "Date": 20220926, 
      "Value" : 63.160000
    },
    {
      "Date": 20240206, 
      "Value" : 20.309999
    }
  ]
}