{
  "Color": "rgb(244, 55, 244)", 
  "Point": [
    {
      "Date": 20220701, 
      "Value" : 22.620001
    },
    {
      "Date": 20230718, 
      "Value" : 89.800003
    }
  ]
}