{
  "Color": "rgb(244, 55, 244)", 
  "Point": [
    {
      "Date": 20240119, 
      "Value" : 28.690001
    },
    {
      "Date": 20240709, 
      "Value" : 12.200000
    }
  ]
}