{
  "Color": "rgb(244, 55, 244)", 
  "Point": [
    {
      "Date": 20231221, 
      "Value" : 65.660004
    },
    {
      "Date": 20240208, 
      "Value" : 25.250000
    }
  ]
}