{
  "Color": "rgb(244, 55, 244)", 
  "Point": [
    {
      "Date": 20230303, 
      "Value" : 25.030001
    },
    {
      "Date": 20240709, 
      "Value" : 6.760000
    }
  ]
}