{
  "Color": "rgb(244, 55, 244)", 
  "Point": [
    {
      "Date": 20230523, 
      "Value" : 25.980000
    },
    {
      "Date": 20231108, 
      "Value" : 38.490002
    }
  ]
}