{
  "Color": "rgb(244, 55, 244)", 
  "Point": [
    {
      "Date": 20240111, 
      "Value" : 29.219999
    },
    {
      "Date": 20250411, 
      "Value" : 11.450000
    }
  ]
}