{
  "Color": "rgb(244, 55, 244)", 
  "Point": [
    {
      "Date": 20230117, 
      "Value" : 94.400002
    },
    {
      "Date": 20240206, 
      "Value" : 21.910000
    },
    {
      "Date": 20241111, 
      "Value" : 78.669998
    },
    {
      "Date": 20250430, 
      "Value" : 49.330002
    }
  ]
}