{
  "Color": "rgb(244, 55, 244)", 
  "Point": [
    {
      "Date": 20230117, 
      "Value" : 95.199997
    },
    {
      "Date": 20231221, 
      "Value" : 36.810001
    }
  ]
}