{
  "Color": "rgb(244, 55, 244)", 
  "Point": [
    {
      "Date": 20220318, 
      "Value" : 39.900002
    },
    {
      "Date": 20220427, 
      "Value" : 17.520000
    }
  ]
}