{
  "Color": "rgb(244, 55, 244)", 
  "Point": [
    {
      "Date": 20230117, 
      "Value" : 94.400002
    },
    {
      "Date": 20240206, 
      "Value" : 21.910000
    }
  ]
}