{
  "Color": "rgb(244, 55, 244)", 
  "Point": [
    {
      "Date": 20230411, 
      "Value" : 88.830002
    },
    {
      "Date": 20240206, 
      "Value" : 26.549999
    }
  ]
}