{
  "Color": "rgb(244, 55, 244)", 
  "Point": [
    {
      "Date": 20220216, 
      "Value" : 6.360000
    },
    {
      "Date": 20220308, 
      "Value" : 20.400000
    },
    {
      "Date": 20230626, 
      "Value" : 7.690000
    }
  ]
}