{
  "Color": "rgb(244, 55, 244)", 
  "Point": [
    {
      "Date": 20220926, 
      "Value" : 62.160000
    },
    {
      "Date": 20240206, 
      "Value" : 19.309999
    },
    {
      "Date": 20241031, 
      "Value" : 35.799999
    }
  ]
}