{
  "Color": "rgb(244, 55, 244)", 
  "Point": [
    {
      "Date": 20221025, 
      "Value" : 23.490000
    },
    {
      "Date": 20231023, 
      "Value" : 10.450000
    }
  ]
}