{
  "Color": "rgb(244, 55, 244)", 
  "Point": [
    {
      "Date": 20221206, 
      "Value" : 31.129999
    },
    {
      "Date": 20240206, 
      "Value" : 8.110000
    }
  ]
}