{
  "Color": "rgb(244, 55, 244)", 
  "Point": [
    {
      "Date": 20220624, 
      "Value" : 59.669998
    },
    {
      "Date": 20240205, 
      "Value" : 27.370001
    }
  ]
}