{
  "Color": "rgb(244, 55, 244)", 
  "Point": [
    {
      "Date": 20230303, 
      "Value" : 7.960000
    },
    {
      "Date": 20230505, 
      "Value" : 42.450001
    },
    {
      "Date": 20240205, 
      "Value" : 18.680000
    }
  ]
}