{
  "Color": "rgb(244, 55, 244)", 
  "Point": [
    {
      "Date": 20231030, 
      "Value" : 99.500000
    },
    {
      "Date": 20231218, 
      "Value" : 36.700001
    }
  ]
}