{
  "Color": "rgb(244, 55, 244)", 
  "Point": [
    {
      "Date": 20250321, 
      "Value" : 37.000000
    },
    {
      "Date": 20250409, 
      "Value" : 19.780001
    }
  ]
}