{
  "Color": "rgb(244, 55, 244)", 
  "Point": [
    {
      "Date": 20220318, 
      "Value" : 40.500000
    },
    {
      "Date": 20220427, 
      "Value" : 18.120001
    }
  ]
}