{
  "Color": "rgb(244, 55, 244)", 
  "Point": [
    {
      "Date": 20220624, 
      "Value" : 58.669998
    },
    {
      "Date": 20240205, 
      "Value" : 26.370001
    },
    {
      "Date": 20240517, 
      "Value" : 36.119999
    }
  ]
}