{
  "Color": "rgb(244, 55, 244)", 
  "Point": [
    {
      "Date": 20230303, 
      "Value" : 8.310000
    },
    {
      "Date": 20230505, 
      "Value" : 42.799999
    },
    {
      "Date": 20240205, 
      "Value" : 19.030001
    }
  ]
}