{
  "Color": "rgb(244, 55, 244)", 
  "Point": [
    {
      "Date": 20230628, 
      "Value" : 20.200001
    },
    {
      "Date": 20230822, 
      "Value" : 41.869999
    }
  ]
}