{
  "Color": "rgb(244, 55, 244)", 
  "Point": [
    {
      "Date": 20250415, 
      "Value" : 65.900002
    },
    {
      "Date": 20250428, 
      "Value" : 35.689999
    }
  ]
}