{
  "Color": "rgb(244, 55, 244)", 
  "Point": [
    {
      "Date": 20221011, 
      "Value" : 18.830000
    },
    {
      "Date": 20230613, 
      "Value" : 35.950001
    },
    {
      "Date": 20231102, 
      "Value" : 22.920000
    },
    {
      "Date": 20240112, 
      "Value" : 45.759998
    }
  ]
}