{
  "Color": "rgb(244, 55, 244)", 
  "Point": [
    {
      "Date": 20221209, 
      "Value" : 43.110001
    },
    {
      "Date": 20240206, 
      "Value" : 13.320000
    }
  ]
}