{
  "Color": "rgb(244, 55, 244)", 
  "Point": [
    {
      "Date": 20240111, 
      "Value" : 29.299999
    },
    {
      "Date": 20240206, 
      "Value" : 12.530000
    }
  ]
}