{
  "Color": "rgb(244, 55, 244)", 
  "Point": [
    {
      "Date": 20220630, 
      "Value" : 60.349998
    },
    {
      "Date": 20230426, 
      "Value" : 32.389999
    }
  ]
}