{
  "Color": "rgb(244, 55, 244)", 
  "Point": [
    {
      "Date": 20240918, 
      "Value" : 18.350000
    },
    {
      "Date": 20250402, 
      "Value" : 36.599998
    }
  ]
}