{
  "Color": "rgb(244, 55, 244)", 
  "Point": [
    {
      "Date": 20230406, 
      "Value" : 23.049999
    },
    {
      "Date": 20240208, 
      "Value" : 8.320000
    }
  ]
}