{
  "Color": "rgb(244, 55, 244)", 
  "Point": [
    {
      "Date": 20220512, 
      "Value" : 17.270000
    },
    {
      "Date": 20220524, 
      "Value" : 43.900002
    },
    {
      "Date": 20240208, 
      "Value" : 13.000000
    }
  ]
}