{
  "Color": "rgb(244, 55, 244)", 
  "Point": [
    {
      "Date": 20230302, 
      "Value" : 80.720001
    },
    {
      "Date": 20230510, 
      "Value" : 51.980000
    }
  ]
}