{
  "Color": "rgb(244, 55, 244)", 
  "Point": [
    {
      "Date": 20231229, 
      "Value" : 75.669998
    },
    {
      "Date": 20240208, 
      "Value" : 32.099998
    }
  ]
}