{
  "Color": "rgb(244, 55, 244)", 
  "Point": [
    {
      "Date": 20230302, 
      "Value" : 80.720001
    },
    {
      "Date": 20230825, 
      "Value" : 47.299999
    }
  ]
}