{
  "Color": "rgb(244, 55, 244)", 
  "Point": [
    {
      "Date": 20221209, 
      "Value" : 43.470001
    },
    {
      "Date": 20240206, 
      "Value" : 13.680000
    }
  ]
}