{
  "Color": "rgb(244, 55, 244)", 
  "Point": [
    {
      "Date": 20220216, 
      "Value" : 6.310000
    },
    {
      "Date": 20220308, 
      "Value" : 20.350000
    },
    {
      "Date": 20240208, 
      "Value" : 5.220000
    }
  ]
}