{
  "Color": "rgb(244, 55, 244)", 
  "Point": [
    {
      "Date": 20240709, 
      "Value" : 12.150000
    },
    {
      "Date": 20240806, 
      "Value" : 39.590000
    },
    {
      "Date": 20250409, 
      "Value" : 15.470000
    }
  ]
}