{
  "Color": "rgb(244, 55, 244)", 
  "Point": [
    {
      "Date": 20230410, 
      "Value" : 34.880001
    },
    {
      "Date": 20240208, 
      "Value" : 9.710000
    }
  ]
}