{
  "Color": "rgb(244, 55, 244)", 
  "Point": [
    {
      "Date": 20211130, 
      "Value" : 18.700001
    },
    {
      "Date": 20211230, 
      "Value" : 108.129997
    },
    {
      "Date": 20221011, 
      "Value" : 32.779999
    }
  ]
}