{
  "Color": "rgb(244, 55, 244)", 
  "Point": [
    {
      "Date": 20220630, 
      "Value" : 59.700001
    },
    {
      "Date": 20240206, 
      "Value" : 20.100000
    },
    {
      "Date": 20240520, 
      "Value" : 38.279999
    },
    {
      "Date": 20240923, 
      "Value" : 25.129999
    }
  ]
}