{
  "Color": "rgb(244, 55, 244)", 
  "Point": [
    {
      "Date": 20231120, 
      "Value" : 128.350006
    },
    {
      "Date": 20240208, 
      "Value" : 40.919998
    }
  ]
}