{
  "Color": "rgb(244, 55, 244)", 
  "Point": [
    {
      "Date": 20080129, 
      "Value" : 12.170000
    },
    {
      "Date": 20081030, 
      "Value" : 1.080000
    },
    {
      "Date": 20150608, 
      "Value" : 26.820000
    },
    {
      "Date": 20190819, 
      "Value" : 4.700000
    }
  ]
}