{
  "Color": "rgb(244, 55, 244)", 
  "Point": [
    {
      "Date": 20080129, 
      "Value" : 12.060000
    },
    {
      "Date": 20081030, 
      "Value" : 0.970000
    },
    {
      "Date": 20150608, 
      "Value" : 26.709999
    },
    {
      "Date": 20240208, 
      "Value" : 3.840000
    }
  ]
}