{
  "Color": "rgb(244, 55, 244)", 
  "Point": [
    {
      "Date": 20070807, 
      "Value" : 8.000000
    },
    {
      "Date": 20081107, 
      "Value" : 0.360000
    },
    {
      "Date": 20210809, 
      "Value" : 14.050000
    },
    {
      "Date": 20240725, 
      "Value" : 3.100000
    }
  ]
}