{
  "Color": "rgb(244, 55, 244)", 
  "Point": [
    {
      "Date": 20070807, 
      "Value" : 8.050000
    },
    {
      "Date": 20081107, 
      "Value" : 0.410000
    },
    {
      "Date": 20210809, 
      "Value" : 14.100000
    }
  ]
}