{
  "Color": "rgb(244, 55, 244)", 
  "Point": [
    {
      "Date": 20070803, 
      "Value" : 34.020000
    },
    {
      "Date": 20081016, 
      "Value" : 1.990000
    },
    {
      "Date": 20201106, 
      "Value" : 13.600000
    }
  ]
}