{
  "Color": "rgb(244, 55, 244)", 
  "Point": [
    {
      "Date": 20080118, 
      "Value" : 23.480000
    },
    {
      "Date": 20121204, 
      "Value" : 3.610000
    },
    {
      "Date": 20150612, 
      "Value" : 27.969999
    },
    {
      "Date": 20240208, 
      "Value" : 4.220000
    }
  ]
}