{
  "Color": "rgb(244, 55, 244)", 
  "Point": [
    {
      "Date": 20070803, 
      "Value" : 33.869999
    },
    {
      "Date": 20081016, 
      "Value" : 1.840000
    },
    {
      "Date": 20201106, 
      "Value" : 13.450000
    }
  ]
}