{
  "Color": "rgb(244, 55, 244)", 
  "Point": [
    {
      "Date": 20070807, 
      "Value" : 7.980000
    },
    {
      "Date": 20081107, 
      "Value" : 0.340000
    },
    {
      "Date": 20210809, 
      "Value" : 14.040000
    },
    {
      "Date": 20240725, 
      "Value" : 3.080000
    }
  ]
}