{
  "Color": "rgb(244, 55, 244)", 
  "Point": [
    {
      "Date": 20090929, 
      "Value" : 3.330000
    },
    {
      "Date": 20091126, 
      "Value" : 5.320000
    },
    {
      "Date": 20100702, 
      "Value" : 3.050000
    }
  ]
}