{
  "Color": "rgb(244, 55, 244)", 
  "Point": [
    {
      "Date": 20090929, 
      "Value" : 3.530000
    },
    {
      "Date": 20091126, 
      "Value" : 5.520000
    },
    {
      "Date": 20100702, 
      "Value" : 3.250000
    }
  ]
}