{
  "Color": "rgb(244, 55, 244)", 
  "Point": [
    {
      "Date": 20081013, 
      "Value" : 2.850000
    },
    {
      "Date": 20090415, 
      "Value" : 15.910000
    },
    {
      "Date": 20100702, 
      "Value" : 7.220000
    }
  ]
}