{
  "Color": "rgb(244, 55, 244)", 
  "Point": [
    {
      "Date": 20100114, 
      "Value" : 8.020000
    },
    {
      "Date": 20120106, 
      "Value" : 2.730000
    }
  ]
}