{
  "Color": "rgb(244, 55, 244)", 
  "Point": [
    {
      "Date": 20100407, 
      "Value" : 11.640000
    },
    {
      "Date": 20100702, 
      "Value" : 6.660000
    },
    {
      "Date": 20110328, 
      "Value" : 12.110000
    },
    {
      "Date": 20111228, 
      "Value" : 5.010000
    }
  ]
}