{
  "Color": "rgb(244, 55, 244)", 
  "Point": [
    {
      "Date": 20100115, 
      "Value" : 30.740000
    },
    {
      "Date": 20201211, 
      "Value" : 3.650000
    },
    {
      "Date": 20230103, 
      "Value" : 20.639999
    }
  ]
}