{
  "Color": "rgb(244, 55, 244)", 
  "Point": [
    {
      "Date": 20091204, 
      "Value" : 4.260000
    },
    {
      "Date": 20100630, 
      "Value" : 1.090000
    },
    {
      "Date": 20210218, 
      "Value" : 87.580002
    },
    {
      "Date": 20240202, 
      "Value" : 36.580002
    }
  ]
}