{
  "Color": "rgb(244, 55, 244)", 
  "Point": [
    {
      "Date": 20100507, 
      "Value" : 56.040001
    },
    {
      "Date": 20130502, 
      "Value" : 8.140000
    },
    {
      "Date": 20200807, 
      "Value" : 30.410000
    },
    {
      "Date": 20220427, 
      "Value" : 10.680000
    }
  ]
}