{
  "Color": "rgb(244, 55, 244)", 
  "Point": [
    {
      "Date": 20100507, 
      "Value" : 56.040001
    },
    {
      "Date": 20240205, 
      "Value" : 6.890000
    }
  ]
}