{
  "Color": "rgb(244, 55, 244)", 
  "Point": [
    {
      "Date": 20100412, 
      "Value" : 9.150000
    },
    {
      "Date": 20111024, 
      "Value" : 3.460000
    },
    {
      "Date": 20220105, 
      "Value" : 8.580000
    }
  ]
}