{
  "Color": "rgb(244, 55, 244)", 
  "Point": [
    {
      "Date": 20100412, 
      "Value" : 9.170000
    },
    {
      "Date": 20111024, 
      "Value" : 3.480000
    },
    {
      "Date": 20220105, 
      "Value" : 8.600000
    }
  ]
}