{
  "Color": "rgb(244, 55, 244)", 
  "Point": [
    {
      "Date": 20091204, 
      "Value" : 4.760000
    },
    {
      "Date": 20100630, 
      "Value" : 1.590000
    },
    {
      "Date": 20210218, 
      "Value" : 88.080002
    },
    {
      "Date": 20230607, 
      "Value" : 44.750000
    }
  ]
}