{
  "Color": "rgb(244, 55, 244)", 
  "Point": [
    {
      "Date": 20111129, 
      "Value" : 7.620000
    },
    {
      "Date": 20120106, 
      "Value" : 3.380000
    },
    {
      "Date": 20150615, 
      "Value" : 23.150000
    },
    {
      "Date": 20240206, 
      "Value" : 4.080000
    }
  ]
}