{
  "Color": "rgb(244, 55, 244)", 
  "Point": [
    {
      "Date": 20100716, 
      "Value" : 8.660000
    },
    {
      "Date": 20101221, 
      "Value" : 17.650000
    },
    {
      "Date": 20121204, 
      "Value" : 2.710000
    },
    {
      "Date": 20150624, 
      "Value" : 21.010000
    }
  ]
}