{
  "Color": "rgb(244, 55, 244)", 
  "Point": [
    {
      "Date": 20100511, 
      "Value" : 3.800000
    },
    {
      "Date": 20121204, 
      "Value" : 0.610000
    },
    {
      "Date": 20210722, 
      "Value" : 27.770000
    },
    {
      "Date": 20240205, 
      "Value" : 8.840000
    }
  ]
}