{
  "Color": "rgb(244, 55, 244)", 
  "Point": [
    {
      "Date": 20100903, 
      "Value" : 19.670000
    },
    {
      "Date": 20121204, 
      "Value" : 4.000000
    },
    {
      "Date": 20150604, 
      "Value" : 83.769997
    },
    {
      "Date": 20211105, 
      "Value" : 11.170000
    }
  ]
}