{
  "Color": "rgb(244, 55, 244)", 
  "Point": [
    {
      "Date": 20100511, 
      "Value" : 3.650000
    },
    {
      "Date": 20121204, 
      "Value" : 0.460000
    },
    {
      "Date": 20210722, 
      "Value" : 27.620001
    },
    {
      "Date": 20240205, 
      "Value" : 8.690000
    }
  ]
}