{
  "Color": "rgb(244, 55, 244)", 
  "Point": [
    {
      "Date": 20101224, 
      "Value" : 10.010000
    },
    {
      "Date": 20121204, 
      "Value" : 2.320000
    },
    {
      "Date": 20220317, 
      "Value" : 4.840000
    }
  ]
}