{
  "Color": "rgb(244, 55, 244)", 
  "Point": [
    {
      "Date": 20110830, 
      "Value" : 5.530000
    },
    {
      "Date": 20130628, 
      "Value" : 1.180000
    },
    {
      "Date": 20210922, 
      "Value" : 22.799999
    },
    {
      "Date": 20230601, 
      "Value" : 8.600000
    }
  ]
}