{
  "Color": "rgb(244, 55, 244)", 
  "Point": [
    {
      "Date": 20110801, 
      "Value" : 7.360000
    },
    {
      "Date": 20121204, 
      "Value" : 3.180000
    },
    {
      "Date": 20150618, 
      "Value" : 23.620001
    },
    {
      "Date": 20240208, 
      "Value" : 2.990000
    }
  ]
}