{
  "Color": "rgb(244, 55, 244)", 
  "Point": [
    {
      "Date": 20101224, 
      "Value" : 10.010000
    },
    {
      "Date": 20240611, 
      "Value" : 2.120000
    }
  ]
}