{
  "Color": "rgb(244, 55, 244)", 
  "Point": [
    {
      "Date": 20121204, 
      "Value" : -1.970000
    },
    {
      "Date": 20210204, 
      "Value" : 21.570000
    },
    {
      "Date": 20240206, 
      "Value" : 7.560000
    }
  ]
}