{
  "Color": "rgb(244, 55, 244)", 
  "Point": [
    {
      "Date": 20121204, 
      "Value" : 0.580000
    },
    {
      "Date": 20150504, 
      "Value" : 18.340000
    },
    {
      "Date": 20200507, 
      "Value" : 2.500000
    },
    {
      "Date": 20230412, 
      "Value" : 6.960000
    }
  ]
}