{
  "Color": "rgb(244, 55, 244)", 
  "Point": [
    {
      "Date": 20110909, 
      "Value" : 9.260000
    },
    {
      "Date": 20121204, 
      "Value" : 1.740000
    },
    {
      "Date": 20150603, 
      "Value" : 26.400000
    },
    {
      "Date": 20240206, 
      "Value" : 5.190000
    }
  ]
}