{
  "Color": "rgb(244, 55, 244)", 
  "Point": [
    {
      "Date": 20111018, 
      "Value" : 5.200000
    },
    {
      "Date": 20121204, 
      "Value" : 1.380000
    },
    {
      "Date": 20150615, 
      "Value" : 20.500000
    },
    {
      "Date": 20240718, 
      "Value" : 1.170000
    }
  ]
}