{
  "Color": "rgb(244, 55, 244)", 
  "Point": [
    {
      "Date": 20110909, 
      "Value" : 8.960000
    },
    {
      "Date": 20121204, 
      "Value" : 1.440000
    },
    {
      "Date": 20150603, 
      "Value" : 26.100000
    },
    {
      "Date": 20240206, 
      "Value" : 4.890000
    }
  ]
}