{
  "Color": "rgb(244, 55, 244)", 
  "Point": [
    {
      "Date": 20121204, 
      "Value" : -2.720000
    },
    {
      "Date": 20210204, 
      "Value" : 20.820000
    },
    {
      "Date": 20240918, 
      "Value" : 6.210000
    }
  ]
}