{
  "Color": "rgb(244, 55, 244)", 
  "Point": [
    {
      "Date": 20140128, 
      "Value" : 11.750000
    },
    {
      "Date": 20161121, 
      "Value" : 61.689999
    },
    {
      "Date": 20220427, 
      "Value" : 9.800000
    },
    {
      "Date": 20230907, 
      "Value" : 17.379999
    }
  ]
}