{
  "Color": "rgb(244, 55, 244)", 
  "Point": [
    {
      "Date": 20140123, 
      "Value" : 5.690000
    },
    {
      "Date": 20151228, 
      "Value" : 29.459999
    },
    {
      "Date": 20240208, 
      "Value" : 2.910000
    }
  ]
}