{
  "Color": "rgb(244, 55, 244)", 
  "Point": [
    {
      "Date": 20140121, 
      "Value" : 0.370000
    },
    {
      "Date": 20210429, 
      "Value" : 25.389999
    },
    {
      "Date": 20240828, 
      "Value" : 5.270000
    },
    {
      "Date": 20250312, 
      "Value" : 10.160000
    }
  ]
}