{
  "Color": "rgb(244, 55, 244)", 
  "Point": [
    {
      "Date": 20140128, 
      "Value" : 11.550000
    },
    {
      "Date": 20161121, 
      "Value" : 61.490002
    },
    {
      "Date": 20240208, 
      "Value" : 8.160000
    },
    {
      "Date": 20241128, 
      "Value" : 18.760000
    }
  ]
}