{
  "Color": "rgb(244, 55, 244)", 
  "Point": [
    {
      "Date": 20150320, 
      "Value" : 3.530000
    },
    {
      "Date": 20150528, 
      "Value" : 20.670000
    }
  ]
}