{
  "Color": "rgb(244, 55, 244)", 
  "Point": [
    {
      "Date": 20140121, 
      "Value" : 0.840000
    },
    {
      "Date": 20210429, 
      "Value" : 25.860001
    },
    {
      "Date": 20231221, 
      "Value" : 8.230000
    }
  ]
}