{
  "Color": "rgb(244, 55, 244)", 
  "Point": [
    {
      "Date": 20150626, 
      "Value" : 5.970000
    },
    {
      "Date": 20160408, 
      "Value" : 19.590000
    },
    {
      "Date": 20231121, 
      "Value" : 0.810000
    }
  ]
}