{
  "Color": "rgb(244, 55, 244)", 
  "Point": [
    {
      "Date": 20150527, 
      "Value" : 4.850000
    },
    {
      "Date": 20150616, 
      "Value" : 28.690001
    }
  ]
}