{
  "Color": "rgb(244, 55, 244)", 
  "Point": [
    {
      "Date": 20140121, 
      "Value" : 0.590000
    },
    {
      "Date": 20210429, 
      "Value" : 25.610001
    },
    {
      "Date": 20240828, 
      "Value" : 5.490000
    }
  ]
}