{
  "Color": "rgb(244, 55, 244)", 
  "Point": [
    {
      "Date": 20141230, 
      "Value" : 6.020000
    },
    {
      "Date": 20150604, 
      "Value" : 33.189999
    },
    {
      "Date": 20190103, 
      "Value" : 8.920000
    },
    {
      "Date": 20221121, 
      "Value" : 30.480000
    }
  ]
}