{
  "Color": "rgb(244, 55, 244)", 
  "Point": [
    {
      "Date": 20150527, 
      "Value" : 5.350000
    },
    {
      "Date": 20150616, 
      "Value" : 29.190001
    }
  ]
}