{
  "Color": "rgb(244, 55, 244)", 
  "Point": [
    {
      "Date": 20140128, 
      "Value" : 11.750000
    },
    {
      "Date": 20161121, 
      "Value" : 61.689999
    },
    {
      "Date": 20240208, 
      "Value" : 8.360000
    }
  ]
}