{
  "Color": "rgb(244, 55, 244)", 
  "Point": [
    {
      "Date": 20150320, 
      "Value" : 4.080000
    },
    {
      "Date": 20150528, 
      "Value" : 21.219999
    }
  ]
}