{
  "Color": "rgb(244, 55, 244)", 
  "Point": [
    {
      "Date": 20150320, 
      "Value" : 2.630000
    },
    {
      "Date": 20150528, 
      "Value" : 19.770000
    }
  ]
}