{
  "Color": "rgb(244, 55, 244)", 
  "Point": [
    {
      "Date": 20160311, 
      "Value" : 17.170000
    },
    {
      "Date": 20161123, 
      "Value" : 58.250000
    },
    {
      "Date": 20250409, 
      "Value" : 5.920000
    }
  ]
}