{
  "Color": "rgb(244, 55, 244)", 
  "Point": [
    {
      "Date": 20151231, 
      "Value" : 6.290000
    },
    {
      "Date": 20161124, 
      "Value" : 29.530001
    },
    {
      "Date": 20220427, 
      "Value" : 4.540000
    },
    {
      "Date": 20231121, 
      "Value" : 10.710000
    }
  ]
}