{
  "Color": "rgb(244, 55, 244)", 
  "Point": [
    {
      "Date": 20150320, 
      "Value" : 0.900000
    },
    {
      "Date": 20210713, 
      "Value" : 42.200001
    },
    {
      "Date": 20240206, 
      "Value" : 11.260000
    },
    {
      "Date": 20250227, 
      "Value" : 28.000000
    }
  ]
}