{
  "Color": "rgb(244, 55, 244)", 
  "Point": [
    {
      "Date": 20150320, 
      "Value" : 0.960000
    },
    {
      "Date": 20210713, 
      "Value" : 42.259998
    },
    {
      "Date": 20240206, 
      "Value" : 11.320000
    }
  ]
}