{
  "Color": "rgb(244, 55, 244)", 
  "Point": [
    {
      "Date": 20150612, 
      "Value" : 11.570000
    },
    {
      "Date": 20161221, 
      "Value" : 53.759998
    },
    {
      "Date": 20220427, 
      "Value" : 8.320000
    },
    {
      "Date": 20231204, 
      "Value" : 20.830000
    }
  ]
}