{
  "Color": "rgb(244, 55, 244)", 
  "Point": [
    {
      "Date": 20170213, 
      "Value" : 7.510000
    },
    {
      "Date": 20170308, 
      "Value" : 39.520000
    },
    {
      "Date": 20240208, 
      "Value" : 5.220000
    }
  ]
}