{
  "Color": "rgb(244, 55, 244)", 
  "Point": [
    {
      "Date": 20170522, 
      "Value" : 46.410000
    },
    {
      "Date": 20181012, 
      "Value" : 12.040000
    },
    {
      "Date": 20211115, 
      "Value" : 49.250000
    },
    {
      "Date": 20240206, 
      "Value" : 21.389999
    }
  ]
}