{
  "Color": "rgb(244, 55, 244)", 
  "Point": [
    {
      "Date": 20170829, 
      "Value" : 8.390000
    },
    {
      "Date": 20220803, 
      "Value" : 49.490002
    },
    {
      "Date": 20230427, 
      "Value" : 20.610001
    }
  ]
}