{
  "Color": "rgb(244, 55, 244)", 
  "Point": [
    {
      "Date": 20171120, 
      "Value" : 25.650000
    },
    {
      "Date": 20240208, 
      "Value" : 5.390000
    }
  ]
}