{
  "Color": "rgb(244, 55, 244)", 
  "Point": [
    {
      "Date": 20170317, 
      "Value" : 94.230003
    },
    {
      "Date": 20181012, 
      "Value" : 13.100000
    },
    {
      "Date": 20211112, 
      "Value" : 189.600006
    },
    {
      "Date": 20240205, 
      "Value" : 54.500000
    }
  ]
}