{
  "Color": "rgb(244, 55, 244)", 
  "Point": [
    {
      "Date": 20170317, 
      "Value" : 95.730003
    },
    {
      "Date": 20181012, 
      "Value" : 14.600000
    },
    {
      "Date": 20211112, 
      "Value" : 191.100006
    },
    {
      "Date": 20221021, 
      "Value" : 87.400002
    }
  ]
}