{
  "Color": "rgb(244, 55, 244)", 
  "Point": [
    {
      "Date": 20170829, 
      "Value" : 8.310000
    },
    {
      "Date": 20220803, 
      "Value" : 49.410000
    },
    {
      "Date": 20230427, 
      "Value" : 20.530001
    },
    {
      "Date": 20250227, 
      "Value" : 116.269997
    }
  ]
}