{
  "Color": "rgb(244, 55, 244)", 
  "Point": [
    {
      "Date": 20170605, 
      "Value" : 3.480000
    },
    {
      "Date": 20180518, 
      "Value" : 17.299999
    },
    {
      "Date": 20220506, 
      "Value" : 5.380000
    },
    {
      "Date": 20230720, 
      "Value" : 13.700000
    }
  ]
}