{
  "Color": "rgb(244, 55, 244)", 
  "Point": [
    {
      "Date": 20170110, 
      "Value" : 3.090000
    },
    {
      "Date": 20180524, 
      "Value" : 24.850000
    }
  ]
}