{
  "Color": "rgb(244, 55, 244)", 
  "Point": [
    {
      "Date": 20161111, 
      "Value" : 36.779999
    },
    {
      "Date": 20210209, 
      "Value" : 6.010000
    },
    {
      "Date": 20220520, 
      "Value" : 12.330000
    },
    {
      "Date": 20230425, 
      "Value" : 6.930000
    }
  ]
}