{
  "Color": "rgb(244, 55, 244)", 
  "Point": [
    {
      "Date": 20170717, 
      "Value" : 5.990000
    },
    {
      "Date": 20170829, 
      "Value" : 18.879999
    },
    {
      "Date": 20220427, 
      "Value" : 6.800000
    },
    {
      "Date": 20240116, 
      "Value" : 25.320000
    }
  ]
}