{
  "Color": "rgb(244, 55, 244)", 
  "Point": [
    {
      "Date": 20161124, 
      "Value" : 7.830000
    },
    {
      "Date": 20170323, 
      "Value" : 31.639999
    },
    {
      "Date": 20220427, 
      "Value" : 7.350000
    }
  ]
}