{
  "Color": "rgb(244, 55, 244)", 
  "Point": [
    {
      "Date": 20171120, 
      "Value" : 25.650000
    },
    {
      "Date": 20181012, 
      "Value" : 6.280000
    },
    {
      "Date": 20210326, 
      "Value" : 15.730000
    },
    {
      "Date": 20220427, 
      "Value" : 6.660000
    }
  ]
}