{
  "Color": "rgb(244, 55, 244)", 
  "Point": [
    {
      "Date": 20170912, 
      "Value" : 9.550000
    },
    {
      "Date": 20170927, 
      "Value" : 30.750000
    },
    {
      "Date": 20210209, 
      "Value" : 7.440000
    },
    {
      "Date": 20220118, 
      "Value" : 19.910000
    }
  ]
}