{
  "Color": "rgb(244, 55, 244)", 
  "Point": [
    {
      "Date": 20161124, 
      "Value" : 7.670000
    },
    {
      "Date": 20170323, 
      "Value" : 31.480000
    },
    {
      "Date": 20240208, 
      "Value" : 6.630000
    },
    {
      "Date": 20240711, 
      "Value" : 18.620001
    }
  ]
}