{
  "Color": "rgb(244, 55, 244)", 
  "Point": [
    {
      "Date": 20161124, 
      "Value" : 50.540001
    },
    {
      "Date": 20200204, 
      "Value" : 5.680000
    },
    {
      "Date": 20250102, 
      "Value" : 14.910000
    }
  ]
}