{
  "Color": "rgb(244, 55, 244)", 
  "Point": [
    {
      "Date": 20170531, 
      "Value" : 35.020000
    },
    {
      "Date": 20210204, 
      "Value" : 3.610000
    },
    {
      "Date": 20220415, 
      "Value" : 5.990000
    },
    {
      "Date": 20240626, 
      "Value" : 3.170000
    }
  ]
}