{
  "Color": "rgb(244, 55, 244)", 
  "Point": [
    {
      "Date": 20161124, 
      "Value" : 52.299999
    },
    {
      "Date": 20200204, 
      "Value" : 7.440000
    },
    {
      "Date": 20230804, 
      "Value" : 15.190000
    },
    {
      "Date": 20240206, 
      "Value" : 11.400000
    }
  ]
}