{
  "Color": "rgb(244, 55, 244)", 
  "Point": [
    {
      "Date": 20161115, 
      "Value" : 23.920000
    },
    {
      "Date": 20181012, 
      "Value" : 4.020000
    },
    {
      "Date": 20221118, 
      "Value" : 13.150000
    },
    {
      "Date": 20240207, 
      "Value" : 4.940000
    }
  ]
}