{
  "Color": "rgb(244, 55, 244)", 
  "Point": [
    {
      "Date": 20170511, 
      "Value" : 5.160000
    },
    {
      "Date": 20170531, 
      "Value" : 16.990000
    },
    {
      "Date": 20210208, 
      "Value" : 5.460000
    },
    {
      "Date": 20220916, 
      "Value" : 14.210000
    }
  ]
}