{
  "Color": "rgb(244, 55, 244)", 
  "Point": [
    {
      "Date": 20161111, 
      "Value" : 36.380001
    },
    {
      "Date": 20240208, 
      "Value" : 4.060000
    },
    {
      "Date": 20241031, 
      "Value" : 8.900000
    }
  ]
}