{
  "Color": "rgb(244, 55, 244)", 
  "Point": [
    {
      "Date": 20161124, 
      "Value" : 51.619999
    },
    {
      "Date": 20200204, 
      "Value" : 6.760000
    },
    {
      "Date": 20230804, 
      "Value" : 14.510000
    },
    {
      "Date": 20240206, 
      "Value" : 10.720000
    }
  ]
}