{
  "Color": "rgb(244, 55, 244)", 
  "Point": [
    {
      "Date": 20161111, 
      "Value" : 36.580002
    },
    {
      "Date": 20240208, 
      "Value" : 4.260000
    }
  ]
}