{
  "Color": "rgb(244, 55, 244)", 
  "Point": [
    {
      "Date": 20170119, 
      "Value" : 8.570000
    },
    {
      "Date": 20210423, 
      "Value" : 146.009995
    },
    {
      "Date": 20240709, 
      "Value" : 26.840000
    }
  ]
}