{
  "Color": "rgb(244, 55, 244)", 
  "Point": [
    {
      "Date": 20170119, 
      "Value" : 9.420000
    },
    {
      "Date": 20210423, 
      "Value" : 146.860001
    },
    {
      "Date": 20231102, 
      "Value" : 41.299999
    }
  ]
}