{
  "Color": "rgb(244, 55, 244)", 
  "Point": [
    {
      "Date": 20170412, 
      "Value" : 6.880000
    },
    {
      "Date": 20171114, 
      "Value" : 17.629999
    },
    {
      "Date": 20181012, 
      "Value" : 6.150000
    },
    {
      "Date": 20211126, 
      "Value" : 20.160000
    }
  ]
}