{
  "Color": "rgb(244, 55, 244)", 
  "Point": [
    {
      "Date": 20161124, 
      "Value" : 7.750000
    },
    {
      "Date": 20170323, 
      "Value" : 31.559999
    },
    {
      "Date": 20240208, 
      "Value" : 6.710000
    },
    {
      "Date": 20240711, 
      "Value" : 18.700001
    }
  ]
}