{
  "Color": "rgb(244, 55, 244)", 
  "Point": [
    {
      "Date": 20170418, 
      "Value" : 3.750000
    },
    {
      "Date": 20170505, 
      "Value" : 14.450000
    },
    {
      "Date": 20240208, 
      "Value" : 3.330000
    }
  ]
}