{
  "Color": "rgb(244, 55, 244)", 
  "Point": [
    {
      "Date": 20161124, 
      "Value" : 7.490000
    },
    {
      "Date": 20170323, 
      "Value" : 31.299999
    },
    {
      "Date": 20240208, 
      "Value" : 6.450000
    },
    {
      "Date": 20240711, 
      "Value" : 18.440001
    }
  ]
}