{
  "Color": "rgb(244, 55, 244)", 
  "Point": [
    {
      "Date": 20170522, 
      "Value" : 46.509998
    },
    {
      "Date": 20181012, 
      "Value" : 12.140000
    },
    {
      "Date": 20211115, 
      "Value" : 49.349998
    },
    {
      "Date": 20240206, 
      "Value" : 21.490000
    }
  ]
}