{
  "Color": "rgb(244, 55, 244)", 
  "Point": [
    {
      "Date": 20170717, 
      "Value" : 6.190000
    },
    {
      "Date": 20170829, 
      "Value" : 19.080000
    },
    {
      "Date": 20220427, 
      "Value" : 7.000000
    },
    {
      "Date": 20230216, 
      "Value" : 22.590000
    }
  ]
}