{
  "Color": "rgb(244, 55, 244)", 
  "Point": [
    {
      "Date": 20170418, 
      "Value" : 3.730000
    },
    {
      "Date": 20170505, 
      "Value" : 14.430000
    },
    {
      "Date": 20240208, 
      "Value" : 3.310000
    },
    {
      "Date": 20250401, 
      "Value" : 5.850000
    }
  ]
}