{
  "Color": "rgb(244, 55, 244)", 
  "Point": [
    {
      "Date": 20170612, 
      "Value" : 28.100000
    },
    {
      "Date": 20210209, 
      "Value" : 7.160000
    },
    {
      "Date": 20221223, 
      "Value" : 29.620001
    },
    {
      "Date": 20230926, 
      "Value" : 11.570000
    }
  ]
}