{
  "Color": "rgb(244, 55, 244)", 
  "Point": [
    {
      "Date": 20161012, 
      "Value" : 8.610000
    },
    {
      "Date": 20161111, 
      "Value" : 79.290001
    },
    {
      "Date": 20201102, 
      "Value" : 17.100000
    },
    {
      "Date": 20230711, 
      "Value" : 44.889999
    }
  ]
}