{
  "Color": "rgb(244, 55, 244)", 
  "Point": [
    {
      "Date": 20170427, 
      "Value" : 20.340000
    },
    {
      "Date": 20210208, 
      "Value" : 5.300000
    },
    {
      "Date": 20241213, 
      "Value" : 31.410000
    }
  ]
}