{
  "Color": "rgb(244, 55, 244)", 
  "Point": [
    {
      "Date": 20161124, 
      "Value" : 52.700001
    },
    {
      "Date": 20200204, 
      "Value" : 7.840000
    },
    {
      "Date": 20230719, 
      "Value" : 15.400000
    }
  ]
}