{
  "Color": "rgb(244, 55, 244)", 
  "Point": [
    {
      "Date": 20170515, 
      "Value" : 34.509998
    },
    {
      "Date": 20211102, 
      "Value" : 9.050000
    },
    {
      "Date": 20230112, 
      "Value" : 65.900002
    },
    {
      "Date": 20230921, 
      "Value" : 25.980000
    }
  ]
}