{
  "Color": "rgb(244, 55, 244)", 
  "Point": [
    {
      "Date": 20161115, 
      "Value" : 23.830000
    },
    {
      "Date": 20181012, 
      "Value" : 3.930000
    },
    {
      "Date": 20221118, 
      "Value" : 13.070000
    },
    {
      "Date": 20240207, 
      "Value" : 4.860000
    }
  ]
}