{
  "Color": "rgb(244, 55, 244)", 
  "Point": [
    {
      "Date": 20161124, 
      "Value" : 51.220001
    },
    {
      "Date": 20200204, 
      "Value" : 6.360000
    },
    {
      "Date": 20241008, 
      "Value" : 14.160000
    }
  ]
}