{
  "Color": "rgb(244, 55, 244)", 
  "Point": [
    {
      "Date": 20200903, 
      "Value" : 5.360000
    },
    {
      "Date": 20200911, 
      "Value" : 11.760000
    },
    {
      "Date": 20220427, 
      "Value" : 5.830000
    },
    {
      "Date": 20221114, 
      "Value" : 12.890000
    }
  ]
}