{
  "Color": "rgb(244, 55, 244)", 
  "Point": [
    {
      "Date": 20200429, 
      "Value" : 11.170000
    },
    {
      "Date": 20200810, 
      "Value" : 116.440002
    },
    {
      "Date": 20240918, 
      "Value" : 16.639999
    },
    {
      "Date": 20250421, 
      "Value" : 29.350000
    }
  ]
}