{
  "Color": "rgb(244, 55, 244)", 
  "Point": [
    {
      "Date": 20200828, 
      "Value" : 7.490000
    },
    {
      "Date": 20210323, 
      "Value" : 22.639999
    },
    {
      "Date": 20240207, 
      "Value" : 4.480000
    }
  ]
}