{
  "Color": "rgb(244, 55, 244)", 
  "Point": [
    {
      "Date": 20200817, 
      "Value" : 24.080000
    },
    {
      "Date": 20200915, 
      "Value" : 85.949997
    },
    {
      "Date": 20220412, 
      "Value" : 24.110001
    }
  ]
}