{
  "Color": "rgb(244, 55, 244)", 
  "Point": [
    {
      "Date": 20171205, 
      "Value" : 3.000000
    },
    {
      "Date": 20180125, 
      "Value" : 23.129999
    },
    {
      "Date": 20200204, 
      "Value" : 8.460000
    },
    {
      "Date": 20220328, 
      "Value" : 27.290001
    }
  ]
}