{
  "Color": "rgb(244, 55, 244)", 
  "Point": [
    {
      "Date": 20200817, 
      "Value" : 23.780001
    },
    {
      "Date": 20200915, 
      "Value" : 85.650002
    },
    {
      "Date": 20240205, 
      "Value" : 23.100000
    }
  ]
}