{
  "Color": "rgb(244, 55, 244)", 
  "Point": [
    {
      "Date": 20200320, 
      "Value" : 49.040001
    },
    {
      "Date": 20220427, 
      "Value" : 12.570000
    },
    {
      "Date": 20230324, 
      "Value" : 38.980000
    },
    {
      "Date": 20230822, 
      "Value" : 18.790001
    }
  ]
}