{
  "Color": "rgb(244, 55, 244)", 
  "Point": [
    {
      "Date": 20191031, 
      "Value" : 45.169998
    },
    {
      "Date": 20220427, 
      "Value" : 10.020000
    }
  ]
}