{
  "Color": "rgb(244, 55, 244)", 
  "Point": [
    {
      "Date": 20180115, 
      "Value" : 11.850000
    },
    {
      "Date": 20180312, 
      "Value" : 59.860001
    },
    {
      "Date": 20240205, 
      "Value" : 12.440000
    }
  ]
}