{
  "Color": "rgb(244, 55, 244)", 
  "Point": [
    {
      "Date": 20181026, 
      "Value" : 6.800000
    },
    {
      "Date": 20190702, 
      "Value" : 17.879999
    },
    {
      "Date": 20240709, 
      "Value" : 6.230000
    },
    {
      "Date": 20241008, 
      "Value" : 10.110000
    }
  ]
}