{
  "Color": "rgb(244, 55, 244)", 
  "Point": [
    {
      "Date": 20190918, 
      "Value" : 44.889999
    },
    {
      "Date": 20240206, 
      "Value" : 9.970000
    }
  ]
}