{
  "Color": "rgb(244, 55, 244)", 
  "Point": [
    {
      "Date": 20200925, 
      "Value" : 6.920000
    },
    {
      "Date": 20210302, 
      "Value" : 16.700001
    },
    {
      "Date": 20220427, 
      "Value" : 6.020000
    }
  ]
}