{
  "Color": "rgb(244, 55, 244)", 
  "Point": [
    {
      "Date": 20190315, 
      "Value" : 11.080000
    },
    {
      "Date": 20190408, 
      "Value" : 37.779999
    },
    {
      "Date": 20240208, 
      "Value" : 4.830000
    }
  ]
}