{
  "Color": "rgb(244, 55, 244)", 
  "Point": [
    {
      "Date": 20200320, 
      "Value" : 49.040001
    },
    {
      "Date": 20220427, 
      "Value" : 12.570000
    },
    {
      "Date": 20230324, 
      "Value" : 38.980000
    },
    {
      "Date": 20230724, 
      "Value" : 20.180000
    }
  ]
}