{
  "Color": "rgb(244, 55, 244)", 
  "Point": [
    {
      "Date": 20190307, 
      "Value" : 6.820000
    },
    {
      "Date": 20221103, 
      "Value" : 2.740000
    },
    {
      "Date": 20250515, 
      "Value" : 4.920000
    }
  ]
}