{
  "Color": "rgb(244, 55, 244)", 
  "Point": [
    {
      "Date": 20200828, 
      "Value" : 9.840000
    },
    {
      "Date": 20210323, 
      "Value" : 29.530001
    },
    {
      "Date": 20240207, 
      "Value" : 5.920000
    }
  ]
}