{
  "Color": "rgb(244, 55, 244)", 
  "Point": [
    {
      "Date": 20200925, 
      "Value" : 6.720000
    },
    {
      "Date": 20210302, 
      "Value" : 16.500000
    },
    {
      "Date": 20240208, 
      "Value" : 4.510000
    }
  ]
}