{
  "Color": "rgb(244, 55, 244)", 
  "Point": [
    {
      "Date": 20200814, 
      "Value" : 34.240002
    },
    {
      "Date": 20220506, 
      "Value" : 9.080000
    },
    {
      "Date": 20230619, 
      "Value" : 45.599998
    },
    {
      "Date": 20240208, 
      "Value" : 11.160000
    }
  ]
}