{
  "Color": "rgb(244, 55, 244)", 
  "Point": [
    {
      "Date": 20171013, 
      "Value" : 29.690001
    },
    {
      "Date": 20210204, 
      "Value" : 6.660000
    }
  ]
}