{
  "Color": "rgb(244, 55, 244)", 
  "Point": [
    {
      "Date": 20200925, 
      "Value" : 6.570000
    },
    {
      "Date": 20210302, 
      "Value" : 16.350000
    },
    {
      "Date": 20240208, 
      "Value" : 4.360000
    },
    {
      "Date": 20241126, 
      "Value" : 7.450000
    }
  ]
}