{
  "Color": "rgb(244, 55, 244)", 
  "Point": [
    {
      "Date": 20200925, 
      "Value" : 6.770000
    },
    {
      "Date": 20210302, 
      "Value" : 16.549999
    },
    {
      "Date": 20220427, 
      "Value" : 5.870000
    },
    {
      "Date": 20231114, 
      "Value" : 8.810000
    }
  ]
}