{
  "Color": "rgb(244, 55, 244)", 
  "Point": [
    {
      "Date": 20200205, 
      "Value" : 19.320000
    },
    {
      "Date": 20210114, 
      "Value" : 134.919998
    },
    {
      "Date": 20240206, 
      "Value" : 19.420000
    },
    {
      "Date": 20250227, 
      "Value" : 44.500000
    }
  ]
}