{
  "Color": "rgb(244, 55, 244)", 
  "Point": [
    {
      "Date": 20171113, 
      "Value" : 40.299999
    },
    {
      "Date": 20220427, 
      "Value" : 8.190000
    },
    {
      "Date": 20230616, 
      "Value" : 38.360001
    },
    {
      "Date": 20240206, 
      "Value" : 14.960000
    }
  ]
}