{
  "Color": "rgb(244, 55, 244)", 
  "Point": [
    {
      "Date": 20200317, 
      "Value" : 43.799999
    },
    {
      "Date": 20220427, 
      "Value" : 13.450000
    },
    {
      "Date": 20240103, 
      "Value" : 43.270000
    }
  ]
}