{
  "Color": "rgb(244, 55, 244)", 
  "Point": [
    {
      "Date": 20200731, 
      "Value" : 42.529999
    },
    {
      "Date": 20200817, 
      "Value" : 154.779999
    },
    {
      "Date": 20220429, 
      "Value" : 39.619999
    },
    {
      "Date": 20230313, 
      "Value" : 94.410004
    }
  ]
}