{
  "Color": "rgb(244, 55, 244)", 
  "Point": [
    {
      "Date": 20171206, 
      "Value" : 26.020000
    },
    {
      "Date": 20180207, 
      "Value" : 12.960000
    },
    {
      "Date": 20210802, 
      "Value" : 55.380001
    },
    {
      "Date": 20240205, 
      "Value" : 18.280001
    }
  ]
}