{
  "Color": "rgb(244, 55, 244)", 
  "Point": [
    {
      "Date": 20200317, 
      "Value" : 43.950001
    },
    {
      "Date": 20220427, 
      "Value" : 13.600000
    },
    {
      "Date": 20230711, 
      "Value" : 43.270000
    }
  ]
}