{
  "Color": "rgb(244, 55, 244)", 
  "Point": [
    {
      "Date": 20200928, 
      "Value" : 15.650000
    },
    {
      "Date": 20210218, 
      "Value" : 36.009998
    },
    {
      "Date": 20220428, 
      "Value" : 15.940000
    },
    {
      "Date": 20240510, 
      "Value" : 28.520000
    }
  ]
}