{
  "Color": "rgb(244, 55, 244)", 
  "Point": [
    {
      "Date": 20220427, 
      "Value" : 10.080000
    },
    {
      "Date": 20231018, 
      "Value" : 49.580002
    }
  ]
}