{
  "Color": "rgb(244, 55, 244)", 
  "Point": [
    {
      "Date": 20200320, 
      "Value" : 47.340000
    },
    {
      "Date": 20220427, 
      "Value" : 10.860000
    },
    {
      "Date": 20230324, 
      "Value" : 37.270000
    },
    {
      "Date": 20230822, 
      "Value" : 17.080000
    }
  ]
}