{
  "Color": "rgb(244, 55, 244)", 
  "Point": [
    {
      "Date": 20200709, 
      "Value" : 56.200001
    },
    {
      "Date": 20220426, 
      "Value" : 18.900000
    },
    {
      "Date": 20230210, 
      "Value" : 31.820000
    },
    {
      "Date": 20230628, 
      "Value" : 21.799999
    }
  ]
}