{
  "Color": "rgb(244, 55, 244)", 
  "Point": [
    {
      "Date": 20191203, 
      "Value" : 8.690000
    },
    {
      "Date": 20210603, 
      "Value" : 36.740002
    },
    {
      "Date": 20240208, 
      "Value" : 6.670000
    }
  ]
}