{
  "Color": "rgb(244, 55, 244)", 
  "Point": [
    {
      "Date": 20180312, 
      "Value" : 21.690001
    },
    {
      "Date": 20240206, 
      "Value" : 4.580000
    },
    {
      "Date": 20241112, 
      "Value" : 9.150000
    }
  ]
}