{
  "Color": "rgb(244, 55, 244)", 
  "Point": [
    {
      "Date": 20171025, 
      "Value" : 34.740002
    },
    {
      "Date": 20190131, 
      "Value" : 7.450000
    },
    {
      "Date": 20211202, 
      "Value" : 64.820000
    },
    {
      "Date": 20240206, 
      "Value" : 18.100000
    }
  ]
}