{
  "Color": "rgb(244, 55, 244)", 
  "Point": [
    {
      "Date": 20200817, 
      "Value" : 22.580000
    },
    {
      "Date": 20200915, 
      "Value" : 84.440002
    },
    {
      "Date": 20240205, 
      "Value" : 21.900000
    },
    {
      "Date": 20250307, 
      "Value" : 49.299999
    }
  ]
}