{
  "Color": "rgb(244, 55, 244)", 
  "Point": [
    {
      "Date": 20180115, 
      "Value" : 11.260000
    },
    {
      "Date": 20180312, 
      "Value" : 59.270000
    },
    {
      "Date": 20240828, 
      "Value" : 10.290000
    },
    {
      "Date": 20250317, 
      "Value" : 17.360001
    }
  ]
}