{
  "Color": "rgb(244, 55, 244)", 
  "Point": [
    {
      "Date": 20180903, 
      "Value" : 7.250000
    },
    {
      "Date": 20180914, 
      "Value" : 19.459999
    },
    {
      "Date": 20200204, 
      "Value" : 10.390000
    },
    {
      "Date": 20220302, 
      "Value" : 24.459999
    }
  ]
}