{
  "Color": "rgb(244, 55, 244)", 
  "Point": [
    {
      "Date": 20171213, 
      "Value" : 9.310000
    },
    {
      "Date": 20200713, 
      "Value" : 192.600006
    },
    {
      "Date": 20230515, 
      "Value" : 70.500000
    }
  ]
}