{
  "Color": "rgb(244, 55, 244)", 
  "Point": [
    {
      "Date": 20190404, 
      "Value" : 10.320000
    },
    {
      "Date": 20240205, 
      "Value" : 2.380000
    }
  ]
}