{
  "Color": "rgb(244, 55, 244)", 
  "Point": [
    {
      "Date": 20190823, 
      "Value" : 27.049999
    },
    {
      "Date": 20200723, 
      "Value" : 162.100006
    },
    {
      "Date": 20240918, 
      "Value" : 34.799999
    }
  ]
}