{
  "Color": "rgb(244, 55, 244)", 
  "Point": [
    {
      "Date": 20200429, 
      "Value" : 11.490000
    },
    {
      "Date": 20200810, 
      "Value" : 116.760002
    },
    {
      "Date": 20240206, 
      "Value" : 21.010000
    }
  ]
}