{
  "Color": "rgb(244, 55, 244)", 
  "Point": [
    {
      "Date": 20180312, 
      "Value" : 21.690001
    },
    {
      "Date": 20200204, 
      "Value" : 6.100000
    }
  ]
}