{
  "Color": "rgb(244, 55, 244)", 
  "Point": [
    {
      "Date": 20190509, 
      "Value" : 5.000000
    },
    {
      "Date": 20200323, 
      "Value" : 20.889999
    },
    {
      "Date": 20240206, 
      "Value" : 5.780000
    }
  ]
}