{
  "Color": "rgb(244, 55, 244)", 
  "Point": [
    {
      "Date": 20180115, 
      "Value" : 11.390000
    },
    {
      "Date": 20180312, 
      "Value" : 59.400002
    },
    {
      "Date": 20240709, 
      "Value" : 11.280000
    }
  ]
}