{
  "Color": "rgb(244, 55, 244)", 
  "Point": [
    {
      "Date": 20191217, 
      "Value" : 21.100000
    },
    {
      "Date": 20200225, 
      "Value" : 85.800003
    },
    {
      "Date": 20240208, 
      "Value" : 18.200001
    },
    {
      "Date": 20241023, 
      "Value" : 52.340000
    }
  ]
}