{
  "Color": "rgb(244, 55, 244)", 
  "Point": [
    {
      "Date": 20190409, 
      "Value" : 34.020000
    },
    {
      "Date": 20220427, 
      "Value" : 8.990000
    },
    {
      "Date": 20240108, 
      "Value" : 44.389999
    },
    {
      "Date": 20250409, 
      "Value" : 14.140000
    }
  ]
}