{
  "Color": "rgb(244, 55, 244)", 
  "Point": [
    {
      "Date": 20191217, 
      "Value" : 21.600000
    },
    {
      "Date": 20200225, 
      "Value" : 86.300003
    },
    {
      "Date": 20221228, 
      "Value" : 18.850000
    },
    {
      "Date": 20230620, 
      "Value" : 36.680000
    }
  ]
}