{
  "Color": "rgb(244, 55, 244)", 
  "Point": [
    {
      "Date": 20191108, 
      "Value" : 4.650000
    },
    {
      "Date": 20210628, 
      "Value" : 45.189999
    },
    {
      "Date": 20240206, 
      "Value" : 8.930000
    },
    {
      "Date": 20250401, 
      "Value" : 22.520000
    }
  ]
}