{
  "Color": "rgb(244, 55, 244)", 
  "Point": [
    {
      "Date": 20200428, 
      "Value" : 24.360001
    },
    {
      "Date": 20210831, 
      "Value" : 62.299999
    },
    {
      "Date": 20220427, 
      "Value" : 25.639999
    }
  ]
}