{
  "Color": "rgb(244, 55, 244)", 
  "Point": [
    {
      "Date": 20200825, 
      "Value" : 105.570000
    },
    {
      "Date": 20220429, 
      "Value" : 23.190001
    },
    {
      "Date": 20230221, 
      "Value" : 35.360001
    },
    {
      "Date": 20240208, 
      "Value" : 12.410000
    }
  ]
}