{
  "Color": "rgb(244, 55, 244)", 
  "Point": [
    {
      "Date": 20190409, 
      "Value" : 34.099998
    },
    {
      "Date": 20220427, 
      "Value" : 9.070000
    },
    {
      "Date": 20221026, 
      "Value" : 21.900000
    },
    {
      "Date": 20231023, 
      "Value" : 13.980000
    }
  ]
}