{
  "Color": "rgb(244, 55, 244)", 
  "Point": [
    {
      "Date": 20191217, 
      "Value" : 21.600000
    },
    {
      "Date": 20200225, 
      "Value" : 86.300003
    },
    {
      "Date": 20240208, 
      "Value" : 18.700001
    }
  ]
}