{
  "Color": "rgb(244, 55, 244)", 
  "Point": [
    {
      "Date": 20200429, 
      "Value" : 11.420000
    },
    {
      "Date": 20200810, 
      "Value" : 116.690002
    },
    {
      "Date": 20240718, 
      "Value" : 18.360001
    }
  ]
}