{
  "Color": "rgb(244, 55, 244)", 
  "Point": [
    {
      "Date": 20200428, 
      "Value" : 23.860001
    },
    {
      "Date": 20210831, 
      "Value" : 61.799999
    },
    {
      "Date": 20240205, 
      "Value" : 22.889999
    }
  ]
}