{
  "Color": "rgb(244, 55, 244)", 
  "Point": [
    {
      "Date": 20200320, 
      "Value" : 48.619999
    },
    {
      "Date": 20220427, 
      "Value" : 12.140000
    },
    {
      "Date": 20230324, 
      "Value" : 38.549999
    },
    {
      "Date": 20230822, 
      "Value" : 18.370001
    }
  ]
}