{
  "Color": "rgb(244, 55, 244)", 
  "Point": [
    {
      "Date": 20180327, 
      "Value" : 62.150002
    },
    {
      "Date": 20210204, 
      "Value" : 19.549999
    },
    {
      "Date": 20230323, 
      "Value" : 55.520000
    },
    {
      "Date": 20240206, 
      "Value" : 23.660000
    }
  ]
}