{
  "Color": "rgb(244, 55, 244)", 
  "Point": [
    {
      "Date": 20191203, 
      "Value" : 9.080000
    },
    {
      "Date": 20210603, 
      "Value" : 37.130001
    },
    {
      "Date": 20230627, 
      "Value" : 14.200000
    }
  ]
}