{
  "Color": "rgb(244, 55, 244)", 
  "Point": [
    {
      "Date": 20180117, 
      "Value" : 15.600000
    },
    {
      "Date": 20200402, 
      "Value" : 4.250000
    },
    {
      "Date": 20220803, 
      "Value" : 14.260000
    }
  ]
}