{
  "Color": "rgb(244, 55, 244)", 
  "Point": [
    {
      "Date": 20171025, 
      "Value" : 35.090000
    },
    {
      "Date": 20190131, 
      "Value" : 7.800000
    },
    {
      "Date": 20211202, 
      "Value" : 65.169998
    },
    {
      "Date": 20240206, 
      "Value" : 18.450001
    }
  ]
}