{
  "Color": "rgb(244, 55, 244)", 
  "Point": [
    {
      "Date": 20180109, 
      "Value" : 45.910000
    },
    {
      "Date": 20181025, 
      "Value" : 13.510000
    },
    {
      "Date": 20220803, 
      "Value" : 201.449997
    },
    {
      "Date": 20240205, 
      "Value" : 75.599998
    }
  ]
}