{
  "Color": "rgb(244, 55, 244)", 
  "Point": [
    {
      "Date": 20200825, 
      "Value" : 147.800003
    },
    {
      "Date": 20220429, 
      "Value" : 32.470001
    },
    {
      "Date": 20230221, 
      "Value" : 49.509998
    }
  ]
}