{
  "Color": "rgb(244, 55, 244)", 
  "Point": [
    {
      "Date": 20200911, 
      "Value" : 53.130001
    },
    {
      "Date": 20220427, 
      "Value" : 10.860000
    }
  ]
}