{
  "Color": "rgb(244, 55, 244)", 
  "Point": [
    {
      "Date": 20200911, 
      "Value" : 53.130001
    },
    {
      "Date": 20240208, 
      "Value" : 9.140000
    },
    {
      "Date": 20241025, 
      "Value" : 27.690001
    }
  ]
}