{
  "Color": "rgb(244, 55, 244)", 
  "Point": [
    {
      "Date": 20190404, 
      "Value" : 10.420000
    },
    {
      "Date": 20231221, 
      "Value" : 2.570000
    }
  ]
}