{
  "Color": "rgb(244, 55, 244)", 
  "Point": [
    {
      "Date": 20200525, 
      "Value" : 24.650000
    },
    {
      "Date": 20220427, 
      "Value" : 9.550000
    }
  ]
}