{
  "Color": "rgb(244, 55, 244)", 
  "Point": [
    {
      "Date": 20200428, 
      "Value" : 23.360001
    },
    {
      "Date": 20210831, 
      "Value" : 61.299999
    },
    {
      "Date": 20240205, 
      "Value" : 22.389999
    }
  ]
}