{
  "Color": "rgb(244, 55, 244)", 
  "Point": [
    {
      "Date": 20220427, 
      "Value" : 10.380000
    },
    {
      "Date": 20220729, 
      "Value" : 36.330002
    }
  ]
}