{
  "Color": "rgb(244, 55, 244)", 
  "Point": [
    {
      "Date": 20180109, 
      "Value" : 46.750000
    },
    {
      "Date": 20181025, 
      "Value" : 14.350000
    },
    {
      "Date": 20220803, 
      "Value" : 202.289993
    },
    {
      "Date": 20240205, 
      "Value" : 76.440002
    }
  ]
}