{
  "Color": "rgb(244, 55, 244)", 
  "Point": [
    {
      "Date": 20180925, 
      "Value" : 5.890000
    },
    {
      "Date": 20240918, 
      "Value" : 1.590000
    }
  ]
}