{
  "Color": "rgb(244, 55, 244)", 
  "Point": [
    {
      "Date": 20190509, 
      "Value" : 6.600000
    },
    {
      "Date": 20200323, 
      "Value" : 27.260000
    },
    {
      "Date": 20220427, 
      "Value" : 7.790000
    }
  ]
}