{
  "Color": "rgb(244, 55, 244)", 
  "Point": [
    {
      "Date": 20190307, 
      "Value" : 6.980000
    },
    {
      "Date": 20221103, 
      "Value" : 2.900000
    }
  ]
}