{
  "Color": "rgb(244, 55, 244)", 
  "Point": [
    {
      "Date": 20200106, 
      "Value" : 6.560000
    },
    {
      "Date": 20200720, 
      "Value" : 30.900000
    },
    {
      "Date": 20240208, 
      "Value" : 7.050000
    }
  ]
}