{
  "Color": "rgb(244, 55, 244)", 
  "Point": [
    {
      "Date": 20190807, 
      "Value" : 12.720000
    },
    {
      "Date": 20211201, 
      "Value" : 5.480000
    },
    {
      "Date": 20230105, 
      "Value" : 7.810000
    },
    {
      "Date": 20231117, 
      "Value" : 6.100000
    }
  ]
}