{
  "Color": "rgb(244, 55, 244)", 
  "Point": [
    {
      "Date": 20200205, 
      "Value" : 19.320000
    },
    {
      "Date": 20210114, 
      "Value" : 134.919998
    },
    {
      "Date": 20220427, 
      "Value" : 27.950001
    }
  ]
}