{
  "Color": "rgb(244, 55, 244)", 
  "Point": [
    {
      "Date": 20190918, 
      "Value" : 44.889999
    },
    {
      "Date": 20220427, 
      "Value" : 10.620000
    },
    {
      "Date": 20220824, 
      "Value" : 23.730000
    }
  ]
}