{
  "Color": "rgb(244, 55, 244)", 
  "Point": [
    {
      "Date": 20190130, 
      "Value" : 39.459999
    },
    {
      "Date": 20210209, 
      "Value" : 10.540000
    },
    {
      "Date": 20220824, 
      "Value" : 62.919998
    },
    {
      "Date": 20230510, 
      "Value" : 28.309999
    }
  ]
}