{
  "Color": "rgb(244, 55, 244)", 
  "Point": [
    {
      "Date": 20191203, 
      "Value" : 8.790000
    },
    {
      "Date": 20210603, 
      "Value" : 36.840000
    },
    {
      "Date": 20240208, 
      "Value" : 6.770000
    }
  ]
}