{
  "Color": "rgb(244, 55, 244)", 
  "Point": [
    {
      "Date": 20171013, 
      "Value" : 29.490000
    },
    {
      "Date": 20210204, 
      "Value" : 6.460000
    }
  ]
}