{
  "Color": "rgb(244, 55, 244)", 
  "Point": [
    {
      "Date": 20200811, 
      "Value" : 40.480000
    },
    {
      "Date": 20220427, 
      "Value" : 9.880000
    },
    {
      "Date": 20230707, 
      "Value" : 76.489998
    }
  ]
}