{
  "Color": "rgb(244, 55, 244)", 
  "Point": [
    {
      "Date": 20190201, 
      "Value" : 12.190000
    },
    {
      "Date": 20200713, 
      "Value" : 41.349998
    },
    {
      "Date": 20220426, 
      "Value" : 13.110000
    },
    {
      "Date": 20231129, 
      "Value" : 35.369999
    }
  ]
}