{
  "Color": "rgb(244, 55, 244)", 
  "Point": [
    {
      "Date": 20200428, 
      "Value" : 11.290000
    },
    {
      "Date": 20200710, 
      "Value" : 49.709999
    },
    {
      "Date": 20220418, 
      "Value" : 15.550000
    },
    {
      "Date": 20231120, 
      "Value" : 35.639999
    }
  ]
}