{
  "Color": "rgb(244, 55, 244)", 
  "Point": [
    {
      "Date": 20200428, 
      "Value" : 9.120000
    },
    {
      "Date": 20200710, 
      "Value" : 41.139999
    },
    {
      "Date": 20220418, 
      "Value" : 12.670000
    },
    {
      "Date": 20231120, 
      "Value" : 29.420000
    }
  ]
}