{
  "Color": "rgb(244, 55, 244)", 
  "Point": [
    {
      "Date": 20220427, 
      "Value" : 10.380000
    },
    {
      "Date": 20230808, 
      "Value" : 40.599998
    }
  ]
}