{
  "Color": "rgb(244, 55, 244)", 
  "Point": [
    {
      "Date": 20191108, 
      "Value" : 5.200000
    },
    {
      "Date": 20210628, 
      "Value" : 45.740002
    },
    {
      "Date": 20240206, 
      "Value" : 9.480000
    }
  ]
}