{
  "Color": "rgb(244, 55, 244)", 
  "Point": [
    {
      "Date": 20190930, 
      "Value" : 31.730000
    },
    {
      "Date": 20220427, 
      "Value" : 7.840000
    },
    {
      "Date": 20240102, 
      "Value" : 25.620001
    }
  ]
}