{
  "Color": "rgb(244, 55, 244)", 
  "Point": [
    {
      "Date": 20190930, 
      "Value" : 31.930000
    },
    {
      "Date": 20220427, 
      "Value" : 8.040000
    },
    {
      "Date": 20240102, 
      "Value" : 25.820000
    }
  ]
}