{
  "Color": "rgb(244, 55, 244)", 
  "Point": [
    {
      "Date": 20200106, 
      "Value" : 6.460000
    },
    {
      "Date": 20200720, 
      "Value" : 30.799999
    },
    {
      "Date": 20240208, 
      "Value" : 6.950000
    },
    {
      "Date": 20250226, 
      "Value" : 14.280000
    }
  ]
}