{
  "Color": "rgb(244, 55, 244)", 
  "Point": [
    {
      "Date": 20200317, 
      "Value" : 20.590000
    },
    {
      "Date": 20200810, 
      "Value" : 101.080002
    },
    {
      "Date": 20240208, 
      "Value" : 18.280001
    }
  ]
}