{
  "Color": "rgb(244, 55, 244)", 
  "Point": [
    {
      "Date": 20200317, 
      "Value" : 20.770000
    },
    {
      "Date": 20200810, 
      "Value" : 101.260002
    },
    {
      "Date": 20220427, 
      "Value" : 24.360001
    }
  ]
}