{
  "Color": "rgb(244, 55, 244)", 
  "Point": [
    {
      "Date": 20200817, 
      "Value" : 23.180000
    },
    {
      "Date": 20200915, 
      "Value" : 85.050003
    },
    {
      "Date": 20240205, 
      "Value" : 22.500000
    },
    {
      "Date": 20240628, 
      "Value" : 38.830002
    }
  ]
}