{
  "Color": "rgb(244, 55, 244)", 
  "Point": [
    {
      "Date": 20191031, 
      "Value" : 45.169998
    },
    {
      "Date": 20240208, 
      "Value" : 7.770000
    }
  ]
}