{
  "Color": "rgb(244, 55, 244)", 
  "Point": [
    {
      "Date": 20181026, 
      "Value" : 6.910000
    },
    {
      "Date": 20190702, 
      "Value" : 17.990000
    },
    {
      "Date": 20220512, 
      "Value" : 7.560000
    }
  ]
}