{
  "Color": "rgb(244, 55, 244)", 
  "Point": [
    {
      "Date": 20200709, 
      "Value" : 56.200001
    },
    {
      "Date": 20220426, 
      "Value" : 18.900000
    },
    {
      "Date": 20231107, 
      "Value" : 46.529999
    }
  ]
}