{
  "Color": "rgb(244, 55, 244)", 
  "Point": [
    {
      "Date": 20180117, 
      "Value" : 20.879999
    },
    {
      "Date": 20200402, 
      "Value" : 6.120000
    },
    {
      "Date": 20220803, 
      "Value" : 19.139999
    }
  ]
}