{
  "Color": "rgb(244, 55, 244)", 
  "Point": [
    {
      "Date": 20180321, 
      "Value" : 20.240000
    },
    {
      "Date": 20210209, 
      "Value" : 6.260000
    },
    {
      "Date": 20211101, 
      "Value" : 30.600000
    },
    {
      "Date": 20220427, 
      "Value" : 9.760000
    }
  ]
}