{
  "Color": "rgb(244, 55, 244)", 
  "Point": [
    {
      "Date": 20200928, 
      "Value" : 15.440000
    },
    {
      "Date": 20210218, 
      "Value" : 35.799999
    },
    {
      "Date": 20220428, 
      "Value" : 15.730000
    },
    {
      "Date": 20241008, 
      "Value" : 29.959999
    }
  ]
}