{
  "Color": "rgb(244, 55, 244)", 
  "Point": [
    {
      "Date": 20180903, 
      "Value" : 5.970000
    },
    {
      "Date": 20180914, 
      "Value" : 16.150000
    },
    {
      "Date": 20200204, 
      "Value" : 8.600000
    },
    {
      "Date": 20220302, 
      "Value" : 20.320000
    }
  ]
}