{
  "Color": "rgb(244, 55, 244)", 
  "Point": [
    {
      "Date": 20180926, 
      "Value" : 6.590000
    },
    {
      "Date": 20190426, 
      "Value" : 24.709999
    },
    {
      "Date": 20220427, 
      "Value" : 10.220000
    },
    {
      "Date": 20230215, 
      "Value" : 30.150000
    }
  ]
}