{
  "Color": "rgb(244, 55, 244)", 
  "Point": [
    {
      "Date": 20191202, 
      "Value" : 4.350000
    },
    {
      "Date": 20191218, 
      "Value" : 15.280000
    },
    {
      "Date": 20220427, 
      "Value" : 3.470000
    },
    {
      "Date": 20230208, 
      "Value" : 4.710000
    }
  ]
}