{
  "Color": "rgb(244, 55, 244)", 
  "Point": [
    {
      "Date": 20190823, 
      "Value" : 28.250000
    },
    {
      "Date": 20200723, 
      "Value" : 163.300003
    },
    {
      "Date": 20220316, 
      "Value" : 37.830002
    },
    {
      "Date": 20230616, 
      "Value" : 97.699997
    }
  ]
}