{
  "Color": "rgb(244, 55, 244)", 
  "Point": [
    {
      "Date": 20200928, 
      "Value" : 22.320000
    },
    {
      "Date": 20210218, 
      "Value" : 50.830002
    },
    {
      "Date": 20220428, 
      "Value" : 22.719999
    },
    {
      "Date": 20220805, 
      "Value" : 40.090000
    }
  ]
}