{
  "Color": "rgb(244, 55, 244)", 
  "Point": [
    {
      "Date": 20180925, 
      "Value" : 5.890000
    },
    {
      "Date": 20230627, 
      "Value" : 2.040000
    }
  ]
}