{
  "Color": "rgb(244, 55, 244)", 
  "Point": [
    {
      "Date": 20180117, 
      "Value" : 15.120000
    },
    {
      "Date": 20200402, 
      "Value" : 3.770000
    },
    {
      "Date": 20220803, 
      "Value" : 13.780000
    }
  ]
}