{
  "Color": "rgb(244, 55, 244)", 
  "Point": [
    {
      "Date": 20210210, 
      "Value" : 12.110000
    },
    {
      "Date": 20211222, 
      "Value" : 55.450001
    },
    {
      "Date": 20240823, 
      "Value" : 11.470000
    },
    {
      "Date": 20250320, 
      "Value" : 23.440001
    }
  ]
}