{
  "Color": "rgb(244, 55, 244)", 
  "Point": [
    {
      "Date": 20210106, 
      "Value" : 17.670000
    },
    {
      "Date": 20210127, 
      "Value" : 46.290001
    },
    {
      "Date": 20240207, 
      "Value" : 12.800000
    }
  ]
}