{
  "Color": "rgb(244, 55, 244)", 
  "Point": [
    {
      "Date": 20201021, 
      "Value" : 7.230000
    },
    {
      "Date": 20201203, 
      "Value" : 20.860001
    },
    {
      "Date": 20240208, 
      "Value" : 6.480000
    },
    {
      "Date": 20241031, 
      "Value" : 16.379999
    }
  ]
}