{
  "Color": "rgb(244, 55, 244)", 
  "Point": [
    {
      "Date": 20200928, 
      "Value" : 32.320000
    },
    {
      "Date": 20211025, 
      "Value" : 16.090000
    },
    {
      "Date": 20221102, 
      "Value" : 36.160000
    },
    {
      "Date": 20230515, 
      "Value" : 23.219999
    }
  ]
}