{
  "Color": "rgb(244, 55, 244)", 
  "Point": [
    {
      "Date": 20210119, 
      "Value" : 1.630000
    },
    {
      "Date": 20210324, 
      "Value" : 15.080000
    },
    {
      "Date": 20240205, 
      "Value" : 4.030000
    }
  ]
}