{
  "Color": "rgb(244, 55, 244)", 
  "Point": [
    {
      "Date": 20210210, 
      "Value" : 12.310000
    },
    {
      "Date": 20211222, 
      "Value" : 55.650002
    },
    {
      "Date": 20240718, 
      "Value" : 13.050000
    }
  ]
}