{
  "Color": "rgb(244, 55, 244)", 
  "Point": [
    {
      "Date": 20200914, 
      "Value" : 4.950000
    },
    {
      "Date": 20210205, 
      "Value" : 20.100000
    },
    {
      "Date": 20220427, 
      "Value" : 5.840000
    },
    {
      "Date": 20240422, 
      "Value" : 15.610000
    }
  ]
}