{
  "Color": "rgb(244, 55, 244)", 
  "Point": [
    {
      "Date": 20210519, 
      "Value" : 39.689999
    },
    {
      "Date": 20240208, 
      "Value" : 12.300000
    }
  ]
}