{
  "Color": "rgb(244, 55, 244)", 
  "Point": [
    {
      "Date": 20201211, 
      "Value" : 8.720000
    },
    {
      "Date": 20211210, 
      "Value" : 18.309999
    },
    {
      "Date": 20220426, 
      "Value" : 10.510000
    },
    {
      "Date": 20240110, 
      "Value" : 21.090000
    }
  ]
}