{
  "Color": "rgb(244, 55, 244)", 
  "Point": [
    {
      "Date": 20200925, 
      "Value" : 38.310001
    },
    {
      "Date": 20240207, 
      "Value" : 10.330000
    },
    {
      "Date": 20250317, 
      "Value" : 21.160000
    }
  ]
}