{
  "Color": "rgb(244, 55, 244)", 
  "Point": [
    {
      "Date": 20201211, 
      "Value" : 8.920000
    },
    {
      "Date": 20211210, 
      "Value" : 18.510000
    },
    {
      "Date": 20220426, 
      "Value" : 10.710000
    },
    {
      "Date": 20230329, 
      "Value" : 18.850000
    }
  ]
}