{
  "Color": "rgb(244, 55, 244)", 
  "Point": [
    {
      "Date": 20210128, 
      "Value" : 6.560000
    },
    {
      "Date": 20210409, 
      "Value" : 26.059999
    },
    {
      "Date": 20240208, 
      "Value" : 6.100000
    }
  ]
}