{
  "Color": "rgb(244, 55, 244)", 
  "Point": [
    {
      "Date": 20220427, 
      "Value" : 23.219999
    },
    {
      "Date": 20220629, 
      "Value" : 65.599998
    },
    {
      "Date": 20240918, 
      "Value" : 27.889999
    }
  ]
}