{
  "Color": "rgb(244, 55, 244)", 
  "Point": [
    {
      "Date": 20210414, 
      "Value" : 42.070000
    },
    {
      "Date": 20240718, 
      "Value" : 11.220000
    }
  ]
}