{
  "Color": "rgb(244, 55, 244)", 
  "Point": [
    {
      "Date": 20200925, 
      "Value" : 38.959999
    },
    {
      "Date": 20240207, 
      "Value" : 10.980000
    },
    {
      "Date": 20241008, 
      "Value" : 20.709999
    }
  ]
}