{
  "Color": "rgb(244, 55, 244)", 
  "Point": [
    {
      "Date": 20200925, 
      "Value" : 21.770000
    },
    {
      "Date": 20240208, 
      "Value" : 5.950000
    }
  ]
}