{
  "Color": "rgb(244, 55, 244)", 
  "Point": [
    {
      "Date": 20201208, 
      "Value" : 10.020000
    },
    {
      "Date": 20210917, 
      "Value" : 78.400002
    },
    {
      "Date": 20240205, 
      "Value" : 12.570000
    }
  ]
}