{
  "Color": "rgb(244, 55, 244)", 
  "Point": [
    {
      "Date": 20210415, 
      "Value" : 34.650002
    },
    {
      "Date": 20240207, 
      "Value" : 9.640000
    }
  ]
}