{
  "Color": "rgb(244, 55, 244)", 
  "Point": [
    {
      "Date": 20201113, 
      "Value" : 20.190001
    },
    {
      "Date": 20240208, 
      "Value" : 5.730000
    }
  ]
}