{
  "Color": "rgb(244, 55, 244)", 
  "Point": [
    {
      "Date": 20210406, 
      "Value" : 22.820000
    },
    {
      "Date": 20220812, 
      "Value" : 109.330002
    },
    {
      "Date": 20240206, 
      "Value" : 26.410000
    },
    {
      "Date": 20241009, 
      "Value" : 54.930000
    }
  ]
}