{
  "Color": "rgb(244, 55, 244)", 
  "Point": [
    {
      "Date": 20200914, 
      "Value" : 4.650000
    },
    {
      "Date": 20210205, 
      "Value" : 19.799999
    },
    {
      "Date": 20220427, 
      "Value" : 5.540000
    },
    {
      "Date": 20240422, 
      "Value" : 15.310000
    }
  ]
}