{
  "Color": "rgb(244, 55, 244)", 
  "Point": [
    {
      "Date": 20210415, 
      "Value" : 34.250000
    },
    {
      "Date": 20240207, 
      "Value" : 9.240000
    },
    {
      "Date": 20250513, 
      "Value" : 31.570000
    }
  ]
}