{
  "Color": "rgb(244, 55, 244)", 
  "Point": [
    {
      "Date": 20201207, 
      "Value" : 56.150002
    },
    {
      "Date": 20220427, 
      "Value" : 16.700001
    },
    {
      "Date": 20221123, 
      "Value" : 40.700001
    },
    {
      "Date": 20240208, 
      "Value" : 13.020000
    }
  ]
}