{
  "Color": "rgb(244, 55, 244)", 
  "Point": [
    {
      "Date": 20200925, 
      "Value" : 51.400002
    },
    {
      "Date": 20240207, 
      "Value" : 15.030000
    }
  ]
}