{
  "Color": "rgb(244, 55, 244)", 
  "Point": [
    {
      "Date": 20201216, 
      "Value" : 57.459999
    },
    {
      "Date": 20220506, 
      "Value" : 17.240000
    },
    {
      "Date": 20230720, 
      "Value" : 36.200001
    }
  ]
}