{
  "Color": "rgb(244, 55, 244)", 
  "Point": [
    {
      "Date": 20200925, 
      "Value" : 51.400002
    },
    {
      "Date": 20220427, 
      "Value" : 19.049999
    },
    {
      "Date": 20231204, 
      "Value" : 30.580000
    }
  ]
}