{
  "Color": "rgb(244, 55, 244)", 
  "Point": [
    {
      "Date": 20210112, 
      "Value" : 10.110000
    },
    {
      "Date": 20210618, 
      "Value" : 41.299999
    },
    {
      "Date": 20240208, 
      "Value" : 8.350000
    }
  ]
}