{
  "Color": "rgb(244, 55, 244)", 
  "Point": [
    {
      "Date": 20210302, 
      "Value" : 23.600000
    },
    {
      "Date": 20221031, 
      "Value" : 6.810000
    },
    {
      "Date": 20230726, 
      "Value" : 11.850000
    }
  ]
}