{
  "Color": "rgb(244, 55, 244)", 
  "Point": [
    {
      "Date": 20201216, 
      "Value" : 57.759998
    },
    {
      "Date": 20220506, 
      "Value" : 17.540001
    },
    {
      "Date": 20230720, 
      "Value" : 36.500000
    }
  ]
}