{
  "Color": "rgb(244, 55, 244)", 
  "Point": [
    {
      "Date": 20210322, 
      "Value" : 5.070000
    },
    {
      "Date": 20210511, 
      "Value" : 45.939999
    },
    {
      "Date": 20240828, 
      "Value" : 9.130000
    }
  ]
}