{
  "Color": "rgb(244, 55, 244)", 
  "Point": [
    {
      "Date": 20201120, 
      "Value" : 32.250000
    },
    {
      "Date": 20220426, 
      "Value" : 13.480000
    },
    {
      "Date": 20241008, 
      "Value" : 29.389999
    }
  ]
}