{
  "Color": "rgb(244, 55, 244)", 
  "Point": [
    {
      "Date": 20210519, 
      "Value" : 39.689999
    },
    {
      "Date": 20220427, 
      "Value" : 14.480000
    },
    {
      "Date": 20221201, 
      "Value" : 33.990002
    },
    {
      "Date": 20230626, 
      "Value" : 19.110001
    }
  ]
}