{
  "Color": "rgb(244, 55, 244)", 
  "Point": [
    {
      "Date": 20200925, 
      "Value" : 21.870001
    },
    {
      "Date": 20240208, 
      "Value" : 6.050000
    }
  ]
}