{
  "Color": "rgb(244, 55, 244)", 
  "Point": [
    {
      "Date": 20210415, 
      "Value" : 34.650002
    },
    {
      "Date": 20220505, 
      "Value" : 11.170000
    },
    {
      "Date": 20231101, 
      "Value" : 17.320000
    }
  ]
}