{
  "Color": "rgb(244, 55, 244)", 
  "Point": [
    {
      "Date": 20201021, 
      "Value" : 55.570000
    },
    {
      "Date": 20220427, 
      "Value" : 12.470000
    },
    {
      "Date": 20230608, 
      "Value" : 26.320000
    }
  ]
}