{
  "Color": "rgb(244, 55, 244)", 
  "Point": [
    {
      "Date": 20210519, 
      "Value" : 39.630001
    },
    {
      "Date": 20240709, 
      "Value" : 11.330000
    }
  ]
}