{
  "Color": "rgb(244, 55, 244)", 
  "Point": [
    {
      "Date": 20201021, 
      "Value" : 7.330000
    },
    {
      "Date": 20201203, 
      "Value" : 20.959999
    },
    {
      "Date": 20240208, 
      "Value" : 6.580000
    }
  ]
}