{
  "Color": "rgb(244, 55, 244)", 
  "Point": [
    {
      "Date": 20210308, 
      "Value" : 6.500000
    },
    {
      "Date": 20210601, 
      "Value" : 62.360001
    },
    {
      "Date": 20240206, 
      "Value" : 9.950000
    }
  ]
}