{
  "Color": "rgb(244, 55, 244)", 
  "Point": [
    {
      "Date": 20210104, 
      "Value" : 9.110000
    },
    {
      "Date": 20230619, 
      "Value" : 148.720001
    }
  ]
}