{
  "Color": "rgb(244, 55, 244)", 
  "Point": [
    {
      "Date": 20200914, 
      "Value" : 5.050000
    },
    {
      "Date": 20210205, 
      "Value" : 20.200001
    },
    {
      "Date": 20220427, 
      "Value" : 5.940000
    },
    {
      "Date": 20240422, 
      "Value" : 15.710000
    }
  ]
}