{
  "Color": "rgb(244, 55, 244)", 
  "Point": [
    {
      "Date": 20201113, 
      "Value" : 19.990000
    },
    {
      "Date": 20240208, 
      "Value" : 5.530000
    },
    {
      "Date": 20241008, 
      "Value" : 9.670000
    }
  ]
}