{
  "Color": "rgb(244, 55, 244)", 
  "Point": [
    {
      "Date": 20210204, 
      "Value" : 7.320000
    },
    {
      "Date": 20210409, 
      "Value" : 21.350000
    },
    {
      "Date": 20240208, 
      "Value" : 6.820000
    }
  ]
}