{
  "Color": "rgb(244, 55, 244)", 
  "Point": [
    {
      "Date": 20200925, 
      "Value" : 21.870001
    },
    {
      "Date": 20220427, 
      "Value" : 7.560000
    },
    {
      "Date": 20230105, 
      "Value" : 13.060000
    }
  ]
}