{
  "Color": "rgb(244, 55, 244)", 
  "Point": [
    {
      "Date": 20210208, 
      "Value" : 38.380001
    },
    {
      "Date": 20210824, 
      "Value" : 85.129997
    },
    {
      "Date": 20220429, 
      "Value" : 25.330000
    },
    {
      "Date": 20230519, 
      "Value" : 102.180000
    }
  ]
}