{
  "Color": "rgb(244, 55, 244)", 
  "Point": [
    {
      "Date": 20210406, 
      "Value" : 23.070000
    },
    {
      "Date": 20220812, 
      "Value" : 109.580002
    },
    {
      "Date": 20230824, 
      "Value" : 44.500000
    }
  ]
}