{
  "Color": "rgb(244, 55, 244)", 
  "Point": [
    {
      "Date": 20201214, 
      "Value" : 61.099998
    },
    {
      "Date": 20220427, 
      "Value" : 26.200001
    },
    {
      "Date": 20230720, 
      "Value" : 35.490002
    }
  ]
}