{
  "Color": "rgb(244, 55, 244)", 
  "Point": [
    {
      "Date": 20210210, 
      "Value" : 17.629999
    },
    {
      "Date": 20211222, 
      "Value" : 78.309998
    },
    {
      "Date": 20240206, 
      "Value" : 22.240000
    }
  ]
}