{
  "Color": "rgb(244, 55, 244)", 
  "Point": [
    {
      "Date": 20210322, 
      "Value" : 5.220000
    },
    {
      "Date": 20210511, 
      "Value" : 46.090000
    },
    {
      "Date": 20240206, 
      "Value" : 10.180000
    }
  ]
}