{
  "Color": "rgb(244, 55, 244)", 
  "Point": [
    {
      "Date": 20220429, 
      "Value" : 14.880000
    },
    {
      "Date": 20221014, 
      "Value" : 44.660000
    },
    {
      "Date": 20230425, 
      "Value" : 18.049999
    }
  ]
}