{
  "Color": "rgb(244, 55, 244)", 
  "Point": [
    {
      "Date": 20210114, 
      "Value" : 19.850000
    },
    {
      "Date": 20210408, 
      "Value" : 46.610001
    },
    {
      "Date": 20240208, 
      "Value" : 9.140000
    }
  ]
}