{
  "Color": "rgb(244, 55, 244)", 
  "Point": [
    {
      "Date": 20210104, 
      "Value" : 6.230000
    },
    {
      "Date": 20230619, 
      "Value" : 105.949997
    },
    {
      "Date": 20240923, 
      "Value" : 34.570000
    }
  ]
}