{
  "Color": "rgb(244, 55, 244)", 
  "Point": [
    {
      "Date": 20201208, 
      "Value" : 9.880000
    },
    {
      "Date": 20210917, 
      "Value" : 78.260002
    },
    {
      "Date": 20240823, 
      "Value" : 11.880000
    }
  ]
}