{
  "Color": "rgb(244, 55, 244)", 
  "Point": [
    {
      "Date": 20201214, 
      "Value" : 43.360001
    },
    {
      "Date": 20220427, 
      "Value" : 18.430000
    },
    {
      "Date": 20230720, 
      "Value" : 25.059999
    }
  ]
}