{
  "Color": "rgb(244, 55, 244)", 
  "Point": [
    {
      "Date": 20200925, 
      "Value" : 16.840000
    },
    {
      "Date": 20201028, 
      "Value" : 93.900002
    },
    {
      "Date": 20220427, 
      "Value" : 31.020000
    },
    {
      "Date": 20230630, 
      "Value" : 60.669998
    }
  ]
}