{
  "Color": "rgb(244, 55, 244)", 
  "Point": [
    {
      "Date": 20210308, 
      "Value" : 6.670000
    },
    {
      "Date": 20210601, 
      "Value" : 62.529999
    },
    {
      "Date": 20231023, 
      "Value" : 14.080000
    }
  ]
}