{
  "Color": "rgb(244, 55, 244)", 
  "Point": [
    {
      "Date": 20200928, 
      "Value" : 45.610001
    },
    {
      "Date": 20220510, 
      "Value" : 15.360000
    },
    {
      "Date": 20221115, 
      "Value" : 70.550003
    },
    {
      "Date": 20230919, 
      "Value" : 28.219999
    }
  ]
}