{
  "Color": "rgb(244, 55, 244)", 
  "Point": [
    {
      "Date": 20201218, 
      "Value" : 14.870000
    },
    {
      "Date": 20210115, 
      "Value" : 114.099998
    },
    {
      "Date": 20240206, 
      "Value" : 19.200001
    }
  ]
}