{
  "Color": "rgb(244, 55, 244)", 
  "Point": [
    {
      "Date": 20201216, 
      "Value" : 57.459999
    },
    {
      "Date": 20240208, 
      "Value" : 10.960000
    }
  ]
}