{
  "Color": "rgb(244, 55, 244)", 
  "Point": [
    {
      "Date": 20201207, 
      "Value" : 55.950001
    },
    {
      "Date": 20220427, 
      "Value" : 16.500000
    },
    {
      "Date": 20221123, 
      "Value" : 40.500000
    },
    {
      "Date": 20240208, 
      "Value" : 12.820000
    }
  ]
}