{
  "Color": "rgb(244, 55, 244)", 
  "Point": [
    {
      "Date": 20201218, 
      "Value" : 11.440000
    },
    {
      "Date": 20210115, 
      "Value" : 87.769997
    },
    {
      "Date": 20240206, 
      "Value" : 14.770000
    },
    {
      "Date": 20241025, 
      "Value" : 43.799999
    }
  ]
}