{
  "Color": "rgb(244, 55, 244)", 
  "Point": [
    {
      "Date": 20201021, 
      "Value" : 39.480000
    },
    {
      "Date": 20240206, 
      "Value" : 8.290000
    },
    {
      "Date": 20241015, 
      "Value" : 15.360000
    }
  ]
}