{
  "Color": "rgb(244, 55, 244)", 
  "Point": [
    {
      "Date": 20201113, 
      "Value" : 19.690001
    },
    {
      "Date": 20240208, 
      "Value" : 5.230000
    },
    {
      "Date": 20250314, 
      "Value" : 11.430000
    }
  ]
}