{
  "Color": "rgb(244, 55, 244)", 
  "Point": [
    {
      "Date": 20200922, 
      "Value" : 9.160000
    },
    {
      "Date": 20221026, 
      "Value" : 24.360001
    },
    {
      "Date": 20240206, 
      "Value" : 9.130000
    }
  ]
}