{
  "Color": "rgb(244, 55, 244)", 
  "Point": [
    {
      "Date": 20200914, 
      "Value" : 5.350000
    },
    {
      "Date": 20210205, 
      "Value" : 20.500000
    },
    {
      "Date": 20220427, 
      "Value" : 6.240000
    }
  ]
}