{
  "Color": "rgb(244, 55, 244)", 
  "Point": [
    {
      "Date": 20201120, 
      "Value" : 34.320000
    },
    {
      "Date": 20220426, 
      "Value" : 14.610000
    }
  ]
}