{
  "Color": "rgb(244, 55, 244)", 
  "Point": [
    {
      "Date": 20210119, 
      "Value" : 1.640000
    },
    {
      "Date": 20210324, 
      "Value" : 15.090000
    },
    {
      "Date": 20240205, 
      "Value" : 4.040000
    }
  ]
}