{
  "Color": "rgb(244, 55, 244)", 
  "Point": [
    {
      "Date": 20201216, 
      "Value" : 56.860001
    },
    {
      "Date": 20240208, 
      "Value" : 10.360000
    },
    {
      "Date": 20241029, 
      "Value" : 20.200001
    }
  ]
}