{
  "Color": "rgb(244, 55, 244)", 
  "Point": [
    {
      "Date": 20210414, 
      "Value" : 53.720001
    },
    {
      "Date": 20220426, 
      "Value" : 18.530001
    }
  ]
}