{
  "Color": "rgb(244, 55, 244)", 
  "Point": [
    {
      "Date": 20210114, 
      "Value" : 19.969999
    },
    {
      "Date": 20210408, 
      "Value" : 46.740002
    },
    {
      "Date": 20240208, 
      "Value" : 9.260000
    }
  ]
}