{
  "Color": "rgb(244, 55, 244)", 
  "Point": [
    {
      "Date": 20201021, 
      "Value" : 55.570000
    },
    {
      "Date": 20240206, 
      "Value" : 11.900000
    }
  ]
}