{
  "Color": "rgb(244, 55, 244)", 
  "Point": [
    {
      "Date": 20210106, 
      "Value" : 17.520000
    },
    {
      "Date": 20210127, 
      "Value" : 46.139999
    },
    {
      "Date": 20240918, 
      "Value" : 12.420000
    }
  ]
}