{
  "Color": "rgb(244, 55, 244)", 
  "Point": [
    {
      "Date": 20201214, 
      "Value" : 43.360001
    },
    {
      "Date": 20240208, 
      "Value" : 11.910000
    }
  ]
}