{
  "Color": "rgb(244, 55, 244)", 
  "Point": [
    {
      "Date": 20210414, 
      "Value" : 53.220001
    },
    {
      "Date": 20220426, 
      "Value" : 18.030001
    },
    {
      "Date": 20250325, 
      "Value" : 58.900002
    }
  ]
}