{
  "Color": "rgb(244, 55, 244)", 
  "Point": [
    {
      "Date": 20201214, 
      "Value" : 42.910000
    },
    {
      "Date": 20240208, 
      "Value" : 11.460000
    },
    {
      "Date": 20250507, 
      "Value" : 26.580000
    }
  ]
}