{
  "Color": "rgb(244, 55, 244)", 
  "Point": [
    {
      "Date": 20210414, 
      "Value" : 42.070000
    },
    {
      "Date": 20240828, 
      "Value" : 10.770000
    }
  ]
}