{
  "Color": "rgb(244, 55, 244)", 
  "Point": [
    {
      "Date": 20210128, 
      "Value" : 6.140000
    },
    {
      "Date": 20210409, 
      "Value" : 25.639999
    },
    {
      "Date": 20240208, 
      "Value" : 5.680000
    },
    {
      "Date": 20250514, 
      "Value" : 16.160000
    }
  ]
}