{
  "Color": "rgb(244, 55, 244)", 
  "Point": [
    {
      "Date": 20210414, 
      "Value" : 42.070000
    },
    {
      "Date": 20220427, 
      "Value" : 14.020000
    },
    {
      "Date": 20221111, 
      "Value" : 38.099998
    },
    {
      "Date": 20230425, 
      "Value" : 19.320000
    }
  ]
}