{
  "Color": "rgb(244, 55, 244)", 
  "Point": [
    {
      "Date": 20200925, 
      "Value" : 39.310001
    },
    {
      "Date": 20240207, 
      "Value" : 11.330000
    }
  ]
}