{
  "Color": "rgb(244, 55, 244)", 
  "Point": [
    {
      "Date": 20201208, 
      "Value" : 9.940000
    },
    {
      "Date": 20210917, 
      "Value" : 78.320000
    },
    {
      "Date": 20240205, 
      "Value" : 12.490000
    }
  ]
}