{
  "Color": "rgb(244, 55, 244)", 
  "Point": [
    {
      "Date": 20220427, 
      "Value" : 23.670000
    },
    {
      "Date": 20220629, 
      "Value" : 66.050003
    },
    {
      "Date": 20240201, 
      "Value" : 29.930000
    }
  ]
}