{
  "Color": "rgb(244, 55, 244)", 
  "Point": [
    {
      "Date": 20200922, 
      "Value" : 8.910000
    },
    {
      "Date": 20221026, 
      "Value" : 24.110001
    },
    {
      "Date": 20240206, 
      "Value" : 8.880000
    },
    {
      "Date": 20250512, 
      "Value" : 28.490000
    }
  ]
}