{
  "Color": "rgb(244, 55, 244)", 
  "Point": [
    {
      "Date": 20210204, 
      "Value" : 7.270000
    },
    {
      "Date": 20210409, 
      "Value" : 21.299999
    },
    {
      "Date": 20240718, 
      "Value" : 4.920000
    }
  ]
}