{
  "Color": "rgb(244, 55, 244)", 
  "Point": [
    {
      "Date": 20220429, 
      "Value" : 14.480000
    },
    {
      "Date": 20221014, 
      "Value" : 44.259998
    },
    {
      "Date": 20240207, 
      "Value" : 11.580000
    },
    {
      "Date": 20241120, 
      "Value" : 22.410000
    }
  ]
}