{
  "Color": "rgb(244, 55, 244)", 
  "Point": [
    {
      "Date": 20190830, 
      "Value" : 4.830000
    },
    {
      "Date": 20210730, 
      "Value" : 2.230000
    },
    {
      "Date": 20240725, 
      "Value" : 5.250000
    },
    {
      "Date": 20250411, 
      "Value" : 3.520000
    }
  ]
}