{
  "Color": "rgb(244, 55, 244)", 
  "Point": [
    {
      "Date": 20190830, 
      "Value" : 4.920000
    },
    {
      "Date": 20210730, 
      "Value" : 2.320000
    },
    {
      "Date": 20240306, 
      "Value" : 4.120000
    }
  ]
}