{
  "Color": "rgb(244, 55, 244)", 
  "Point": [
    {
      "Date": 20100422, 
      "Value" : 19.240000
    },
    {
      "Date": 20121204, 
      "Value" : 4.140000
    },
    {
      "Date": 20220826, 
      "Value" : 31.290001
    },
    {
      "Date": 20240205, 
      "Value" : 8.990000
    }
  ]
}