{
  "Color": "rgb(244, 55, 244)", 
  "Point": [
    {
      "Date": 20100422, 
      "Value" : 19.180000
    },
    {
      "Date": 20121204, 
      "Value" : 4.070000
    },
    {
      "Date": 20220826, 
      "Value" : 31.230000
    },
    {
      "Date": 20240709, 
      "Value" : 7.840000
    }
  ]
}