{
  "Color": "rgb(244, 55, 244)", 
  "Point": [
    {
      "Date": 20091030, 
      "Value" : 3.310000
    },
    {
      "Date": 20100702, 
      "Value" : 1.240000
    },
    {
      "Date": 20210525, 
      "Value" : 35.180000
    },
    {
      "Date": 20230512, 
      "Value" : 16.889999
    }
  ]
}