{
  "Color": "rgb(244, 55, 244)", 
  "Point": [
    {
      "Date": 20101213, 
      "Value" : 4.020000
    },
    {
      "Date": 20121204, 
      "Value" : 1.870000
    },
    {
      "Date": 20210302, 
      "Value" : 22.889999
    },
    {
      "Date": 20240205, 
      "Value" : 8.220000
    }
  ]
}