{
  "Color": "rgb(244, 55, 244)", 
  "Point": [
    {
      "Date": 20101019, 
      "Value" : 6.730000
    },
    {
      "Date": 20130710, 
      "Value" : 1.720000
    },
    {
      "Date": 20150603, 
      "Value" : 42.139999
    }
  ]
}