{
  "Color": "rgb(244, 55, 244)", 
  "Point": [
    {
      "Date": 20101122, 
      "Value" : 4.680000
    },
    {
      "Date": 20120106, 
      "Value" : 1.720000
    },
    {
      "Date": 20200909, 
      "Value" : 5.220000
    }
  ]
}