{
  "Color": "rgb(244, 55, 244)", 
  "Point": [
    {
      "Date": 20110322, 
      "Value" : 6.450000
    },
    {
      "Date": 20121204, 
      "Value" : 2.240000
    },
    {
      "Date": 20150615, 
      "Value" : 13.310000
    },
    {
      "Date": 20190131, 
      "Value" : 2.720000
    }
  ]
}