{
  "Color": "rgb(244, 55, 244)", 
  "Point": [
    {
      "Date": 20110310, 
      "Value" : 8.670000
    },
    {
      "Date": 20121204, 
      "Value" : 2.750000
    },
    {
      "Date": 20161215, 
      "Value" : 37.290001
    },
    {
      "Date": 20190129, 
      "Value" : 9.120000
    }
  ]
}