{
  "Color": "rgb(244, 55, 244)", 
  "Point": [
    {
      "Date": 20101019, 
      "Value" : 6.060000
    },
    {
      "Date": 20130710, 
      "Value" : 1.050000
    },
    {
      "Date": 20150603, 
      "Value" : 41.470001
    }
  ]
}