{
  "Color": "rgb(244, 55, 244)", 
  "Point": [
    {
      "Date": 20110310, 
      "Value" : 8.870000
    },
    {
      "Date": 20121204, 
      "Value" : 2.950000
    },
    {
      "Date": 20161215, 
      "Value" : 37.490002
    },
    {
      "Date": 20190129, 
      "Value" : 9.320000
    }
  ]
}