{
  "Color": "rgb(244, 55, 244)", 
  "Point": [
    {
      "Date": 20110530, 
      "Value" : 1.520000
    },
    {
      "Date": 20150602, 
      "Value" : 19.020000
    },
    {
      "Date": 20210204, 
      "Value" : 2.700000
    },
    {
      "Date": 20230511, 
      "Value" : 8.960000
    }
  ]
}