{
  "Color": "rgb(244, 55, 244)", 
  "Point": [
    {
      "Date": 20101019, 
      "Value" : 5.860000
    },
    {
      "Date": 20130710, 
      "Value" : 0.850000
    },
    {
      "Date": 20150603, 
      "Value" : 41.270000
    }
  ]
}