{
  "Color": "rgb(244, 55, 244)", 
  "Point": [
    {
      "Date": 20110310, 
      "Value" : 8.770000
    },
    {
      "Date": 20121204, 
      "Value" : 2.850000
    },
    {
      "Date": 20161215, 
      "Value" : 37.389999
    },
    {
      "Date": 20190129, 
      "Value" : 9.220000
    }
  ]
}