{
  "Color": "rgb(244, 55, 244)", 
  "Point": [
    {
      "Date": 20101111, 
      "Value" : 7.710000
    },
    {
      "Date": 20121204, 
      "Value" : 2.590000
    }
  ]
}