{
  "Color": "rgb(244, 55, 244)", 
  "Point": [
    {
      "Date": 20110322, 
      "Value" : 6.400000
    },
    {
      "Date": 20121204, 
      "Value" : 2.190000
    },
    {
      "Date": 20150615, 
      "Value" : 13.260000
    },
    {
      "Date": 20190131, 
      "Value" : 2.670000
    }
  ]
}