{
  "Color": "rgb(244, 55, 244)", 
  "Point": [
    {
      "Date": 20101213, 
      "Value" : 3.920000
    },
    {
      "Date": 20121204, 
      "Value" : 1.770000
    },
    {
      "Date": 20210302, 
      "Value" : 22.790001
    },
    {
      "Date": 20240709, 
      "Value" : 7.570000
    }
  ]
}