{
  "Color": "rgb(244, 55, 244)", 
  "Point": [
    {
      "Date": 20120117, 
      "Value" : 1.190000
    },
    {
      "Date": 20210218, 
      "Value" : 57.689999
    },
    {
      "Date": 20221031, 
      "Value" : 22.330000
    },
    {
      "Date": 20230216, 
      "Value" : 34.700001
    }
  ]
}