{
  "Color": "rgb(244, 55, 244)", 
  "Point": [
    {
      "Date": 20121204, 
      "Value" : 1.760000
    },
    {
      "Date": 20150605, 
      "Value" : 22.389999
    },
    {
      "Date": 20181018, 
      "Value" : 2.960000
    },
    {
      "Date": 20240531, 
      "Value" : 12.960000
    }
  ]
}