{
  "Color": "rgb(244, 55, 244)", 
  "Point": [
    {
      "Date": 20110818, 
      "Value" : 5.620000
    },
    {
      "Date": 20121204, 
      "Value" : 1.420000
    },
    {
      "Date": 20150611, 
      "Value" : 48.910000
    },
    {
      "Date": 20240206, 
      "Value" : 4.820000
    }
  ]
}