{
  "Color": "rgb(244, 55, 244)", 
  "Point": [
    {
      "Date": 20120926, 
      "Value" : 5.330000
    },
    {
      "Date": 20150618, 
      "Value" : 55.700001
    },
    {
      "Date": 20220506, 
      "Value" : 3.920000
    },
    {
      "Date": 20231108, 
      "Value" : 9.560000
    }
  ]
}