{
  "Color": "rgb(244, 55, 244)", 
  "Point": [
    {
      "Date": 20110829, 
      "Value" : 2.960000
    },
    {
      "Date": 20121204, 
      "Value" : 1.230000
    },
    {
      "Date": 20231127, 
      "Value" : 9.090000
    }
  ]
}