{
  "Color": "rgb(244, 55, 244)", 
  "Point": [
    {
      "Date": 20130709, 
      "Value" : 5.500000
    },
    {
      "Date": 20150615, 
      "Value" : 28.049999
    },
    {
      "Date": 20181018, 
      "Value" : 3.940000
    },
    {
      "Date": 20230619, 
      "Value" : 17.100000
    }
  ]
}