{
  "Color": "rgb(244, 55, 244)", 
  "Point": [
    {
      "Date": 20120330, 
      "Value" : 2.590000
    },
    {
      "Date": 20150605, 
      "Value" : 33.410000
    },
    {
      "Date": 20220427, 
      "Value" : 3.240000
    },
    {
      "Date": 20230914, 
      "Value" : 6.090000
    }
  ]
}