{
  "Color": "rgb(244, 55, 244)", 
  "Point": [
    {
      "Date": 20140428, 
      "Value" : 3.780000
    },
    {
      "Date": 20190313, 
      "Value" : 23.129999
    },
    {
      "Date": 20240206, 
      "Value" : 3.710000
    }
  ]
}