{
  "Color": "rgb(244, 55, 244)", 
  "Point": [
    {
      "Date": 20140428, 
      "Value" : 3.800000
    },
    {
      "Date": 20190313, 
      "Value" : 23.150000
    },
    {
      "Date": 20240206, 
      "Value" : 3.720000
    }
  ]
}