{
  "Color": "rgb(244, 55, 244)", 
  "Point": [
    {
      "Date": 20120910, 
      "Value" : 5.440000
    },
    {
      "Date": 20121204, 
      "Value" : 2.570000
    },
    {
      "Date": 20150605, 
      "Value" : 15.240000
    },
    {
      "Date": 20240419, 
      "Value" : 1.060000
    }
  ]
}