{
  "Color": "rgb(244, 55, 244)", 
  "Point": [
    {
      "Date": 20140801, 
      "Value" : 3.140000
    },
    {
      "Date": 20150528, 
      "Value" : 36.779999
    },
    {
      "Date": 20210209, 
      "Value" : 5.190000
    },
    {
      "Date": 20230519, 
      "Value" : 22.320000
    }
  ]
}