{
  "Color": "rgb(244, 55, 244)", 
  "Point": [
    {
      "Date": 20121204, 
      "Value" : 2.540000
    },
    {
      "Date": 20130111, 
      "Value" : 4.550000
    },
    {
      "Date": 20131029, 
      "Value" : 2.380000
    },
    {
      "Date": 20201020, 
      "Value" : 7.550000
    }
  ]
}