{
  "Color": "rgb(244, 55, 244)", 
  "Point": [
    {
      "Date": 20120727, 
      "Value" : 21.280001
    },
    {
      "Date": 20131108, 
      "Value" : 7.010000
    },
    {
      "Date": 20160628, 
      "Value" : 50.660000
    },
    {
      "Date": 20240208, 
      "Value" : 5.800000
    }
  ]
}