{
  "Color": "rgb(244, 55, 244)", 
  "Point": [
    {
      "Date": 20140121, 
      "Value" : 4.310000
    },
    {
      "Date": 20150518, 
      "Value" : 99.930000
    },
    {
      "Date": 20220427, 
      "Value" : 4.150000
    },
    {
      "Date": 20221227, 
      "Value" : 9.880000
    }
  ]
}