{
  "Color": "rgb(244, 55, 244)", 
  "Point": [
    {
      "Date": 20140121, 
      "Value" : 4.310000
    },
    {
      "Date": 20150518, 
      "Value" : 99.930000
    },
    {
      "Date": 20240206, 
      "Value" : 3.300000
    },
    {
      "Date": 20241029, 
      "Value" : 7.280000
    }
  ]
}