{
  "Color": "rgb(244, 55, 244)", 
  "Point": [
    {
      "Date": 20150217, 
      "Value" : 5.330000
    },
    {
      "Date": 20150528, 
      "Value" : 40.240002
    },
    {
      "Date": 20200402, 
      "Value" : 4.060000
    },
    {
      "Date": 20230505, 
      "Value" : 19.450001
    }
  ]
}