{
  "Color": "rgb(244, 55, 244)", 
  "Point": [
    {
      "Date": 20150217, 
      "Value" : 3.690000
    },
    {
      "Date": 20150528, 
      "Value" : 21.959999
    }
  ]
}