{
  "Color": "rgb(244, 55, 244)", 
  "Point": [
    {
      "Date": 20150528, 
      "Value" : 2.230000
    },
    {
      "Date": 20170317, 
      "Value" : 24.690001
    },
    {
      "Date": 20200520, 
      "Value" : 3.920000
    },
    {
      "Date": 20240321, 
      "Value" : 10.880000
    }
  ]
}