{
  "Color": "rgb(244, 55, 244)", 
  "Point": [
    {
      "Date": 20141010, 
      "Value" : 2.430000
    },
    {
      "Date": 20150522, 
      "Value" : 42.590000
    },
    {
      "Date": 20240208, 
      "Value" : 7.330000
    }
  ]
}