{
  "Color": "rgb(244, 55, 244)", 
  "Point": [
    {
      "Date": 20150626, 
      "Value" : 11.860000
    },
    {
      "Date": 20151216, 
      "Value" : 43.360001
    },
    {
      "Date": 20240206, 
      "Value" : 6.530000
    }
  ]
}