{
  "Color": "rgb(244, 55, 244)", 
  "Point": [
    {
      "Date": 20150422, 
      "Value" : 4.750000
    },
    {
      "Date": 20150529, 
      "Value" : 61.200001
    },
    {
      "Date": 20190201, 
      "Value" : 7.790000
    },
    {
      "Date": 20201019, 
      "Value" : 25.879999
    }
  ]
}