{
  "Color": "rgb(244, 55, 244)", 
  "Point": [
    {
      "Date": 20150610, 
      "Value" : 5.330000
    },
    {
      "Date": 20150812, 
      "Value" : 17.879999
    },
    {
      "Date": 20181019, 
      "Value" : 3.610000
    },
    {
      "Date": 20230718, 
      "Value" : 49.930000
    }
  ]
}