{
  "Color": "rgb(244, 55, 244)", 
  "Point": [
    {
      "Date": 20141010, 
      "Value" : 2.050000
    },
    {
      "Date": 20150522, 
      "Value" : 42.209999
    },
    {
      "Date": 20240208, 
      "Value" : 6.950000
    },
    {
      "Date": 20241022, 
      "Value" : 21.549999
    }
  ]
}