{
  "Color": "rgb(244, 55, 244)", 
  "Point": [
    {
      "Date": 20150423, 
      "Value" : 1.330000
    },
    {
      "Date": 20150528, 
      "Value" : 20.799999
    }
  ]
}