{
  "Color": "rgb(244, 55, 244)", 
  "Point": [
    {
      "Date": 20150612, 
      "Value" : 35.630001
    },
    {
      "Date": 20151201, 
      "Value" : 104.470001
    },
    {
      "Date": 20240208, 
      "Value" : 11.590000
    },
    {
      "Date": 20250306, 
      "Value" : 35.000000
    }
  ]
}