{
  "Color": "rgb(244, 55, 244)", 
  "Point": [
    {
      "Date": 20141010, 
      "Value" : 2.560000
    },
    {
      "Date": 20150522, 
      "Value" : 42.709999
    }
  ]
}