{
  "Color": "rgb(244, 55, 244)", 
  "Point": [
    {
      "Date": 20150423, 
      "Value" : 1.180000
    },
    {
      "Date": 20150528, 
      "Value" : 20.650000
    }
  ]
}