{
  "Color": "rgb(244, 55, 244)", 
  "Point": [
    {
      "Date": 20160202, 
      "Value" : 4.730000
    },
    {
      "Date": 20160628, 
      "Value" : 28.620001
    },
    {
      "Date": 20180918, 
      "Value" : 5.110000
    },
    {
      "Date": 20230504, 
      "Value" : 24.610001
    }
  ]
}