{
  "Color": "rgb(244, 55, 244)", 
  "Point": [
    {
      "Date": 20150612, 
      "Value" : 35.630001
    },
    {
      "Date": 20151201, 
      "Value" : 104.470001
    },
    {
      "Date": 20220428, 
      "Value" : 13.660000
    },
    {
      "Date": 20230215, 
      "Value" : 24.799999
    }
  ]
}