{
  "Color": "rgb(244, 55, 244)", 
  "Point": [
    {
      "Date": 20150626, 
      "Value" : 11.830000
    },
    {
      "Date": 20151216, 
      "Value" : 43.340000
    },
    {
      "Date": 20240709, 
      "Value" : 5.730000
    },
    {
      "Date": 20241212, 
      "Value" : 8.380000
    }
  ]
}