{
  "Color": "rgb(244, 55, 244)", 
  "Point": [
    {
      "Date": 20161114, 
      "Value" : 27.070000
    },
    {
      "Date": 20181011, 
      "Value" : 3.770000
    },
    {
      "Date": 20231204, 
      "Value" : 29.799999
    }
  ]
}