{
  "Color": "rgb(244, 55, 244)", 
  "Point": [
    {
      "Date": 20191118, 
      "Value" : 32.970001
    },
    {
      "Date": 20221011, 
      "Value" : 10.180000
    },
    {
      "Date": 20230310, 
      "Value" : 17.760000
    },
    {
      "Date": 20240208, 
      "Value" : 5.830000
    }
  ]
}