{
  "Color": "rgb(244, 55, 244)", 
  "Point": [
    {
      "Date": 20160830, 
      "Value" : 2.950000
    },
    {
      "Date": 20161123, 
      "Value" : 27.340000
    },
    {
      "Date": 20210209, 
      "Value" : 5.760000
    },
    {
      "Date": 20231103, 
      "Value" : 16.670000
    }
  ]
}