{
  "Color": "rgb(244, 55, 244)", 
  "Point": [
    {
      "Date": 20190702, 
      "Value" : 48.540001
    },
    {
      "Date": 20240208, 
      "Value" : 10.510000
    },
    {
      "Date": 20241022, 
      "Value" : 25.000000
    },
    {
      "Date": 20250409, 
      "Value" : 13.030000
    }
  ]
}