{
  "Color": "rgb(244, 55, 244)", 
  "Point": [
    {
      "Date": 20170112, 
      "Value" : 7.650000
    },
    {
      "Date": 20220307, 
      "Value" : 83.739998
    },
    {
      "Date": 20240208, 
      "Value" : 12.630000
    }
  ]
}