{
  "Color": "rgb(244, 55, 244)", 
  "Point": [
    {
      "Date": 20161115, 
      "Value" : 47.279999
    },
    {
      "Date": 20181015, 
      "Value" : 5.730000
    },
    {
      "Date": 20200114, 
      "Value" : 62.349998
    },
    {
      "Date": 20240208, 
      "Value" : 12.300000
    }
  ]
}