{
  "Color": "rgb(244, 55, 244)", 
  "Point": [
    {
      "Date": 20161128, 
      "Value" : 37.060001
    },
    {
      "Date": 20240208, 
      "Value" : 5.060000
    }
  ]
}