{
  "Color": "rgb(244, 55, 244)", 
  "Point": [
    {
      "Date": 20160908, 
      "Value" : 81.639999
    },
    {
      "Date": 20211028, 
      "Value" : 8.670000
    },
    {
      "Date": 20230620, 
      "Value" : 63.200001
    }
  ]
}