{
  "Color": "rgb(244, 55, 244)", 
  "Point": [
    {
      "Date": 20190702, 
      "Value" : 48.639999
    },
    {
      "Date": 20220427, 
      "Value" : 13.070000
    },
    {
      "Date": 20230619, 
      "Value" : 29.180000
    }
  ]
}