{
  "Color": "rgb(244, 55, 244)", 
  "Point": [
    {
      "Date": 20161209, 
      "Value" : 17.820000
    },
    {
      "Date": 20181019, 
      "Value" : 1.670000
    },
    {
      "Date": 20211208, 
      "Value" : 16.969999
    },
    {
      "Date": 20240709, 
      "Value" : 3.860000
    }
  ]
}