{
  "Color": "rgb(244, 55, 244)", 
  "Point": [
    {
      "Date": 20160905, 
      "Value" : 72.750000
    },
    {
      "Date": 20240208, 
      "Value" : 8.110000
    }
  ]
}