{
  "Color": "rgb(244, 55, 244)", 
  "Point": [
    {
      "Date": 20160905, 
      "Value" : 72.680000
    },
    {
      "Date": 20240208, 
      "Value" : 8.040000
    },
    {
      "Date": 20241021, 
      "Value" : 16.549999
    }
  ]
}