{
  "Color": "rgb(244, 55, 244)", 
  "Point": [
    {
      "Date": 20160315, 
      "Value" : 5.720000
    },
    {
      "Date": 20161201, 
      "Value" : 57.930000
    },
    {
      "Date": 20240206, 
      "Value" : 7.570000
    }
  ]
}