{
  "Color": "rgb(244, 55, 244)", 
  "Point": [
    {
      "Date": 20160905, 
      "Value" : 72.750000
    },
    {
      "Date": 20200204, 
      "Value" : 10.680000
    },
    {
      "Date": 20201104, 
      "Value" : 20.180000
    }
  ]
}