{
  "Color": "rgb(244, 55, 244)", 
  "Point": [
    {
      "Date": 20161128, 
      "Value" : 37.060001
    },
    {
      "Date": 20181012, 
      "Value" : 5.560000
    },
    {
      "Date": 20210713, 
      "Value" : 20.450001
    },
    {
      "Date": 20220427, 
      "Value" : 7.920000
    }
  ]
}