{
  "Color": "rgb(244, 55, 244)", 
  "Point": [
    {
      "Date": 20170113, 
      "Value" : 57.680000
    },
    {
      "Date": 20210208, 
      "Value" : 10.590000
    },
    {
      "Date": 20231018, 
      "Value" : 23.049999
    },
    {
      "Date": 20240725, 
      "Value" : 10.210000
    }
  ]
}