{
  "Color": "rgb(244, 55, 244)", 
  "Point": [
    {
      "Date": 20160419, 
      "Value" : 13.230000
    },
    {
      "Date": 20160629, 
      "Value" : 134.910004
    },
    {
      "Date": 20210208, 
      "Value" : 14.190000
    }
  ]
}