{
  "Color": "rgb(244, 55, 244)", 
  "Point": [
    {
      "Date": 20170113, 
      "Value" : 58.130001
    },
    {
      "Date": 20210208, 
      "Value" : 11.040000
    },
    {
      "Date": 20230818, 
      "Value" : 21.520000
    }
  ]
}