{
  "Color": "rgb(244, 55, 244)", 
  "Point": [
    {
      "Date": 20160908, 
      "Value" : 80.440002
    },
    {
      "Date": 20211028, 
      "Value" : 7.470000
    },
    {
      "Date": 20230620, 
      "Value" : 62.000000
    },
    {
      "Date": 20240918, 
      "Value" : 12.830000
    }
  ]
}