{
  "Color": "rgb(244, 55, 244)", 
  "Point": [
    {
      "Date": 20161209, 
      "Value" : 17.889999
    },
    {
      "Date": 20181019, 
      "Value" : 1.740000
    },
    {
      "Date": 20211208, 
      "Value" : 17.049999
    },
    {
      "Date": 20230921, 
      "Value" : 6.840000
    }
  ]
}