{
  "Color": "rgb(244, 55, 244)", 
  "Point": [
    {
      "Date": 20170112, 
      "Value" : 7.700000
    },
    {
      "Date": 20220307, 
      "Value" : 83.790001
    },
    {
      "Date": 20230829, 
      "Value" : 20.299999
    }
  ]
}