{
  "Color": "rgb(244, 55, 244)", 
  "Point": [
    {
      "Date": 20170113, 
      "Value" : 58.130001
    },
    {
      "Date": 20210208, 
      "Value" : 11.040000
    },
    {
      "Date": 20231018, 
      "Value" : 23.500000
    },
    {
      "Date": 20240718, 
      "Value" : 10.800000
    }
  ]
}