{
  "Color": "rgb(244, 55, 244)", 
  "Point": [
    {
      "Date": 20191118, 
      "Value" : 33.470001
    },
    {
      "Date": 20221011, 
      "Value" : 10.680000
    },
    {
      "Date": 20230310, 
      "Value" : 18.260000
    },
    {
      "Date": 20240208, 
      "Value" : 6.330000
    }
  ]
}