{
  "Color": "rgb(244, 55, 244)", 
  "Point": [
    {
      "Date": 20160830, 
      "Value" : 2.870000
    },
    {
      "Date": 20161123, 
      "Value" : 27.260000
    },
    {
      "Date": 20210209, 
      "Value" : 5.680000
    },
    {
      "Date": 20231103, 
      "Value" : 16.590000
    }
  ]
}