{
  "Color": "rgb(244, 55, 244)", 
  "Point": [
    {
      "Date": 20160419, 
      "Value" : 13.150000
    },
    {
      "Date": 20160629, 
      "Value" : 134.830002
    },
    {
      "Date": 20240208, 
      "Value" : 13.820000
    },
    {
      "Date": 20241025, 
      "Value" : 30.110001
    }
  ]
}