{
  "Color": "rgb(244, 55, 244)", 
  "Point": [
    {
      "Date": 20190702, 
      "Value" : 48.639999
    },
    {
      "Date": 20240208, 
      "Value" : 10.610000
    }
  ]
}