{
  "Color": "rgb(244, 55, 244)", 
  "Point": [
    {
      "Date": 20170117, 
      "Value" : 1.530000
    },
    {
      "Date": 20210628, 
      "Value" : 108.290001
    },
    {
      "Date": 20240709, 
      "Value" : 14.750000
    }
  ]
}