{
  "Color": "rgb(244, 55, 244)", 
  "Point": [
    {
      "Date": 20160315, 
      "Value" : 5.830000
    },
    {
      "Date": 20161201, 
      "Value" : 58.040001
    },
    {
      "Date": 20240206, 
      "Value" : 7.680000
    }
  ]
}