{
  "Color": "rgb(244, 55, 244)", 
  "Point": [
    {
      "Date": 20160908, 
      "Value" : 80.940002
    },
    {
      "Date": 20211028, 
      "Value" : 7.970000
    },
    {
      "Date": 20230620, 
      "Value" : 62.500000
    }
  ]
}