{
  "Color": "rgb(244, 55, 244)", 
  "Point": [
    {
      "Date": 20170215, 
      "Value" : 8.050000
    },
    {
      "Date": 20170407, 
      "Value" : 45.759998
    },
    {
      "Date": 20200506, 
      "Value" : 12.140000
    }
  ]
}