{
  "Color": "rgb(244, 55, 244)", 
  "Point": [
    {
      "Date": 20170829, 
      "Value" : 30.150000
    },
    {
      "Date": 20190131, 
      "Value" : 7.830000
    },
    {
      "Date": 20201225, 
      "Value" : 45.009998
    },
    {
      "Date": 20240206, 
      "Value" : 9.730000
    }
  ]
}