{
  "Color": "rgb(244, 55, 244)", 
  "Point": [
    {
      "Date": 20180206, 
      "Value" : 11.820000
    },
    {
      "Date": 20180529, 
      "Value" : 45.570000
    },
    {
      "Date": 20220427, 
      "Value" : 11.900000
    },
    {
      "Date": 20231207, 
      "Value" : 21.350000
    }
  ]
}