{
  "Color": "rgb(244, 55, 244)", 
  "Point": [
    {
      "Date": 20170829, 
      "Value" : 30.360001
    },
    {
      "Date": 20190131, 
      "Value" : 8.040000
    },
    {
      "Date": 20201225, 
      "Value" : 45.220001
    },
    {
      "Date": 20240206, 
      "Value" : 9.940000
    }
  ]
}