{
  "Color": "rgb(244, 55, 244)", 
  "Point": [
    {
      "Date": 20170831, 
      "Value" : 7.890000
    },
    {
      "Date": 20170928, 
      "Value" : 50.470001
    },
    {
      "Date": 20220427, 
      "Value" : 11.290000
    },
    {
      "Date": 20230912, 
      "Value" : 33.900002
    }
  ]
}