{
  "Color": "rgb(244, 55, 244)", 
  "Point": [
    {
      "Date": 20170915, 
      "Value" : 138.940002
    },
    {
      "Date": 20240206, 
      "Value" : 31.010000
    },
    {
      "Date": 20250318, 
      "Value" : 94.989998
    }
  ]
}