{
  "Color": "rgb(244, 55, 244)", 
  "Point": [
    {
      "Date": 20170606, 
      "Value" : 4.310000
    },
    {
      "Date": 20210805, 
      "Value" : 198.899994
    },
    {
      "Date": 20240205, 
      "Value" : 58.320000
    },
    {
      "Date": 20250417, 
      "Value" : 126.599998
    }
  ]
}