{
  "Color": "rgb(244, 55, 244)", 
  "Point": [
    {
      "Date": 20170711, 
      "Value" : 10.360000
    },
    {
      "Date": 20180716, 
      "Value" : 31.480000
    },
    {
      "Date": 20230426, 
      "Value" : 12.840000
    }
  ]
}