{
  "Color": "rgb(244, 55, 244)", 
  "Point": [
    {
      "Date": 20170307, 
      "Value" : 33.130001
    },
    {
      "Date": 20180516, 
      "Value" : 130.250000
    },
    {
      "Date": 20240918, 
      "Value" : 9.270000
    }
  ]
}