{
  "Color": "rgb(244, 55, 244)", 
  "Point": [
    {
      "Date": 20170220, 
      "Value" : 6.670000
    },
    {
      "Date": 20170324, 
      "Value" : 37.840000
    },
    {
      "Date": 20240207, 
      "Value" : 5.720000
    }
  ]
}