{
  "Color": "rgb(244, 55, 244)", 
  "Point": [
    {
      "Date": 20210714, 
      "Value" : 73.680000
    },
    {
      "Date": 20231221, 
      "Value" : 18.100000
    }
  ]
}