{
  "Color": "rgb(244, 55, 244)", 
  "Point": [
    {
      "Date": 20170915, 
      "Value" : 139.649994
    },
    {
      "Date": 20220427, 
      "Value" : 41.619999
    }
  ]
}