{
  "Color": "rgb(244, 55, 244)", 
  "Point": [
    {
      "Date": 20170307, 
      "Value" : 34.029999
    },
    {
      "Date": 20180516, 
      "Value" : 131.149994
    },
    {
      "Date": 20221025, 
      "Value" : 16.559999
    }
  ]
}