{
  "Color": "rgb(244, 55, 244)", 
  "Point": [
    {
      "Date": 20170503, 
      "Value" : 17.030001
    },
    {
      "Date": 20200204, 
      "Value" : 3.810000
    },
    {
      "Date": 20210812, 
      "Value" : 9.350000
    },
    {
      "Date": 20240207, 
      "Value" : 2.810000
    }
  ]
}