{
  "Color": "rgb(244, 55, 244)", 
  "Point": [
    {
      "Date": 20170220, 
      "Value" : 6.550000
    },
    {
      "Date": 20170324, 
      "Value" : 37.720001
    },
    {
      "Date": 20240207, 
      "Value" : 5.600000
    },
    {
      "Date": 20250318, 
      "Value" : 34.939999
    }
  ]
}