{
  "Color": "rgb(244, 55, 244)", 
  "Point": [
    {
      "Date": 20170220, 
      "Value" : 6.720000
    },
    {
      "Date": 20170324, 
      "Value" : 37.889999
    },
    {
      "Date": 20220427, 
      "Value" : 7.160000
    }
  ]
}