{
  "Color": "rgb(244, 55, 244)", 
  "Point": [
    {
      "Date": 20210714, 
      "Value" : 73.680000
    },
    {
      "Date": 20231023, 
      "Value" : 20.090000
    }
  ]
}