{
  "Color": "rgb(244, 55, 244)", 
  "Point": [
    {
      "Date": 20170503, 
      "Value" : 16.629999
    },
    {
      "Date": 20200204, 
      "Value" : 3.410000
    },
    {
      "Date": 20210812, 
      "Value" : 8.950000
    },
    {
      "Date": 20240207, 
      "Value" : 2.410000
    }
  ]
}