{
  "Color": "rgb(244, 55, 244)", 
  "Point": [
    {
      "Date": 20210714, 
      "Value" : 73.680000
    },
    {
      "Date": 20240208, 
      "Value" : 8.440000
    }
  ]
}