{
  "Color": "rgb(244, 55, 244)", 
  "Point": [
    {
      "Date": 20170215, 
      "Value" : 8.540000
    },
    {
      "Date": 20170315, 
      "Value" : 75.339996
    },
    {
      "Date": 20220427, 
      "Value" : 11.320000
    },
    {
      "Date": 20230904, 
      "Value" : 30.750000
    }
  ]
}