{
  "Color": "rgb(244, 55, 244)", 
  "Point": [
    {
      "Date": 20170516, 
      "Value" : 4.700000
    },
    {
      "Date": 20220630, 
      "Value" : 57.900002
    },
    {
      "Date": 20240205, 
      "Value" : 18.110001
    }
  ]
}