{
  "Color": "rgb(244, 55, 244)", 
  "Point": [
    {
      "Date": 20170606, 
      "Value" : 4.410000
    },
    {
      "Date": 20210805, 
      "Value" : 199.000000
    },
    {
      "Date": 20230822, 
      "Value" : 68.800003
    }
  ]
}