{
  "Color": "rgb(244, 55, 244)", 
  "Point": [
    {
      "Date": 20170810, 
      "Value" : 5.880000
    },
    {
      "Date": 20170907, 
      "Value" : 49.349998
    },
    {
      "Date": 20210209, 
      "Value" : 10.770000
    },
    {
      "Date": 20230620, 
      "Value" : 45.340000
    }
  ]
}