{
  "Color": "rgb(244, 55, 244)", 
  "Point": [
    {
      "Date": 20170608, 
      "Value" : 7.060000
    },
    {
      "Date": 20200903, 
      "Value" : 70.400002
    },
    {
      "Date": 20240206, 
      "Value" : 16.629999
    }
  ]
}