{
  "Color": "rgb(244, 55, 244)", 
  "Point": [
    {
      "Date": 20170831, 
      "Value" : 7.660000
    },
    {
      "Date": 20170928, 
      "Value" : 50.240002
    },
    {
      "Date": 20220427, 
      "Value" : 11.060000
    },
    {
      "Date": 20241010, 
      "Value" : 53.040001
    }
  ]
}