{
  "Color": "rgb(244, 55, 244)", 
  "Point": [
    {
      "Date": 20170516, 
      "Value" : 3.900000
    },
    {
      "Date": 20220630, 
      "Value" : 57.099998
    },
    {
      "Date": 20240205, 
      "Value" : 17.309999
    }
  ]
}