{
  "Color": "rgb(244, 55, 244)", 
  "Point": [
    {
      "Date": 20190417, 
      "Value" : 30.090000
    },
    {
      "Date": 20220427, 
      "Value" : 8.050000
    },
    {
      "Date": 20231116, 
      "Value" : 13.660000
    }
  ]
}