{
  "Color": "rgb(244, 55, 244)", 
  "Point": [
    {
      "Date": 20170503, 
      "Value" : 3.880000
    },
    {
      "Date": 20180703, 
      "Value" : 21.090000
    },
    {
      "Date": 20220427, 
      "Value" : 5.820000
    }
  ]
}