{
  "Color": "rgb(244, 55, 244)", 
  "Point": [
    {
      "Date": 20170215, 
      "Value" : 8.340000
    },
    {
      "Date": 20170315, 
      "Value" : 75.139999
    },
    {
      "Date": 20220427, 
      "Value" : 11.120000
    },
    {
      "Date": 20231116, 
      "Value" : 40.570000
    }
  ]
}