{
  "Color": "rgb(244, 55, 244)", 
  "Point": [
    {
      "Date": 20170316, 
      "Value" : 6.590000
    },
    {
      "Date": 20170406, 
      "Value" : 24.299999
    },
    {
      "Date": 20240208, 
      "Value" : 5.210000
    }
  ]
}