{
  "Color": "rgb(244, 55, 244)", 
  "Point": [
    {
      "Date": 20170523, 
      "Value" : 0.750000
    },
    {
      "Date": 20210802, 
      "Value" : 23.160000
    },
    {
      "Date": 20240206, 
      "Value" : 5.360000
    }
  ]
}