{
  "Color": "rgb(244, 55, 244)", 
  "Point": [
    {
      "Date": 20180523, 
      "Value" : 19.510000
    },
    {
      "Date": 20220427, 
      "Value" : 4.720000
    },
    {
      "Date": 20230828, 
      "Value" : 6.410000
    },
    {
      "Date": 20240206, 
      "Value" : 3.880000
    }
  ]
}