{
  "Color": "rgb(244, 55, 244)", 
  "Point": [
    {
      "Date": 20170503, 
      "Value" : 17.049999
    },
    {
      "Date": 20200204, 
      "Value" : 3.830000
    },
    {
      "Date": 20210812, 
      "Value" : 9.370000
    },
    {
      "Date": 20220429, 
      "Value" : 4.530000
    }
  ]
}