{
  "Color": "rgb(244, 55, 244)", 
  "Point": [
    {
      "Date": 20180206, 
      "Value" : 11.570000
    },
    {
      "Date": 20180529, 
      "Value" : 45.320000
    },
    {
      "Date": 20240208, 
      "Value" : 8.730000
    }
  ]
}