{
  "Color": "rgb(244, 55, 244)", 
  "Point": [
    {
      "Date": 20190417, 
      "Value" : 30.040001
    },
    {
      "Date": 20220427, 
      "Value" : 8.000000
    },
    {
      "Date": 20231116, 
      "Value" : 13.610000
    }
  ]
}