{
  "Color": "rgb(244, 55, 244)", 
  "Point": [
    {
      "Date": 20170609, 
      "Value" : 15.950000
    },
    {
      "Date": 20181017, 
      "Value" : 5.220000
    },
    {
      "Date": 20200423, 
      "Value" : 25.690001
    },
    {
      "Date": 20240208, 
      "Value" : 3.600000
    }
  ]
}