{
  "Color": "rgb(244, 55, 244)", 
  "Point": [
    {
      "Date": 20170608, 
      "Value" : 6.980000
    },
    {
      "Date": 20200903, 
      "Value" : 70.320000
    },
    {
      "Date": 20240828, 
      "Value" : 12.540000
    }
  ]
}