{
  "Color": "rgb(244, 55, 244)", 
  "Point": [
    {
      "Date": 20170915, 
      "Value" : 139.649994
    },
    {
      "Date": 20240206, 
      "Value" : 31.719999
    }
  ]
}