{
  "Color": "rgb(244, 55, 244)", 
  "Point": [
    {
      "Date": 20170911, 
      "Value" : 36.029999
    },
    {
      "Date": 20181012, 
      "Value" : 9.490000
    },
    {
      "Date": 20211206, 
      "Value" : 59.150002
    },
    {
      "Date": 20220427, 
      "Value" : 22.510000
    }
  ]
}