{
  "Color": "rgb(244, 55, 244)", 
  "Point": [
    {
      "Date": 20171113, 
      "Value" : 73.190002
    },
    {
      "Date": 20190131, 
      "Value" : 24.430000
    },
    {
      "Date": 20200318, 
      "Value" : 82.339996
    },
    {
      "Date": 20240208, 
      "Value" : 19.350000
    }
  ]
}