{
  "Color": "rgb(244, 55, 244)", 
  "Point": [
    {
      "Date": 20210714, 
      "Value" : 73.680000
    },
    {
      "Date": 20221011, 
      "Value" : 21.200001
    }
  ]
}