{
  "Color": "rgb(244, 55, 244)", 
  "Point": [
    {
      "Date": 20190307, 
      "Value" : 30.139999
    },
    {
      "Date": 20220428, 
      "Value" : 11.330000
    },
    {
      "Date": 20230714, 
      "Value" : 20.309999
    },
    {
      "Date": 20240208, 
      "Value" : 8.690000
    }
  ]
}