{
  "Color": "rgb(244, 55, 244)", 
  "Point": [
    {
      "Date": 20180810, 
      "Value" : 14.870000
    },
    {
      "Date": 20210823, 
      "Value" : 209.220001
    },
    {
      "Date": 20240827, 
      "Value" : 42.439999
    }
  ]
}