{
  "Color": "rgb(244, 55, 244)", 
  "Point": [
    {
      "Date": 20181213, 
      "Value" : 12.610000
    },
    {
      "Date": 20200713, 
      "Value" : 36.000000
    },
    {
      "Date": 20220427, 
      "Value" : 11.480000
    },
    {
      "Date": 20230531, 
      "Value" : 27.360001
    }
  ]
}