{
  "Color": "rgb(244, 55, 244)", 
  "Point": [
    {
      "Date": 20190618, 
      "Value" : 6.830000
    },
    {
      "Date": 20210630, 
      "Value" : 339.820007
    },
    {
      "Date": 20221012, 
      "Value" : 78.080002
    }
  ]
}