{
  "Color": "rgb(244, 55, 244)", 
  "Point": [
    {
      "Date": 20180604, 
      "Value" : 25.150000
    },
    {
      "Date": 20200204, 
      "Value" : 6.850000
    },
    {
      "Date": 20210311, 
      "Value" : 28.480000
    },
    {
      "Date": 20220427, 
      "Value" : 10.370000
    }
  ]
}