{
  "Color": "rgb(244, 55, 244)", 
  "Point": [
    {
      "Date": 20180426, 
      "Value" : 24.040001
    },
    {
      "Date": 20181012, 
      "Value" : 10.500000
    },
    {
      "Date": 20201014, 
      "Value" : 28.959999
    },
    {
      "Date": 20240208, 
      "Value" : 8.100000
    }
  ]
}