{
  "Color": "rgb(244, 55, 244)", 
  "Point": [
    {
      "Date": 20190522, 
      "Value" : 11.220000
    },
    {
      "Date": 20190701, 
      "Value" : 40.459999
    },
    {
      "Date": 20220428, 
      "Value" : 8.060000
    },
    {
      "Date": 20241028, 
      "Value" : 94.959999
    }
  ]
}