{
  "Color": "rgb(244, 55, 244)", 
  "Point": [
    {
      "Date": 20190128, 
      "Value" : 3.440000
    },
    {
      "Date": 20210805, 
      "Value" : 108.309998
    },
    {
      "Date": 20230721, 
      "Value" : 24.520000
    }
  ]
}