{
  "Color": "rgb(244, 55, 244)", 
  "Point": [
    {
      "Date": 20171229, 
      "Value" : 5.500000
    },
    {
      "Date": 20200224, 
      "Value" : 26.480000
    },
    {
      "Date": 20220427, 
      "Value" : 7.550000
    },
    {
      "Date": 20231108, 
      "Value" : 34.990002
    }
  ]
}