{
  "Color": "rgb(244, 55, 244)", 
  "Point": [
    {
      "Date": 20190715, 
      "Value" : 9.330000
    },
    {
      "Date": 20200715, 
      "Value" : 64.379997
    },
    {
      "Date": 20220427, 
      "Value" : 15.130000
    },
    {
      "Date": 20230327, 
      "Value" : 39.209999
    }
  ]
}