{
  "Color": "rgb(244, 55, 244)", 
  "Point": [
    {
      "Date": 20190927, 
      "Value" : 15.880000
    },
    {
      "Date": 20200520, 
      "Value" : 143.300003
    },
    {
      "Date": 20240205, 
      "Value" : 14.950000
    }
  ]
}