{
  "Color": "rgb(244, 55, 244)", 
  "Point": [
    {
      "Date": 20181016, 
      "Value" : 35.700001
    },
    {
      "Date": 20210701, 
      "Value" : 484.140015
    },
    {
      "Date": 20240829, 
      "Value" : 220.649994
    }
  ]
}