{
  "Color": "rgb(244, 55, 244)", 
  "Point": [
    {
      "Date": 20190815, 
      "Value" : 11.980000
    },
    {
      "Date": 20200103, 
      "Value" : 39.599998
    },
    {
      "Date": 20220427, 
      "Value" : 11.630000
    }
  ]
}