{
  "Color": "rgb(244, 55, 244)", 
  "Point": [
    {
      "Date": 20171108, 
      "Value" : 59.369999
    },
    {
      "Date": 20190131, 
      "Value" : 12.320000
    },
    {
      "Date": 20200225, 
      "Value" : 83.419998
    },
    {
      "Date": 20240206, 
      "Value" : 17.530001
    }
  ]
}