{
  "Color": "rgb(244, 55, 244)", 
  "Point": [
    {
      "Date": 20180525, 
      "Value" : 60.310001
    },
    {
      "Date": 20240208, 
      "Value" : 3.580000
    }
  ]
}