{
  "Color": "rgb(244, 55, 244)", 
  "Point": [
    {
      "Date": 20180810, 
      "Value" : 16.070000
    },
    {
      "Date": 20210823, 
      "Value" : 210.419998
    },
    {
      "Date": 20220426, 
      "Value" : 46.820000
    }
  ]
}