{
  "Color": "rgb(244, 55, 244)", 
  "Point": [
    {
      "Date": 20171106, 
      "Value" : 4.230000
    },
    {
      "Date": 20180529, 
      "Value" : 15.600000
    },
    {
      "Date": 20200204, 
      "Value" : 5.940000
    },
    {
      "Date": 20240521, 
      "Value" : 20.320000
    }
  ]
}