{
  "Color": "rgb(244, 55, 244)", 
  "Point": [
    {
      "Date": 20191115, 
      "Value" : 6.640000
    },
    {
      "Date": 20191125, 
      "Value" : 13.430000
    },
    {
      "Date": 20210208, 
      "Value" : 5.660000
    },
    {
      "Date": 20240105, 
      "Value" : 17.160000
    }
  ]
}