{
  "Color": "rgb(244, 55, 244)", 
  "Point": [
    {
      "Date": 20190322, 
      "Value" : 4.510000
    },
    {
      "Date": 20200407, 
      "Value" : 10.300000
    },
    {
      "Date": 20210831, 
      "Value" : 4.960000
    },
    {
      "Date": 20250423, 
      "Value" : 48.450001
    }
  ]
}