{
  "Color": "rgb(244, 55, 244)", 
  "Point": [
    {
      "Date": 20190314, 
      "Value" : 4.670000
    },
    {
      "Date": 20190408, 
      "Value" : 24.070000
    },
    {
      "Date": 20220427, 
      "Value" : 8.150000
    },
    {
      "Date": 20230412, 
      "Value" : 15.350000
    }
  ]
}