{
  "Color": "rgb(244, 55, 244)", 
  "Point": [
    {
      "Date": 20210929, 
      "Value" : 14.680000
    },
    {
      "Date": 20211126, 
      "Value" : 24.680000
    },
    {
      "Date": 20240208, 
      "Value" : 6.010000
    }
  ]
}