{
  "Color": "rgb(244, 55, 244)", 
  "Point": [
    {
      "Date": 20190606, 
      "Value" : 14.410000
    },
    {
      "Date": 20201102, 
      "Value" : 49.770000
    },
    {
      "Date": 20220427, 
      "Value" : 13.580000
    },
    {
      "Date": 20231221, 
      "Value" : 59.799999
    }
  ]
}