{
  "Color": "rgb(244, 55, 244)", 
  "Point": [
    {
      "Date": 20170929, 
      "Value" : 24.940001
    },
    {
      "Date": 20181019, 
      "Value" : 6.770000
    },
    {
      "Date": 20200831, 
      "Value" : 71.639999
    },
    {
      "Date": 20221011, 
      "Value" : 20.809999
    }
  ]
}