{
  "Color": "rgb(244, 55, 244)", 
  "Point": [
    {
      "Date": 20170915, 
      "Value" : 4.010000
    },
    {
      "Date": 20200714, 
      "Value" : 20.280001
    },
    {
      "Date": 20240208, 
      "Value" : 5.080000
    }
  ]
}