{
  "Color": "rgb(244, 55, 244)", 
  "Point": [
    {
      "Date": 20190828, 
      "Value" : 17.540001
    },
    {
      "Date": 20190920, 
      "Value" : 43.680000
    },
    {
      "Date": 20220427, 
      "Value" : 12.240000
    },
    {
      "Date": 20230614, 
      "Value" : 24.840000
    }
  ]
}