{
  "Color": "rgb(244, 55, 244)", 
  "Point": [
    {
      "Date": 20190425, 
      "Value" : 17.969999
    },
    {
      "Date": 20200224, 
      "Value" : 48.689999
    },
    {
      "Date": 20240206, 
      "Value" : 11.030000
    }
  ]
}