{
  "Color": "rgb(244, 55, 244)", 
  "Point": [
    {
      "Date": 20190108, 
      "Value" : 13.740000
    },
    {
      "Date": 20240401, 
      "Value" : 116.540001
    }
  ]
}