{
  "Color": "rgb(244, 55, 244)", 
  "Point": [
    {
      "Date": 20170915, 
      "Value" : 4.060000
    },
    {
      "Date": 20200714, 
      "Value" : 20.330000
    },
    {
      "Date": 20240208, 
      "Value" : 5.130000
    }
  ]
}