{
  "Color": "rgb(244, 55, 244)", 
  "Point": [
    {
      "Date": 20171010, 
      "Value" : 8.710000
    },
    {
      "Date": 20180525, 
      "Value" : 40.349998
    },
    {
      "Date": 20240208, 
      "Value" : 9.680000
    }
  ]
}