{
  "Color": "rgb(244, 55, 244)", 
  "Point": [
    {
      "Date": 20171229, 
      "Value" : 5.250000
    },
    {
      "Date": 20200224, 
      "Value" : 26.230000
    },
    {
      "Date": 20220427, 
      "Value" : 7.300000
    },
    {
      "Date": 20231108, 
      "Value" : 34.740002
    }
  ]
}