{
  "Color": "rgb(244, 55, 244)", 
  "Point": [
    {
      "Date": 20190705, 
      "Value" : 16.059999
    },
    {
      "Date": 20191105, 
      "Value" : 53.509998
    },
    {
      "Date": 20220427, 
      "Value" : 16.160000
    }
  ]
}