{
  "Color": "rgb(244, 55, 244)", 
  "Point": [
    {
      "Date": 20200204, 
      "Value" : 13.830000
    },
    {
      "Date": 20200907, 
      "Value" : 62.180000
    },
    {
      "Date": 20220427, 
      "Value" : 14.980000
    },
    {
      "Date": 20240514, 
      "Value" : 32.520000
    }
  ]
}