{
  "Color": "rgb(244, 55, 244)", 
  "Point": [
    {
      "Date": 20170915, 
      "Value" : 3.980000
    },
    {
      "Date": 20200714, 
      "Value" : 20.250000
    },
    {
      "Date": 20240208, 
      "Value" : 5.050000
    },
    {
      "Date": 20241008, 
      "Value" : 11.000000
    }
  ]
}