{
  "Color": "rgb(244, 55, 244)", 
  "Point": [
    {
      "Date": 20200204, 
      "Value" : 19.080000
    },
    {
      "Date": 20200907, 
      "Value" : 81.930000
    },
    {
      "Date": 20220427, 
      "Value" : 20.580000
    },
    {
      "Date": 20230217, 
      "Value" : 39.500000
    }
  ]
}