{
  "Color": "rgb(244, 55, 244)", 
  "Point": [
    {
      "Date": 20190712, 
      "Value" : 16.240000
    },
    {
      "Date": 20200518, 
      "Value" : 90.209999
    },
    {
      "Date": 20240205, 
      "Value" : 14.180000
    },
    {
      "Date": 20241225, 
      "Value" : 41.250000
    }
  ]
}