{
  "Color": "rgb(244, 55, 244)", 
  "Point": [
    {
      "Date": 20190422, 
      "Value" : 13.960000
    },
    {
      "Date": 20200217, 
      "Value" : 33.709999
    },
    {
      "Date": 20240208, 
      "Value" : 5.850000
    }
  ]
}