{
  "Color": "rgb(244, 55, 244)", 
  "Point": [
    {
      "Date": 20190712, 
      "Value" : 16.490000
    },
    {
      "Date": 20200518, 
      "Value" : 90.459999
    },
    {
      "Date": 20240205, 
      "Value" : 14.430000
    }
  ]
}