{
  "Color": "rgb(244, 55, 244)", 
  "Point": [
    {
      "Date": 20190319, 
      "Value" : 5.820000
    },
    {
      "Date": 20220824, 
      "Value" : 291.519989
    },
    {
      "Date": 20240628, 
      "Value" : 41.580002
    }
  ]
}