{
  "Color": "rgb(244, 55, 244)", 
  "Point": [
    {
      "Date": 20190425, 
      "Value" : 17.070000
    },
    {
      "Date": 20200224, 
      "Value" : 47.790001
    },
    {
      "Date": 20240206, 
      "Value" : 10.130000
    },
    {
      "Date": 20241021, 
      "Value" : 28.209999
    }
  ]
}