{
  "Color": "rgb(244, 55, 244)", 
  "Point": [
    {
      "Date": 20191101, 
      "Value" : 3.300000
    },
    {
      "Date": 20191212, 
      "Value" : 20.500000
    },
    {
      "Date": 20220427, 
      "Value" : 7.060000
    },
    {
      "Date": 20230918, 
      "Value" : 15.900000
    }
  ]
}