{
  "Color": "rgb(244, 55, 244)", 
  "Point": [
    {
      "Date": 20170915, 
      "Value" : 4.060000
    },
    {
      "Date": 20200714, 
      "Value" : 20.330000
    },
    {
      "Date": 20221011, 
      "Value" : 7.600000
    },
    {
      "Date": 20231107, 
      "Value" : 12.480000
    }
  ]
}