{
  "Color": "rgb(244, 55, 244)", 
  "Point": [
    {
      "Date": 20190415, 
      "Value" : 8.510000
    },
    {
      "Date": 20220705, 
      "Value" : 266.269989
    },
    {
      "Date": 20240923, 
      "Value" : 22.230000
    }
  ]
}