{
  "Color": "rgb(244, 55, 244)", 
  "Point": [
    {
      "Date": 20190522, 
      "Value" : 15.860000
    },
    {
      "Date": 20190701, 
      "Value" : 56.790001
    },
    {
      "Date": 20220428, 
      "Value" : 11.430000
    },
    {
      "Date": 20230609, 
      "Value" : 59.500000
    }
  ]
}