{
  "Color": "rgb(244, 55, 244)", 
  "Point": [
    {
      "Date": 20180611, 
      "Value" : 3.850000
    },
    {
      "Date": 20211203, 
      "Value" : 371.869995
    },
    {
      "Date": 20240130, 
      "Value" : 129.589996
    },
    {
      "Date": 20241008, 
      "Value" : 295.720001
    }
  ]
}