{
  "Color": "rgb(244, 55, 244)", 
  "Point": [
    {
      "Date": 20180119, 
      "Value" : 24.200001
    },
    {
      "Date": 20240828, 
      "Value" : 7.250000
    }
  ]
}