{
  "Color": "rgb(244, 55, 244)", 
  "Point": [
    {
      "Date": 20180426, 
      "Value" : 23.840000
    },
    {
      "Date": 20181012, 
      "Value" : 10.300000
    },
    {
      "Date": 20201014, 
      "Value" : 28.760000
    },
    {
      "Date": 20240208, 
      "Value" : 7.900000
    }
  ]
}