{
  "Color": "rgb(244, 55, 244)", 
  "Point": [
    {
      "Date": 20180124, 
      "Value" : 19.930000
    },
    {
      "Date": 20200428, 
      "Value" : 5.240000
    },
    {
      "Date": 20220823, 
      "Value" : 19.330000
    },
    {
      "Date": 20240208, 
      "Value" : 5.920000
    }
  ]
}