{
  "Color": "rgb(244, 55, 244)", 
  "Point": [
    {
      "Date": 20191101, 
      "Value" : 3.400000
    },
    {
      "Date": 20191212, 
      "Value" : 20.600000
    },
    {
      "Date": 20220427, 
      "Value" : 7.160000
    },
    {
      "Date": 20230918, 
      "Value" : 16.000000
    }
  ]
}