{
  "Color": "rgb(244, 55, 244)", 
  "Point": [
    {
      "Date": 20180611, 
      "Value" : 14.660000
    },
    {
      "Date": 20211203, 
      "Value" : 382.679993
    },
    {
      "Date": 20240130, 
      "Value" : 140.399994
    }
  ]
}