{
  "Color": "rgb(244, 55, 244)", 
  "Point": [
    {
      "Date": 20190108, 
      "Value" : 19.410000
    },
    {
      "Date": 20230621, 
      "Value" : 99.300003
    }
  ]
}