{
  "Color": "rgb(244, 55, 244)", 
  "Point": [
    {
      "Date": 20190712, 
      "Value" : 16.740000
    },
    {
      "Date": 20200518, 
      "Value" : 90.709999
    },
    {
      "Date": 20240205, 
      "Value" : 14.680000
    }
  ]
}