{
  "Color": "rgb(244, 55, 244)", 
  "Point": [
    {
      "Date": 20190927, 
      "Value" : 15.750000
    },
    {
      "Date": 20200520, 
      "Value" : 143.160004
    },
    {
      "Date": 20240828, 
      "Value" : 14.150000
    }
  ]
}