{
  "Color": "rgb(244, 55, 244)", 
  "Point": [
    {
      "Date": 20180525, 
      "Value" : 60.310001
    },
    {
      "Date": 20230620, 
      "Value" : 4.740000
    }
  ]
}