{
  "Color": "rgb(244, 55, 244)", 
  "Point": [
    {
      "Date": 20240607, 
      "Value" : 179.800003
    },
    {
      "Date": 20250409, 
      "Value" : 41.000000
    }
  ]
}