{
  "Color": "rgb(244, 55, 244)", 
  "Point": [
    {
      "Date": 20190329, 
      "Value" : 7.250000
    },
    {
      "Date": 20210830, 
      "Value" : 105.970001
    },
    {
      "Date": 20230927, 
      "Value" : 19.090000
    }
  ]
}