{
  "Color": "rgb(244, 55, 244)", 
  "Point": [
    {
      "Date": 20181016, 
      "Value" : 34.049999
    },
    {
      "Date": 20210701, 
      "Value" : 482.489990
    },
    {
      "Date": 20250411, 
      "Value" : 212.509995
    }
  ]
}