{
  "Color": "rgb(244, 55, 244)", 
  "Point": [
    {
      "Date": 20190108, 
      "Value" : 13.690000
    },
    {
      "Date": 20230621, 
      "Value" : 70.750000
    },
    {
      "Date": 20240206, 
      "Value" : 28.129999
    },
    {
      "Date": 20241029, 
      "Value" : 223.970001
    }
  ]
}