{
  "Color": "rgb(244, 55, 244)", 
  "Point": [
    {
      "Date": 20200821, 
      "Value" : 38.369999
    },
    {
      "Date": 20220426, 
      "Value" : 10.010000
    },
    {
      "Date": 20230508, 
      "Value" : 24.400000
    },
    {
      "Date": 20230922, 
      "Value" : 14.350000
    }
  ]
}