{
  "Color": "rgb(244, 55, 244)", 
  "Point": [
    {
      "Date": 20190319, 
      "Value" : 6.020000
    },
    {
      "Date": 20220824, 
      "Value" : 291.720001
    },
    {
      "Date": 20240205, 
      "Value" : 51.110001
    }
  ]
}