{
  "Color": "rgb(244, 55, 244)", 
  "Point": [
    {
      "Date": 20171106, 
      "Value" : 4.150000
    },
    {
      "Date": 20180529, 
      "Value" : 15.520000
    },
    {
      "Date": 20200204, 
      "Value" : 5.860000
    },
    {
      "Date": 20240521, 
      "Value" : 20.240000
    }
  ]
}