{
  "Color": "rgb(244, 55, 244)", 
  "Point": [
    {
      "Date": 20180611, 
      "Value" : 9.640000
    },
    {
      "Date": 20211203, 
      "Value" : 377.649994
    },
    {
      "Date": 20240130, 
      "Value" : 135.369995
    },
    {
      "Date": 20241008, 
      "Value" : 301.500000
    }
  ]
}