{
  "Color": "rgb(244, 55, 244)", 
  "Point": [
    {
      "Date": 20210929, 
      "Value" : 14.580000
    },
    {
      "Date": 20211126, 
      "Value" : 24.580000
    },
    {
      "Date": 20240724, 
      "Value" : 5.850000
    }
  ]
}