{
  "Color": "rgb(244, 55, 244)", 
  "Point": [
    {
      "Date": 20190422, 
      "Value" : 14.060000
    },
    {
      "Date": 20200217, 
      "Value" : 33.810001
    },
    {
      "Date": 20220316, 
      "Value" : 9.580000
    }
  ]
}