{
  "Color": "rgb(244, 55, 244)", 
  "Point": [
    {
      "Date": 20190419, 
      "Value" : 20.250000
    },
    {
      "Date": 20200713, 
      "Value" : 139.139999
    },
    {
      "Date": 20220427, 
      "Value" : 28.330000
    },
    {
      "Date": 20230412, 
      "Value" : 61.220001
    }
  ]
}