{
  "Color": "rgb(244, 55, 244)", 
  "Point": [
    {
      "Date": 20190218, 
      "Value" : 17.820000
    },
    {
      "Date": 20190312, 
      "Value" : 53.340000
    },
    {
      "Date": 20210903, 
      "Value" : 13.360000
    },
    {
      "Date": 20220829, 
      "Value" : 27.280001
    }
  ]
}