{
  "Color": "rgb(244, 55, 244)", 
  "Point": [
    {
      "Date": 20190307, 
      "Value" : 30.240000
    },
    {
      "Date": 20220428, 
      "Value" : 11.430000
    },
    {
      "Date": 20230714, 
      "Value" : 20.410000
    },
    {
      "Date": 20240208, 
      "Value" : 8.790000
    }
  ]
}