{
  "Color": "rgb(244, 55, 244)", 
  "Point": [
    {
      "Date": 20190108, 
      "Value" : 19.410000
    },
    {
      "Date": 20240308, 
      "Value" : 135.300003
    }
  ]
}