{
  "Color": "rgb(244, 55, 244)", 
  "Point": [
    {
      "Date": 20171113, 
      "Value" : 30.299999
    },
    {
      "Date": 20200204, 
      "Value" : 8.890000
    },
    {
      "Date": 20210810, 
      "Value" : 125.800003
    },
    {
      "Date": 20231026, 
      "Value" : 25.879999
    }
  ]
}