{
  "Color": "rgb(244, 55, 244)", 
  "Point": [
    {
      "Date": 20190705, 
      "Value" : 15.750000
    },
    {
      "Date": 20191105, 
      "Value" : 53.200001
    },
    {
      "Date": 20220427, 
      "Value" : 15.850000
    }
  ]
}