{
  "Color": "rgb(244, 55, 244)", 
  "Point": [
    {
      "Date": 20180427, 
      "Value" : 8.250000
    },
    {
      "Date": 20180524, 
      "Value" : 49.730000
    },
    {
      "Date": 20210209, 
      "Value" : 8.130000
    },
    {
      "Date": 20220317, 
      "Value" : 16.100000
    }
  ]
}