{
  "Color": "rgb(244, 55, 244)", 
  "Point": [
    {
      "Date": 20190322, 
      "Value" : 5.740000
    },
    {
      "Date": 20200407, 
      "Value" : 12.680000
    },
    {
      "Date": 20210831, 
      "Value" : 6.270000
    },
    {
      "Date": 20230925, 
      "Value" : 19.709999
    }
  ]
}