{
  "Color": "rgb(244, 55, 244)", 
  "Point": [
    {
      "Date": 20210812, 
      "Value" : 32.869999
    },
    {
      "Date": 20220427, 
      "Value" : 13.440000
    },
    {
      "Date": 20231120, 
      "Value" : 46.389999
    }
  ]
}