{
  "Color": "rgb(244, 55, 244)", 
  "Point": [
    {
      "Date": 20200410, 
      "Value" : 5.360000
    },
    {
      "Date": 20210826, 
      "Value" : 66.250000
    },
    {
      "Date": 20220429, 
      "Value" : 17.670000
    }
  ]
}