{
  "Color": "rgb(244, 55, 244)", 
  "Point": [
    {
      "Date": 20191230, 
      "Value" : 6.510000
    },
    {
      "Date": 20220823, 
      "Value" : 45.639999
    },
    {
      "Date": 20221223, 
      "Value" : 29.850000
    },
    {
      "Date": 20230621, 
      "Value" : 49.660000
    }
  ]
}