{
  "Color": "rgb(244, 55, 244)", 
  "Point": [
    {
      "Date": 20200826, 
      "Value" : 63.560001
    },
    {
      "Date": 20220427, 
      "Value" : 13.850000
    },
    {
      "Date": 20230825, 
      "Value" : 28.549999
    },
    {
      "Date": 20240208, 
      "Value" : 14.040000
    }
  ]
}