{
  "Color": "rgb(244, 55, 244)", 
  "Point": [
    {
      "Date": 20200313, 
      "Value" : 11.970000
    },
    {
      "Date": 20201127, 
      "Value" : 30.150000
    },
    {
      "Date": 20240208, 
      "Value" : 6.220000
    }
  ]
}