{
  "Color": "rgb(244, 55, 244)", 
  "Point": [
    {
      "Date": 20200525, 
      "Value" : 88.440002
    },
    {
      "Date": 20210208, 
      "Value" : 33.700001
    },
    {
      "Date": 20230424, 
      "Value" : 122.239998
    }
  ]
}