{
  "Color": "rgb(244, 55, 244)", 
  "Point": [
    {
      "Date": 20200826, 
      "Value" : 93.199997
    },
    {
      "Date": 20220427, 
      "Value" : 21.590000
    },
    {
      "Date": 20231215, 
      "Value" : 37.950001
    }
  ]
}