{
  "Color": "rgb(244, 55, 244)", 
  "Point": [
    {
      "Date": 20200825, 
      "Value" : 95.220001
    },
    {
      "Date": 20240208, 
      "Value" : 8.880000
    },
    {
      "Date": 20250221, 
      "Value" : 38.990002
    }
  ]
}