{
  "Color": "rgb(244, 55, 244)", 
  "Point": [
    {
      "Date": 20201118, 
      "Value" : 28.379999
    },
    {
      "Date": 20240208, 
      "Value" : 5.660000
    }
  ]
}