{
  "Color": "rgb(244, 55, 244)", 
  "Point": [
    {
      "Date": 20200720, 
      "Value" : 7.320000
    },
    {
      "Date": 20210322, 
      "Value" : 19.360001
    },
    {
      "Date": 20220427, 
      "Value" : 9.930000
    },
    {
      "Date": 20230306, 
      "Value" : 29.799999
    }
  ]
}