{
  "Color": "rgb(244, 55, 244)", 
  "Point": [
    {
      "Date": 20201023, 
      "Value" : 26.980000
    },
    {
      "Date": 20240206, 
      "Value" : 7.560000
    }
  ]
}