{
  "Color": "rgb(244, 55, 244)", 
  "Point": [
    {
      "Date": 20201026, 
      "Value" : 54.990002
    },
    {
      "Date": 20221011, 
      "Value" : 19.549999
    }
  ]
}