{
  "Color": "rgb(244, 55, 244)", 
  "Point": [
    {
      "Date": 20200713, 
      "Value" : 21.160000
    },
    {
      "Date": 20200806, 
      "Value" : 74.660004
    },
    {
      "Date": 20220427, 
      "Value" : 26.690001
    }
  ]
}