{
  "Color": "rgb(244, 55, 244)", 
  "Point": [
    {
      "Date": 20200312, 
      "Value" : 11.450000
    },
    {
      "Date": 20201029, 
      "Value" : 43.400002
    },
    {
      "Date": 20240208, 
      "Value" : 8.380000
    }
  ]
}