{
  "Color": "rgb(244, 55, 244)", 
  "Point": [
    {
      "Date": 20210208, 
      "Value" : 11.020000
    },
    {
      "Date": 20210706, 
      "Value" : 27.879999
    },
    {
      "Date": 20240206, 
      "Value" : 6.680000
    }
  ]
}