{
  "Color": "rgb(244, 55, 244)", 
  "Point": [
    {
      "Date": 20200826, 
      "Value" : 66.519997
    },
    {
      "Date": 20220427, 
      "Value" : 15.370000
    },
    {
      "Date": 20241025, 
      "Value" : 40.820000
    },
    {
      "Date": 20250409, 
      "Value" : 18.760000
    }
  ]
}