{
  "Color": "rgb(244, 55, 244)", 
  "Point": [
    {
      "Date": 20200825, 
      "Value" : 103.129997
    },
    {
      "Date": 20240206, 
      "Value" : 9.520000
    }
  ]
}