{
  "Color": "rgb(244, 55, 244)", 
  "Point": [
    {
      "Date": 20200826, 
      "Value" : 63.560001
    },
    {
      "Date": 20220427, 
      "Value" : 13.850000
    },
    {
      "Date": 20230721, 
      "Value" : 29.980000
    }
  ]
}