{
  "Color": "rgb(244, 55, 244)", 
  "Point": [
    {
      "Date": 20200825, 
      "Value" : 79.540001
    },
    {
      "Date": 20221031, 
      "Value" : 16.450001
    },
    {
      "Date": 20230331, 
      "Value" : 20.320000
    }
  ]
}