{
  "Color": "rgb(244, 55, 244)", 
  "Point": [
    {
      "Date": 20201118, 
      "Value" : 28.410000
    },
    {
      "Date": 20230627, 
      "Value" : 8.630000
    }
  ]
}