{
  "Color": "rgb(244, 55, 244)", 
  "Point": [
    {
      "Date": 20200319, 
      "Value" : 12.570000
    },
    {
      "Date": 20200819, 
      "Value" : 32.500000
    },
    {
      "Date": 20240208, 
      "Value" : 7.220000
    }
  ]
}