{
  "Color": "rgb(244, 55, 244)", 
  "Point": [
    {
      "Date": 20200727, 
      "Value" : 8.350000
    },
    {
      "Date": 20200826, 
      "Value" : 35.650002
    },
    {
      "Date": 20221011, 
      "Value" : 10.380000
    },
    {
      "Date": 20250318, 
      "Value" : 101.129997
    }
  ]
}