{
  "Color": "rgb(244, 55, 244)", 
  "Point": [
    {
      "Date": 20201016, 
      "Value" : 100.139999
    },
    {
      "Date": 20240208, 
      "Value" : 16.120001
    }
  ]
}