{
  "Color": "rgb(244, 55, 244)", 
  "Point": [
    {
      "Date": 20200123, 
      "Value" : 11.190000
    },
    {
      "Date": 20200716, 
      "Value" : 51.509998
    },
    {
      "Date": 20220427, 
      "Value" : 11.630000
    },
    {
      "Date": 20230511, 
      "Value" : 18.260000
    }
  ]
}