{
  "Color": "rgb(244, 55, 244)", 
  "Point": [
    {
      "Date": 20191230, 
      "Value" : 9.310000
    },
    {
      "Date": 20220823, 
      "Value" : 64.099998
    },
    {
      "Date": 20221223, 
      "Value" : 41.990002
    },
    {
      "Date": 20230621, 
      "Value" : 69.720001
    }
  ]
}