{
  "Color": "rgb(244, 55, 244)", 
  "Point": [
    {
      "Date": 20201023, 
      "Value" : 26.980000
    },
    {
      "Date": 20220427, 
      "Value" : 9.710000
    },
    {
      "Date": 20230301, 
      "Value" : 13.450000
    }
  ]
}