{
  "Color": "rgb(244, 55, 244)", 
  "Point": [
    {
      "Date": 20200825, 
      "Value" : 60.139999
    },
    {
      "Date": 20240208, 
      "Value" : 13.730000
    }
  ]
}