{
  "Color": "rgb(244, 55, 244)", 
  "Point": [
    {
      "Date": 20200710, 
      "Value" : 65.150002
    },
    {
      "Date": 20240207, 
      "Value" : 12.730000
    }
  ]
}