{
  "Color": "rgb(244, 55, 244)", 
  "Point": [
    {
      "Date": 20200824, 
      "Value" : 307.029999
    },
    {
      "Date": 20250409, 
      "Value" : 11.580000
    }
  ]
}