{
  "Color": "rgb(244, 55, 244)", 
  "Point": [
    {
      "Date": 20200512, 
      "Value" : 16.209999
    },
    {
      "Date": 20201015, 
      "Value" : 104.580002
    },
    {
      "Date": 20220418, 
      "Value" : 29.459999
    },
    {
      "Date": 20241008, 
      "Value" : 97.199997
    }
  ]
}