{
  "Color": "rgb(244, 55, 244)", 
  "Point": [
    {
      "Date": 20200825, 
      "Value" : 60.139999
    },
    {
      "Date": 20221011, 
      "Value" : 18.120001
    },
    {
      "Date": 20231108, 
      "Value" : 38.230000
    }
  ]
}