{
  "Color": "rgb(244, 55, 244)", 
  "Point": [
    {
      "Date": 20201016, 
      "Value" : 87.449997
    },
    {
      "Date": 20221012, 
      "Value" : 15.390000
    },
    {
      "Date": 20230727, 
      "Value" : 31.990000
    },
    {
      "Date": 20240208, 
      "Value" : 15.520000
    }
  ]
}