{
  "Color": "rgb(244, 55, 244)", 
  "Point": [
    {
      "Date": 20200701, 
      "Value" : 3.990000
    },
    {
      "Date": 20200805, 
      "Value" : 43.580002
    },
    {
      "Date": 20240206, 
      "Value" : 7.570000
    },
    {
      "Date": 20250228, 
      "Value" : 34.950001
    }
  ]
}