{
  "Color": "rgb(244, 55, 244)", 
  "Point": [
    {
      "Date": 20201216, 
      "Value" : 87.199997
    },
    {
      "Date": 20221031, 
      "Value" : 20.809999
    },
    {
      "Date": 20230807, 
      "Value" : 33.509998
    }
  ]
}