{
  "Color": "rgb(244, 55, 244)", 
  "Point": [
    {
      "Date": 20200910, 
      "Value" : 35.959999
    },
    {
      "Date": 20240206, 
      "Value" : 3.740000
    },
    {
      "Date": 20241008, 
      "Value" : 6.050000
    }
  ]
}