{
  "Color": "rgb(244, 55, 244)", 
  "Point": [
    {
      "Date": 20200824, 
      "Value" : 307.329987
    },
    {
      "Date": 20240205, 
      "Value" : 13.400000
    }
  ]
}