{
  "Color": "rgb(244, 55, 244)", 
  "Point": [
    {
      "Date": 20220113, 
      "Value" : 49.790001
    },
    {
      "Date": 20230825, 
      "Value" : 22.410000
    }
  ]
}