{
  "Color": "rgb(244, 55, 244)", 
  "Point": [
    {
      "Date": 20200826, 
      "Value" : 112.580002
    },
    {
      "Date": 20240208, 
      "Value" : 8.850000
    },
    {
      "Date": 20241021, 
      "Value" : 43.000000
    },
    {
      "Date": 20250409, 
      "Value" : 17.510000
    }
  ]
}