{
  "Color": "rgb(244, 55, 244)", 
  "Point": [
    {
      "Date": 20200826, 
      "Value" : 50.389999
    },
    {
      "Date": 20240206, 
      "Value" : 13.000000
    }
  ]
}