{
  "Color": "rgb(244, 55, 244)", 
  "Point": [
    {
      "Date": 20200724, 
      "Value" : 65.160004
    },
    {
      "Date": 20221011, 
      "Value" : 19.320000
    },
    {
      "Date": 20230530, 
      "Value" : 30.010000
    }
  ]
}