{
  "Color": "rgb(244, 55, 244)", 
  "Point": [
    {
      "Date": 20201016, 
      "Value" : 99.779999
    },
    {
      "Date": 20220427, 
      "Value" : 17.590000
    },
    {
      "Date": 20240126, 
      "Value" : 44.230000
    },
    {
      "Date": 20240909, 
      "Value" : 16.690001
    }
  ]
}