{
  "Color": "rgb(244, 55, 244)", 
  "Point": [
    {
      "Date": 20200319, 
      "Value" : 18.190001
    },
    {
      "Date": 20200819, 
      "Value" : 46.080002
    },
    {
      "Date": 20240208, 
      "Value" : 10.700000
    }
  ]
}