{
  "Color": "rgb(244, 55, 244)", 
  "Point": [
    {
      "Date": 20201028, 
      "Value" : 68.940002
    },
    {
      "Date": 20240208, 
      "Value" : 18.250000
    }
  ]
}