{
  "Color": "rgb(244, 55, 244)", 
  "Point": [
    {
      "Date": 20200824, 
      "Value" : 126.769997
    },
    {
      "Date": 20221012, 
      "Value" : 35.189999
    },
    {
      "Date": 20230605, 
      "Value" : 70.000000
    },
    {
      "Date": 20240206, 
      "Value" : 29.740000
    }
  ]
}