{
  "Color": "rgb(244, 55, 244)", 
  "Point": [
    {
      "Date": 20200917, 
      "Value" : 113.449997
    },
    {
      "Date": 20220427, 
      "Value" : 30.770000
    },
    {
      "Date": 20230419, 
      "Value" : 84.699997
    }
  ]
}