{
  "Color": "rgb(244, 55, 244)", 
  "Point": [
    {
      "Date": 20200826, 
      "Value" : 112.629997
    },
    {
      "Date": 20221011, 
      "Value" : 17.160000
    },
    {
      "Date": 20230727, 
      "Value" : 25.549999
    }
  ]
}