{
  "Color": "rgb(244, 55, 244)", 
  "Point": [
    {
      "Date": 20200713, 
      "Value" : 7.770000
    },
    {
      "Date": 20211109, 
      "Value" : 145.630005
    },
    {
      "Date": 20230825, 
      "Value" : 27.860001
    }
  ]
}