{
  "Color": "rgb(244, 55, 244)", 
  "Point": [
    {
      "Date": 20200708, 
      "Value" : 7.040000
    },
    {
      "Date": 20201021, 
      "Value" : 31.879999
    },
    {
      "Date": 20220427, 
      "Value" : 7.320000
    },
    {
      "Date": 20231018, 
      "Value" : 20.000000
    }
  ]
}