{
  "Color": "rgb(244, 55, 244)", 
  "Point": [
    {
      "Date": 20201016, 
      "Value" : 86.949997
    },
    {
      "Date": 20221012, 
      "Value" : 14.890000
    },
    {
      "Date": 20230727, 
      "Value" : 31.490000
    },
    {
      "Date": 20240918, 
      "Value" : 14.790000
    }
  ]
}