{
  "Color": "rgb(244, 55, 244)", 
  "Point": [
    {
      "Date": 20200825, 
      "Value" : 79.540001
    },
    {
      "Date": 20230922, 
      "Value" : 15.810000
    }
  ]
}