{
  "Color": "rgb(244, 55, 244)", 
  "Point": [
    {
      "Date": 20200327, 
      "Value" : 4.910000
    },
    {
      "Date": 20210915, 
      "Value" : 25.070000
    },
    {
      "Date": 20240206, 
      "Value" : 6.800000
    }
  ]
}