{
  "Color": "rgb(244, 55, 244)", 
  "Point": [
    {
      "Date": 20200825, 
      "Value" : 103.040001
    },
    {
      "Date": 20240206, 
      "Value" : 9.430000
    },
    {
      "Date": 20250512, 
      "Value" : 17.000000
    }
  ]
}