{
  "Color": "rgb(244, 55, 244)", 
  "Point": [
    {
      "Date": 20200727, 
      "Value" : 11.990000
    },
    {
      "Date": 20200826, 
      "Value" : 50.209999
    },
    {
      "Date": 20221011, 
      "Value" : 14.830000
    },
    {
      "Date": 20240717, 
      "Value" : 75.230003
    }
  ]
}