{
  "Color": "rgb(244, 55, 244)", 
  "Point": [
    {
      "Date": 20200901, 
      "Value" : 57.439999
    },
    {
      "Date": 20220426, 
      "Value" : 11.130000
    },
    {
      "Date": 20230720, 
      "Value" : 35.880001
    },
    {
      "Date": 20240208, 
      "Value" : 10.480000
    }
  ]
}