{
  "Color": "rgb(244, 55, 244)", 
  "Point": [
    {
      "Date": 20200713, 
      "Value" : 7.660000
    },
    {
      "Date": 20211109, 
      "Value" : 145.529999
    },
    {
      "Date": 20240709, 
      "Value" : 13.680000
    }
  ]
}