{
  "Color": "rgb(244, 55, 244)", 
  "Point": [
    {
      "Date": 20200917, 
      "Value" : 113.110001
    },
    {
      "Date": 20240208, 
      "Value" : 26.350000
    },
    {
      "Date": 20240527, 
      "Value" : 53.490002
    }
  ]
}