{
  "Color": "rgb(244, 55, 244)", 
  "Point": [
    {
      "Date": 20200826, 
      "Value" : 66.519997
    },
    {
      "Date": 20220427, 
      "Value" : 15.370000
    },
    {
      "Date": 20240102, 
      "Value" : 32.110001
    }
  ]
}