{
  "Color": "rgb(244, 55, 244)", 
  "Point": [
    {
      "Date": 20210125, 
      "Value" : 202.199997
    },
    {
      "Date": 20220427, 
      "Value" : 47.689999
    },
    {
      "Date": 20231030, 
      "Value" : 102.000000
    }
  ]
}