{
  "Color": "rgb(244, 55, 244)", 
  "Point": [
    {
      "Date": 20210812, 
      "Value" : 32.869999
    },
    {
      "Date": 20220427, 
      "Value" : 13.440000
    },
    {
      "Date": 20230721, 
      "Value" : 39.959999
    }
  ]
}