{
  "Color": "rgb(244, 55, 244)", 
  "Point": [
    {
      "Date": 20191129, 
      "Value" : 12.900000
    },
    {
      "Date": 20191212, 
      "Value" : 37.150002
    },
    {
      "Date": 20220427, 
      "Value" : 8.970000
    },
    {
      "Date": 20230215, 
      "Value" : 16.230000
    }
  ]
}