{
  "Color": "rgb(244, 55, 244)", 
  "Point": [
    {
      "Date": 20200825, 
      "Value" : 59.889999
    },
    {
      "Date": 20240919, 
      "Value" : 13.310000
    }
  ]
}