{
  "Color": "rgb(244, 55, 244)", 
  "Point": [
    {
      "Date": 20200910, 
      "Value" : 45.669998
    },
    {
      "Date": 20220427, 
      "Value" : 10.700000
    },
    {
      "Date": 20230522, 
      "Value" : 36.830002
    }
  ]
}