{
  "Color": "rgb(244, 55, 244)", 
  "Point": [
    {
      "Date": 20200826, 
      "Value" : 94.300003
    },
    {
      "Date": 20220429, 
      "Value" : 18.020000
    },
    {
      "Date": 20220909, 
      "Value" : 39.590000
    },
    {
      "Date": 20230824, 
      "Value" : 23.330000
    }
  ]
}