{
  "Color": "rgb(244, 55, 244)", 
  "Point": [
    {
      "Date": 20200618, 
      "Value" : 20.850000
    },
    {
      "Date": 20210830, 
      "Value" : 135.440002
    },
    {
      "Date": 20220429, 
      "Value" : 32.880001
    },
    {
      "Date": 20230703, 
      "Value" : 95.500000
    }
  ]
}