{
  "Color": "rgb(244, 55, 244)", 
  "Point": [
    {
      "Date": 20201022, 
      "Value" : 85.050003
    },
    {
      "Date": 20240206, 
      "Value" : 20.290001
    }
  ]
}