{
  "Color": "rgb(244, 55, 244)", 
  "Point": [
    {
      "Date": 20200710, 
      "Value" : 65.150002
    },
    {
      "Date": 20220427, 
      "Value" : 18.170000
    },
    {
      "Date": 20230524, 
      "Value" : 35.500000
    }
  ]
}