{
  "Color": "rgb(244, 55, 244)", 
  "Point": [
    {
      "Date": 20200422, 
      "Value" : 16.590000
    },
    {
      "Date": 20210118, 
      "Value" : 78.430000
    },
    {
      "Date": 20230828, 
      "Value" : 18.860001
    }
  ]
}