{
  "Color": "rgb(244, 55, 244)", 
  "Point": [
    {
      "Date": 20200727, 
      "Value" : 12.100000
    },
    {
      "Date": 20200826, 
      "Value" : 50.320000
    },
    {
      "Date": 20221011, 
      "Value" : 14.940000
    },
    {
      "Date": 20230511, 
      "Value" : 31.490000
    }
  ]
}