{
  "Color": "rgb(244, 55, 244)", 
  "Point": [
    {
      "Date": 20200722, 
      "Value" : 10.770000
    },
    {
      "Date": 20200917, 
      "Value" : 34.450001
    },
    {
      "Date": 20220425, 
      "Value" : 10.550000
    },
    {
      "Date": 20240515, 
      "Value" : 44.369999
    }
  ]
}