{
  "Color": "rgb(244, 55, 244)", 
  "Point": [
    {
      "Date": 20200826, 
      "Value" : 49.990002
    },
    {
      "Date": 20240206, 
      "Value" : 12.600000
    },
    {
      "Date": 20250226, 
      "Value" : 24.600000
    }
  ]
}