{
  "Color": "rgb(244, 55, 244)", 
  "Point": [
    {
      "Date": 20200826, 
      "Value" : 133.929993
    },
    {
      "Date": 20221228, 
      "Value" : 29.690001
    },
    {
      "Date": 20230829, 
      "Value" : 53.029999
    }
  ]
}