{
  "Color": "rgb(244, 55, 244)", 
  "Point": [
    {
      "Date": 20200824, 
      "Value" : 307.029999
    },
    {
      "Date": 20240828, 
      "Value" : 12.200000
    }
  ]
}