{
  "Color": "rgb(244, 55, 244)", 
  "Point": [
    {
      "Date": 20191125, 
      "Value" : 3.570000
    },
    {
      "Date": 20210727, 
      "Value" : 31.750000
    },
    {
      "Date": 20240206, 
      "Value" : 6.880000
    },
    {
      "Date": 20250221, 
      "Value" : 23.340000
    }
  ]
}