{
  "Color": "rgb(244, 55, 244)", 
  "Point": [
    {
      "Date": 20191121, 
      "Value" : 12.090000
    },
    {
      "Date": 20200218, 
      "Value" : 43.919998
    },
    {
      "Date": 20221011, 
      "Value" : 6.190000
    },
    {
      "Date": 20230504, 
      "Value" : 10.500000
    }
  ]
}