{
  "Color": "rgb(244, 55, 244)", 
  "Point": [
    {
      "Date": 20230627, 
      "Value" : 41.799999
    },
    {
      "Date": 20230629, 
      "Value" : 33.709999
    }
  ]
}