{
  "Color": "rgb(244, 55, 244)", 
  "Point": [
    {
      "Date": 20200616, 
      "Value" : 35.360001
    },
    {
      "Date": 20200804, 
      "Value" : 440.500000
    },
    {
      "Date": 20230721, 
      "Value" : 55.520000
    }
  ]
}