{
  "Color": "rgb(244, 55, 244)", 
  "Point": [
    {
      "Date": 20200716, 
      "Value" : 37.459999
    },
    {
      "Date": 20240208, 
      "Value" : 6.020000
    },
    {
      "Date": 20241008, 
      "Value" : 16.080000
    },
    {
      "Date": 20250409, 
      "Value" : 10.250000
    }
  ]
}