{
  "Color": "rgb(244, 55, 244)", 
  "Point": [
    {
      "Date": 20200901, 
      "Value" : 85.790001
    },
    {
      "Date": 20220427, 
      "Value" : 17.410000
    },
    {
      "Date": 20230801, 
      "Value" : 40.980000
    }
  ]
}