{
  "Color": "rgb(244, 55, 244)", 
  "Point": [
    {
      "Date": 20200826, 
      "Value" : 50.389999
    },
    {
      "Date": 20230825, 
      "Value" : 17.600000
    }
  ]
}