{
  "Color": "rgb(244, 55, 244)", 
  "Point": [
    {
      "Date": 20200916, 
      "Value" : 76.680000
    },
    {
      "Date": 20221011, 
      "Value" : 20.770000
    },
    {
      "Date": 20230216, 
      "Value" : 27.030001
    }
  ]
}