{
  "Color": "rgb(244, 55, 244)", 
  "Point": [
    {
      "Date": 20200826, 
      "Value" : 94.099998
    },
    {
      "Date": 20240208, 
      "Value" : 11.540000
    }
  ]
}