{
  "Color": "rgb(244, 55, 244)", 
  "Point": [
    {
      "Date": 20200917, 
      "Value" : 112.800003
    },
    {
      "Date": 20240208, 
      "Value" : 26.040001
    },
    {
      "Date": 20250224, 
      "Value" : 182.880005
    }
  ]
}