{
  "Color": "rgb(244, 55, 244)", 
  "Point": [
    {
      "Date": 20201110, 
      "Value" : 16.520000
    },
    {
      "Date": 20240718, 
      "Value" : 4.900000
    },
    {
      "Date": 20250212, 
      "Value" : 10.500000
    }
  ]
}