{
  "Color": "rgb(244, 55, 244)", 
  "Point": [
    {
      "Date": 20201110, 
      "Value" : 16.520000
    },
    {
      "Date": 20210728, 
      "Value" : 7.210000
    },
    {
      "Date": 20230227, 
      "Value" : 15.050000
    },
    {
      "Date": 20230707, 
      "Value" : 11.680000
    }
  ]
}