{
  "Color": "rgb(244, 55, 244)", 
  "Point": [
    {
      "Date": 20200422, 
      "Value" : 16.490000
    },
    {
      "Date": 20210118, 
      "Value" : 78.330002
    },
    {
      "Date": 20240206, 
      "Value" : 11.200000
    }
  ]
}