{
  "Color": "rgb(244, 55, 244)", 
  "Point": [
    {
      "Date": 20200312, 
      "Value" : 7.430000
    },
    {
      "Date": 20210901, 
      "Value" : 32.320000
    },
    {
      "Date": 20240206, 
      "Value" : 5.720000
    }
  ]
}