{
  "Color": "rgb(244, 55, 244)", 
  "Point": [
    {
      "Date": 20210916, 
      "Value" : 39.799999
    },
    {
      "Date": 20230425, 
      "Value" : 14.560000
    },
    {
      "Date": 20230828, 
      "Value" : 22.980000
    },
    {
      "Date": 20240208, 
      "Value" : 7.520000
    }
  ]
}