{
  "Color": "rgb(244, 55, 244)", 
  "Point": [
    {
      "Date": 20201022, 
      "Value" : 119.570000
    },
    {
      "Date": 20240206, 
      "Value" : 28.910000
    }
  ]
}