{
  "Color": "rgb(244, 55, 244)", 
  "Point": [
    {
      "Date": 20200825, 
      "Value" : 57.759998
    },
    {
      "Date": 20231026, 
      "Value" : 14.000000
    }
  ]
}