{
  "Color": "rgb(244, 55, 244)", 
  "Point": [
    {
      "Date": 20200410, 
      "Value" : 5.460000
    },
    {
      "Date": 20210826, 
      "Value" : 66.349998
    },
    {
      "Date": 20220429, 
      "Value" : 17.770000
    }
  ]
}