{
  "Color": "rgb(244, 55, 244)", 
  "Point": [
    {
      "Date": 20201216, 
      "Value" : 87.199997
    },
    {
      "Date": 20240208, 
      "Value" : 10.510000
    },
    {
      "Date": 20241008, 
      "Value" : 36.049999
    }
  ]
}