{
  "Color": "rgb(244, 55, 244)", 
  "Point": [
    {
      "Date": 20201111, 
      "Value" : 78.580002
    },
    {
      "Date": 20210511, 
      "Value" : 37.389999
    },
    {
      "Date": 20211201, 
      "Value" : 88.239998
    },
    {
      "Date": 20240206, 
      "Value" : 17.690001
    }
  ]
}