{
  "Color": "rgb(244, 55, 244)", 
  "Point": [
    {
      "Date": 20200901, 
      "Value" : 85.230003
    },
    {
      "Date": 20240208, 
      "Value" : 13.750000
    }
  ]
}