{
  "Color": "rgb(244, 55, 244)", 
  "Point": [
    {
      "Date": 20220113, 
      "Value" : 49.590000
    },
    {
      "Date": 20240206, 
      "Value" : 13.010000
    },
    {
      "Date": 20240701, 
      "Value" : 23.000000
    }
  ]
}