{
  "Color": "rgb(244, 55, 244)", 
  "Point": [
    {
      "Date": 20191219, 
      "Value" : 20.520000
    },
    {
      "Date": 20201120, 
      "Value" : 70.550003
    },
    {
      "Date": 20220427, 
      "Value" : 17.000000
    },
    {
      "Date": 20230712, 
      "Value" : 45.500000
    }
  ]
}