{
  "Color": "rgb(244, 55, 244)", 
  "Point": [
    {
      "Date": 20200313, 
      "Value" : 9.130000
    },
    {
      "Date": 20201127, 
      "Value" : 23.110001
    },
    {
      "Date": 20240208, 
      "Value" : 4.710000
    },
    {
      "Date": 20240617, 
      "Value" : 15.750000
    }
  ]
}