{
  "Color": "rgb(244, 55, 244)", 
  "Point": [
    {
      "Date": 20201020, 
      "Value" : 29.410000
    },
    {
      "Date": 20220427, 
      "Value" : 11.020000
    },
    {
      "Date": 20221017, 
      "Value" : 39.740002
    },
    {
      "Date": 20240206, 
      "Value" : 19.440001
    }
  ]
}