{
  "Color": "rgb(244, 55, 244)", 
  "Point": [
    {
      "Date": 20200702, 
      "Value" : 11.740000
    },
    {
      "Date": 20201103, 
      "Value" : 55.279999
    },
    {
      "Date": 20220427, 
      "Value" : 15.100000
    }
  ]
}