{
  "Color": "rgb(244, 55, 244)", 
  "Point": [
    {
      "Date": 20210205, 
      "Value" : 152.130005
    },
    {
      "Date": 20240205, 
      "Value" : 29.250000
    }
  ]
}