{
  "Color": "rgb(244, 55, 244)", 
  "Point": [
    {
      "Date": 20200911, 
      "Value" : 33.950001
    },
    {
      "Date": 20220715, 
      "Value" : 84.160004
    },
    {
      "Date": 20240923, 
      "Value" : 16.270000
    }
  ]
}