{
  "Color": "rgb(244, 55, 244)", 
  "Point": [
    {
      "Date": 20200825, 
      "Value" : 103.129997
    },
    {
      "Date": 20220428, 
      "Value" : 14.480000
    },
    {
      "Date": 20230721, 
      "Value" : 22.600000
    }
  ]
}