{
  "Color": "rgb(244, 55, 244)", 
  "Point": [
    {
      "Date": 20200713, 
      "Value" : 14.760000
    },
    {
      "Date": 20200806, 
      "Value" : 52.980000
    },
    {
      "Date": 20240206, 
      "Value" : 15.040000
    },
    {
      "Date": 20250219, 
      "Value" : 41.259998
    }
  ]
}