{
  "Color": "rgb(244, 55, 244)", 
  "Point": [
    {
      "Date": 20230815, 
      "Value" : 43.950001
    },
    {
      "Date": 20240206, 
      "Value" : 16.990000
    },
    {
      "Date": 20250508, 
      "Value" : 32.990002
    }
  ]
}