{
  "Color": "rgb(244, 55, 244)", 
  "Point": [
    {
      "Date": 20210205, 
      "Value" : 151.630005
    },
    {
      "Date": 20240709, 
      "Value" : 24.510000
    }
  ]
}