{
  "Color": "rgb(244, 55, 244)", 
  "Point": [
    {
      "Date": 20200826, 
      "Value" : 112.629997
    },
    {
      "Date": 20240208, 
      "Value" : 8.900000
    }
  ]
}