{
  "Color": "rgb(244, 55, 244)", 
  "Point": [
    {
      "Date": 20201016, 
      "Value" : 100.139999
    },
    {
      "Date": 20220427, 
      "Value" : 17.950001
    },
    {
      "Date": 20230726, 
      "Value" : 30.490000
    }
  ]
}