{
  "Color": "rgb(244, 55, 244)", 
  "Point": [
    {
      "Date": 20200727, 
      "Value" : 10.680000
    },
    {
      "Date": 20200817, 
      "Value" : 37.299999
    },
    {
      "Date": 20220509, 
      "Value" : 13.800000
    },
    {
      "Date": 20230213, 
      "Value" : 25.799999
    }
  ]
}