{
  "Color": "rgb(244, 55, 244)", 
  "Point": [
    {
      "Date": 20191111, 
      "Value" : 31.530001
    },
    {
      "Date": 20221223, 
      "Value" : 11.170000
    },
    {
      "Date": 20230724, 
      "Value" : 15.900000
    },
    {
      "Date": 20240208, 
      "Value" : 7.590000
    }
  ]
}