{
  "Color": "rgb(244, 55, 244)", 
  "Point": [
    {
      "Date": 20200824, 
      "Value" : 307.329987
    },
    {
      "Date": 20221012, 
      "Value" : 19.990000
    }
  ]
}