{
  "Color": "rgb(244, 55, 244)", 
  "Point": [
    {
      "Date": 20200218, 
      "Value" : 9.980000
    },
    {
      "Date": 20201104, 
      "Value" : 27.350000
    },
    {
      "Date": 20220428, 
      "Value" : 9.140000
    },
    {
      "Date": 20230712, 
      "Value" : 19.150000
    }
  ]
}