{
  "Color": "rgb(244, 55, 244)", 
  "Point": [
    {
      "Date": 20200109, 
      "Value" : 13.840000
    },
    {
      "Date": 20200225, 
      "Value" : 47.810001
    },
    {
      "Date": 20220428, 
      "Value" : 12.490000
    },
    {
      "Date": 20230725, 
      "Value" : 33.500000
    }
  ]
}