{
  "Color": "rgb(244, 55, 244)", 
  "Point": [
    {
      "Date": 20200708, 
      "Value" : 6.990000
    },
    {
      "Date": 20201021, 
      "Value" : 31.830000
    },
    {
      "Date": 20220427, 
      "Value" : 7.270000
    },
    {
      "Date": 20250312, 
      "Value" : 30.000000
    }
  ]
}