{
  "Color": "rgb(244, 55, 244)", 
  "Point": [
    {
      "Date": 20200723, 
      "Value" : 5.880000
    },
    {
      "Date": 20221027, 
      "Value" : 42.220001
    },
    {
      "Date": 20240205, 
      "Value" : 16.889999
    },
    {
      "Date": 20240509, 
      "Value" : 28.690001
    }
  ]
}