{
  "Color": "rgb(244, 55, 244)", 
  "Point": [
    {
      "Date": 20200724, 
      "Value" : 65.160004
    },
    {
      "Date": 20240208, 
      "Value" : 16.309999
    }
  ]
}