{
  "Color": "rgb(244, 55, 244)", 
  "Point": [
    {
      "Date": 20200910, 
      "Value" : 25.280001
    },
    {
      "Date": 20230426, 
      "Value" : 8.200000
    },
    {
      "Date": 20230830, 
      "Value" : 12.900000
    },
    {
      "Date": 20240208, 
      "Value" : 4.260000
    }
  ]
}