{
  "Color": "rgb(244, 55, 244)", 
  "Point": [
    {
      "Date": 20200313, 
      "Value" : 11.970000
    },
    {
      "Date": 20201127, 
      "Value" : 30.150000
    },
    {
      "Date": 20220428, 
      "Value" : 8.570000
    },
    {
      "Date": 20231204, 
      "Value" : 16.809999
    }
  ]
}