{
  "Color": "rgb(244, 55, 244)", 
  "Point": [
    {
      "Date": 20200826, 
      "Value" : 133.929993
    },
    {
      "Date": 20231222, 
      "Value" : 28.410000
    }
  ]
}