{
  "Color": "rgb(244, 55, 244)", 
  "Point": [
    {
      "Date": 20200825, 
      "Value" : 95.220001
    },
    {
      "Date": 20230425, 
      "Value" : 14.750000
    }
  ]
}