{
  "Color": "rgb(244, 55, 244)", 
  "Point": [
    {
      "Date": 20220113, 
      "Value" : 49.790001
    },
    {
      "Date": 20240206, 
      "Value" : 13.210000
    }
  ]
}