{
  "Color": "rgb(244, 55, 244)", 
  "Point": [
    {
      "Date": 20200901, 
      "Value" : 83.370003
    },
    {
      "Date": 20220422, 
      "Value" : 14.070000
    }
  ]
}