{
  "Color": "rgb(244, 55, 244)", 
  "Point": [
    {
      "Date": 20200210, 
      "Value" : 23.590000
    },
    {
      "Date": 20201204, 
      "Value" : 125.389999
    },
    {
      "Date": 20240208, 
      "Value" : 12.630000
    }
  ]
}