{
  "Color": "rgb(244, 55, 244)", 
  "Point": [
    {
      "Date": 20201028, 
      "Value" : 68.940002
    },
    {
      "Date": 20220427, 
      "Value" : 24.070000
    },
    {
      "Date": 20230526, 
      "Value" : 42.560001
    }
  ]
}