{
  "Color": "rgb(244, 55, 244)", 
  "Point": [
    {
      "Date": 20200724, 
      "Value" : 64.709999
    },
    {
      "Date": 20240208, 
      "Value" : 15.860000
    },
    {
      "Date": 20241010, 
      "Value" : 35.680000
    },
    {
      "Date": 20250407, 
      "Value" : 22.660000
    }
  ]
}