{
  "Color": "rgb(244, 55, 244)", 
  "Point": [
    {
      "Date": 20201028, 
      "Value" : 46.009998
    },
    {
      "Date": 20240208, 
      "Value" : 11.760000
    },
    {
      "Date": 20250508, 
      "Value" : 31.490000
    }
  ]
}