{
  "Color": "rgb(244, 55, 244)", 
  "Point": [
    {
      "Date": 20210125, 
      "Value" : 154.000000
    },
    {
      "Date": 20220427, 
      "Value" : 35.150002
    },
    {
      "Date": 20231030, 
      "Value" : 76.919998
    }
  ]
}