{
  "Color": "rgb(244, 55, 244)", 
  "Point": [
    {
      "Date": 20201112, 
      "Value" : 39.419998
    },
    {
      "Date": 20220427, 
      "Value" : 8.010000
    },
    {
      "Date": 20230412, 
      "Value" : 15.450000
    }
  ]
}