{
  "Color": "rgb(244, 55, 244)", 
  "Point": [
    {
      "Date": 20200619, 
      "Value" : 4.120000
    },
    {
      "Date": 20200831, 
      "Value" : 26.719999
    },
    {
      "Date": 20221031, 
      "Value" : 8.170000
    },
    {
      "Date": 20230512, 
      "Value" : 11.190000
    }
  ]
}