{
  "Color": "rgb(244, 55, 244)", 
  "Point": [
    {
      "Date": 20200616, 
      "Value" : 33.360001
    },
    {
      "Date": 20200804, 
      "Value" : 438.500000
    },
    {
      "Date": 20240205, 
      "Value" : 42.779999
    }
  ]
}