{
  "Color": "rgb(244, 55, 244)", 
  "Point": [
    {
      "Date": 20210208, 
      "Value" : 10.960000
    },
    {
      "Date": 20210706, 
      "Value" : 27.820000
    },
    {
      "Date": 20240206, 
      "Value" : 6.620000
    }
  ]
}