{
  "Color": "rgb(244, 55, 244)", 
  "Point": [
    {
      "Date": 20200916, 
      "Value" : 75.190002
    },
    {
      "Date": 20221011, 
      "Value" : 11.740000
    },
    {
      "Date": 20230410, 
      "Value" : 16.920000
    }
  ]
}