{
  "Color": "rgb(244, 55, 244)", 
  "Point": [
    {
      "Date": 20210208, 
      "Value" : 11.020000
    },
    {
      "Date": 20210706, 
      "Value" : 27.879999
    },
    {
      "Date": 20221229, 
      "Value" : 15.740000
    },
    {
      "Date": 20230726, 
      "Value" : 21.200001
    }
  ]
}