{
  "Color": "rgb(244, 55, 244)", 
  "Point": [
    {
      "Date": 20201112, 
      "Value" : 39.119999
    },
    {
      "Date": 20220427, 
      "Value" : 7.710000
    },
    {
      "Date": 20231120, 
      "Value" : 15.540000
    },
    {
      "Date": 20240206, 
      "Value" : 6.740000
    }
  ]
}