{
  "Color": "rgb(244, 55, 244)", 
  "Point": [
    {
      "Date": 20200910, 
      "Value" : 35.970001
    },
    {
      "Date": 20220427, 
      "Value" : 5.500000
    }
  ]
}