{
  "Color": "rgb(244, 55, 244)", 
  "Point": [
    {
      "Date": 20200825, 
      "Value" : 57.759998
    },
    {
      "Date": 20220427, 
      "Value" : 14.750000
    },
    {
      "Date": 20221019, 
      "Value" : 29.700001
    },
    {
      "Date": 20240208, 
      "Value" : 7.610000
    }
  ]
}