{
  "Color": "rgb(244, 55, 244)", 
  "Point": [
    {
      "Date": 20191121, 
      "Value" : 12.050000
    },
    {
      "Date": 20200218, 
      "Value" : 43.880001
    },
    {
      "Date": 20240208, 
      "Value" : 5.060000
    }
  ]
}