{
  "Color": "rgb(244, 55, 244)", 
  "Point": [
    {
      "Date": 20191125, 
      "Value" : 3.590000
    },
    {
      "Date": 20210727, 
      "Value" : 31.770000
    },
    {
      "Date": 20220427, 
      "Value" : 13.160000
    }
  ]
}