{
  "Color": "rgb(244, 55, 244)", 
  "Point": [
    {
      "Date": 20210916, 
      "Value" : 39.910000
    },
    {
      "Date": 20230425, 
      "Value" : 14.670000
    },
    {
      "Date": 20230721, 
      "Value" : 17.799999
    }
  ]
}