{
  "Color": "rgb(244, 55, 244)", 
  "Point": [
    {
      "Date": 20210205, 
      "Value" : 152.130005
    },
    {
      "Date": 20220427, 
      "Value" : 35.709999
    },
    {
      "Date": 20221212, 
      "Value" : 58.009998
    },
    {
      "Date": 20231221, 
      "Value" : 35.720001
    }
  ]
}