{
  "Color": "rgb(244, 55, 244)", 
  "Point": [
    {
      "Date": 20191129, 
      "Value" : 12.710000
    },
    {
      "Date": 20191212, 
      "Value" : 36.959999
    },
    {
      "Date": 20220427, 
      "Value" : 8.780000
    },
    {
      "Date": 20241030, 
      "Value" : 26.730000
    }
  ]
}