{
  "Color": "rgb(244, 55, 244)", 
  "Point": [
    {
      "Date": 20200917, 
      "Value" : 113.449997
    },
    {
      "Date": 20240208, 
      "Value" : 26.690001
    }
  ]
}