{
  "Color": "rgb(244, 55, 244)", 
  "Point": [
    {
      "Date": 20200512, 
      "Value" : 17.209999
    },
    {
      "Date": 20201015, 
      "Value" : 105.580002
    },
    {
      "Date": 20220418, 
      "Value" : 30.459999
    },
    {
      "Date": 20240305, 
      "Value" : 82.980003
    }
  ]
}