{
  "Color": "rgb(244, 55, 244)", 
  "Point": [
    {
      "Date": 20200916, 
      "Value" : 75.190002
    },
    {
      "Date": 20221011, 
      "Value" : 11.740000
    },
    {
      "Date": 20231117, 
      "Value" : 17.770000
    },
    {
      "Date": 20240207, 
      "Value" : 7.340000
    }
  ]
}