{
  "Color": "rgb(244, 55, 244)", 
  "Point": [
    {
      "Date": 20220113, 
      "Value" : 49.790001
    },
    {
      "Date": 20231221, 
      "Value" : 20.950001
    }
  ]
}