{
  "Color": "rgb(244, 55, 244)", 
  "Point": [
    {
      "Date": 20200910, 
      "Value" : 25.200001
    },
    {
      "Date": 20230426, 
      "Value" : 8.120000
    },
    {
      "Date": 20230830, 
      "Value" : 12.820000
    },
    {
      "Date": 20240208, 
      "Value" : 4.180000
    }
  ]
}