{
  "Color": "rgb(244, 55, 244)", 
  "Point": [
    {
      "Date": 20230815, 
      "Value" : 43.950001
    },
    {
      "Date": 20231221, 
      "Value" : 30.040001
    }
  ]
}