{
  "Color": "rgb(244, 55, 244)", 
  "Point": [
    {
      "Date": 20200901, 
      "Value" : 85.790001
    },
    {
      "Date": 20240208, 
      "Value" : 14.300000
    }
  ]
}