{
  "Color": "rgb(244, 55, 244)", 
  "Point": [
    {
      "Date": 20200414, 
      "Value" : 29.760000
    },
    {
      "Date": 20240208, 
      "Value" : 8.510000
    },
    {
      "Date": 20241220, 
      "Value" : 24.690001
    },
    {
      "Date": 20250409, 
      "Value" : 12.240000
    }
  ]
}