{
  "Color": "rgb(244, 55, 244)", 
  "Point": [
    {
      "Date": 20200709, 
      "Value" : 5.310000
    },
    {
      "Date": 20201013, 
      "Value" : 27.290001
    },
    {
      "Date": 20220427, 
      "Value" : 10.140000
    },
    {
      "Date": 20230517, 
      "Value" : 26.889999
    }
  ]
}