{
  "Color": "rgb(244, 55, 244)", 
  "Point": [
    {
      "Date": 20200911, 
      "Value" : 34.250000
    },
    {
      "Date": 20220715, 
      "Value" : 84.459999
    },
    {
      "Date": 20240205, 
      "Value" : 20.520000
    }
  ]
}