{
  "Color": "rgb(244, 55, 244)", 
  "Point": [
    {
      "Date": 20191209, 
      "Value" : 21.030001
    },
    {
      "Date": 20210208, 
      "Value" : 8.410000
    },
    {
      "Date": 20211111, 
      "Value" : 42.560001
    },
    {
      "Date": 20220427, 
      "Value" : 17.230000
    }
  ]
}