{
  "Color": "rgb(244, 55, 244)", 
  "Point": [
    {
      "Date": 20200826, 
      "Value" : 133.929993
    },
    {
      "Date": 20240206, 
      "Value" : 16.200001
    },
    {
      "Date": 20241022, 
      "Value" : 42.860001
    },
    {
      "Date": 20250409, 
      "Value" : 21.559999
    }
  ]
}