{
  "Color": "rgb(244, 55, 244)", 
  "Point": [
    {
      "Date": 20201231, 
      "Value" : 32.250000
    },
    {
      "Date": 20210716, 
      "Value" : 78.300003
    },
    {
      "Date": 20240206, 
      "Value" : 10.330000
    }
  ]
}