{
  "Color": "rgb(244, 55, 244)", 
  "Point": [
    {
      "Date": 20230815, 
      "Value" : 44.619999
    },
    {
      "Date": 20230825, 
      "Value" : 33.209999
    }
  ]
}