{
  "Color": "rgb(244, 55, 244)", 
  "Point": [
    {
      "Date": 20200414, 
      "Value" : 29.760000
    },
    {
      "Date": 20240208, 
      "Value" : 8.510000
    },
    {
      "Date": 20241018, 
      "Value" : 19.180000
    }
  ]
}