{
  "Color": "rgb(244, 55, 244)", 
  "Point": [
    {
      "Date": 20201112, 
      "Value" : 39.419998
    },
    {
      "Date": 20220427, 
      "Value" : 8.010000
    },
    {
      "Date": 20231120, 
      "Value" : 15.840000
    },
    {
      "Date": 20240206, 
      "Value" : 7.040000
    }
  ]
}