{
  "Color": "rgb(244, 55, 244)", 
  "Point": [
    {
      "Date": 20200319, 
      "Value" : 18.190001
    },
    {
      "Date": 20200819, 
      "Value" : 46.080002
    },
    {
      "Date": 20221011, 
      "Value" : 15.210000
    },
    {
      "Date": 20230928, 
      "Value" : 30.969999
    }
  ]
}