{
  "Color": "rgb(244, 55, 244)", 
  "Point": [
    {
      "Date": 20201016, 
      "Value" : 99.779999
    },
    {
      "Date": 20240208, 
      "Value" : 15.760000
    }
  ]
}