{
  "Color": "rgb(244, 55, 244)", 
  "Point": [
    {
      "Date": 20200901, 
      "Value" : 83.370003
    },
    {
      "Date": 20240208, 
      "Value" : 7.290000
    }
  ]
}