{
  "Color": "rgb(244, 55, 244)", 
  "Point": [
    {
      "Date": 20200723, 
      "Value" : 6.180000
    },
    {
      "Date": 20221027, 
      "Value" : 42.520000
    },
    {
      "Date": 20231024, 
      "Value" : 27.799999
    }
  ]
}