{
  "Color": "rgb(244, 55, 244)", 
  "Point": [
    {
      "Date": 20210205, 
      "Value" : 151.229996
    },
    {
      "Date": 20240827, 
      "Value" : 23.020000
    },
    {
      "Date": 20250430, 
      "Value" : 54.799999
    }
  ]
}