{
  "Color": "rgb(244, 55, 244)", 
  "Point": [
    {
      "Date": 20200723, 
      "Value" : 5.780000
    },
    {
      "Date": 20221027, 
      "Value" : 42.119999
    },
    {
      "Date": 20240205, 
      "Value" : 16.790001
    },
    {
      "Date": 20240612, 
      "Value" : 28.000000
    }
  ]
}