{
  "Color": "rgb(244, 55, 244)", 
  "Point": [
    {
      "Date": 20201028, 
      "Value" : 46.310001
    },
    {
      "Date": 20240208, 
      "Value" : 12.060000
    }
  ]
}