{
  "Color": "rgb(244, 55, 244)", 
  "Point": [
    {
      "Date": 20200910, 
      "Value" : 35.970001
    },
    {
      "Date": 20240206, 
      "Value" : 3.750000
    }
  ]
}