{
  "Color": "rgb(244, 55, 244)", 
  "Point": [
    {
      "Date": 20201026, 
      "Value" : 54.990002
    },
    {
      "Date": 20240206, 
      "Value" : 17.020000
    }
  ]
}