{
  "Color": "rgb(244, 55, 244)", 
  "Point": [
    {
      "Date": 20200713, 
      "Value" : 14.900000
    },
    {
      "Date": 20200806, 
      "Value" : 53.119999
    },
    {
      "Date": 20240206, 
      "Value" : 15.180000
    },
    {
      "Date": 20240702, 
      "Value" : 29.969999
    }
  ]
}