{
  "Color": "rgb(244, 55, 244)", 
  "Point": [
    {
      "Date": 20200716, 
      "Value" : 48.939999
    },
    {
      "Date": 20240208, 
      "Value" : 8.080000
    }
  ]
}