{
  "Color": "rgb(244, 55, 244)", 
  "Point": [
    {
      "Date": 20200716, 
      "Value" : 48.939999
    },
    {
      "Date": 20220427, 
      "Value" : 10.810000
    },
    {
      "Date": 20230511, 
      "Value" : 28.200001
    }
  ]
}