{
  "Color": "rgb(244, 55, 244)", 
  "Point": [
    {
      "Date": 20200710, 
      "Value" : 64.989998
    },
    {
      "Date": 20240207, 
      "Value" : 12.570000
    },
    {
      "Date": 20241021, 
      "Value" : 51.389999
    }
  ]
}