{
  "Color": "rgb(244, 55, 244)", 
  "Point": [
    {
      "Date": 20200525, 
      "Value" : 57.360001
    },
    {
      "Date": 20210208, 
      "Value" : 20.870001
    },
    {
      "Date": 20230424, 
      "Value" : 79.889999
    },
    {
      "Date": 20240717, 
      "Value" : 38.889999
    }
  ]
}