{
  "Color": "rgb(244, 55, 244)", 
  "Point": [
    {
      "Date": 20200806, 
      "Value" : 8.230000
    },
    {
      "Date": 20241112, 
      "Value" : 48.490002
    }
  ]
}