{
  "Color": "rgb(244, 55, 244)", 
  "Point": [
    {
      "Date": 20200414, 
      "Value" : 29.860001
    },
    {
      "Date": 20220427, 
      "Value" : 10.090000
    },
    {
      "Date": 20230609, 
      "Value" : 21.299999
    }
  ]
}