{
  "Color": "rgb(244, 55, 244)", 
  "Point": [
    {
      "Date": 20200720, 
      "Value" : 5.550000
    },
    {
      "Date": 20210322, 
      "Value" : 14.810000
    },
    {
      "Date": 20220427, 
      "Value" : 7.560000
    },
    {
      "Date": 20230306, 
      "Value" : 22.850000
    }
  ]
}