{
  "Color": "rgb(244, 55, 244)", 
  "Point": [
    {
      "Date": 20200312, 
      "Value" : 11.150000
    },
    {
      "Date": 20201029, 
      "Value" : 43.099998
    },
    {
      "Date": 20240208, 
      "Value" : 8.080000
    },
    {
      "Date": 20250326, 
      "Value" : 33.470001
    }
  ]
}