{
  "Color": "rgb(244, 55, 244)", 
  "Point": [
    {
      "Date": 20200826, 
      "Value" : 133.929993
    },
    {
      "Date": 20240206, 
      "Value" : 16.200001
    }
  ]
}