{
  "Color": "rgb(244, 55, 244)", 
  "Point": [
    {
      "Date": 20200911, 
      "Value" : 34.000000
    },
    {
      "Date": 20220715, 
      "Value" : 84.209999
    },
    {
      "Date": 20240923, 
      "Value" : 16.320000
    }
  ]
}