{
  "Color": "rgb(244, 55, 244)", 
  "Point": [
    {
      "Date": 20201111, 
      "Value" : 78.900002
    },
    {
      "Date": 20210511, 
      "Value" : 37.709999
    },
    {
      "Date": 20211201, 
      "Value" : 88.559998
    },
    {
      "Date": 20240206, 
      "Value" : 18.010000
    }
  ]
}