{
  "Color": "rgb(244, 55, 244)", 
  "Point": [
    {
      "Date": 20200911, 
      "Value" : 34.099998
    },
    {
      "Date": 20220715, 
      "Value" : 84.309998
    },
    {
      "Date": 20240709, 
      "Value" : 17.110001
    }
  ]
}