{
  "Color": "rgb(244, 55, 244)", 
  "Point": [
    {
      "Date": 20201022, 
      "Value" : 119.570000
    },
    {
      "Date": 20220427, 
      "Value" : 35.730000
    },
    {
      "Date": 20230112, 
      "Value" : 71.250000
    }
  ]
}