{
  "Color": "rgb(244, 55, 244)", 
  "Point": [
    {
      "Date": 20200825, 
      "Value" : 79.480003
    },
    {
      "Date": 20240208, 
      "Value" : 9.680000
    },
    {
      "Date": 20241008, 
      "Value" : 16.240000
    }
  ]
}