{
  "Color": "rgb(244, 55, 244)", 
  "Point": [
    {
      "Date": 20210125, 
      "Value" : 153.399994
    },
    {
      "Date": 20220427, 
      "Value" : 34.549999
    },
    {
      "Date": 20241008, 
      "Value" : 100.610001
    }
  ]
}