{
  "Color": "rgb(244, 55, 244)", 
  "Point": [
    {
      "Date": 20191111, 
      "Value" : 31.719999
    },
    {
      "Date": 20221223, 
      "Value" : 11.350000
    },
    {
      "Date": 20230724, 
      "Value" : 16.080000
    },
    {
      "Date": 20240208, 
      "Value" : 7.770000
    }
  ]
}