{
  "Color": "rgb(244, 55, 244)", 
  "Point": [
    {
      "Date": 20200414, 
      "Value" : 29.860001
    },
    {
      "Date": 20240208, 
      "Value" : 8.610000
    }
  ]
}