{
  "Color": "rgb(244, 55, 244)", 
  "Point": [
    {
      "Date": 20200702, 
      "Value" : 11.640000
    },
    {
      "Date": 20201103, 
      "Value" : 55.180000
    },
    {
      "Date": 20240208, 
      "Value" : 10.660000
    },
    {
      "Date": 20240522, 
      "Value" : 40.240002
    }
  ]
}