{
  "Color": "rgb(244, 55, 244)", 
  "Point": [
    {
      "Date": 20230809, 
      "Value" : 305.250000
    },
    {
      "Date": 20240206, 
      "Value" : 33.820000
    }
  ]
}