{
  "Color": "rgb(244, 55, 244)", 
  "Point": [
    {
      "Date": 20210204, 
      "Value" : 79.849998
    },
    {
      "Date": 20230829, 
      "Value" : 14.380000
    }
  ]
}