{
  "Color": "rgb(244, 55, 244)", 
  "Point": [
    {
      "Date": 20210107, 
      "Value" : 21.070000
    },
    {
      "Date": 20220411, 
      "Value" : 9.240000
    },
    {
      "Date": 20230713, 
      "Value" : 28.139999
    }
  ]
}