{
  "Color": "rgb(244, 55, 244)", 
  "Point": [
    {
      "Date": 20210728, 
      "Value" : 31.690001
    },
    {
      "Date": 20211101, 
      "Value" : 174.080002
    }
  ]
}