{
  "Color": "rgb(244, 55, 244)", 
  "Point": [
    {
      "Date": 20220117, 
      "Value" : 46.049999
    },
    {
      "Date": 20230425, 
      "Value" : 20.230000
    }
  ]
}