{
  "Color": "rgb(244, 55, 244)", 
  "Point": [
    {
      "Date": 20210210, 
      "Value" : 43.509998
    },
    {
      "Date": 20221031, 
      "Value" : 12.060000
    },
    {
      "Date": 20230725, 
      "Value" : 19.270000
    }
  ]
}