{
  "Color": "rgb(244, 55, 244)", 
  "Point": [
    {
      "Date": 20201207, 
      "Value" : 63.160000
    },
    {
      "Date": 20221011, 
      "Value" : 12.290000
    },
    {
      "Date": 20230327, 
      "Value" : 34.889999
    },
    {
      "Date": 20240208, 
      "Value" : 8.290000
    }
  ]
}