{
  "Color": "rgb(244, 55, 244)", 
  "Point": [
    {
      "Date": 20210602, 
      "Value" : 32.759998
    },
    {
      "Date": 20221025, 
      "Value" : 9.580000
    },
    {
      "Date": 20230504, 
      "Value" : 16.379999
    }
  ]
}