{
  "Color": "rgb(244, 55, 244)", 
  "Point": [
    {
      "Date": 20210419, 
      "Value" : 146.529999
    },
    {
      "Date": 20240208, 
      "Value" : 27.770000
    },
    {
      "Date": 20241220, 
      "Value" : 77.209999
    },
    {
      "Date": 20250411, 
      "Value" : 50.520000
    }
  ]
}