{
  "Color": "rgb(244, 55, 244)", 
  "Point": [
    {
      "Date": 20210726, 
      "Value" : 38.099998
    },
    {
      "Date": 20240208, 
      "Value" : 10.220000
    }
  ]
}