{
  "Color": "rgb(244, 55, 244)", 
  "Point": [
    {
      "Date": 20210106, 
      "Value" : 110.930000
    },
    {
      "Date": 20220427, 
      "Value" : 32.320000
    }
  ]
}