{
  "Color": "rgb(244, 55, 244)", 
  "Point": [
    {
      "Date": 20210419, 
      "Value" : 147.330002
    },
    {
      "Date": 20240208, 
      "Value" : 28.570000
    },
    {
      "Date": 20240716, 
      "Value" : 47.369999
    }
  ]
}