{
  "Color": "rgb(244, 55, 244)", 
  "Point": [
    {
      "Date": 20210427, 
      "Value" : 65.830002
    },
    {
      "Date": 20221012, 
      "Value" : 13.130000
    },
    {
      "Date": 20230419, 
      "Value" : 19.950001
    },
    {
      "Date": 20230628, 
      "Value" : 14.470000
    }
  ]
}