{
  "Color": "rgb(244, 55, 244)", 
  "Point": [
    {
      "Date": 20210311, 
      "Value" : 65.379997
    },
    {
      "Date": 20221011, 
      "Value" : 14.410000
    },
    {
      "Date": 20231206, 
      "Value" : 25.160000
    }
  ]
}