{
  "Color": "rgb(244, 55, 244)", 
  "Point": [
    {
      "Date": 20210513, 
      "Value" : 35.950001
    },
    {
      "Date": 20220316, 
      "Value" : 14.850000
    },
    {
      "Date": 20220715, 
      "Value" : 35.480000
    },
    {
      "Date": 20240208, 
      "Value" : 10.370000
    }
  ]
}