{
  "Color": "rgb(244, 55, 244)", 
  "Point": [
    {
      "Date": 20210408, 
      "Value" : 24.350000
    },
    {
      "Date": 20240208, 
      "Value" : 3.690000
    },
    {
      "Date": 20241008, 
      "Value" : 7.420000
    }
  ]
}