{
  "Color": "rgb(244, 55, 244)", 
  "Point": [
    {
      "Date": 20210201, 
      "Value" : 55.290001
    },
    {
      "Date": 20220316, 
      "Value" : 20.700001
    },
    {
      "Date": 20230420, 
      "Value" : 45.080002
    }
  ]
}