{
  "Color": "rgb(244, 55, 244)", 
  "Point": [
    {
      "Date": 20210330, 
      "Value" : 53.799999
    },
    {
      "Date": 20240208, 
      "Value" : 9.400000
    }
  ]
}