{
  "Color": "rgb(244, 55, 244)", 
  "Point": [
    {
      "Date": 20201105, 
      "Value" : 61.049999
    },
    {
      "Date": 20240208, 
      "Value" : 9.540000
    }
  ]
}