{
  "Color": "rgb(244, 55, 244)", 
  "Point": [
    {
      "Date": 20210326, 
      "Value" : 40.360001
    },
    {
      "Date": 20240208, 
      "Value" : 5.780000
    },
    {
      "Date": 20240603, 
      "Value" : 29.980000
    }
  ]
}