{
  "Color": "rgb(244, 55, 244)", 
  "Point": [
    {
      "Date": 20210322, 
      "Value" : 127.800003
    },
    {
      "Date": 20221011, 
      "Value" : 25.180000
    },
    {
      "Date": 20230328, 
      "Value" : 45.889999
    },
    {
      "Date": 20240208, 
      "Value" : 18.770000
    }
  ]
}