{
  "Color": "rgb(244, 55, 244)", 
  "Point": [
    {
      "Date": 20210413, 
      "Value" : 35.299999
    },
    {
      "Date": 20240208, 
      "Value" : 6.620000
    },
    {
      "Date": 20250409, 
      "Value" : 27.469999
    }
  ]
}