{
  "Color": "rgb(244, 55, 244)", 
  "Point": [
    {
      "Date": 20211201, 
      "Value" : 47.310001
    },
    {
      "Date": 20240208, 
      "Value" : 6.780000
    },
    {
      "Date": 20250512, 
      "Value" : 19.420000
    }
  ]
}