{
  "Color": "rgb(244, 55, 244)", 
  "Point": [
    {
      "Date": 20201209, 
      "Value" : 25.080000
    },
    {
      "Date": 20220427, 
      "Value" : 8.810000
    },
    {
      "Date": 20230705, 
      "Value" : 53.680000
    },
    {
      "Date": 20240206, 
      "Value" : 17.360001
    }
  ]
}