{
  "Color": "rgb(244, 55, 244)", 
  "Point": [
    {
      "Date": 20210311, 
      "Value" : 65.419998
    },
    {
      "Date": 20221011, 
      "Value" : 14.450000
    },
    {
      "Date": 20230627, 
      "Value" : 22.900000
    }
  ]
}