{
  "Color": "rgb(244, 55, 244)", 
  "Point": [
    {
      "Date": 20210702, 
      "Value" : 114.199997
    },
    {
      "Date": 20221031, 
      "Value" : 39.000000
    }
  ]
}