{
  "Color": "rgb(244, 55, 244)", 
  "Point": [
    {
      "Date": 20201029, 
      "Value" : 49.650002
    },
    {
      "Date": 20240208, 
      "Value" : 4.880000
    },
    {
      "Date": 20241216, 
      "Value" : 16.420000
    }
  ]
}