{
  "Color": "rgb(244, 55, 244)", 
  "Point": [
    {
      "Date": 20210412, 
      "Value" : 49.340000
    },
    {
      "Date": 20221011, 
      "Value" : 15.130000
    },
    {
      "Date": 20230424, 
      "Value" : 28.299999
    },
    {
      "Date": 20240206, 
      "Value" : 9.070000
    }
  ]
}