{
  "Color": "rgb(244, 55, 244)", 
  "Point": [
    {
      "Date": 20210728, 
      "Value" : 25.160000
    },
    {
      "Date": 20211220, 
      "Value" : 61.490002
    },
    {
      "Date": 20221028, 
      "Value" : 20.850000
    },
    {
      "Date": 20230627, 
      "Value" : 32.000000
    }
  ]
}