{
  "Color": "rgb(244, 55, 244)", 
  "Point": [
    {
      "Date": 20210419, 
      "Value" : 147.559998
    },
    {
      "Date": 20240208, 
      "Value" : 28.799999
    }
  ]
}