{
  "Color": "rgb(244, 55, 244)", 
  "Point": [
    {
      "Date": 20201105, 
      "Value" : 61.049999
    },
    {
      "Date": 20220427, 
      "Value" : 14.240000
    }
  ]
}