{
  "Color": "rgb(244, 55, 244)", 
  "Point": [
    {
      "Date": 20210507, 
      "Value" : 36.139999
    },
    {
      "Date": 20221011, 
      "Value" : 10.980000
    },
    {
      "Date": 20230727, 
      "Value" : 31.549999
    }
  ]
}