{
  "Color": "rgb(244, 55, 244)", 
  "Point": [
    {
      "Date": 20210728, 
      "Value" : 25.160000
    },
    {
      "Date": 20211220, 
      "Value" : 61.490002
    },
    {
      "Date": 20240208, 
      "Value" : 20.309999
    }
  ]
}