{
  "Color": "rgb(244, 55, 244)", 
  "Point": [
    {
      "Date": 20210106, 
      "Value" : 110.930000
    },
    {
      "Date": 20210830, 
      "Value" : 34.619999
    },
    {
      "Date": 20220118, 
      "Value" : 76.599998
    },
    {
      "Date": 20240208, 
      "Value" : 22.290001
    }
  ]
}