{
  "Color": "rgb(244, 55, 244)", 
  "Point": [
    {
      "Date": 20201029, 
      "Value" : 49.799999
    },
    {
      "Date": 20240208, 
      "Value" : 5.030000
    }
  ]
}