{
  "Color": "rgb(244, 55, 244)", 
  "Point": [
    {
      "Date": 20210304, 
      "Value" : 56.950001
    },
    {
      "Date": 20220427, 
      "Value" : 13.090000
    },
    {
      "Date": 20220831, 
      "Value" : 26.170000
    }
  ]
}