{
  "Color": "rgb(244, 55, 244)", 
  "Point": [
    {
      "Date": 20201126, 
      "Value" : 125.250000
    },
    {
      "Date": 20220428, 
      "Value" : 28.719999
    },
    {
      "Date": 20230614, 
      "Value" : 50.840000
    }
  ]
}