{
  "Color": "rgb(244, 55, 244)", 
  "Point": [
    {
      "Date": 20210122, 
      "Value" : 36.740002
    },
    {
      "Date": 20240208, 
      "Value" : 5.920000
    },
    {
      "Date": 20241023, 
      "Value" : 15.700000
    }
  ]
}