{
  "Color": "rgb(244, 55, 244)", 
  "Point": [
    {
      "Date": 20210324, 
      "Value" : 72.510002
    },
    {
      "Date": 20220926, 
      "Value" : 15.940000
    },
    {
      "Date": 20230221, 
      "Value" : 30.080000
    },
    {
      "Date": 20240208, 
      "Value" : 9.670000
    }
  ]
}