{
  "Color": "rgb(244, 55, 244)", 
  "Point": [
    {
      "Date": 20210421, 
      "Value" : 43.650002
    },
    {
      "Date": 20220428, 
      "Value" : 15.250000
    }
  ]
}