{
  "Color": "rgb(244, 55, 244)", 
  "Point": [
    {
      "Date": 20210120, 
      "Value" : 33.209999
    },
    {
      "Date": 20230627, 
      "Value" : 10.740000
    }
  ]
}