{
  "Color": "rgb(244, 55, 244)", 
  "Point": [
    {
      "Date": 20201015, 
      "Value" : 39.020000
    },
    {
      "Date": 20210111, 
      "Value" : 145.130005
    },
    {
      "Date": 20240918, 
      "Value" : 24.469999
    }
  ]
}