{
  "Color": "rgb(244, 55, 244)", 
  "Point": [
    {
      "Date": 20210421, 
      "Value" : 21.559999
    },
    {
      "Date": 20240206, 
      "Value" : 4.840000
    }
  ]
}