{
  "Color": "rgb(244, 55, 244)", 
  "Point": [
    {
      "Date": 20210412, 
      "Value" : 39.810001
    },
    {
      "Date": 20240206, 
      "Value" : 9.890000
    }
  ]
}