{
  "Color": "rgb(244, 55, 244)", 
  "Point": [
    {
      "Date": 20210408, 
      "Value" : 53.790001
    },
    {
      "Date": 20240208, 
      "Value" : 5.650000
    },
    {
      "Date": 20250321, 
      "Value" : 24.969999
    }
  ]
}