{
  "Color": "rgb(244, 55, 244)", 
  "Point": [
    {
      "Date": 20211201, 
      "Value" : 47.680000
    },
    {
      "Date": 20230829, 
      "Value" : 13.530000
    }
  ]
}