{
  "Color": "rgb(244, 55, 244)", 
  "Point": [
    {
      "Date": 20201105, 
      "Value" : 77.500000
    },
    {
      "Date": 20240206, 
      "Value" : 13.020000
    }
  ]
}