{
  "Color": "rgb(244, 55, 244)", 
  "Point": [
    {
      "Date": 20210201, 
      "Value" : 96.199997
    },
    {
      "Date": 20220316, 
      "Value" : 25.070000
    },
    {
      "Date": 20230712, 
      "Value" : 50.500000
    }
  ]
}