{
  "Color": "rgb(244, 55, 244)", 
  "Point": [
    {
      "Date": 20210428, 
      "Value" : 26.670000
    },
    {
      "Date": 20211115, 
      "Value" : 72.540001
    },
    {
      "Date": 20240206, 
      "Value" : 16.320000
    }
  ]
}