{
  "Color": "rgb(244, 55, 244)", 
  "Point": [
    {
      "Date": 20210513, 
      "Value" : 36.119999
    },
    {
      "Date": 20220316, 
      "Value" : 15.020000
    },
    {
      "Date": 20220715, 
      "Value" : 35.639999
    },
    {
      "Date": 20230828, 
      "Value" : 18.260000
    }
  ]
}