{
  "Color": "rgb(244, 55, 244)", 
  "Point": [
    {
      "Date": 20210728, 
      "Value" : 22.190001
    },
    {
      "Date": 20211115, 
      "Value" : 53.459999
    },
    {
      "Date": 20240206, 
      "Value" : 12.010000
    },
    {
      "Date": 20240528, 
      "Value" : 26.430000
    }
  ]
}