{
  "Color": "rgb(244, 55, 244)", 
  "Point": [
    {
      "Date": 20210226, 
      "Value" : 110.260002
    },
    {
      "Date": 20220415, 
      "Value" : 37.759998
    },
    {
      "Date": 20230224, 
      "Value" : 59.340000
    },
    {
      "Date": 20230829, 
      "Value" : 42.549999
    }
  ]
}