{
  "Color": "rgb(244, 55, 244)", 
  "Point": [
    {
      "Date": 20201119, 
      "Value" : 69.879997
    },
    {
      "Date": 20220427, 
      "Value" : 15.700000
    }
  ]
}