{
  "Color": "rgb(244, 55, 244)", 
  "Point": [
    {
      "Date": 20210421, 
      "Value" : 21.549999
    },
    {
      "Date": 20240206, 
      "Value" : 4.830000
    },
    {
      "Date": 20241030, 
      "Value" : 16.180000
    },
    {
      "Date": 20250411, 
      "Value" : 9.440000
    }
  ]
}