{
  "Color": "rgb(244, 55, 244)", 
  "Point": [
    {
      "Date": 20210602, 
      "Value" : 32.070000
    },
    {
      "Date": 20221025, 
      "Value" : 8.890000
    },
    {
      "Date": 20241202, 
      "Value" : 21.790001
    }
  ]
}