{
  "Color": "rgb(244, 55, 244)", 
  "Point": [
    {
      "Date": 20210728, 
      "Value" : 32.090000
    },
    {
      "Date": 20211101, 
      "Value" : 174.479996
    }
  ]
}