{
  "Color": "rgb(244, 55, 244)", 
  "Point": [
    {
      "Date": 20210525, 
      "Value" : 49.860001
    },
    {
      "Date": 20220427, 
      "Value" : 17.150000
    },
    {
      "Date": 20220928, 
      "Value" : 27.389999
    },
    {
      "Date": 20240206, 
      "Value" : 10.630000
    }
  ]
}