{
  "Color": "rgb(244, 55, 244)", 
  "Point": [
    {
      "Date": 20201105, 
      "Value" : 77.000000
    },
    {
      "Date": 20240206, 
      "Value" : 12.520000
    }
  ]
}