{
  "Color": "rgb(244, 55, 244)", 
  "Point": [
    {
      "Date": 20201029, 
      "Value" : 49.799999
    },
    {
      "Date": 20220428, 
      "Value" : 8.010000
    },
    {
      "Date": 20230621, 
      "Value" : 17.139999
    }
  ]
}