{
  "Color": "rgb(244, 55, 244)", 
  "Point": [
    {
      "Date": 20210218, 
      "Value" : 42.570000
    },
    {
      "Date": 20240208, 
      "Value" : 6.560000
    }
  ]
}