{
  "Color": "rgb(244, 55, 244)", 
  "Point": [
    {
      "Date": 20210218, 
      "Value" : 42.689999
    },
    {
      "Date": 20221031, 
      "Value" : 11.700000
    },
    {
      "Date": 20230721, 
      "Value" : 17.549999
    }
  ]
}