{
  "Color": "rgb(244, 55, 244)", 
  "Point": [
    {
      "Date": 20210107, 
      "Value" : 21.070000
    },
    {
      "Date": 20220411, 
      "Value" : 9.240000
    },
    {
      "Date": 20231013, 
      "Value" : 34.549999
    }
  ]
}