{
  "Color": "rgb(244, 55, 244)", 
  "Point": [
    {
      "Date": 20201230, 
      "Value" : 29.530001
    },
    {
      "Date": 20210608, 
      "Value" : 63.689999
    },
    {
      "Date": 20220427, 
      "Value" : 18.719999
    }
  ]
}