{
  "Color": "rgb(244, 55, 244)", 
  "Point": [
    {
      "Date": 20210601, 
      "Value" : 54.259998
    },
    {
      "Date": 20240208, 
      "Value" : 8.680000
    },
    {
      "Date": 20250423, 
      "Value" : 37.939999
    }
  ]
}