{
  "Color": "rgb(244, 55, 244)", 
  "Point": [
    {
      "Date": 20210326, 
      "Value" : 33.549999
    },
    {
      "Date": 20240208, 
      "Value" : 4.730000
    },
    {
      "Date": 20240603, 
      "Value" : 24.900000
    }
  ]
}