{
  "Color": "rgb(244, 55, 244)", 
  "Point": [
    {
      "Date": 20210708, 
      "Value" : 287.950012
    },
    {
      "Date": 20230609, 
      "Value" : 85.470001
    }
  ]
}