{
  "Color": "rgb(244, 55, 244)", 
  "Point": [
    {
      "Date": 20210409, 
      "Value" : 79.830002
    },
    {
      "Date": 20240208, 
      "Value" : 12.010000
    }
  ]
}