{
  "Color": "rgb(244, 55, 244)", 
  "Point": [
    {
      "Date": 20210419, 
      "Value" : 28.780001
    },
    {
      "Date": 20221011, 
      "Value" : 10.190000
    },
    {
      "Date": 20230522, 
      "Value" : 47.529999
    }
  ]
}