{
  "Color": "rgb(244, 55, 244)", 
  "Point": [
    {
      "Date": 20210409, 
      "Value" : 30.570000
    },
    {
      "Date": 20240206, 
      "Value" : 6.800000
    }
  ]
}