{
  "Color": "rgb(244, 55, 244)", 
  "Point": [
    {
      "Date": 20210512, 
      "Value" : 56.430000
    },
    {
      "Date": 20240208, 
      "Value" : 9.780000
    },
    {
      "Date": 20241030, 
      "Value" : 19.360001
    },
    {
      "Date": 20250409, 
      "Value" : 12.330000
    }
  ]
}