{
  "Color": "rgb(244, 55, 244)", 
  "Point": [
    {
      "Date": 20201230, 
      "Value" : 27.180000
    },
    {
      "Date": 20221011, 
      "Value" : 9.100000
    },
    {
      "Date": 20230417, 
      "Value" : 18.950001
    }
  ]
}