{
  "Color": "rgb(244, 55, 244)", 
  "Point": [
    {
      "Date": 20210122, 
      "Value" : 47.980000
    },
    {
      "Date": 20220427, 
      "Value" : 12.880000
    }
  ]
}