{
  "Color": "rgb(244, 55, 244)", 
  "Point": [
    {
      "Date": 20201229, 
      "Value" : 27.879999
    },
    {
      "Date": 20211228, 
      "Value" : 64.949997
    },
    {
      "Date": 20240206, 
      "Value" : 15.870000
    },
    {
      "Date": 20250513, 
      "Value" : 56.599998
    }
  ]
}