{
  "Color": "rgb(244, 55, 244)", 
  "Point": [
    {
      "Date": 20210202, 
      "Value" : 19.490000
    },
    {
      "Date": 20240208, 
      "Value" : 4.870000
    },
    {
      "Date": 20241231, 
      "Value" : 9.450000
    }
  ]
}