{
  "Color": "rgb(244, 55, 244)", 
  "Point": [
    {
      "Date": 20210409, 
      "Value" : 21.780001
    },
    {
      "Date": 20240206, 
      "Value" : 4.800000
    }
  ]
}