{
  "Color": "rgb(244, 55, 244)", 
  "Point": [
    {
      "Date": 20210426, 
      "Value" : 31.150000
    },
    {
      "Date": 20220427, 
      "Value" : 9.410000
    },
    {
      "Date": 20220801, 
      "Value" : 21.750000
    },
    {
      "Date": 20240208, 
      "Value" : 7.940000
    }
  ]
}