{
  "Color": "rgb(244, 55, 244)", 
  "Point": [
    {
      "Date": 20201222, 
      "Value" : 19.280001
    },
    {
      "Date": 20220427, 
      "Value" : 6.900000
    },
    {
      "Date": 20230801, 
      "Value" : 14.280000
    },
    {
      "Date": 20240918, 
      "Value" : 6.970000
    }
  ]
}