{
  "Color": "rgb(244, 55, 244)", 
  "Point": [
    {
      "Date": 20210528, 
      "Value" : 174.009995
    },
    {
      "Date": 20240828, 
      "Value" : 22.080000
    },
    {
      "Date": 20250417, 
      "Value" : 48.980000
    }
  ]
}