{
  "Color": "rgb(244, 55, 244)", 
  "Point": [
    {
      "Date": 20201109, 
      "Value" : 45.470001
    },
    {
      "Date": 20230515, 
      "Value" : 8.550000
    }
  ]
}