{
  "Color": "rgb(244, 55, 244)", 
  "Point": [
    {
      "Date": 20220316, 
      "Value" : 16.280001
    },
    {
      "Date": 20221130, 
      "Value" : 34.299999
    }
  ]
}