{
  "Color": "rgb(244, 55, 244)", 
  "Point": [
    {
      "Date": 20210209, 
      "Value" : 60.810001
    },
    {
      "Date": 20220427, 
      "Value" : 16.440001
    },
    {
      "Date": 20230324, 
      "Value" : 25.750000
    }
  ]
}