{
  "Color": "rgb(244, 55, 244)", 
  "Point": [
    {
      "Date": 20201230, 
      "Value" : 28.230000
    },
    {
      "Date": 20210608, 
      "Value" : 62.389999
    },
    {
      "Date": 20220427, 
      "Value" : 17.420000
    }
  ]
}