{
  "Color": "rgb(244, 55, 244)", 
  "Point": [
    {
      "Date": 20210324, 
      "Value" : 72.860001
    },
    {
      "Date": 20220926, 
      "Value" : 16.290001
    },
    {
      "Date": 20230221, 
      "Value" : 30.430000
    }
  ]
}