{
  "Color": "rgb(244, 55, 244)", 
  "Point": [
    {
      "Date": 20201015, 
      "Value" : 39.130001
    },
    {
      "Date": 20210111, 
      "Value" : 145.240005
    },
    {
      "Date": 20240716, 
      "Value" : 25.620001
    }
  ]
}