{
  "Color": "rgb(244, 55, 244)", 
  "Point": [
    {
      "Date": 20210730, 
      "Value" : 31.250000
    },
    {
      "Date": 20210830, 
      "Value" : 54.110001
    },
    {
      "Date": 20221229, 
      "Value" : 19.250000
    }
  ]
}