{
  "Color": "rgb(244, 55, 244)", 
  "Point": [
    {
      "Date": 20210512, 
      "Value" : 56.599998
    },
    {
      "Date": 20221031, 
      "Value" : 12.980000
    },
    {
      "Date": 20230504, 
      "Value" : 28.440001
    },
    {
      "Date": 20231023, 
      "Value" : 14.980000
    }
  ]
}