{
  "Color": "rgb(244, 55, 244)", 
  "Point": [
    {
      "Date": 20210329, 
      "Value" : 61.990002
    },
    {
      "Date": 20221011, 
      "Value" : 16.250000
    },
    {
      "Date": 20230829, 
      "Value" : 28.540001
    },
    {
      "Date": 20240918, 
      "Value" : 9.470000
    }
  ]
}