{
  "Color": "rgb(244, 55, 244)", 
  "Point": [
    {
      "Date": 20210129, 
      "Value" : 149.600006
    },
    {
      "Date": 20240208, 
      "Value" : 18.000000
    }
  ]
}