{
  "Color": "rgb(244, 55, 244)", 
  "Point": [
    {
      "Date": 20210525, 
      "Value" : 49.779999
    },
    {
      "Date": 20220427, 
      "Value" : 17.070000
    },
    {
      "Date": 20220928, 
      "Value" : 27.309999
    },
    {
      "Date": 20240206, 
      "Value" : 10.560000
    }
  ]
}