{
  "Color": "rgb(244, 55, 244)", 
  "Point": [
    {
      "Date": 20201119, 
      "Value" : 69.379997
    },
    {
      "Date": 20240208, 
      "Value" : 10.550000
    },
    {
      "Date": 20240523, 
      "Value" : 20.170000
    }
  ]
}