{
  "Color": "rgb(244, 55, 244)", 
  "Point": [
    {
      "Date": 20210412, 
      "Value" : 49.540001
    },
    {
      "Date": 20221011, 
      "Value" : 15.330000
    },
    {
      "Date": 20230424, 
      "Value" : 28.500000
    }
  ]
}