{
  "Color": "rgb(244, 55, 244)", 
  "Point": [
    {
      "Date": 20210315, 
      "Value" : 20.270000
    },
    {
      "Date": 20210824, 
      "Value" : 44.259998
    },
    {
      "Date": 20221223, 
      "Value" : 13.180000
    },
    {
      "Date": 20230518, 
      "Value" : 22.120001
    }
  ]
}