{
  "Color": "rgb(244, 55, 244)", 
  "Point": [
    {
      "Date": 20201202, 
      "Value" : 54.560001
    },
    {
      "Date": 20210728, 
      "Value" : 24.420000
    },
    {
      "Date": 20211126, 
      "Value" : 33.310001
    },
    {
      "Date": 20220427, 
      "Value" : 15.030000
    }
  ]
}