{
  "Color": "rgb(244, 55, 244)", 
  "Point": [
    {
      "Date": 20210226, 
      "Value" : 143.000000
    },
    {
      "Date": 20221028, 
      "Value" : 28.510000
    },
    {
      "Date": 20230516, 
      "Value" : 48.599998
    }
  ]
}