{
  "Color": "rgb(244, 55, 244)", 
  "Point": [
    {
      "Date": 20210210, 
      "Value" : 22.959999
    },
    {
      "Date": 20211118, 
      "Value" : 40.200001
    },
    {
      "Date": 20220426, 
      "Value" : 19.370001
    }
  ]
}