{
  "Color": "rgb(244, 55, 244)", 
  "Point": [
    {
      "Date": 20210420, 
      "Value" : 102.010002
    },
    {
      "Date": 20221031, 
      "Value" : 27.450001
    },
    {
      "Date": 20230726, 
      "Value" : 41.090000
    },
    {
      "Date": 20231023, 
      "Value" : 27.799999
    }
  ]
}