{
  "Color": "rgb(244, 55, 244)", 
  "Point": [
    {
      "Date": 20210728, 
      "Value" : 22.350000
    },
    {
      "Date": 20211101, 
      "Value" : 124.059998
    }
  ]
}