{
  "Color": "rgb(244, 55, 244)", 
  "Point": [
    {
      "Date": 20210805, 
      "Value" : 74.699997
    },
    {
      "Date": 20221011, 
      "Value" : 23.530001
    },
    {
      "Date": 20230629, 
      "Value" : 65.269997
    }
  ]
}