{
  "Color": "rgb(244, 55, 244)", 
  "Point": [
    {
      "Date": 20210330, 
      "Value" : 38.040001
    },
    {
      "Date": 20240208, 
      "Value" : 6.320000
    },
    {
      "Date": 20250512, 
      "Value" : 23.980000
    }
  ]
}