{
  "Color": "rgb(244, 55, 244)", 
  "Point": [
    {
      "Date": 20210602, 
      "Value" : 32.709999
    },
    {
      "Date": 20221025, 
      "Value" : 9.530000
    },
    {
      "Date": 20230504, 
      "Value" : 16.330000
    },
    {
      "Date": 20240206, 
      "Value" : 10.210000
    }
  ]
}