{
  "Color": "rgb(244, 55, 244)", 
  "Point": [
    {
      "Date": 20201118, 
      "Value" : 62.779999
    },
    {
      "Date": 20220427, 
      "Value" : 20.850000
    },
    {
      "Date": 20230302, 
      "Value" : 38.209999
    },
    {
      "Date": 20240208, 
      "Value" : 14.410000
    }
  ]
}