{
  "Color": "rgb(244, 55, 244)", 
  "Point": [
    {
      "Date": 20201224, 
      "Value" : 59.340000
    },
    {
      "Date": 20221011, 
      "Value" : 18.190001
    },
    {
      "Date": 20230711, 
      "Value" : 27.660000
    },
    {
      "Date": 20240207, 
      "Value" : 11.410000
    }
  ]
}