{
  "Color": "rgb(244, 55, 244)", 
  "Point": [
    {
      "Date": 20210209, 
      "Value" : 52.480000
    },
    {
      "Date": 20210305, 
      "Value" : 22.320000
    },
    {
      "Date": 20220114, 
      "Value" : 43.330002
    },
    {
      "Date": 20240208, 
      "Value" : 5.250000
    }
  ]
}