{
  "Color": "rgb(244, 55, 244)", 
  "Point": [
    {
      "Date": 20201029, 
      "Value" : 49.290001
    },
    {
      "Date": 20240206, 
      "Value" : 13.710000
    }
  ]
}