{
  "Color": "rgb(244, 55, 244)", 
  "Point": [
    {
      "Date": 20210201, 
      "Value" : 37.900002
    },
    {
      "Date": 20220316, 
      "Value" : 14.050000
    },
    {
      "Date": 20250312, 
      "Value" : 50.599998
    }
  ]
}