{
  "Color": "rgb(244, 55, 244)", 
  "Point": [
    {
      "Date": 20210329, 
      "Value" : 62.110001
    },
    {
      "Date": 20221011, 
      "Value" : 16.370001
    },
    {
      "Date": 20230829, 
      "Value" : 28.660000
    }
  ]
}