{
  "Color": "rgb(244, 55, 244)", 
  "Point": [
    {
      "Date": 20210129, 
      "Value" : 149.380005
    },
    {
      "Date": 20240208, 
      "Value" : 17.780001
    },
    {
      "Date": 20241113, 
      "Value" : 37.529999
    },
    {
      "Date": 20250409, 
      "Value" : 20.690001
    }
  ]
}