{
  "Color": "rgb(244, 55, 244)", 
  "Point": [
    {
      "Date": 20210226, 
      "Value" : 110.260002
    },
    {
      "Date": 20220415, 
      "Value" : 37.759998
    },
    {
      "Date": 20231110, 
      "Value" : 71.489998
    }
  ]
}