{
  "Color": "rgb(244, 55, 244)", 
  "Point": [
    {
      "Date": 20210426, 
      "Value" : 30.900000
    },
    {
      "Date": 20220427, 
      "Value" : 9.160000
    },
    {
      "Date": 20220801, 
      "Value" : 21.500000
    },
    {
      "Date": 20240208, 
      "Value" : 7.690000
    }
  ]
}