{
  "Color": "rgb(244, 55, 244)", 
  "Point": [
    {
      "Date": 20210322, 
      "Value" : 128.070007
    },
    {
      "Date": 20221011, 
      "Value" : 25.450001
    },
    {
      "Date": 20230328, 
      "Value" : 46.160000
    }
  ]
}