{
  "Color": "rgb(244, 55, 244)", 
  "Point": [
    {
      "Date": 20210226, 
      "Value" : 110.260002
    },
    {
      "Date": 20240208, 
      "Value" : 26.780001
    }
  ]
}