{
  "Color": "rgb(244, 55, 244)", 
  "Point": [
    {
      "Date": 20210218, 
      "Value" : 42.689999
    },
    {
      "Date": 20240208, 
      "Value" : 6.680000
    }
  ]
}