{
  "Color": "rgb(244, 55, 244)", 
  "Point": [
    {
      "Date": 20210512, 
      "Value" : 56.599998
    },
    {
      "Date": 20240208, 
      "Value" : 9.950000
    }
  ]
}