{
  "Color": "rgb(244, 55, 244)", 
  "Point": [
    {
      "Date": 20210226, 
      "Value" : 45.950001
    },
    {
      "Date": 20211124, 
      "Value" : 152.279999
    },
    {
      "Date": 20240205, 
      "Value" : 26.340000
    }
  ]
}