{
  "Color": "rgb(244, 55, 244)", 
  "Point": [
    {
      "Date": 20210129, 
      "Value" : 87.169998
    },
    {
      "Date": 20220427, 
      "Value" : 20.780001
    },
    {
      "Date": 20231025, 
      "Value" : 52.480000
    }
  ]
}