{
  "Color": "rgb(244, 55, 244)", 
  "Point": [
    {
      "Date": 20220117, 
      "Value" : 45.700001
    },
    {
      "Date": 20240208, 
      "Value" : 10.780000
    }
  ]
}