{
  "Color": "rgb(244, 55, 244)", 
  "Point": [
    {
      "Date": 20210419, 
      "Value" : 147.559998
    },
    {
      "Date": 20220427, 
      "Value" : 38.599998
    }
  ]
}