{
  "Color": "rgb(244, 55, 244)", 
  "Point": [
    {
      "Date": 20201029, 
      "Value" : 49.290001
    },
    {
      "Date": 20240206, 
      "Value" : 13.710000
    },
    {
      "Date": 20241216, 
      "Value" : 26.889999
    },
    {
      "Date": 20250409, 
      "Value" : 14.160000
    }
  ]
}