{
  "Color": "rgb(244, 55, 244)", 
  "Point": [
    {
      "Date": 20210728, 
      "Value" : 22.290001
    },
    {
      "Date": 20211115, 
      "Value" : 53.560001
    },
    {
      "Date": 20220427, 
      "Value" : 21.570000
    },
    {
      "Date": 20230427, 
      "Value" : 37.450001
    }
  ]
}