{
  "Color": "rgb(244, 55, 244)", 
  "Point": [
    {
      "Date": 20210528, 
      "Value" : 174.710007
    },
    {
      "Date": 20220427, 
      "Value" : 60.330002
    },
    {
      "Date": 20230315, 
      "Value" : 110.400002
    }
  ]
}