{
  "Color": "rgb(244, 55, 244)", 
  "Point": [
    {
      "Date": 20210601, 
      "Value" : 54.380001
    },
    {
      "Date": 20220427, 
      "Value" : 16.440001
    },
    {
      "Date": 20230804, 
      "Value" : 28.580000
    }
  ]
}