{
  "Color": "rgb(244, 55, 244)", 
  "Point": [
    {
      "Date": 20201229, 
      "Value" : 37.250000
    },
    {
      "Date": 20211228, 
      "Value" : 85.430000
    },
    {
      "Date": 20221031, 
      "Value" : 34.099998
    }
  ]
}