{
  "Color": "rgb(244, 55, 244)", 
  "Point": [
    {
      "Date": 20210120, 
      "Value" : 134.570007
    },
    {
      "Date": 20221012, 
      "Value" : 24.000000
    },
    {
      "Date": 20230410, 
      "Value" : 38.279999
    },
    {
      "Date": 20231023, 
      "Value" : 26.670000
    }
  ]
}