{
  "Color": "rgb(244, 55, 244)", 
  "Point": [
    {
      "Date": 20201119, 
      "Value" : 68.879997
    },
    {
      "Date": 20240208, 
      "Value" : 10.050000
    },
    {
      "Date": 20241008, 
      "Value" : 24.690001
    }
  ]
}