{
  "Color": "rgb(244, 55, 244)", 
  "Point": [
    {
      "Date": 20210513, 
      "Value" : 36.279999
    },
    {
      "Date": 20220316, 
      "Value" : 15.180000
    },
    {
      "Date": 20220715, 
      "Value" : 35.799999
    },
    {
      "Date": 20230828, 
      "Value" : 18.420000
    }
  ]
}