{
  "Color": "rgb(244, 55, 244)", 
  "Point": [
    {
      "Date": 20210304, 
      "Value" : 56.950001
    },
    {
      "Date": 20240208, 
      "Value" : 8.010000
    }
  ]
}