{
  "Color": "rgb(244, 55, 244)", 
  "Point": [
    {
      "Date": 20220117, 
      "Value" : 32.540001
    },
    {
      "Date": 20240208, 
      "Value" : 7.590000
    },
    {
      "Date": 20250513, 
      "Value" : 65.959999
    }
  ]
}