{
  "Color": "rgb(244, 55, 244)", 
  "Point": [
    {
      "Date": 20210728, 
      "Value" : 22.290001
    },
    {
      "Date": 20211115, 
      "Value" : 53.560001
    },
    {
      "Date": 20231023, 
      "Value" : 21.400000
    }
  ]
}