{
  "Color": "rgb(244, 55, 244)", 
  "Point": [
    {
      "Date": 20210226, 
      "Value" : 78.040001
    },
    {
      "Date": 20240208, 
      "Value" : 18.410000
    },
    {
      "Date": 20241008, 
      "Value" : 37.000000
    },
    {
      "Date": 20250409, 
      "Value" : 23.500000
    }
  ]
}