{
  "Color": "rgb(244, 55, 244)", 
  "Point": [
    {
      "Date": 20210603, 
      "Value" : 34.849998
    },
    {
      "Date": 20220428, 
      "Value" : 13.720000
    },
    {
      "Date": 20230314, 
      "Value" : 42.459999
    },
    {
      "Date": 20240208, 
      "Value" : 10.630000
    }
  ]
}