{
  "Color": "rgb(244, 55, 244)", 
  "Point": [
    {
      "Date": 20201118, 
      "Value" : 62.930000
    },
    {
      "Date": 20220427, 
      "Value" : 21.000000
    },
    {
      "Date": 20230302, 
      "Value" : 38.360001
    },
    {
      "Date": 20230825, 
      "Value" : 21.660000
    }
  ]
}