{
  "Color": "rgb(244, 55, 244)", 
  "Point": [
    {
      "Date": 20210603, 
      "Value" : 34.950001
    },
    {
      "Date": 20220428, 
      "Value" : 13.820000
    },
    {
      "Date": 20230314, 
      "Value" : 42.560001
    },
    {
      "Date": 20240208, 
      "Value" : 10.730000
    }
  ]
}