{
  "Color": "rgb(244, 55, 244)", 
  "Point": [
    {
      "Date": 20210402, 
      "Value" : 136.389999
    },
    {
      "Date": 20240208, 
      "Value" : 21.559999
    }
  ]
}