{
  "Color": "rgb(244, 55, 244)", 
  "Point": [
    {
      "Date": 20201105, 
      "Value" : 77.500000
    },
    {
      "Date": 20221011, 
      "Value" : 19.830000
    },
    {
      "Date": 20230927, 
      "Value" : 26.480000
    }
  ]
}