{
  "Color": "rgb(244, 55, 244)", 
  "Point": [
    {
      "Date": 20210708, 
      "Value" : 287.350006
    },
    {
      "Date": 20240923, 
      "Value" : 39.299999
    }
  ]
}