{
  "Color": "rgb(244, 55, 244)", 
  "Point": [
    {
      "Date": 20210402, 
      "Value" : 136.419998
    },
    {
      "Date": 20221012, 
      "Value" : 36.830002
    },
    {
      "Date": 20231011, 
      "Value" : 70.769997
    }
  ]
}