{
  "Color": "rgb(244, 55, 244)", 
  "Point": [
    {
      "Date": 20210330, 
      "Value" : 54.400002
    },
    {
      "Date": 20220426, 
      "Value" : 15.180000
    },
    {
      "Date": 20230712, 
      "Value" : 23.330000
    }
  ]
}