{
  "Color": "rgb(244, 55, 244)", 
  "Point": [
    {
      "Date": 20210202, 
      "Value" : 19.530001
    },
    {
      "Date": 20220427, 
      "Value" : 6.280000
    },
    {
      "Date": 20231106, 
      "Value" : 10.500000
    }
  ]
}