{
  "Color": "rgb(244, 55, 244)", 
  "Point": [
    {
      "Date": 20210308, 
      "Value" : 52.790001
    },
    {
      "Date": 20240208, 
      "Value" : 9.810000
    }
  ]
}