{
  "Color": "rgb(244, 55, 244)", 
  "Point": [
    {
      "Date": 20201202, 
      "Value" : 54.259998
    },
    {
      "Date": 20210728, 
      "Value" : 24.120001
    },
    {
      "Date": 20211126, 
      "Value" : 33.009998
    },
    {
      "Date": 20220427, 
      "Value" : 14.730000
    }
  ]
}