{
  "Color": "rgb(244, 55, 244)", 
  "Point": [
    {
      "Date": 20210419, 
      "Value" : 147.330002
    },
    {
      "Date": 20240208, 
      "Value" : 28.570000
    },
    {
      "Date": 20241009, 
      "Value" : 66.589996
    }
  ]
}