{
  "Color": "rgb(244, 55, 244)", 
  "Point": [
    {
      "Date": 20210412, 
      "Value" : 40.099998
    },
    {
      "Date": 20220427, 
      "Value" : 11.500000
    }
  ]
}