{
  "Color": "rgb(244, 55, 244)", 
  "Point": [
    {
      "Date": 20210204, 
      "Value" : 79.849998
    },
    {
      "Date": 20220316, 
      "Value" : 16.160000
    }
  ]
}