{
  "Color": "rgb(244, 55, 244)", 
  "Point": [
    {
      "Date": 20210528, 
      "Value" : 174.210007
    },
    {
      "Date": 20240709, 
      "Value" : 24.570000
    }
  ]
}