{
  "Color": "rgb(244, 55, 244)", 
  "Point": [
    {
      "Date": 20210129, 
      "Value" : 87.870003
    },
    {
      "Date": 20220427, 
      "Value" : 21.480000
    },
    {
      "Date": 20230713, 
      "Value" : 47.000000
    }
  ]
}