{
  "Color": "rgb(244, 55, 244)", 
  "Point": [
    {
      "Date": 20201222, 
      "Value" : 19.450001
    },
    {
      "Date": 20220427, 
      "Value" : 7.070000
    },
    {
      "Date": 20230512, 
      "Value" : 14.240000
    }
  ]
}