{
  "Color": "rgb(244, 55, 244)", 
  "Point": [
    {
      "Date": 20210107, 
      "Value" : 14.430000
    },
    {
      "Date": 20220411, 
      "Value" : 6.270000
    },
    {
      "Date": 20231013, 
      "Value" : 23.719999
    }
  ]
}