{
  "Color": "rgb(244, 55, 244)", 
  "Point": [
    {
      "Date": 20210514, 
      "Value" : 59.630001
    },
    {
      "Date": 20211213, 
      "Value" : 167.919998
    },
    {
      "Date": 20240206, 
      "Value" : 29.830000
    }
  ]
}