{
  "Color": "rgb(244, 55, 244)", 
  "Point": [
    {
      "Date": 20210708, 
      "Value" : 287.950012
    },
    {
      "Date": 20231221, 
      "Value" : 63.860001
    }
  ]
}