{
  "Color": "rgb(244, 55, 244)", 
  "Point": [
    {
      "Date": 20210326, 
      "Value" : 48.480000
    },
    {
      "Date": 20240208, 
      "Value" : 6.980000
    }
  ]
}