{
  "Color": "rgb(244, 55, 244)", 
  "Point": [
    {
      "Date": 20210226, 
      "Value" : 143.000000
    },
    {
      "Date": 20240208, 
      "Value" : 22.500000
    }
  ]
}