{
  "Color": "rgb(244, 55, 244)", 
  "Point": [
    {
      "Date": 20210528, 
      "Value" : 174.710007
    },
    {
      "Date": 20240206, 
      "Value" : 27.139999
    }
  ]
}