{
  "Color": "rgb(244, 55, 244)", 
  "Point": [
    {
      "Date": 20210225, 
      "Value" : 47.639999
    },
    {
      "Date": 20221011, 
      "Value" : 12.090000
    },
    {
      "Date": 20230829, 
      "Value" : 22.799999
    }
  ]
}