{
  "Color": "rgb(244, 55, 244)", 
  "Point": [
    {
      "Date": 20201126, 
      "Value" : 85.099998
    },
    {
      "Date": 20220428, 
      "Value" : 18.990000
    },
    {
      "Date": 20240522, 
      "Value" : 34.279999
    }
  ]
}