{
  "Color": "rgb(244, 55, 244)", 
  "Point": [
    {
      "Date": 20210107, 
      "Value" : 14.280000
    },
    {
      "Date": 20220411, 
      "Value" : 6.120000
    },
    {
      "Date": 20250324, 
      "Value" : 32.009998
    }
  ]
}