{
  "Color": "rgb(244, 55, 244)", 
  "Point": [
    {
      "Date": 20210528, 
      "Value" : 174.710007
    },
    {
      "Date": 20230823, 
      "Value" : 58.290001
    }
  ]
}