{
  "Color": "rgb(244, 55, 244)", 
  "Point": [
    {
      "Date": 20210421, 
      "Value" : 43.340000
    },
    {
      "Date": 20240206, 
      "Value" : 11.040000
    }
  ]
}