{
  "Color": "rgb(244, 55, 244)", 
  "Point": [
    {
      "Date": 20210723, 
      "Value" : 21.450001
    },
    {
      "Date": 20211122, 
      "Value" : 43.959999
    },
    {
      "Date": 20220427, 
      "Value" : 16.730000
    },
    {
      "Date": 20221024, 
      "Value" : 73.620003
    }
  ]
}