{
  "Color": "rgb(244, 55, 244)", 
  "Point": [
    {
      "Date": 20210413, 
      "Value" : 35.299999
    },
    {
      "Date": 20210727, 
      "Value" : 14.110000
    }
  ]
}