{
  "Color": "rgb(244, 55, 244)", 
  "Point": [
    {
      "Date": 20201109, 
      "Value" : 45.470001
    },
    {
      "Date": 20240207, 
      "Value" : 4.510000
    },
    {
      "Date": 20241008, 
      "Value" : 9.800000
    }
  ]
}