{
  "Color": "rgb(244, 55, 244)", 
  "Point": [
    {
      "Date": 20210708, 
      "Value" : 287.950012
    },
    {
      "Date": 20240205, 
      "Value" : 51.500000
    }
  ]
}