{
  "Color": "rgb(244, 55, 244)", 
  "Point": [
    {
      "Date": 20210408, 
      "Value" : 24.450001
    },
    {
      "Date": 20221011, 
      "Value" : 6.390000
    },
    {
      "Date": 20230728, 
      "Value" : 9.100000
    }
  ]
}