{
  "Color": "rgb(244, 55, 244)", 
  "Point": [
    {
      "Date": 20201119, 
      "Value" : 69.879997
    },
    {
      "Date": 20240208, 
      "Value" : 11.050000
    }
  ]
}