{
  "Color": "rgb(244, 55, 244)", 
  "Point": [
    {
      "Date": 20230809, 
      "Value" : 304.690002
    },
    {
      "Date": 20240206, 
      "Value" : 33.259998
    },
    {
      "Date": 20241122, 
      "Value" : 75.000000
    }
  ]
}