{
  "Color": "rgb(244, 55, 244)", 
  "Point": [
    {
      "Date": 20210226, 
      "Value" : 65.500000
    },
    {
      "Date": 20211124, 
      "Value" : 214.350006
    },
    {
      "Date": 20231016, 
      "Value" : 49.509998
    }
  ]
}