{
  "Color": "rgb(244, 55, 244)", 
  "Point": [
    {
      "Date": 20201029, 
      "Value" : 69.300003
    },
    {
      "Date": 20210716, 
      "Value" : 21.850000
    }
  ]
}