{
  "Color": "rgb(244, 55, 244)", 
  "Point": [
    {
      "Date": 20210129, 
      "Value" : 149.600006
    },
    {
      "Date": 20221011, 
      "Value" : 22.440001
    }
  ]
}