{
  "Color": "rgb(244, 55, 244)", 
  "Point": [
    {
      "Date": 20210702, 
      "Value" : 113.000000
    },
    {
      "Date": 20221031, 
      "Value" : 37.799999
    },
    {
      "Date": 20241008, 
      "Value" : 85.000000
    }
  ]
}