{
  "Color": "rgb(244, 55, 244)", 
  "Point": [
    {
      "Date": 20210409, 
      "Value" : 21.719999
    },
    {
      "Date": 20240206, 
      "Value" : 4.750000
    },
    {
      "Date": 20250428, 
      "Value" : 19.879999
    }
  ]
}