{
  "Color": "rgb(244, 55, 244)", 
  "Point": [
    {
      "Date": 20210408, 
      "Value" : 53.790001
    },
    {
      "Date": 20230510, 
      "Value" : 9.960000
    }
  ]
}