{
  "Color": "rgb(244, 55, 244)", 
  "Point": [
    {
      "Date": 20201029, 
      "Value" : 69.300003
    },
    {
      "Date": 20240206, 
      "Value" : 19.500000
    }
  ]
}