{
  "Color": "rgb(244, 55, 244)", 
  "Point": [
    {
      "Date": 20210210, 
      "Value" : 23.059999
    },
    {
      "Date": 20211118, 
      "Value" : 40.299999
    },
    {
      "Date": 20220426, 
      "Value" : 19.469999
    }
  ]
}