{
  "Color": "rgb(244, 55, 244)", 
  "Point": [
    {
      "Date": 20210726, 
      "Value" : 37.880001
    },
    {
      "Date": 20240208, 
      "Value" : 10.000000
    },
    {
      "Date": 20240701, 
      "Value" : 25.600000
    }
  ]
}