{
  "Color": "rgb(244, 55, 244)", 
  "Point": [
    {
      "Date": 20201202, 
      "Value" : 113.470001
    },
    {
      "Date": 20210315, 
      "Value" : 42.450001
    },
    {
      "Date": 20211203, 
      "Value" : 66.080002
    },
    {
      "Date": 20240206, 
      "Value" : 21.010000
    }
  ]
}