{
  "Color": "rgb(244, 55, 244)", 
  "Point": [
    {
      "Date": 20210311, 
      "Value" : 65.379997
    },
    {
      "Date": 20240208, 
      "Value" : 12.410000
    }
  ]
}