{
  "Color": "rgb(244, 55, 244)", 
  "Point": [
    {
      "Date": 20210420, 
      "Value" : 75.519997
    },
    {
      "Date": 20221031, 
      "Value" : 20.290001
    },
    {
      "Date": 20230726, 
      "Value" : 30.389999
    },
    {
      "Date": 20240709, 
      "Value" : 14.270000
    }
  ]
}