{
  "Color": "rgb(244, 55, 244)", 
  "Point": [
    {
      "Date": 20210830, 
      "Value" : 53.860001
    },
    {
      "Date": 20240208, 
      "Value" : 12.530000
    }
  ]
}