{
  "Color": "rgb(244, 55, 244)", 
  "Point": [
    {
      "Date": 20210402, 
      "Value" : 136.419998
    },
    {
      "Date": 20240208, 
      "Value" : 21.590000
    }
  ]
}