{
  "Color": "rgb(244, 55, 244)", 
  "Point": [
    {
      "Date": 20210520, 
      "Value" : 35.360001
    },
    {
      "Date": 20221011, 
      "Value" : 10.660000
    },
    {
      "Date": 20230718, 
      "Value" : 22.389999
    }
  ]
}