{
  "Color": "rgb(244, 55, 244)", 
  "Point": [
    {
      "Date": 20210408, 
      "Value" : 24.450001
    },
    {
      "Date": 20240208, 
      "Value" : 3.790000
    }
  ]
}