{
  "Color": "rgb(244, 55, 244)", 
  "Point": [
    {
      "Date": 20210805, 
      "Value" : 74.400002
    },
    {
      "Date": 20221011, 
      "Value" : 23.230000
    },
    {
      "Date": 20230629, 
      "Value" : 64.970001
    },
    {
      "Date": 20240208, 
      "Value" : 17.950001
    }
  ]
}