{
  "Color": "rgb(244, 55, 244)", 
  "Point": [
    {
      "Date": 20210428, 
      "Value" : 26.320000
    },
    {
      "Date": 20211115, 
      "Value" : 72.190002
    },
    {
      "Date": 20240918, 
      "Value" : 14.850000
    }
  ]
}