{
  "Color": "rgb(244, 55, 244)", 
  "Point": [
    {
      "Date": 20210308, 
      "Value" : 52.790001
    },
    {
      "Date": 20221031, 
      "Value" : 15.150000
    },
    {
      "Date": 20230918, 
      "Value" : 19.670000
    }
  ]
}