{
  "Color": "rgb(244, 55, 244)", 
  "Point": [
    {
      "Date": 20210208, 
      "Value" : 100.790001
    },
    {
      "Date": 20221011, 
      "Value" : 27.570000
    },
    {
      "Date": 20230621, 
      "Value" : 40.799999
    },
    {
      "Date": 20240208, 
      "Value" : 17.830000
    }
  ]
}