{
  "Color": "rgb(244, 55, 244)", 
  "Point": [
    {
      "Date": 20210601, 
      "Value" : 54.380001
    },
    {
      "Date": 20240208, 
      "Value" : 8.800000
    }
  ]
}