{
  "Color": "rgb(244, 55, 244)", 
  "Point": [
    {
      "Date": 20210726, 
      "Value" : 38.099998
    },
    {
      "Date": 20221011, 
      "Value" : 11.510000
    },
    {
      "Date": 20230726, 
      "Value" : 25.500000
    }
  ]
}