{
  "Color": "rgb(244, 55, 244)", 
  "Point": [
    {
      "Date": 20210708, 
      "Value" : 287.950012
    },
    {
      "Date": 20231026, 
      "Value" : 70.760002
    }
  ]
}