{
  "Color": "rgb(244, 55, 244)", 
  "Point": [
    {
      "Date": 20210330, 
      "Value" : 54.400002
    },
    {
      "Date": 20240208, 
      "Value" : 10.000000
    }
  ]
}