{
  "Color": "rgb(244, 55, 244)", 
  "Point": [
    {
      "Date": 20210201, 
      "Value" : 37.900002
    },
    {
      "Date": 20220316, 
      "Value" : 14.050000
    },
    {
      "Date": 20230420, 
      "Value" : 30.860001
    },
    {
      "Date": 20240202, 
      "Value" : 16.879999
    }
  ]
}