{
  "Color": "rgb(244, 55, 244)", 
  "Point": [
    {
      "Date": 20210218, 
      "Value" : 33.040001
    },
    {
      "Date": 20210728, 
      "Value" : 12.460000
    },
    {
      "Date": 20220106, 
      "Value" : 35.020000
    },
    {
      "Date": 20240208, 
      "Value" : 7.070000
    }
  ]
}