{
  "Color": "rgb(244, 55, 244)", 
  "Point": [
    {
      "Date": 20210202, 
      "Value" : 19.530001
    },
    {
      "Date": 20240208, 
      "Value" : 4.910000
    }
  ]
}