{
  "Color": "rgb(244, 55, 244)", 
  "Point": [
    {
      "Date": 20210201, 
      "Value" : 96.199997
    },
    {
      "Date": 20240206, 
      "Value" : 19.209999
    }
  ]
}