{
  "Color": "rgb(244, 55, 244)", 
  "Point": [
    {
      "Date": 20201209, 
      "Value" : 25.200001
    },
    {
      "Date": 20220427, 
      "Value" : 8.930000
    },
    {
      "Date": 20230705, 
      "Value" : 53.799999
    },
    {
      "Date": 20240206, 
      "Value" : 17.480000
    }
  ]
}