{
  "Color": "rgb(244, 55, 244)", 
  "Point": [
    {
      "Date": 20210728, 
      "Value" : 17.690001
    },
    {
      "Date": 20211220, 
      "Value" : 43.639999
    },
    {
      "Date": 20240208, 
      "Value" : 14.220000
    }
  ]
}