{
  "Color": "rgb(244, 55, 244)", 
  "Point": [
    {
      "Date": 20210330, 
      "Value" : 53.700001
    },
    {
      "Date": 20240208, 
      "Value" : 9.300000
    },
    {
      "Date": 20240723, 
      "Value" : 29.780001
    }
  ]
}