{
  "Color": "rgb(244, 55, 244)", 
  "Point": [
    {
      "Date": 20210315, 
      "Value" : 20.270000
    },
    {
      "Date": 20210824, 
      "Value" : 44.259998
    },
    {
      "Date": 20240208, 
      "Value" : 8.290000
    }
  ]
}