{
  "Color": "rgb(244, 55, 244)", 
  "Point": [
    {
      "Date": 20210107, 
      "Value" : 14.430000
    },
    {
      "Date": 20220411, 
      "Value" : 6.270000
    },
    {
      "Date": 20241009, 
      "Value" : 28.420000
    }
  ]
}