{
  "Color": "rgb(244, 55, 244)", 
  "Point": [
    {
      "Date": 20210201, 
      "Value" : 95.800003
    },
    {
      "Date": 20240206, 
      "Value" : 18.809999
    }
  ]
}