{
  "Color": "rgb(244, 55, 244)", 
  "Point": [
    {
      "Date": 20201015, 
      "Value" : 39.250000
    },
    {
      "Date": 20210111, 
      "Value" : 145.360001
    },
    {
      "Date": 20240205, 
      "Value" : 27.900000
    }
  ]
}