{
  "Color": "rgb(244, 55, 244)", 
  "Point": [
    {
      "Date": 20210330, 
      "Value" : 54.400002
    },
    {
      "Date": 20220426, 
      "Value" : 15.180000
    },
    {
      "Date": 20230818, 
      "Value" : 27.680000
    }
  ]
}