{
  "Color": "rgb(244, 55, 244)", 
  "Point": [
    {
      "Date": 20210204, 
      "Value" : 79.849998
    },
    {
      "Date": 20240207, 
      "Value" : 11.150000
    },
    {
      "Date": 20241107, 
      "Value" : 19.709999
    }
  ]
}