{
  "Color": "rgb(244, 55, 244)", 
  "Point": [
    {
      "Date": 20220117, 
      "Value" : 45.849998
    },
    {
      "Date": 20240208, 
      "Value" : 10.930000
    }
  ]
}