{
  "Color": "rgb(244, 55, 244)", 
  "Point": [
    {
      "Date": 20210304, 
      "Value" : 56.799999
    },
    {
      "Date": 20240208, 
      "Value" : 7.860000
    },
    {
      "Date": 20241031, 
      "Value" : 19.160000
    },
    {
      "Date": 20250409, 
      "Value" : 12.940000
    }
  ]
}