{
  "Color": "rgb(244, 55, 244)", 
  "Point": [
    {
      "Date": 20211129, 
      "Value" : 56.230000
    },
    {
      "Date": 20221011, 
      "Value" : 19.860001
    },
    {
      "Date": 20231116, 
      "Value" : 35.660000
    }
  ]
}