{
  "Color": "rgb(244, 55, 244)", 
  "Point": [
    {
      "Date": 20211116, 
      "Value" : 25.129999
    },
    {
      "Date": 20240207, 
      "Value" : 5.150000
    },
    {
      "Date": 20241008, 
      "Value" : 9.690000
    }
  ]
}