{
  "Color": "rgb(244, 55, 244)", 
  "Point": [
    {
      "Date": 20211129, 
      "Value" : 56.230000
    },
    {
      "Date": 20240208, 
      "Value" : 13.130000
    }
  ]
}