{
  "Color": "rgb(244, 55, 244)", 
  "Point": [
    {
      "Date": 20210705, 
      "Value" : 36.200001
    },
    {
      "Date": 20221011, 
      "Value" : 14.310000
    },
    {
      "Date": 20230815, 
      "Value" : 23.900000
    },
    {
      "Date": 20240208, 
      "Value" : 10.010000
    }
  ]
}