{
  "Color": "rgb(244, 55, 244)", 
  "Point": [
    {
      "Date": 20210903, 
      "Value" : 45.689999
    },
    {
      "Date": 20240208, 
      "Value" : 14.140000
    }
  ]
}