{
  "Color": "rgb(244, 55, 244)", 
  "Point": [
    {
      "Date": 20210722, 
      "Value" : 17.870001
    },
    {
      "Date": 20221011, 
      "Value" : 7.180000
    },
    {
      "Date": 20230711, 
      "Value" : 9.890000
    }
  ]
}