{
  "Color": "rgb(244, 55, 244)", 
  "Point": [
    {
      "Date": 20210924, 
      "Value" : 50.720001
    },
    {
      "Date": 20220817, 
      "Value" : 128.500000
    },
    {
      "Date": 20230724, 
      "Value" : 38.340000
    }
  ]
}