{
  "Color": "rgb(244, 55, 244)", 
  "Point": [
    {
      "Date": 20210914, 
      "Value" : 74.989998
    },
    {
      "Date": 20230626, 
      "Value" : 19.500000
    }
  ]
}