{
  "Color": "rgb(244, 55, 244)", 
  "Point": [
    {
      "Date": 20211125, 
      "Value" : 24.430000
    },
    {
      "Date": 20240208, 
      "Value" : 5.790000
    },
    {
      "Date": 20241122, 
      "Value" : 22.330000
    }
  ]
}