{
  "Color": "rgb(244, 55, 244)", 
  "Point": [
    {
      "Date": 20210707, 
      "Value" : 77.580002
    },
    {
      "Date": 20220427, 
      "Value" : 31.190001
    },
    {
      "Date": 20220826, 
      "Value" : 59.340000
    },
    {
      "Date": 20240206, 
      "Value" : 18.969999
    }
  ]
}