{
  "Color": "rgb(244, 55, 244)", 
  "Point": [
    {
      "Date": 20210903, 
      "Value" : 45.689999
    },
    {
      "Date": 20220428, 
      "Value" : 19.330000
    },
    {
      "Date": 20230717, 
      "Value" : 30.260000
    }
  ]
}