{
  "Color": "rgb(244, 55, 244)", 
  "Point": [
    {
      "Date": 20210903, 
      "Value" : 45.610001
    },
    {
      "Date": 20240208, 
      "Value" : 14.060000
    },
    {
      "Date": 20250320, 
      "Value" : 34.650002
    }
  ]
}