{
  "Color": "rgb(244, 55, 244)", 
  "Point": [
    {
      "Date": 20220315, 
      "Value" : 17.299999
    },
    {
      "Date": 20220516, 
      "Value" : 36.349998
    },
    {
      "Date": 20240208, 
      "Value" : 8.760000
    }
  ]
}