{
  "Color": "rgb(244, 55, 244)", 
  "Point": [
    {
      "Date": 20210817, 
      "Value" : 45.700001
    },
    {
      "Date": 20240208, 
      "Value" : 10.750000
    },
    {
      "Date": 20241008, 
      "Value" : 24.000000
    }
  ]
}