{
  "Color": "rgb(244, 55, 244)", 
  "Point": [
    {
      "Date": 20210913, 
      "Value" : 62.740002
    },
    {
      "Date": 20220804, 
      "Value" : 26.080000
    },
    {
      "Date": 20240221, 
      "Value" : 57.000000
    }
  ]
}