{
  "Color": "rgb(244, 55, 244)", 
  "Point": [
    {
      "Date": 20210827, 
      "Value" : 85.570000
    },
    {
      "Date": 20221031, 
      "Value" : 21.280001
    },
    {
      "Date": 20230719, 
      "Value" : 48.040001
    },
    {
      "Date": 20240708, 
      "Value" : 23.090000
    }
  ]
}