{
  "Color": "rgb(244, 55, 244)", 
  "Point": [
    {
      "Date": 20220426, 
      "Value" : 8.770000
    },
    {
      "Date": 20241112, 
      "Value" : 62.500000
    },
    {
      "Date": 20250409, 
      "Value" : 29.799999
    }
  ]
}