{
  "Color": "rgb(244, 55, 244)", 
  "Point": [
    {
      "Date": 20211130, 
      "Value" : 169.039993
    },
    {
      "Date": 20230717, 
      "Value" : 56.660000
    }
  ]
}