{
  "Color": "rgb(244, 55, 244)", 
  "Point": [
    {
      "Date": 20210729, 
      "Value" : 61.279999
    },
    {
      "Date": 20220427, 
      "Value" : 19.660000
    },
    {
      "Date": 20220819, 
      "Value" : 61.799999
    },
    {
      "Date": 20230828, 
      "Value" : 21.280001
    }
  ]
}