{
  "Color": "rgb(244, 55, 244)", 
  "Point": [
    {
      "Date": 20210723, 
      "Value" : 81.120003
    },
    {
      "Date": 20240205, 
      "Value" : 15.610000
    },
    {
      "Date": 20241008, 
      "Value" : 30.209999
    }
  ]
}