{
  "Color": "rgb(244, 55, 244)", 
  "Point": [
    {
      "Date": 20220407, 
      "Value" : 75.550003
    },
    {
      "Date": 20220428, 
      "Value" : 34.259998
    }
  ]
}