{
  "Color": "rgb(244, 55, 244)", 
  "Point": [
    {
      "Date": 20210611, 
      "Value" : 42.330002
    },
    {
      "Date": 20240206, 
      "Value" : 9.220000
    }
  ]
}