{
  "Color": "rgb(244, 55, 244)", 
  "Point": [
    {
      "Date": 20210707, 
      "Value" : 78.279999
    },
    {
      "Date": 20220427, 
      "Value" : 31.889999
    },
    {
      "Date": 20220826, 
      "Value" : 60.040001
    },
    {
      "Date": 20240206, 
      "Value" : 19.670000
    }
  ]
}