{
  "Color": "rgb(244, 55, 244)", 
  "Point": [
    {
      "Date": 20211123, 
      "Value" : 23.209999
    },
    {
      "Date": 20221011, 
      "Value" : 9.350000
    },
    {
      "Date": 20230612, 
      "Value" : 19.760000
    }
  ]
}