{
  "Color": "rgb(244, 55, 244)", 
  "Point": [
    {
      "Date": 20211201, 
      "Value" : 63.459999
    },
    {
      "Date": 20230425, 
      "Value" : 19.879999
    }
  ]
}