{
  "Color": "rgb(244, 55, 244)", 
  "Point": [
    {
      "Date": 20211011, 
      "Value" : 35.930000
    },
    {
      "Date": 20220427, 
      "Value" : 13.270000
    },
    {
      "Date": 20240102, 
      "Value" : 38.910000
    }
  ]
}