{
  "Color": "rgb(244, 55, 244)", 
  "Point": [
    {
      "Date": 20210630, 
      "Value" : 27.129999
    },
    {
      "Date": 20221011, 
      "Value" : 8.080000
    },
    {
      "Date": 20230913, 
      "Value" : 18.530001
    }
  ]
}