{
  "Color": "rgb(244, 55, 244)", 
  "Point": [
    {
      "Date": 20211029, 
      "Value" : 13.740000
    },
    {
      "Date": 20220331, 
      "Value" : 25.680000
    },
    {
      "Date": 20221230, 
      "Value" : 14.580000
    },
    {
      "Date": 20231026, 
      "Value" : 26.559999
    }
  ]
}