{
  "Color": "rgb(244, 55, 244)", 
  "Point": [
    {
      "Date": 20210909, 
      "Value" : 28.480000
    },
    {
      "Date": 20221011, 
      "Value" : 15.900000
    },
    {
      "Date": 20230215, 
      "Value" : 21.900000
    },
    {
      "Date": 20240207, 
      "Value" : 8.130000
    }
  ]
}