{
  "Color": "rgb(244, 55, 244)", 
  "Point": [
    {
      "Date": 20210723, 
      "Value" : 81.519997
    },
    {
      "Date": 20220425, 
      "Value" : 34.680000
    },
    {
      "Date": 20221104, 
      "Value" : 65.379997
    },
    {
      "Date": 20230721, 
      "Value" : 38.220001
    }
  ]
}