{
  "Color": "rgb(244, 55, 244)", 
  "Point": [
    {
      "Date": 20210722, 
      "Value" : 17.840000
    },
    {
      "Date": 20240208, 
      "Value" : 4.800000
    },
    {
      "Date": 20241014, 
      "Value" : 13.360000
    }
  ]
}