{
  "Color": "rgb(244, 55, 244)", 
  "Point": [
    {
      "Date": 20210728, 
      "Value" : 18.520000
    },
    {
      "Date": 20211126, 
      "Value" : 60.490002
    },
    {
      "Date": 20240208, 
      "Value" : 10.320000
    }
  ]
}