{
  "Color": "rgb(244, 55, 244)", 
  "Point": [
    {
      "Date": 20210817, 
      "Value" : 46.049999
    },
    {
      "Date": 20220427, 
      "Value" : 16.070000
    },
    {
      "Date": 20230711, 
      "Value" : 26.660000
    }
  ]
}