{
  "Color": "rgb(244, 55, 244)", 
  "Point": [
    {
      "Date": 20210720, 
      "Value" : 22.290001
    },
    {
      "Date": 20240208, 
      "Value" : 6.150000
    }
  ]
}