{
  "Color": "rgb(244, 55, 244)", 
  "Point": [
    {
      "Date": 20210720, 
      "Value" : 22.290001
    },
    {
      "Date": 20220427, 
      "Value" : 8.430000
    },
    {
      "Date": 20220823, 
      "Value" : 11.760000
    }
  ]
}