{
  "Color": "rgb(244, 55, 244)", 
  "Point": [
    {
      "Date": 20220808, 
      "Value" : 161.600006
    },
    {
      "Date": 20240205, 
      "Value" : 44.130001
    }
  ]
}