{
  "Color": "rgb(244, 55, 244)", 
  "Point": [
    {
      "Date": 20211123, 
      "Value" : 23.040001
    },
    {
      "Date": 20240208, 
      "Value" : 6.610000
    },
    {
      "Date": 20241202, 
      "Value" : 23.770000
    }
  ]
}