{
  "Color": "rgb(244, 55, 244)", 
  "Point": [
    {
      "Date": 20211112, 
      "Value" : 59.459999
    },
    {
      "Date": 20220428, 
      "Value" : 20.790001
    },
    {
      "Date": 20220811, 
      "Value" : 39.779999
    }
  ]
}