{
  "Color": "rgb(244, 55, 244)", 
  "Point": [
    {
      "Date": 20210913, 
      "Value" : 16.450001
    },
    {
      "Date": 20220427, 
      "Value" : 6.840000
    },
    {
      "Date": 20230227, 
      "Value" : 16.780001
    }
  ]
}