{
  "Color": "rgb(244, 55, 244)", 
  "Point": [
    {
      "Date": 20210924, 
      "Value" : 57.700001
    },
    {
      "Date": 20220429, 
      "Value" : 21.260000
    },
    {
      "Date": 20221114, 
      "Value" : 41.840000
    },
    {
      "Date": 20240206, 
      "Value" : 10.710000
    }
  ]
}