{
  "Color": "rgb(244, 55, 244)", 
  "Point": [
    {
      "Date": 20210913, 
      "Value" : 47.880001
    },
    {
      "Date": 20220804, 
      "Value" : 19.680000
    },
    {
      "Date": 20240515, 
      "Value" : 59.080002
    }
  ]
}