{
  "Color": "rgb(244, 55, 244)", 
  "Point": [
    {
      "Date": 20210726, 
      "Value" : 85.269997
    },
    {
      "Date": 20220428, 
      "Value" : 30.730000
    },
    {
      "Date": 20230224, 
      "Value" : 55.000000
    },
    {
      "Date": 20230828, 
      "Value" : 33.910000
    }
  ]
}