{
  "Color": "rgb(244, 55, 244)", 
  "Point": [
    {
      "Date": 20211112, 
      "Value" : 56.880001
    },
    {
      "Date": 20240206, 
      "Value" : 21.500000
    }
  ]
}