{
  "Color": "rgb(244, 55, 244)", 
  "Point": [
    {
      "Date": 20210922, 
      "Value" : 48.779999
    },
    {
      "Date": 20220427, 
      "Value" : 17.389999
    },
    {
      "Date": 20231228, 
      "Value" : 34.299999
    }
  ]
}