{
  "Color": "rgb(244, 55, 244)", 
  "Point": [
    {
      "Date": 20210817, 
      "Value" : 45.700001
    },
    {
      "Date": 20240208, 
      "Value" : 10.750000
    },
    {
      "Date": 20250317, 
      "Value" : 26.889999
    }
  ]
}