{
  "Color": "rgb(244, 55, 244)", 
  "Point": [
    {
      "Date": 20210630, 
      "Value" : 53.970001
    },
    {
      "Date": 20220427, 
      "Value" : 16.190001
    },
    {
      "Date": 20231122, 
      "Value" : 42.740002
    },
    {
      "Date": 20240718, 
      "Value" : 22.120001
    }
  ]
}