{
  "Color": "rgb(244, 55, 244)", 
  "Point": [
    {
      "Date": 20211108, 
      "Value" : 57.759998
    },
    {
      "Date": 20231026, 
      "Value" : 17.490000
    }
  ]
}