{
  "Color": "rgb(244, 55, 244)", 
  "Point": [
    {
      "Date": 20211125, 
      "Value" : 34.380001
    },
    {
      "Date": 20220427, 
      "Value" : 13.330000
    }
  ]
}