{
  "Color": "rgb(244, 55, 244)", 
  "Point": [
    {
      "Date": 20210716, 
      "Value" : 118.900002
    },
    {
      "Date": 20240208, 
      "Value" : 17.010000
    },
    {
      "Date": 20241008, 
      "Value" : 36.900002
    }
  ]
}