{
  "Color": "rgb(244, 55, 244)", 
  "Point": [
    {
      "Date": 20210909, 
      "Value" : 28.680000
    },
    {
      "Date": 20230425, 
      "Value" : 15.890000
    }
  ]
}