{
  "Color": "rgb(244, 55, 244)", 
  "Point": [
    {
      "Date": 20210907, 
      "Value" : 16.410000
    },
    {
      "Date": 20220427, 
      "Value" : 6.970000
    },
    {
      "Date": 20230315, 
      "Value" : 9.600000
    }
  ]
}