{
  "Color": "rgb(244, 55, 244)", 
  "Point": [
    {
      "Date": 20220726, 
      "Value" : 13.690000
    },
    {
      "Date": 20230629, 
      "Value" : 50.000000
    },
    {
      "Date": 20240718, 
      "Value" : 19.309999
    }
  ]
}