{
  "Color": "rgb(244, 55, 244)", 
  "Point": [
    {
      "Date": 20210830, 
      "Value" : 47.820000
    },
    {
      "Date": 20221012, 
      "Value" : 20.879999
    },
    {
      "Date": 20230511, 
      "Value" : 76.000000
    }
  ]
}