{
  "Color": "rgb(244, 55, 244)", 
  "Point": [
    {
      "Date": 20220426, 
      "Value" : 11.430000
    },
    {
      "Date": 20220712, 
      "Value" : 23.870001
    }
  ]
}