{
  "Color": "rgb(244, 55, 244)", 
  "Point": [
    {
      "Date": 20211125, 
      "Value" : 34.459999
    },
    {
      "Date": 20221010, 
      "Value" : 13.770000
    },
    {
      "Date": 20230718, 
      "Value" : 23.090000
    }
  ]
}