{
  "Color": "rgb(244, 55, 244)", 
  "Point": [
    {
      "Date": 20210625, 
      "Value" : 34.500000
    },
    {
      "Date": 20220426, 
      "Value" : 15.780000
    },
    {
      "Date": 20230706, 
      "Value" : 40.180000
    }
  ]
}