{
  "Color": "rgb(244, 55, 244)", 
  "Point": [
    {
      "Date": 20210902, 
      "Value" : 76.199997
    },
    {
      "Date": 20230829, 
      "Value" : 25.299999
    }
  ]
}