{
  "Color": "rgb(244, 55, 244)", 
  "Point": [
    {
      "Date": 20210928, 
      "Value" : 43.660000
    },
    {
      "Date": 20221011, 
      "Value" : 20.840000
    },
    {
      "Date": 20230614, 
      "Value" : 43.900002
    },
    {
      "Date": 20240206, 
      "Value" : 15.580000
    }
  ]
}