{
  "Color": "rgb(244, 55, 244)", 
  "Point": [
    {
      "Date": 20210602, 
      "Value" : 30.770000
    },
    {
      "Date": 20220428, 
      "Value" : 13.620000
    },
    {
      "Date": 20240508, 
      "Value" : 33.680000
    }
  ]
}