{
  "Color": "rgb(244, 55, 244)", 
  "Point": [
    {
      "Date": 20211115, 
      "Value" : 28.950001
    },
    {
      "Date": 20240207, 
      "Value" : 5.710000
    }
  ]
}