{
  "Color": "rgb(244, 55, 244)", 
  "Point": [
    {
      "Date": 20210628, 
      "Value" : 48.599998
    },
    {
      "Date": 20220427, 
      "Value" : 18.450001
    },
    {
      "Date": 20231206, 
      "Value" : 26.900000
    }
  ]
}