{
  "Color": "rgb(244, 55, 244)", 
  "Point": [
    {
      "Date": 20220315, 
      "Value" : 17.100000
    },
    {
      "Date": 20220516, 
      "Value" : 36.150002
    },
    {
      "Date": 20240208, 
      "Value" : 8.560000
    },
    {
      "Date": 20241008, 
      "Value" : 16.080000
    }
  ]
}