{
  "Color": "rgb(244, 55, 244)", 
  "Point": [
    {
      "Date": 20210927, 
      "Value" : 26.660000
    },
    {
      "Date": 20211130, 
      "Value" : 71.790001
    },
    {
      "Date": 20240923, 
      "Value" : 10.590000
    }
  ]
}