{
  "Color": "rgb(244, 55, 244)", 
  "Point": [
    {
      "Date": 20210805, 
      "Value" : 75.199997
    },
    {
      "Date": 20240206, 
      "Value" : 19.170000
    }
  ]
}