{
  "Color": "rgb(244, 55, 244)", 
  "Point": [
    {
      "Date": 20210730, 
      "Value" : 25.160000
    },
    {
      "Date": 20240208, 
      "Value" : 6.000000
    },
    {
      "Date": 20250307, 
      "Value" : 15.160000
    }
  ]
}