{
  "Color": "rgb(244, 55, 244)", 
  "Point": [
    {
      "Date": 20211101, 
      "Value" : 10.670000
    },
    {
      "Date": 20221104, 
      "Value" : 57.880001
    },
    {
      "Date": 20240206, 
      "Value" : 13.750000
    }
  ]
}