{
  "Color": "rgb(244, 55, 244)", 
  "Point": [
    {
      "Date": 20210705, 
      "Value" : 36.150002
    },
    {
      "Date": 20221011, 
      "Value" : 14.260000
    },
    {
      "Date": 20230815, 
      "Value" : 23.850000
    },
    {
      "Date": 20240828, 
      "Value" : 8.870000
    }
  ]
}