{
  "Color": "rgb(244, 55, 244)", 
  "Point": [
    {
      "Date": 20210923, 
      "Value" : 55.049999
    },
    {
      "Date": 20220428, 
      "Value" : 21.170000
    },
    {
      "Date": 20230807, 
      "Value" : 46.730000
    }
  ]
}