{
  "Color": "rgb(244, 55, 244)", 
  "Point": [
    {
      "Date": 20211112, 
      "Value" : 56.880001
    },
    {
      "Date": 20221230, 
      "Value" : 24.950001
    }
  ]
}