{
  "Color": "rgb(244, 55, 244)", 
  "Point": [
    {
      "Date": 20210930, 
      "Value" : 45.799999
    },
    {
      "Date": 20240208, 
      "Value" : 11.480000
    }
  ]
}