{
  "Color": "rgb(244, 55, 244)", 
  "Point": [
    {
      "Date": 20210630, 
      "Value" : 27.129999
    },
    {
      "Date": 20240208, 
      "Value" : 6.950000
    },
    {
      "Date": 20250307, 
      "Value" : 22.240000
    }
  ]
}