{
  "Color": "rgb(244, 55, 244)", 
  "Point": [
    {
      "Date": 20210907, 
      "Value" : 48.820000
    },
    {
      "Date": 20221025, 
      "Value" : 15.540000
    },
    {
      "Date": 20230607, 
      "Value" : 26.700001
    }
  ]
}