{
  "Color": "rgb(244, 55, 244)", 
  "Point": [
    {
      "Date": 20211112, 
      "Value" : 56.279999
    },
    {
      "Date": 20240709, 
      "Value" : 17.580000
    }
  ]
}