{
  "Color": "rgb(244, 55, 244)", 
  "Point": [
    {
      "Date": 20210528, 
      "Value" : 23.920000
    },
    {
      "Date": 20240208, 
      "Value" : 7.340000
    },
    {
      "Date": 20241008, 
      "Value" : 18.959999
    }
  ]
}