{
  "Color": "rgb(244, 55, 244)", 
  "Point": [
    {
      "Date": 20210819, 
      "Value" : 360.829987
    },
    {
      "Date": 20230628, 
      "Value" : 84.019997
    }
  ]
}