{
  "Color": "rgb(244, 55, 244)", 
  "Point": [
    {
      "Date": 20210723, 
      "Value" : 81.519997
    },
    {
      "Date": 20230922, 
      "Value" : 32.520000
    }
  ]
}