{
  "Color": "rgb(244, 55, 244)", 
  "Point": [
    {
      "Date": 20211130, 
      "Value" : 167.839996
    },
    {
      "Date": 20240920, 
      "Value" : 31.049999
    },
    {
      "Date": 20250306, 
      "Value" : 59.939999
    }
  ]
}