{
  "Color": "rgb(244, 55, 244)", 
  "Point": [
    {
      "Date": 20210929, 
      "Value" : 53.930000
    },
    {
      "Date": 20220907, 
      "Value" : 19.660000
    },
    {
      "Date": 20230103, 
      "Value" : 36.849998
    }
  ]
}