{
  "Color": "rgb(244, 55, 244)", 
  "Point": [
    {
      "Date": 20210601, 
      "Value" : 45.560001
    },
    {
      "Date": 20211103, 
      "Value" : 26.680000
    },
    {
      "Date": 20220331, 
      "Value" : 49.660000
    },
    {
      "Date": 20240206, 
      "Value" : 13.500000
    }
  ]
}