{
  "Color": "rgb(244, 55, 244)", 
  "Point": [
    {
      "Date": 20220307, 
      "Value" : 27.160000
    },
    {
      "Date": 20221025, 
      "Value" : 9.800000
    },
    {
      "Date": 20230303, 
      "Value" : 15.230000
    }
  ]
}