{
  "Color": "rgb(244, 55, 244)", 
  "Point": [
    {
      "Date": 20210817, 
      "Value" : 46.049999
    },
    {
      "Date": 20240208, 
      "Value" : 11.100000
    }
  ]
}