{
  "Color": "rgb(244, 55, 244)", 
  "Point": [
    {
      "Date": 20211028, 
      "Value" : 24.350000
    },
    {
      "Date": 20220325, 
      "Value" : 229.250000
    },
    {
      "Date": 20250409, 
      "Value" : 23.200001
    }
  ]
}