{
  "Color": "rgb(244, 55, 244)", 
  "Point": [
    {
      "Date": 20211029, 
      "Value" : 9.710000
    },
    {
      "Date": 20220118, 
      "Value" : 23.629999
    },
    {
      "Date": 20240829, 
      "Value" : 7.790000
    }
  ]
}