{
  "Color": "rgb(244, 55, 244)", 
  "Point": [
    {
      "Date": 20210902, 
      "Value" : 121.330002
    },
    {
      "Date": 20240206, 
      "Value" : 27.100000
    },
    {
      "Date": 20241025, 
      "Value" : 60.599998
    }
  ]
}