{
  "Color": "rgb(244, 55, 244)", 
  "Point": [
    {
      "Date": 20210827, 
      "Value" : 120.000000
    },
    {
      "Date": 20221031, 
      "Value" : 29.990000
    },
    {
      "Date": 20230719, 
      "Value" : 67.449997
    }
  ]
}