{
  "Color": "rgb(244, 55, 244)", 
  "Point": [
    {
      "Date": 20210927, 
      "Value" : 26.910000
    },
    {
      "Date": 20211130, 
      "Value" : 72.040001
    },
    {
      "Date": 20231218, 
      "Value" : 17.860001
    }
  ]
}