{
  "Color": "rgb(244, 55, 244)", 
  "Point": [
    {
      "Date": 20211130, 
      "Value" : 169.039993
    },
    {
      "Date": 20240205, 
      "Value" : 33.000000
    }
  ]
}