{
  "Color": "rgb(244, 55, 244)", 
  "Point": [
    {
      "Date": 20210824, 
      "Value" : 41.130001
    },
    {
      "Date": 20221011, 
      "Value" : 14.390000
    },
    {
      "Date": 20230530, 
      "Value" : 45.540001
    },
    {
      "Date": 20240208, 
      "Value" : 12.910000
    }
  ]
}