{
  "Color": "rgb(244, 55, 244)", 
  "Point": [
    {
      "Date": 20211020, 
      "Value" : 84.959999
    },
    {
      "Date": 20220427, 
      "Value" : 29.889999
    },
    {
      "Date": 20230626, 
      "Value" : 58.000000
    }
  ]
}