{
  "Color": "rgb(244, 55, 244)", 
  "Point": [
    {
      "Date": 20210611, 
      "Value" : 42.029999
    },
    {
      "Date": 20240206, 
      "Value" : 8.920000
    },
    {
      "Date": 20241008, 
      "Value" : 19.110001
    }
  ]
}