{
  "Color": "rgb(244, 55, 244)", 
  "Point": [
    {
      "Date": 20210903, 
      "Value" : 22.990000
    },
    {
      "Date": 20240206, 
      "Value" : 6.990000
    }
  ]
}