{
  "Color": "rgb(244, 55, 244)", 
  "Point": [
    {
      "Date": 20211207, 
      "Value" : 106.129997
    },
    {
      "Date": 20230515, 
      "Value" : 43.009998
    }
  ]
}