{
  "Color": "rgb(244, 55, 244)", 
  "Point": [
    {
      "Date": 20210630, 
      "Value" : 34.459999
    },
    {
      "Date": 20220427, 
      "Value" : 11.320000
    },
    {
      "Date": 20230712, 
      "Value" : 23.209999
    },
    {
      "Date": 20240208, 
      "Value" : 7.210000
    }
  ]
}