{
  "Color": "rgb(244, 55, 244)", 
  "Point": [
    {
      "Date": 20210716, 
      "Value" : 119.199997
    },
    {
      "Date": 20240208, 
      "Value" : 17.309999
    }
  ]
}