{
  "Color": "rgb(244, 55, 244)", 
  "Point": [
    {
      "Date": 20210611, 
      "Value" : 70.769997
    },
    {
      "Date": 20221012, 
      "Value" : 21.639999
    },
    {
      "Date": 20230809, 
      "Value" : 34.380001
    }
  ]
}