{
  "Color": "rgb(244, 55, 244)", 
  "Point": [
    {
      "Date": 20210914, 
      "Value" : 17.209999
    },
    {
      "Date": 20220316, 
      "Value" : 60.599998
    },
    {
      "Date": 20240206, 
      "Value" : 7.340000
    }
  ]
}