{
  "Color": "rgb(244, 55, 244)", 
  "Point": [
    {
      "Date": 20210730, 
      "Value" : 27.200001
    },
    {
      "Date": 20220909, 
      "Value" : 109.070000
    },
    {
      "Date": 20240827, 
      "Value" : 35.520000
    },
    {
      "Date": 20250422, 
      "Value" : 62.000000
    }
  ]
}