{
  "Color": "rgb(244, 55, 244)", 
  "Point": [
    {
      "Date": 20210630, 
      "Value" : 45.130001
    },
    {
      "Date": 20220427, 
      "Value" : 15.050000
    },
    {
      "Date": 20230712, 
      "Value" : 30.500000
    }
  ]
}