{
  "Color": "rgb(244, 55, 244)", 
  "Point": [
    {
      "Date": 20211115, 
      "Value" : 29.049999
    },
    {
      "Date": 20240207, 
      "Value" : 5.810000
    }
  ]
}