{
  "Color": "rgb(244, 55, 244)", 
  "Point": [
    {
      "Date": 20210705, 
      "Value" : 36.200001
    },
    {
      "Date": 20221011, 
      "Value" : 14.310000
    },
    {
      "Date": 20230403, 
      "Value" : 21.889999
    }
  ]
}