{
  "Color": "rgb(244, 55, 244)", 
  "Point": [
    {
      "Date": 20210819, 
      "Value" : 360.829987
    },
    {
      "Date": 20231024, 
      "Value" : 77.709999
    }
  ]
}