{
  "Color": "rgb(244, 55, 244)", 
  "Point": [
    {
      "Date": 20210611, 
      "Value" : 42.330002
    },
    {
      "Date": 20221011, 
      "Value" : 14.540000
    },
    {
      "Date": 20230518, 
      "Value" : 27.420000
    }
  ]
}