{
  "Color": "rgb(244, 55, 244)", 
  "Point": [
    {
      "Date": 20220808, 
      "Value" : 161.600006
    },
    {
      "Date": 20230721, 
      "Value" : 71.199997
    }
  ]
}