{
  "Color": "rgb(244, 55, 244)", 
  "Point": [
    {
      "Date": 20210907, 
      "Value" : 16.410000
    },
    {
      "Date": 20240208, 
      "Value" : 5.350000
    }
  ]
}