{
  "Color": "rgb(244, 55, 244)", 
  "Point": [
    {
      "Date": 20210720, 
      "Value" : 22.190001
    },
    {
      "Date": 20240208, 
      "Value" : 6.050000
    },
    {
      "Date": 20241008, 
      "Value" : 12.430000
    }
  ]
}