{
  "Color": "rgb(244, 55, 244)", 
  "Point": [
    {
      "Date": 20211116, 
      "Value" : 25.430000
    },
    {
      "Date": 20240207, 
      "Value" : 5.450000
    }
  ]
}