{
  "Color": "rgb(244, 55, 244)", 
  "Point": [
    {
      "Date": 20210913, 
      "Value" : 47.380001
    },
    {
      "Date": 20220804, 
      "Value" : 19.180000
    },
    {
      "Date": 20241008, 
      "Value" : 66.830002
    }
  ]
}