{
  "Color": "rgb(244, 55, 244)", 
  "Point": [
    {
      "Date": 20210728, 
      "Value" : 18.420000
    },
    {
      "Date": 20211126, 
      "Value" : 60.389999
    },
    {
      "Date": 20240208, 
      "Value" : 10.220000
    },
    {
      "Date": 20240520, 
      "Value" : 34.779999
    }
  ]
}