{
  "Color": "rgb(244, 55, 244)", 
  "Point": [
    {
      "Date": 20210602, 
      "Value" : 40.099998
    },
    {
      "Date": 20220428, 
      "Value" : 17.809999
    },
    {
      "Date": 20231206, 
      "Value" : 34.650002
    }
  ]
}