{
  "Color": "rgb(244, 55, 244)", 
  "Point": [
    {
      "Date": 20210805, 
      "Value" : 73.000000
    },
    {
      "Date": 20240206, 
      "Value" : 16.969999
    },
    {
      "Date": 20241210, 
      "Value" : 43.959999
    },
    {
      "Date": 20250409, 
      "Value" : 28.309999
    }
  ]
}