{
  "Color": "rgb(244, 55, 244)", 
  "Point": [
    {
      "Date": 20211103, 
      "Value" : 14.800000
    },
    {
      "Date": 20220511, 
      "Value" : 36.299999
    },
    {
      "Date": 20231023, 
      "Value" : 10.900000
    }
  ]
}