{
  "Color": "rgb(244, 55, 244)", 
  "Point": [
    {
      "Date": 20220222, 
      "Value" : 57.950001
    },
    {
      "Date": 20220427, 
      "Value" : 23.990000
    },
    {
      "Date": 20230616, 
      "Value" : 88.379997
    },
    {
      "Date": 20240208, 
      "Value" : 32.470001
    }
  ]
}