{
  "Color": "rgb(244, 55, 244)", 
  "Point": [
    {
      "Date": 20211207, 
      "Value" : 81.580002
    },
    {
      "Date": 20240208, 
      "Value" : 19.950001
    },
    {
      "Date": 20240619, 
      "Value" : 39.950001
    }
  ]
}