{
  "Color": "rgb(244, 55, 244)", 
  "Point": [
    {
      "Date": 20220426, 
      "Value" : 8.770000
    },
    {
      "Date": 20241031, 
      "Value" : 59.369999
    }
  ]
}