{
  "Color": "rgb(244, 55, 244)", 
  "Point": [
    {
      "Date": 20210923, 
      "Value" : 55.049999
    },
    {
      "Date": 20240206, 
      "Value" : 18.090000
    }
  ]
}