{
  "Color": "rgb(244, 55, 244)", 
  "Point": [
    {
      "Date": 20210716, 
      "Value" : 119.199997
    },
    {
      "Date": 20221011, 
      "Value" : 23.900000
    }
  ]
}