{
  "Color": "rgb(244, 55, 244)", 
  "Point": [
    {
      "Date": 20220808, 
      "Value" : 161.160004
    },
    {
      "Date": 20240705, 
      "Value" : 38.259998
    }
  ]
}