{
  "Color": "rgb(244, 55, 244)", 
  "Point": [
    {
      "Date": 20210927, 
      "Value" : 26.760000
    },
    {
      "Date": 20211130, 
      "Value" : 71.889999
    },
    {
      "Date": 20240206, 
      "Value" : 11.290000
    }
  ]
}