{
  "Color": "rgb(244, 55, 244)", 
  "Point": [
    {
      "Date": 20211026, 
      "Value" : 69.449997
    },
    {
      "Date": 20240205, 
      "Value" : 24.299999
    }
  ]
}