{
  "Color": "rgb(244, 55, 244)", 
  "Point": [
    {
      "Date": 20210730, 
      "Value" : 28.379999
    },
    {
      "Date": 20220909, 
      "Value" : 110.250000
    }
  ]
}