{
  "Color": "rgb(244, 55, 244)", 
  "Point": [
    {
      "Date": 20210607, 
      "Value" : 79.559998
    },
    {
      "Date": 20240206, 
      "Value" : 10.080000
    },
    {
      "Date": 20241008, 
      "Value" : 20.870001
    }
  ]
}