{
  "Color": "rgb(244, 55, 244)", 
  "Point": [
    {
      "Date": 20210824, 
      "Value" : 48.750000
    },
    {
      "Date": 20220427, 
      "Value" : 18.750000
    },
    {
      "Date": 20220801, 
      "Value" : 32.470001
    },
    {
      "Date": 20230428, 
      "Value" : 18.110001
    }
  ]
}