{
  "Color": "rgb(244, 55, 244)", 
  "Point": [
    {
      "Date": 20220426, 
      "Value" : 11.430000
    },
    {
      "Date": 20231108, 
      "Value" : 27.440001
    }
  ]
}