{
  "Color": "rgb(244, 55, 244)", 
  "Point": [
    {
      "Date": 20210720, 
      "Value" : 22.090000
    },
    {
      "Date": 20240208, 
      "Value" : 5.950000
    },
    {
      "Date": 20250320, 
      "Value" : 14.580000
    }
  ]
}