{
  "Color": "rgb(244, 55, 244)", 
  "Point": [
    {
      "Date": 20211022, 
      "Value" : 24.440001
    },
    {
      "Date": 20221012, 
      "Value" : 10.540000
    },
    {
      "Date": 20230526, 
      "Value" : 30.200001
    },
    {
      "Date": 20240208, 
      "Value" : 8.380000
    }
  ]
}