{
  "Color": "rgb(244, 55, 244)", 
  "Point": [
    {
      "Date": 20220427, 
      "Value" : 71.349998
    },
    {
      "Date": 20220823, 
      "Value" : 212.300003
    },
    {
      "Date": 20240709, 
      "Value" : 70.820000
    }
  ]
}