{
  "Color": "rgb(244, 55, 244)", 
  "Point": [
    {
      "Date": 20210723, 
      "Value" : 81.519997
    },
    {
      "Date": 20231103, 
      "Value" : 27.209999
    }
  ]
}