{
  "Color": "rgb(244, 55, 244)", 
  "Point": [
    {
      "Date": 20220808, 
      "Value" : 161.600006
    },
    {
      "Date": 20230825, 
      "Value" : 60.020000
    }
  ]
}