{
  "Color": "rgb(244, 55, 244)", 
  "Point": [
    {
      "Date": 20210528, 
      "Value" : 34.220001
    },
    {
      "Date": 20220427, 
      "Value" : 13.300000
    },
    {
      "Date": 20230713, 
      "Value" : 20.420000
    }
  ]
}