{
  "Color": "rgb(244, 55, 244)", 
  "Point": [
    {
      "Date": 20211220, 
      "Value" : 118.300003
    },
    {
      "Date": 20240709, 
      "Value" : 47.500000
    }
  ]
}