{
  "Color": "rgb(244, 55, 244)", 
  "Point": [
    {
      "Date": 20211028, 
      "Value" : 24.600000
    },
    {
      "Date": 20220325, 
      "Value" : 229.500000
    },
    {
      "Date": 20230908, 
      "Value" : 51.000000
    }
  ]
}