{
  "Color": "rgb(244, 55, 244)", 
  "Point": [
    {
      "Date": 20210630, 
      "Value" : 54.730000
    },
    {
      "Date": 20220427, 
      "Value" : 16.950001
    },
    {
      "Date": 20231110, 
      "Value" : 37.410000
    }
  ]
}