{
  "Color": "rgb(244, 55, 244)", 
  "Point": [
    {
      "Date": 20210730, 
      "Value" : 27.379999
    },
    {
      "Date": 20220909, 
      "Value" : 109.250000
    },
    {
      "Date": 20240718, 
      "Value" : 36.389999
    }
  ]
}