{
  "Color": "rgb(244, 55, 244)", 
  "Point": [
    {
      "Date": 20210914, 
      "Value" : 74.889999
    },
    {
      "Date": 20240206, 
      "Value" : 11.710000
    }
  ]
}