{
  "Color": "rgb(244, 55, 244)", 
  "Point": [
    {
      "Date": 20211026, 
      "Value" : 18.809999
    },
    {
      "Date": 20220427, 
      "Value" : 8.330000
    },
    {
      "Date": 20230703, 
      "Value" : 12.770000
    },
    {
      "Date": 20240909, 
      "Value" : 5.240000
    }
  ]
}