{
  "Color": "rgb(244, 55, 244)", 
  "Point": [
    {
      "Date": 20211022, 
      "Value" : 24.559999
    },
    {
      "Date": 20221012, 
      "Value" : 10.660000
    },
    {
      "Date": 20230526, 
      "Value" : 30.320000
    }
  ]
}