{
  "Color": "rgb(244, 55, 244)", 
  "Point": [
    {
      "Date": 20210902, 
      "Value" : 76.199997
    },
    {
      "Date": 20220427, 
      "Value" : 25.549999
    },
    {
      "Date": 20220819, 
      "Value" : 52.669998
    }
  ]
}