{
  "Color": "rgb(244, 55, 244)", 
  "Point": [
    {
      "Date": 20210811, 
      "Value" : 46.400002
    },
    {
      "Date": 20240208, 
      "Value" : 18.309999
    },
    {
      "Date": 20241029, 
      "Value" : 29.490000
    }
  ]
}