{
  "Color": "rgb(244, 55, 244)", 
  "Point": [
    {
      "Date": 20210819, 
      "Value" : 358.829987
    },
    {
      "Date": 20240830, 
      "Value" : 53.509998
    }
  ]
}