{
  "Color": "rgb(244, 55, 244)", 
  "Point": [
    {
      "Date": 20210830, 
      "Value" : 35.439999
    },
    {
      "Date": 20221012, 
      "Value" : 15.430000
    },
    {
      "Date": 20230511, 
      "Value" : 56.360001
    },
    {
      "Date": 20240208, 
      "Value" : 16.350000
    }
  ]
}