{
  "Color": "rgb(244, 55, 244)", 
  "Point": [
    {
      "Date": 20220307, 
      "Value" : 27.110001
    },
    {
      "Date": 20240628, 
      "Value" : 4.970000
    }
  ]
}