{
  "Color": "rgb(244, 55, 244)", 
  "Point": [
    {
      "Date": 20210528, 
      "Value" : 24.120001
    },
    {
      "Date": 20240208, 
      "Value" : 7.540000
    },
    {
      "Date": 20240517, 
      "Value" : 15.800000
    }
  ]
}