{
  "Color": "rgb(244, 55, 244)", 
  "Point": [
    {
      "Date": 20210722, 
      "Value" : 17.870001
    },
    {
      "Date": 20240208, 
      "Value" : 4.830000
    }
  ]
}