{
  "Color": "rgb(244, 55, 244)", 
  "Point": [
    {
      "Date": 20210819, 
      "Value" : 360.829987
    },
    {
      "Date": 20240205, 
      "Value" : 56.599998
    }
  ]
}