{
  "Color": "rgb(244, 55, 244)", 
  "Point": [
    {
      "Date": 20211103, 
      "Value" : 14.800000
    },
    {
      "Date": 20220511, 
      "Value" : 36.299999
    },
    {
      "Date": 20240208, 
      "Value" : 5.770000
    }
  ]
}