{
  "Color": "rgb(244, 55, 244)", 
  "Point": [
    {
      "Date": 20210729, 
      "Value" : 53.490002
    },
    {
      "Date": 20230112, 
      "Value" : 16.360001
    },
    {
      "Date": 20230911, 
      "Value" : 27.290001
    }
  ]
}