{
  "Color": "rgb(244, 55, 244)", 
  "Point": [
    {
      "Date": 20210528, 
      "Value" : 68.550003
    },
    {
      "Date": 20220427, 
      "Value" : 18.750000
    }
  ]
}