{
  "Color": "rgb(244, 55, 244)", 
  "Point": [
    {
      "Date": 20211028, 
      "Value" : 32.360001
    },
    {
      "Date": 20221011, 
      "Value" : 14.810000
    },
    {
      "Date": 20230512, 
      "Value" : 21.540001
    },
    {
      "Date": 20240208, 
      "Value" : 9.610000
    }
  ]
}