{
  "Color": "rgb(244, 55, 244)", 
  "Point": [
    {
      "Date": 20210914, 
      "Value" : 23.080000
    },
    {
      "Date": 20221012, 
      "Value" : 7.190000
    },
    {
      "Date": 20230215, 
      "Value" : 11.860000
    }
  ]
}