{
  "Color": "rgb(244, 55, 244)", 
  "Point": [
    {
      "Date": 20210616, 
      "Value" : 31.059999
    },
    {
      "Date": 20240208, 
      "Value" : 8.250000
    }
  ]
}