{
  "Color": "rgb(244, 55, 244)", 
  "Point": [
    {
      "Date": 20210607, 
      "Value" : 79.660004
    },
    {
      "Date": 20240206, 
      "Value" : 10.180000
    }
  ]
}