{
  "Color": "rgb(244, 55, 244)", 
  "Point": [
    {
      "Date": 20220222, 
      "Value" : 58.240002
    },
    {
      "Date": 20220427, 
      "Value" : 24.280001
    },
    {
      "Date": 20230616, 
      "Value" : 88.660004
    },
    {
      "Date": 20240208, 
      "Value" : 32.750000
    }
  ]
}