{
  "Color": "rgb(244, 55, 244)", 
  "Point": [
    {
      "Date": 20220307, 
      "Value" : 27.090000
    },
    {
      "Date": 20240823, 
      "Value" : 4.830000
    },
    {
      "Date": 20250307, 
      "Value" : 16.180000
    }
  ]
}