{
  "Color": "rgb(244, 55, 244)", 
  "Point": [
    {
      "Date": 20210913, 
      "Value" : 62.740002
    },
    {
      "Date": 20220804, 
      "Value" : 26.080000
    },
    {
      "Date": 20231030, 
      "Value" : 47.880001
    }
  ]
}