{
  "Color": "rgb(244, 55, 244)", 
  "Point": [
    {
      "Date": 20211220, 
      "Value" : 118.300003
    },
    {
      "Date": 20250409, 
      "Value" : 30.600000
    }
  ]
}