{
  "Color": "rgb(244, 55, 244)", 
  "Point": [
    {
      "Date": 20211026, 
      "Value" : 18.850000
    },
    {
      "Date": 20220427, 
      "Value" : 8.370000
    },
    {
      "Date": 20230703, 
      "Value" : 12.810000
    }
  ]
}