{
  "Color": "rgb(244, 55, 244)", 
  "Point": [
    {
      "Date": 20210723, 
      "Value" : 81.519997
    },
    {
      "Date": 20231221, 
      "Value" : 23.750000
    }
  ]
}