{
  "Color": "rgb(244, 55, 244)", 
  "Point": [
    {
      "Date": 20211220, 
      "Value" : 118.599998
    },
    {
      "Date": 20240205, 
      "Value" : 51.009998
    }
  ]
}