{
  "Color": "rgb(244, 55, 244)", 
  "Point": [
    {
      "Date": 20220427, 
      "Value" : 71.250000
    },
    {
      "Date": 20220823, 
      "Value" : 212.199997
    },
    {
      "Date": 20240827, 
      "Value" : 64.910004
    },
    {
      "Date": 20250318, 
      "Value" : 151.279999
    }
  ]
}