{
  "Color": "rgb(244, 55, 244)", 
  "Point": [
    {
      "Date": 20210907, 
      "Value" : 16.209999
    },
    {
      "Date": 20240208, 
      "Value" : 5.150000
    },
    {
      "Date": 20241111, 
      "Value" : 10.440000
    }
  ]
}