{
  "Color": "rgb(244, 55, 244)", 
  "Point": [
    {
      "Date": 20210813, 
      "Value" : 48.950001
    },
    {
      "Date": 20230103, 
      "Value" : 16.059999
    },
    {
      "Date": 20230609, 
      "Value" : 32.810001
    }
  ]
}