{
  "Color": "rgb(244, 55, 244)", 
  "Point": [
    {
      "Date": 20211220, 
      "Value" : 118.599998
    },
    {
      "Date": 20220427, 
      "Value" : 55.849998
    }
  ]
}