{
  "Color": "rgb(244, 55, 244)", 
  "Point": [
    {
      "Date": 20211112, 
      "Value" : 59.459999
    },
    {
      "Date": 20240208, 
      "Value" : 16.510000
    }
  ]
}