{
  "Color": "rgb(244, 55, 244)", 
  "Point": [
    {
      "Date": 20210924, 
      "Value" : 50.020000
    },
    {
      "Date": 20220817, 
      "Value" : 127.800003
    },
    {
      "Date": 20240923, 
      "Value" : 21.440001
    },
    {
      "Date": 20241224, 
      "Value" : 40.459999
    }
  ]
}