{
  "Color": "rgb(244, 55, 244)", 
  "Point": [
    {
      "Date": 20210730, 
      "Value" : 35.220001
    },
    {
      "Date": 20240208, 
      "Value" : 8.400000
    }
  ]
}