{
  "Color": "rgb(244, 55, 244)", 
  "Point": [
    {
      "Date": 20210805, 
      "Value" : 75.199997
    },
    {
      "Date": 20220427, 
      "Value" : 25.080000
    },
    {
      "Date": 20230410, 
      "Value" : 44.730000
    }
  ]
}