{
  "Color": "rgb(244, 55, 244)", 
  "Point": [
    {
      "Date": 20210805, 
      "Value" : 74.000000
    },
    {
      "Date": 20240206, 
      "Value" : 17.969999
    },
    {
      "Date": 20240508, 
      "Value" : 38.299999
    }
  ]
}