{
  "Color": "rgb(244, 55, 244)", 
  "Point": [
    {
      "Date": 20210628, 
      "Value" : 34.389999
    },
    {
      "Date": 20240206, 
      "Value" : 9.350000
    },
    {
      "Date": 20241227, 
      "Value" : 19.809999
    }
  ]
}