{
  "Color": "rgb(244, 55, 244)", 
  "Point": [
    {
      "Date": 20220808, 
      "Value" : 161.160004
    },
    {
      "Date": 20240920, 
      "Value" : 34.500000
    }
  ]
}