{
  "Color": "rgb(244, 55, 244)", 
  "Point": [
    {
      "Date": 20210913, 
      "Value" : 63.240002
    },
    {
      "Date": 20220804, 
      "Value" : 26.580000
    },
    {
      "Date": 20230725, 
      "Value" : 41.880001
    }
  ]
}