{
  "Color": "rgb(244, 55, 244)", 
  "Point": [
    {
      "Date": 20210528, 
      "Value" : 34.220001
    },
    {
      "Date": 20240208, 
      "Value" : 11.000000
    }
  ]
}