{
  "Color": "rgb(244, 55, 244)", 
  "Point": [
    {
      "Date": 20220726, 
      "Value" : 19.459999
    },
    {
      "Date": 20230629, 
      "Value" : 70.300003
    }
  ]
}