{
  "Color": "rgb(244, 55, 244)", 
  "Point": [
    {
      "Date": 20210628, 
      "Value" : 38.080002
    },
    {
      "Date": 20240208, 
      "Value" : 6.750000
    }
  ]
}