{
  "Color": "rgb(244, 55, 244)", 
  "Point": [
    {
      "Date": 20211011, 
      "Value" : 35.779999
    },
    {
      "Date": 20220427, 
      "Value" : 13.120000
    },
    {
      "Date": 20240102, 
      "Value" : 38.759998
    }
  ]
}