{
  "Color": "rgb(244, 55, 244)", 
  "Point": [
    {
      "Date": 20210719, 
      "Value" : 31.469999
    },
    {
      "Date": 20221011, 
      "Value" : 8.790000
    },
    {
      "Date": 20230515, 
      "Value" : 18.389999
    },
    {
      "Date": 20240208, 
      "Value" : 5.180000
    }
  ]
}