{
  "Color": "rgb(244, 55, 244)", 
  "Point": [
    {
      "Date": 20210601, 
      "Value" : 46.459999
    },
    {
      "Date": 20211103, 
      "Value" : 27.580000
    },
    {
      "Date": 20220331, 
      "Value" : 50.560001
    },
    {
      "Date": 20240206, 
      "Value" : 14.400000
    }
  ]
}