{
  "Color": "rgb(244, 55, 244)", 
  "Point": [
    {
      "Date": 20210528, 
      "Value" : 68.430000
    },
    {
      "Date": 20240208, 
      "Value" : 13.130000
    },
    {
      "Date": 20250115, 
      "Value" : 44.570000
    }
  ]
}