{
  "Color": "rgb(244, 55, 244)", 
  "Point": [
    {
      "Date": 20211115, 
      "Value" : 29.049999
    },
    {
      "Date": 20221222, 
      "Value" : 10.350000
    },
    {
      "Date": 20230726, 
      "Value" : 14.870000
    }
  ]
}