{
  "Color": "rgb(244, 55, 244)", 
  "Point": [
    {
      "Date": 20211112, 
      "Value" : 59.200001
    },
    {
      "Date": 20240208, 
      "Value" : 16.250000
    },
    {
      "Date": 20250514, 
      "Value" : 32.279999
    }
  ]
}