{
  "Color": "rgb(244, 55, 244)", 
  "Point": [
    {
      "Date": 20210628, 
      "Value" : 48.200001
    },
    {
      "Date": 20240206, 
      "Value" : 13.100000
    }
  ]
}