{
  "Color": "rgb(244, 55, 244)", 
  "Point": [
    {
      "Date": 20210902, 
      "Value" : 76.199997
    },
    {
      "Date": 20231023, 
      "Value" : 23.309999
    }
  ]
}