{
  "Color": "rgb(244, 55, 244)", 
  "Point": [
    {
      "Date": 20211026, 
      "Value" : 68.849998
    },
    {
      "Date": 20240205, 
      "Value" : 23.700001
    },
    {
      "Date": 20241008, 
      "Value" : 46.900002
    }
  ]
}