{
  "Color": "rgb(244, 55, 244)", 
  "Point": [
    {
      "Date": 20211116, 
      "Value" : 25.430000
    },
    {
      "Date": 20230425, 
      "Value" : 8.980000
    }
  ]
}