{
  "Color": "rgb(244, 55, 244)", 
  "Point": [
    {
      "Date": 20210528, 
      "Value" : 68.550003
    },
    {
      "Date": 20240208, 
      "Value" : 13.250000
    }
  ]
}