{
  "Color": "rgb(244, 55, 244)", 
  "Point": [
    {
      "Date": 20210616, 
      "Value" : 30.830000
    },
    {
      "Date": 20240208, 
      "Value" : 8.020000
    },
    {
      "Date": 20241011, 
      "Value" : 17.760000
    }
  ]
}