{
  "Color": "rgb(244, 55, 244)", 
  "Point": [
    {
      "Date": 20210628, 
      "Value" : 38.150002
    },
    {
      "Date": 20221012, 
      "Value" : 9.910000
    }
  ]
}