{
  "Color": "rgb(244, 55, 244)", 
  "Point": [
    {
      "Date": 20211029, 
      "Value" : 9.860000
    },
    {
      "Date": 20220118, 
      "Value" : 23.780001
    },
    {
      "Date": 20231023, 
      "Value" : 11.530000
    }
  ]
}