{
  "Color": "rgb(244, 55, 244)", 
  "Point": [
    {
      "Date": 20210924, 
      "Value" : 50.220001
    },
    {
      "Date": 20220817, 
      "Value" : 128.000000
    },
    {
      "Date": 20240923, 
      "Value" : 21.639999
    }
  ]
}