{
  "Color": "rgb(244, 55, 244)", 
  "Point": [
    {
      "Date": 20211125, 
      "Value" : 34.450001
    },
    {
      "Date": 20240208, 
      "Value" : 7.660000
    },
    {
      "Date": 20250326, 
      "Value" : 38.799999
    }
  ]
}