{
  "Color": "rgb(244, 55, 244)", 
  "Point": [
    {
      "Date": 20210723, 
      "Value" : 81.519997
    },
    {
      "Date": 20240205, 
      "Value" : 16.010000
    }
  ]
}