{
  "Color": "rgb(244, 55, 244)", 
  "Point": [
    {
      "Date": 20210601, 
      "Value" : 45.860001
    },
    {
      "Date": 20211103, 
      "Value" : 26.980000
    },
    {
      "Date": 20220331, 
      "Value" : 49.959999
    },
    {
      "Date": 20240206, 
      "Value" : 13.800000
    }
  ]
}