{
  "Color": "rgb(244, 55, 244)", 
  "Point": [
    {
      "Date": 20210903, 
      "Value" : 22.940001
    },
    {
      "Date": 20240206, 
      "Value" : 6.940000
    },
    {
      "Date": 20241010, 
      "Value" : 11.190000
    }
  ]
}