{
  "Color": "rgb(244, 55, 244)", 
  "Point": [
    {
      "Date": 20220307, 
      "Value" : 27.160000
    },
    {
      "Date": 20230829, 
      "Value" : 9.510000
    }
  ]
}