{
  "Color": "rgb(244, 55, 244)", 
  "Point": [
    {
      "Date": 20210811, 
      "Value" : 47.279999
    },
    {
      "Date": 20220427, 
      "Value" : 20.410000
    }
  ]
}