{
  "Color": "rgb(244, 55, 244)", 
  "Point": [
    {
      "Date": 20210906, 
      "Value" : 37.910000
    },
    {
      "Date": 20221011, 
      "Value" : 12.950000
    },
    {
      "Date": 20230223, 
      "Value" : 16.020000
    },
    {
      "Date": 20240208, 
      "Value" : 7.700000
    }
  ]
}