{
  "Color": "rgb(244, 55, 244)", 
  "Point": [
    {
      "Date": 20210923, 
      "Value" : 54.650002
    },
    {
      "Date": 20240206, 
      "Value" : 17.690001
    },
    {
      "Date": 20241009, 
      "Value" : 66.669998
    }
  ]
}