{
  "Color": "rgb(244, 55, 244)", 
  "Point": [
    {
      "Date": 20210902, 
      "Value" : 75.900002
    },
    {
      "Date": 20240206, 
      "Value" : 16.910000
    },
    {
      "Date": 20241008, 
      "Value" : 26.290001
    }
  ]
}