{
  "Color": "rgb(244, 55, 244)", 
  "Point": [
    {
      "Date": 20210903, 
      "Value" : 22.990000
    },
    {
      "Date": 20221011, 
      "Value" : 7.800000
    },
    {
      "Date": 20230509, 
      "Value" : 15.700000
    },
    {
      "Date": 20231211, 
      "Value" : 10.160000
    }
  ]
}