{
  "Color": "rgb(244, 55, 244)", 
  "Point": [
    {
      "Date": 20210907, 
      "Value" : 48.820000
    },
    {
      "Date": 20240206, 
      "Value" : 11.800000
    }
  ]
}