{
  "Color": "rgb(244, 55, 244)", 
  "Point": [
    {
      "Date": 20211130, 
      "Value" : 168.139999
    },
    {
      "Date": 20240709, 
      "Value" : 31.709999
    }
  ]
}