{
  "Color": "rgb(244, 55, 244)", 
  "Point": [
    {
      "Date": 20211101, 
      "Value" : 10.820000
    },
    {
      "Date": 20221104, 
      "Value" : 58.029999
    },
    {
      "Date": 20240206, 
      "Value" : 13.900000
    }
  ]
}