{
  "Color": "rgb(244, 55, 244)", 
  "Point": [
    {
      "Date": 20220427, 
      "Value" : 71.949997
    },
    {
      "Date": 20220823, 
      "Value" : 212.899994
    },
    {
      "Date": 20231023, 
      "Value" : 104.050003
    }
  ]
}