{
  "Color": "rgb(244, 55, 244)", 
  "Point": [
    {
      "Date": 20210902, 
      "Value" : 170.580002
    },
    {
      "Date": 20240206, 
      "Value" : 38.650002
    }
  ]
}