{
  "Color": "rgb(244, 55, 244)", 
  "Point": [
    {
      "Date": 20210930, 
      "Value" : 45.230000
    },
    {
      "Date": 20240208, 
      "Value" : 10.910000
    }
  ]
}