{
  "Color": "rgb(244, 55, 244)", 
  "Point": [
    {
      "Date": 20220307, 
      "Value" : 27.160000
    },
    {
      "Date": 20231221, 
      "Value" : 7.930000
    }
  ]
}