{
  "Color": "rgb(244, 55, 244)", 
  "Point": [
    {
      "Date": 20211026, 
      "Value" : 70.650002
    },
    {
      "Date": 20221012, 
      "Value" : 28.770000
    },
    {
      "Date": 20230531, 
      "Value" : 52.549999
    }
  ]
}