{
  "Color": "rgb(244, 55, 244)", 
  "Point": [
    {
      "Date": 20211229, 
      "Value" : 134.130005
    },
    {
      "Date": 20240208, 
      "Value" : 23.110001
    }
  ]
}