{
  "Color": "rgb(244, 55, 244)", 
  "Point": [
    {
      "Date": 20221011, 
      "Value" : 15.380000
    },
    {
      "Date": 20230403, 
      "Value" : 33.660000
    },
    {
      "Date": 20230712, 
      "Value" : 20.580000
    }
  ]
}