{
  "Color": "rgb(244, 55, 244)", 
  "Point": [
    {
      "Date": 20220128, 
      "Value" : 57.080002
    },
    {
      "Date": 20240208, 
      "Value" : 22.930000
    }
  ]
}