{
  "Color": "rgb(244, 55, 244)", 
  "Point": [
    {
      "Date": 20230309, 
      "Value" : 89.690002
    },
    {
      "Date": 20231221, 
      "Value" : 41.119999
    }
  ]
}