{
  "Color": "rgb(244, 55, 244)", 
  "Point": [
    {
      "Date": 20220425, 
      "Value" : 34.400002
    },
    {
      "Date": 20240206, 
      "Value" : 10.270000
    },
    {
      "Date": 20241023, 
      "Value" : 28.490000
    }
  ]
}