{
  "Color": "rgb(244, 55, 244)", 
  "Point": [
    {
      "Date": 20220819, 
      "Value" : 87.059998
    },
    {
      "Date": 20240206, 
      "Value" : 13.810000
    },
    {
      "Date": 20250227, 
      "Value" : 53.430000
    }
  ]
}