{
  "Color": "rgb(244, 55, 244)", 
  "Point": [
    {
      "Date": 20220509, 
      "Value" : 68.269997
    },
    {
      "Date": 20240207, 
      "Value" : 12.620000
    }
  ]
}