{
  "Color": "rgb(244, 55, 244)", 
  "Point": [
    {
      "Date": 20220829, 
      "Value" : 81.699997
    },
    {
      "Date": 20240606, 
      "Value" : 20.700001
    },
    {
      "Date": 20241025, 
      "Value" : 41.200001
    }
  ]
}