{
  "Color": "rgb(244, 55, 244)", 
  "Point": [
    {
      "Date": 20220413, 
      "Value" : 21.070000
    },
    {
      "Date": 20221011, 
      "Value" : 13.970000
    },
    {
      "Date": 20230309, 
      "Value" : 17.690001
    },
    {
      "Date": 20240206, 
      "Value" : 12.530000
    }
  ]
}