{
  "Color": "rgb(244, 55, 244)", 
  "Point": [
    {
      "Date": 20220621, 
      "Value" : 29.330000
    },
    {
      "Date": 20230425, 
      "Value" : 14.710000
    },
    {
      "Date": 20230829, 
      "Value" : 21.200001
    }
  ]
}