{
  "Color": "rgb(244, 55, 244)", 
  "Point": [
    {
      "Date": 20211123, 
      "Value" : 48.200001
    },
    {
      "Date": 20240208, 
      "Value" : 12.320000
    }
  ]
}