{
  "Color": "rgb(244, 55, 244)", 
  "Point": [
    {
      "Date": 20220427, 
      "Value" : 8.390000
    },
    {
      "Date": 20220725, 
      "Value" : 23.709999
    },
    {
      "Date": 20231023, 
      "Value" : 10.900000
    }
  ]
}