{
  "Color": "rgb(244, 55, 244)", 
  "Point": [
    {
      "Date": 20220831, 
      "Value" : 38.849998
    },
    {
      "Date": 20240823, 
      "Value" : 11.670000
    }
  ]
}