{
  "Color": "rgb(244, 55, 244)", 
  "Point": [
    {
      "Date": 20220526, 
      "Value" : 11.980000
    },
    {
      "Date": 20230407, 
      "Value" : 52.279999
    },
    {
      "Date": 20240903, 
      "Value" : 16.570000
    }
  ]
}