{
  "Color": "rgb(244, 55, 244)", 
  "Point": [
    {
      "Date": 20230705, 
      "Value" : 45.639999
    },
    {
      "Date": 20240206, 
      "Value" : 16.420000
    }
  ]
}