{
  "Color": "rgb(244, 55, 244)", 
  "Point": [
    {
      "Date": 20211223, 
      "Value" : 68.500000
    },
    {
      "Date": 20220427, 
      "Value" : 24.700001
    },
    {
      "Date": 20230712, 
      "Value" : 51.880001
    }
  ]
}