{
  "Color": "rgb(244, 55, 244)", 
  "Point": [
    {
      "Date": 20220304, 
      "Value" : 46.090000
    },
    {
      "Date": 20230117, 
      "Value" : 14.990000
    }
  ]
}