{
  "Color": "rgb(244, 55, 244)", 
  "Point": [
    {
      "Date": 20220812, 
      "Value" : 39.349998
    },
    {
      "Date": 20240208, 
      "Value" : 8.780000
    },
    {
      "Date": 20250123, 
      "Value" : 24.730000
    },
    {
      "Date": 20250418, 
      "Value" : 16.860001
    }
  ]
}