{
  "Color": "rgb(244, 55, 244)", 
  "Point": [
    {
      "Date": 20220811, 
      "Value" : 58.320000
    },
    {
      "Date": 20240206, 
      "Value" : 25.379999
    }
  ]
}