{
  "Color": "rgb(244, 55, 244)", 
  "Point": [
    {
      "Date": 20220328, 
      "Value" : 26.570000
    },
    {
      "Date": 20220426, 
      "Value" : 16.139999
    },
    {
      "Date": 20230620, 
      "Value" : 31.240000
    },
    {
      "Date": 20240206, 
      "Value" : 10.180000
    }
  ]
}