{
  "Color": "rgb(244, 55, 244)", 
  "Point": [
    {
      "Date": 20211224, 
      "Value" : 43.700001
    },
    {
      "Date": 20230425, 
      "Value" : 16.740000
    }
  ]
}