{
  "Color": "rgb(244, 55, 244)", 
  "Point": [
    {
      "Date": 20220411, 
      "Value" : 29.639999
    },
    {
      "Date": 20230425, 
      "Value" : 15.340000
    },
    {
      "Date": 20231027, 
      "Value" : 31.129999
    }
  ]
}