{
  "Color": "rgb(244, 55, 244)", 
  "Point": [
    {
      "Date": 20220111, 
      "Value" : 62.700001
    },
    {
      "Date": 20220427, 
      "Value" : 30.740000
    }
  ]
}