{
  "Color": "rgb(244, 55, 244)", 
  "Point": [
    {
      "Date": 20211230, 
      "Value" : 17.129999
    },
    {
      "Date": 20240208, 
      "Value" : 4.820000
    },
    {
      "Date": 20241211, 
      "Value" : 21.270000
    }
  ]
}