{
  "Color": "rgb(244, 55, 244)", 
  "Point": [
    {
      "Date": 20220308, 
      "Value" : 36.740002
    },
    {
      "Date": 20240208, 
      "Value" : 6.570000
    },
    {
      "Date": 20241029, 
      "Value" : 13.770000
    },
    {
      "Date": 20250409, 
      "Value" : 8.710000
    }
  ]
}