{
  "Color": "rgb(244, 55, 244)", 
  "Point": [
    {
      "Date": 20220304, 
      "Value" : 45.660000
    },
    {
      "Date": 20240206, 
      "Value" : 8.730000
    },
    {
      "Date": 20250325, 
      "Value" : 23.080000
    }
  ]
}