{
  "Color": "rgb(244, 55, 244)", 
  "Point": [
    {
      "Date": 20220427, 
      "Value" : 25.660000
    },
    {
      "Date": 20221103, 
      "Value" : 89.709999
    },
    {
      "Date": 20240710, 
      "Value" : 24.459999
    }
  ]
}