{
  "Color": "rgb(244, 55, 244)", 
  "Point": [
    {
      "Date": 20211112, 
      "Value" : 62.959999
    },
    {
      "Date": 20240207, 
      "Value" : 14.100000
    },
    {
      "Date": 20241011, 
      "Value" : 36.660000
    }
  ]
}