{
  "Color": "rgb(244, 55, 244)", 
  "Point": [
    {
      "Date": 20211230, 
      "Value" : 67.839996
    },
    {
      "Date": 20240206, 
      "Value" : 14.900000
    },
    {
      "Date": 20240620, 
      "Value" : 29.219999
    },
    {
      "Date": 20250409, 
      "Value" : 18.389999
    }
  ]
}