{
  "Color": "rgb(244, 55, 244)", 
  "Point": [
    {
      "Date": 20220808, 
      "Value" : 43.980000
    },
    {
      "Date": 20230829, 
      "Value" : 19.330000
    }
  ]
}