{
  "Color": "rgb(244, 55, 244)", 
  "Point": [
    {
      "Date": 20220125, 
      "Value" : 57.200001
    },
    {
      "Date": 20220427, 
      "Value" : 19.799999
    }
  ]
}