{
  "Color": "rgb(244, 55, 244)", 
  "Point": [
    {
      "Date": 20220427, 
      "Value" : 8.330000
    },
    {
      "Date": 20220725, 
      "Value" : 23.660000
    },
    {
      "Date": 20240208, 
      "Value" : 6.510000
    }
  ]
}