{
  "Color": "rgb(244, 55, 244)", 
  "Point": [
    {
      "Date": 20220526, 
      "Value" : 12.150000
    },
    {
      "Date": 20230407, 
      "Value" : 52.450001
    },
    {
      "Date": 20240903, 
      "Value" : 16.750000
    }
  ]
}