{
  "Color": "rgb(244, 55, 244)", 
  "Point": [
    {
      "Date": 20230726, 
      "Value" : 42.150002
    },
    {
      "Date": 20230728, 
      "Value" : 54.570000
    }
  ]
}