{
  "Color": "rgb(244, 55, 244)", 
  "Point": [
    {
      "Date": 20220307, 
      "Value" : 89.349998
    },
    {
      "Date": 20240208, 
      "Value" : 14.940000
    }
  ]
}