{
  "Color": "rgb(244, 55, 244)", 
  "Point": [
    {
      "Date": 20211201, 
      "Value" : 32.480000
    },
    {
      "Date": 20240828, 
      "Value" : 10.810000
    }
  ]
}