{
  "Color": "rgb(244, 55, 244)", 
  "Point": [
    {
      "Date": 20220427, 
      "Value" : 25.830000
    },
    {
      "Date": 20221103, 
      "Value" : 89.879997
    },
    {
      "Date": 20230922, 
      "Value" : 39.410000
    }
  ]
}