{
  "Color": "rgb(244, 55, 244)", 
  "Point": [
    {
      "Date": 20211230, 
      "Value" : 67.839996
    },
    {
      "Date": 20240206, 
      "Value" : 14.900000
    }
  ]
}