{
  "Color": "rgb(244, 55, 244)", 
  "Point": [
    {
      "Date": 20211123, 
      "Value" : 48.200001
    },
    {
      "Date": 20220427, 
      "Value" : 16.940001
    },
    {
      "Date": 20230728, 
      "Value" : 34.570000
    }
  ]
}