{
  "Color": "rgb(244, 55, 244)", 
  "Point": [
    {
      "Date": 20220819, 
      "Value" : 122.089996
    },
    {
      "Date": 20240206, 
      "Value" : 19.530001
    },
    {
      "Date": 20241031, 
      "Value" : 54.970001
    }
  ]
}