{
  "Color": "rgb(244, 55, 244)", 
  "Point": [
    {
      "Date": 20211207, 
      "Value" : 44.770000
    },
    {
      "Date": 20240208, 
      "Value" : 13.240000
    },
    {
      "Date": 20241028, 
      "Value" : 29.799999
    }
  ]
}