{
  "Color": "rgb(244, 55, 244)", 
  "Point": [
    {
      "Date": 20211110, 
      "Value" : 78.800003
    },
    {
      "Date": 20240208, 
      "Value" : 22.309999
    }
  ]
}