{
  "Color": "rgb(244, 55, 244)", 
  "Point": [
    {
      "Date": 20220526, 
      "Value" : 22.879999
    },
    {
      "Date": 20230407, 
      "Value" : 95.419998
    },
    {
      "Date": 20231030, 
      "Value" : 55.000000
    }
  ]
}