{
  "Color": "rgb(244, 55, 244)", 
  "Point": [
    {
      "Date": 20220322, 
      "Value" : 43.220001
    },
    {
      "Date": 20221012, 
      "Value" : 23.590000
    },
    {
      "Date": 20230605, 
      "Value" : 48.380001
    },
    {
      "Date": 20250409, 
      "Value" : 16.240000
    }
  ]
}