{
  "Color": "rgb(244, 55, 244)", 
  "Point": [
    {
      "Date": 20220307, 
      "Value" : 89.610001
    },
    {
      "Date": 20240208, 
      "Value" : 15.200000
    }
  ]
}