{
  "Color": "rgb(244, 55, 244)", 
  "Point": [
    {
      "Date": 20211229, 
      "Value" : 134.600006
    },
    {
      "Date": 20230825, 
      "Value" : 37.330002
    }
  ]
}