{
  "Color": "rgb(244, 55, 244)", 
  "Point": [
    {
      "Date": 20220810, 
      "Value" : 50.160000
    },
    {
      "Date": 20221011, 
      "Value" : 23.570000
    },
    {
      "Date": 20230719, 
      "Value" : 37.990002
    },
    {
      "Date": 20240208, 
      "Value" : 14.400000
    }
  ]
}