{
  "Color": "rgb(244, 55, 244)", 
  "Point": [
    {
      "Date": 20211129, 
      "Value" : 51.599998
    },
    {
      "Date": 20220427, 
      "Value" : 23.719999
    },
    {
      "Date": 20230220, 
      "Value" : 51.009998
    }
  ]
}