{
  "Color": "rgb(244, 55, 244)", 
  "Point": [
    {
      "Date": 20231024, 
      "Value" : 66.459999
    },
    {
      "Date": 20240206, 
      "Value" : 24.100000
    }
  ]
}