{
  "Color": "rgb(244, 55, 244)", 
  "Point": [
    {
      "Date": 20220811, 
      "Value" : 59.330002
    },
    {
      "Date": 20240206, 
      "Value" : 26.389999
    }
  ]
}