{
  "Color": "rgb(244, 55, 244)", 
  "Point": [
    {
      "Date": 20211215, 
      "Value" : 124.400002
    },
    {
      "Date": 20221229, 
      "Value" : 22.639999
    },
    {
      "Date": 20230704, 
      "Value" : 44.810001
    },
    {
      "Date": 20240208, 
      "Value" : 14.060000
    }
  ]
}