{
  "Color": "rgb(244, 55, 244)", 
  "Point": [
    {
      "Date": 20211215, 
      "Value" : 27.870001
    },
    {
      "Date": 20240205, 
      "Value" : 11.160000
    },
    {
      "Date": 20240528, 
      "Value" : 20.530001
    }
  ]
}