{
  "Color": "rgb(244, 55, 244)", 
  "Point": [
    {
      "Date": 20220819, 
      "Value" : 68.870003
    },
    {
      "Date": 20240709, 
      "Value" : 17.530001
    }
  ]
}