{
  "Color": "rgb(244, 55, 244)", 
  "Point": [
    {
      "Date": 20220128, 
      "Value" : 40.490002
    },
    {
      "Date": 20240208, 
      "Value" : 16.090000
    },
    {
      "Date": 20240603, 
      "Value" : 38.880001
    }
  ]
}