{
  "Color": "rgb(244, 55, 244)", 
  "Point": [
    {
      "Date": 20220608, 
      "Value" : 19.809999
    },
    {
      "Date": 20240208, 
      "Value" : 5.640000
    },
    {
      "Date": 20241213, 
      "Value" : 16.230000
    }
  ]
}