{
  "Color": "rgb(244, 55, 244)", 
  "Point": [
    {
      "Date": 20211202, 
      "Value" : 35.169998
    },
    {
      "Date": 20220427, 
      "Value" : 11.710000
    },
    {
      "Date": 20230224, 
      "Value" : 22.910000
    },
    {
      "Date": 20231221, 
      "Value" : 11.690000
    }
  ]
}