{
  "Color": "rgb(244, 55, 244)", 
  "Point": [
    {
      "Date": 20211230, 
      "Value" : 24.290001
    },
    {
      "Date": 20231023, 
      "Value" : 8.960000
    }
  ]
}