{
  "Color": "rgb(244, 55, 244)", 
  "Point": [
    {
      "Date": 20220314, 
      "Value" : 87.330002
    },
    {
      "Date": 20230425, 
      "Value" : 33.610001
    }
  ]
}