{
  "Color": "rgb(244, 55, 244)", 
  "Point": [
    {
      "Date": 20220111, 
      "Value" : 61.799999
    },
    {
      "Date": 20240206, 
      "Value" : 21.600000
    }
  ]
}