{
  "Color": "rgb(244, 55, 244)", 
  "Point": [
    {
      "Date": 20220322, 
      "Value" : 28.360001
    },
    {
      "Date": 20240208, 
      "Value" : 10.570000
    }
  ]
}