{
  "Color": "rgb(244, 55, 244)", 
  "Point": [
    {
      "Date": 20220111, 
      "Value" : 61.299999
    },
    {
      "Date": 20240206, 
      "Value" : 21.100000
    },
    {
      "Date": 20250507, 
      "Value" : 73.000000
    }
  ]
}