{
  "Color": "rgb(244, 55, 244)", 
  "Point": [
    {
      "Date": 20220427, 
      "Value" : 16.719999
    },
    {
      "Date": 20220809, 
      "Value" : 47.029999
    },
    {
      "Date": 20240208, 
      "Value" : 14.970000
    },
    {
      "Date": 20250226, 
      "Value" : 28.860001
    }
  ]
}