{
  "Color": "rgb(244, 55, 244)", 
  "Point": [
    {
      "Date": 20220812, 
      "Value" : 39.799999
    },
    {
      "Date": 20230425, 
      "Value" : 16.420000
    }
  ]
}