{
  "Color": "rgb(244, 55, 244)", 
  "Point": [
    {
      "Date": 20220120, 
      "Value" : 77.470001
    },
    {
      "Date": 20221011, 
      "Value" : 25.750000
    },
    {
      "Date": 20230830, 
      "Value" : 79.150002
    }
  ]
}