{
  "Color": "rgb(244, 55, 244)", 
  "Point": [
    {
      "Date": 20220524, 
      "Value" : 59.480000
    },
    {
      "Date": 20221223, 
      "Value" : 25.670000
    },
    {
      "Date": 20230714, 
      "Value" : 39.330002
    },
    {
      "Date": 20240207, 
      "Value" : 15.470000
    }
  ]
}