{
  "Color": "rgb(244, 55, 244)", 
  "Point": [
    {
      "Date": 20220307, 
      "Value" : 89.610001
    },
    {
      "Date": 20230425, 
      "Value" : 25.790001
    },
    {
      "Date": 20230816, 
      "Value" : 33.500000
    }
  ]
}