{
  "Color": "rgb(244, 55, 244)", 
  "Point": [
    {
      "Date": 20220526, 
      "Value" : 80.099998
    },
    {
      "Date": 20220926, 
      "Value" : 50.080002
    },
    {
      "Date": 20230621, 
      "Value" : 128.380005
    }
  ]
}