{
  "Color": "rgb(244, 55, 244)", 
  "Point": [
    {
      "Date": 20211119, 
      "Value" : 33.500000
    },
    {
      "Date": 20221010, 
      "Value" : 13.920000
    },
    {
      "Date": 20230620, 
      "Value" : 40.709999
    },
    {
      "Date": 20240206, 
      "Value" : 11.570000
    }
  ]
}