{
  "Color": "rgb(244, 55, 244)", 
  "Point": [
    {
      "Date": 20220125, 
      "Value" : 57.099998
    },
    {
      "Date": 20240206, 
      "Value" : 11.000000
    },
    {
      "Date": 20241008, 
      "Value" : 23.320000
    }
  ]
}