{
  "Color": "rgb(244, 55, 244)", 
  "Point": [
    {
      "Date": 20211112, 
      "Value" : 63.060001
    },
    {
      "Date": 20240207, 
      "Value" : 14.200000
    }
  ]
}