{
  "Color": "rgb(244, 55, 244)", 
  "Point": [
    {
      "Date": 20211201, 
      "Value" : 32.480000
    },
    {
      "Date": 20231023, 
      "Value" : 11.580000
    },
    {
      "Date": 20240516, 
      "Value" : 19.290001
    }
  ]
}