{
  "Color": "rgb(244, 55, 244)", 
  "Point": [
    {
      "Date": 20220524, 
      "Value" : 47.880001
    },
    {
      "Date": 20221011, 
      "Value" : 21.790001
    },
    {
      "Date": 20230707, 
      "Value" : 83.540001
    },
    {
      "Date": 20231219, 
      "Value" : 41.500000
    }
  ]
}