{
  "Color": "rgb(244, 55, 244)", 
  "Point": [
    {
      "Date": 20220708, 
      "Value" : 43.360001
    },
    {
      "Date": 20221011, 
      "Value" : 24.610001
    },
    {
      "Date": 20230324, 
      "Value" : 31.209999
    }
  ]
}