{
  "Color": "rgb(244, 55, 244)", 
  "Point": [
    {
      "Date": 20211119, 
      "Value" : 33.700001
    },
    {
      "Date": 20221010, 
      "Value" : 14.120000
    },
    {
      "Date": 20230620, 
      "Value" : 40.910000
    },
    {
      "Date": 20240206, 
      "Value" : 11.770000
    }
  ]
}