{
  "Color": "rgb(244, 55, 244)", 
  "Point": [
    {
      "Date": 20211217, 
      "Value" : 78.400002
    },
    {
      "Date": 20240208, 
      "Value" : 11.060000
    }
  ]
}