{
  "Color": "rgb(244, 55, 244)", 
  "Point": [
    {
      "Date": 20220118, 
      "Value" : 38.119999
    },
    {
      "Date": 20240208, 
      "Value" : 7.170000
    },
    {
      "Date": 20241211, 
      "Value" : 16.770000
    }
  ]
}