{
  "Color": "rgb(244, 55, 244)", 
  "Point": [
    {
      "Date": 20211230, 
      "Value" : 24.290001
    },
    {
      "Date": 20221230, 
      "Value" : 9.330000
    },
    {
      "Date": 20230828, 
      "Value" : 11.400000
    }
  ]
}