{
  "Color": "rgb(244, 55, 244)", 
  "Point": [
    {
      "Date": 20221230, 
      "Value" : 41.980000
    },
    {
      "Date": 20230425, 
      "Value" : 31.200001
    }
  ]
}