{
  "Color": "rgb(244, 55, 244)", 
  "Point": [
    {
      "Date": 20211223, 
      "Value" : 68.099998
    },
    {
      "Date": 20220427, 
      "Value" : 24.299999
    },
    {
      "Date": 20230712, 
      "Value" : 51.480000
    }
  ]
}