{
  "Color": "rgb(244, 55, 244)", 
  "Point": [
    {
      "Date": 20220718, 
      "Value" : 10.330000
    },
    {
      "Date": 20221031, 
      "Value" : 5.620000
    },
    {
      "Date": 20230510, 
      "Value" : 7.400000
    }
  ]
}