{
  "Color": "rgb(244, 55, 244)", 
  "Point": [
    {
      "Date": 20211202, 
      "Value" : 35.049999
    },
    {
      "Date": 20220427, 
      "Value" : 11.590000
    },
    {
      "Date": 20230224, 
      "Value" : 22.790001
    },
    {
      "Date": 20240208, 
      "Value" : 5.730000
    }
  ]
}