{
  "Color": "rgb(244, 55, 244)", 
  "Point": [
    {
      "Date": 20220524, 
      "Value" : 59.080002
    },
    {
      "Date": 20221223, 
      "Value" : 25.270000
    },
    {
      "Date": 20230714, 
      "Value" : 38.930000
    },
    {
      "Date": 20240207, 
      "Value" : 15.070000
    }
  ]
}