{
  "Color": "rgb(244, 55, 244)", 
  "Point": [
    {
      "Date": 20220427, 
      "Value" : 17.370001
    },
    {
      "Date": 20220809, 
      "Value" : 47.680000
    },
    {
      "Date": 20230608, 
      "Value" : 25.250000
    }
  ]
}