{
  "Color": "rgb(244, 55, 244)", 
  "Point": [
    {
      "Date": 20220118, 
      "Value" : 38.200001
    },
    {
      "Date": 20240208, 
      "Value" : 7.250000
    },
    {
      "Date": 20241010, 
      "Value" : 12.990000
    }
  ]
}