{
  "Color": "rgb(244, 55, 244)", 
  "Point": [
    {
      "Date": 20220928, 
      "Value" : 23.490000
    },
    {
      "Date": 20230515, 
      "Value" : 15.270000
    }
  ]
}