{
  "Color": "rgb(244, 55, 244)", 
  "Point": [
    {
      "Date": 20220427, 
      "Value" : 25.580000
    },
    {
      "Date": 20221103, 
      "Value" : 89.629997
    },
    {
      "Date": 20240826, 
      "Value" : 23.250000
    }
  ]
}