{
  "Color": "rgb(244, 55, 244)", 
  "Point": [
    {
      "Date": 20220831, 
      "Value" : 39.200001
    },
    {
      "Date": 20240205, 
      "Value" : 13.510000
    }
  ]
}