{
  "Color": "rgb(244, 55, 244)", 
  "Point": [
    {
      "Date": 20211217, 
      "Value" : 65.029999
    },
    {
      "Date": 20240206, 
      "Value" : 10.610000
    }
  ]
}