{
  "Color": "rgb(244, 55, 244)", 
  "Point": [
    {
      "Date": 20220819, 
      "Value" : 122.389999
    },
    {
      "Date": 20240206, 
      "Value" : 19.830000
    }
  ]
}