{
  "Color": "rgb(244, 55, 244)", 
  "Point": [
    {
      "Date": 20220113, 
      "Value" : 72.059998
    },
    {
      "Date": 20221011, 
      "Value" : 22.090000
    },
    {
      "Date": 20230413, 
      "Value" : 47.230000
    }
  ]
}