{
  "Color": "rgb(244, 55, 244)", 
  "Point": [
    {
      "Date": 20211216, 
      "Value" : 66.339996
    },
    {
      "Date": 20240208, 
      "Value" : 11.200000
    }
  ]
}