{
  "Color": "rgb(244, 55, 244)", 
  "Point": [
    {
      "Date": 20220630, 
      "Value" : 62.980000
    },
    {
      "Date": 20221031, 
      "Value" : 27.410000
    }
  ]
}