{
  "Color": "rgb(244, 55, 244)", 
  "Point": [
    {
      "Date": 20220819, 
      "Value" : 69.269997
    },
    {
      "Date": 20240206, 
      "Value" : 18.930000
    }
  ]
}