{
  "Color": "rgb(244, 55, 244)", 
  "Point": [
    {
      "Date": 20220425, 
      "Value" : 34.900002
    },
    {
      "Date": 20240206, 
      "Value" : 10.770000
    },
    {
      "Date": 20240711, 
      "Value" : 26.040001
    }
  ]
}