{
  "Color": "rgb(244, 55, 244)", 
  "Point": [
    {
      "Date": 20211129, 
      "Value" : 51.599998
    },
    {
      "Date": 20240208, 
      "Value" : 11.660000
    }
  ]
}