{
  "Color": "rgb(244, 55, 244)", 
  "Point": [
    {
      "Date": 20220509, 
      "Value" : 68.269997
    },
    {
      "Date": 20221223, 
      "Value" : 25.629999
    },
    {
      "Date": 20230707, 
      "Value" : 35.840000
    }
  ]
}