{
  "Color": "rgb(244, 55, 244)", 
  "Point": [
    {
      "Date": 20220425, 
      "Value" : 35.730000
    },
    {
      "Date": 20240206, 
      "Value" : 11.600000
    }
  ]
}