{
  "Color": "rgb(244, 55, 244)", 
  "Point": [
    {
      "Date": 20211222, 
      "Value" : 88.099998
    },
    {
      "Date": 20230425, 
      "Value" : 22.799999
    }
  ]
}