{
  "Color": "rgb(244, 55, 244)", 
  "Point": [
    {
      "Date": 20220630, 
      "Value" : 62.860001
    },
    {
      "Date": 20240206, 
      "Value" : 15.180000
    }
  ]
}