{
  "Color": "rgb(244, 55, 244)", 
  "Point": [
    {
      "Date": 20220304, 
      "Value" : 45.779999
    },
    {
      "Date": 20240206, 
      "Value" : 8.850000
    }
  ]
}