{
  "Color": "rgb(244, 55, 244)", 
  "Point": [
    {
      "Date": 20220829, 
      "Value" : 81.699997
    },
    {
      "Date": 20231026, 
      "Value" : 29.010000
    }
  ]
}