{
  "Color": "rgb(244, 55, 244)", 
  "Point": [
    {
      "Date": 20220314, 
      "Value" : 87.330002
    },
    {
      "Date": 20240208, 
      "Value" : 25.700001
    }
  ]
}