{
  "Color": "rgb(244, 55, 244)", 
  "Point": [
    {
      "Date": 20220621, 
      "Value" : 29.330000
    },
    {
      "Date": 20240208, 
      "Value" : 9.440000
    }
  ]
}