{
  "Color": "rgb(244, 55, 244)", 
  "Point": [
    {
      "Date": 20220128, 
      "Value" : 57.080002
    },
    {
      "Date": 20220427, 
      "Value" : 25.139999
    },
    {
      "Date": 20231120, 
      "Value" : 45.099998
    }
  ]
}