{
  "Color": "rgb(244, 55, 244)", 
  "Point": [
    {
      "Date": 20221012, 
      "Value" : 40.730000
    },
    {
      "Date": 20230414, 
      "Value" : 61.799999
    },
    {
      "Date": 20231221, 
      "Value" : 38.299999
    }
  ]
}