{
  "Color": "rgb(244, 55, 244)", 
  "Point": [
    {
      "Date": 20231024, 
      "Value" : 66.360001
    },
    {
      "Date": 20250409, 
      "Value" : 21.280001
    }
  ]
}