{
  "Color": "rgb(244, 55, 244)", 
  "Point": [
    {
      "Date": 20211230, 
      "Value" : 17.230000
    },
    {
      "Date": 20240208, 
      "Value" : 4.920000
    }
  ]
}