{
  "Color": "rgb(244, 55, 244)", 
  "Point": [
    {
      "Date": 20211224, 
      "Value" : 43.549999
    },
    {
      "Date": 20240718, 
      "Value" : 12.010000
    },
    {
      "Date": 20250418, 
      "Value" : 24.799999
    }
  ]
}