{
  "Color": "rgb(244, 55, 244)", 
  "Point": [
    {
      "Date": 20211217, 
      "Value" : 64.959999
    },
    {
      "Date": 20240206, 
      "Value" : 10.540000
    }
  ]
}