{
  "Color": "rgb(244, 55, 244)", 
  "Point": [
    {
      "Date": 20211115, 
      "Value" : 30.790001
    },
    {
      "Date": 20240208, 
      "Value" : 7.910000
    }
  ]
}