{
  "Color": "rgb(244, 55, 244)", 
  "Point": [
    {
      "Date": 20230712, 
      "Value" : 85.059998
    },
    {
      "Date": 20240206, 
      "Value" : 30.360001
    }
  ]
}