{
  "Color": "rgb(244, 55, 244)", 
  "Point": [
    {
      "Date": 20211217, 
      "Value" : 64.959999
    },
    {
      "Date": 20240206, 
      "Value" : 10.540000
    },
    {
      "Date": 20241101, 
      "Value" : 23.900000
    },
    {
      "Date": 20250409, 
      "Value" : 13.030000
    }
  ]
}