{
  "Color": "rgb(244, 55, 244)", 
  "Point": [
    {
      "Date": 20211216, 
      "Value" : 51.169998
    },
    {
      "Date": 20220427, 
      "Value" : 17.950001
    }
  ]
}