{
  "Color": "rgb(244, 55, 244)", 
  "Point": [
    {
      "Date": 20211209, 
      "Value" : 26.959999
    },
    {
      "Date": 20220427, 
      "Value" : 12.530000
    },
    {
      "Date": 20220908, 
      "Value" : 26.590000
    },
    {
      "Date": 20240207, 
      "Value" : 11.600000
    }
  ]
}