{
  "Color": "rgb(244, 55, 244)", 
  "Point": [
    {
      "Date": 20211215, 
      "Value" : 39.570000
    },
    {
      "Date": 20240205, 
      "Value" : 16.180000
    }
  ]
}