{
  "Color": "rgb(244, 55, 244)", 
  "Point": [
    {
      "Date": 20211207, 
      "Value" : 44.840000
    },
    {
      "Date": 20220428, 
      "Value" : 16.620001
    }
  ]
}