{
  "Color": "rgb(244, 55, 244)", 
  "Point": [
    {
      "Date": 20211129, 
      "Value" : 51.450001
    },
    {
      "Date": 20240208, 
      "Value" : 11.510000
    },
    {
      "Date": 20241011, 
      "Value" : 31.309999
    }
  ]
}