{
  "Color": "rgb(244, 55, 244)", 
  "Point": [
    {
      "Date": 20220328, 
      "Value" : 18.879999
    },
    {
      "Date": 20220426, 
      "Value" : 11.430000
    },
    {
      "Date": 20230620, 
      "Value" : 22.219999
    },
    {
      "Date": 20240206, 
      "Value" : 7.170000
    }
  ]
}