{
  "Color": "rgb(244, 55, 244)", 
  "Point": [
    {
      "Date": 20211203, 
      "Value" : 96.330002
    },
    {
      "Date": 20221011, 
      "Value" : 30.600000
    }
  ]
}