{
  "Color": "rgb(244, 55, 244)", 
  "Point": [
    {
      "Date": 20220708, 
      "Value" : 43.299999
    },
    {
      "Date": 20221011, 
      "Value" : 24.549999
    },
    {
      "Date": 20231009, 
      "Value" : 43.299999
    }
  ]
}