{
  "Color": "rgb(244, 55, 244)", 
  "Point": [
    {
      "Date": 20220118, 
      "Value" : 99.250000
    },
    {
      "Date": 20240208, 
      "Value" : 20.719999
    },
    {
      "Date": 20241008, 
      "Value" : 40.500000
    }
  ]
}