{
  "Color": "rgb(244, 55, 244)", 
  "Point": [
    {
      "Date": 20211216, 
      "Value" : 66.239998
    },
    {
      "Date": 20240208, 
      "Value" : 11.100000
    }
  ]
}