{
  "Color": "rgb(244, 55, 244)", 
  "Point": [
    {
      "Date": 20220314, 
      "Value" : 86.959999
    },
    {
      "Date": 20240208, 
      "Value" : 25.330000
    },
    {
      "Date": 20250507, 
      "Value" : 52.000000
    }
  ]
}