{
  "Color": "rgb(244, 55, 244)", 
  "Point": [
    {
      "Date": 20220111, 
      "Value" : 62.700001
    },
    {
      "Date": 20240206, 
      "Value" : 22.500000
    }
  ]
}