{
  "Color": "rgb(244, 55, 244)", 
  "Point": [
    {
      "Date": 20220308, 
      "Value" : 36.779999
    },
    {
      "Date": 20240208, 
      "Value" : 6.610000
    }
  ]
}