{
  "Color": "rgb(244, 55, 244)", 
  "Point": [
    {
      "Date": 20211201, 
      "Value" : 32.580002
    },
    {
      "Date": 20230927, 
      "Value" : 12.320000
    }
  ]
}