{
  "Color": "rgb(244, 55, 244)", 
  "Point": [
    {
      "Date": 20220928, 
      "Value" : 23.490000
    },
    {
      "Date": 20240208, 
      "Value" : 7.400000
    },
    {
      "Date": 20240618, 
      "Value" : 33.090000
    },
    {
      "Date": 20250409, 
      "Value" : 12.510000
    }
  ]
}