{
  "Color": "rgb(244, 55, 244)", 
  "Point": [
    {
      "Date": 20220322, 
      "Value" : 28.360001
    },
    {
      "Date": 20221031, 
      "Value" : 12.910000
    },
    {
      "Date": 20230620, 
      "Value" : 18.510000
    }
  ]
}