{
  "Color": "rgb(244, 55, 244)", 
  "Point": [
    {
      "Date": 20220816, 
      "Value" : 61.619999
    },
    {
      "Date": 20240206, 
      "Value" : 13.340000
    }
  ]
}