{
  "Color": "rgb(244, 55, 244)", 
  "Point": [
    {
      "Date": 20211124, 
      "Value" : 179.279999
    },
    {
      "Date": 20220429, 
      "Value" : 48.500000
    }
  ]
}