{
  "Color": "rgb(244, 55, 244)", 
  "Point": [
    {
      "Date": 20220524, 
      "Value" : 48.000000
    },
    {
      "Date": 20221011, 
      "Value" : 21.910000
    },
    {
      "Date": 20230707, 
      "Value" : 83.660004
    }
  ]
}