{
  "Color": "rgb(244, 55, 244)", 
  "Point": [
    {
      "Date": 20211123, 
      "Value" : 48.000000
    },
    {
      "Date": 20240208, 
      "Value" : 12.120000
    },
    {
      "Date": 20250512, 
      "Value" : 54.380001
    }
  ]
}