{
  "Color": "rgb(244, 55, 244)", 
  "Point": [
    {
      "Date": 20220425, 
      "Value" : 33.980000
    },
    {
      "Date": 20240206, 
      "Value" : 9.850000
    },
    {
      "Date": 20250303, 
      "Value" : 48.330002
    }
  ]
}