{
  "Color": "rgb(244, 55, 244)", 
  "Point": [
    {
      "Date": 20211130, 
      "Value" : 58.209999
    },
    {
      "Date": 20240206, 
      "Value" : 15.860000
    }
  ]
}