{
  "Color": "rgb(244, 55, 244)", 
  "Point": [
    {
      "Date": 20211201, 
      "Value" : 32.580002
    },
    {
      "Date": 20231023, 
      "Value" : 11.680000
    }
  ]
}