{
  "Color": "rgb(244, 55, 244)", 
  "Point": [
    {
      "Date": 20211215, 
      "Value" : 176.500000
    },
    {
      "Date": 20240709, 
      "Value" : 17.600000
    }
  ]
}