{
  "Color": "rgb(244, 55, 244)", 
  "Point": [
    {
      "Date": 20211206, 
      "Value" : 34.590000
    },
    {
      "Date": 20221223, 
      "Value" : 15.640000
    },
    {
      "Date": 20230801, 
      "Value" : 21.490000
    },
    {
      "Date": 20240208, 
      "Value" : 8.510000
    }
  ]
}