{
  "Color": "rgb(244, 55, 244)", 
  "Point": [
    {
      "Date": 20220816, 
      "Value" : 61.619999
    },
    {
      "Date": 20240206, 
      "Value" : 13.340000
    },
    {
      "Date": 20241112, 
      "Value" : 27.850000
    },
    {
      "Date": 20250409, 
      "Value" : 15.610000
    }
  ]
}