{
  "Color": "rgb(244, 55, 244)", 
  "Point": [
    {
      "Date": 20211206, 
      "Value" : 34.590000
    },
    {
      "Date": 20231023, 
      "Value" : 15.220000
    }
  ]
}