{
  "Color": "rgb(244, 55, 244)", 
  "Point": [
    {
      "Date": 20220608, 
      "Value" : 27.760000
    },
    {
      "Date": 20240208, 
      "Value" : 7.920000
    }
  ]
}