{
  "Color": "rgb(244, 55, 244)", 
  "Point": [
    {
      "Date": 20220427, 
      "Value" : 16.870001
    },
    {
      "Date": 20220809, 
      "Value" : 47.180000
    },
    {
      "Date": 20240208, 
      "Value" : 15.120000
    }
  ]
}