{
  "Color": "rgb(244, 55, 244)", 
  "Point": [
    {
      "Date": 20211230, 
      "Value" : 67.839996
    },
    {
      "Date": 20220427, 
      "Value" : 27.000000
    },
    {
      "Date": 20230323, 
      "Value" : 39.580002
    }
  ]
}