{
  "Color": "rgb(244, 55, 244)", 
  "Point": [
    {
      "Date": 20211216, 
      "Value" : 51.470001
    },
    {
      "Date": 20220427, 
      "Value" : 18.250000
    }
  ]
}