{
  "Color": "rgb(244, 55, 244)", 
  "Point": [
    {
      "Date": 20230705, 
      "Value" : 45.889999
    },
    {
      "Date": 20230828, 
      "Value" : 33.099998
    }
  ]
}