{
  "Color": "rgb(244, 55, 244)", 
  "Point": [
    {
      "Date": 20211110, 
      "Value" : 78.800003
    },
    {
      "Date": 20220427, 
      "Value" : 22.510000
    },
    {
      "Date": 20230504, 
      "Value" : 42.910000
    }
  ]
}