{
  "Color": "rgb(244, 55, 244)", 
  "Point": [
    {
      "Date": 20211215, 
      "Value" : 124.900002
    },
    {
      "Date": 20221229, 
      "Value" : 23.139999
    },
    {
      "Date": 20230704, 
      "Value" : 45.310001
    }
  ]
}