{
  "Color": "rgb(244, 55, 244)", 
  "Point": [
    {
      "Date": 20211203, 
      "Value" : 95.970001
    },
    {
      "Date": 20240923, 
      "Value" : 21.150000
    }
  ]
}