{
  "Color": "rgb(244, 55, 244)", 
  "Point": [
    {
      "Date": 20211209, 
      "Value" : 27.160000
    },
    {
      "Date": 20220427, 
      "Value" : 12.730000
    },
    {
      "Date": 20220908, 
      "Value" : 26.790001
    },
    {
      "Date": 20240207, 
      "Value" : 11.800000
    }
  ]
}