{
  "Color": "rgb(244, 55, 244)", 
  "Point": [
    {
      "Date": 20221012, 
      "Value" : 40.049999
    },
    {
      "Date": 20230414, 
      "Value" : 61.119999
    },
    {
      "Date": 20240918, 
      "Value" : 24.010000
    }
  ]
}