{
  "Color": "rgb(244, 55, 244)", 
  "Point": [
    {
      "Date": 20220524, 
      "Value" : 32.340000
    },
    {
      "Date": 20230712, 
      "Value" : 88.160004
    },
    {
      "Date": 20240205, 
      "Value" : 28.799999
    }
  ]
}