{
  "Color": "rgb(244, 55, 244)", 
  "Point": [
    {
      "Date": 20211130, 
      "Value" : 58.360001
    },
    {
      "Date": 20220427, 
      "Value" : 18.230000
    },
    {
      "Date": 20231128, 
      "Value" : 36.009998
    }
  ]
}