{
  "Color": "rgb(244, 55, 244)", 
  "Point": [
    {
      "Date": 20211215, 
      "Value" : 27.719999
    },
    {
      "Date": 20240205, 
      "Value" : 11.010000
    },
    {
      "Date": 20250319, 
      "Value" : 20.520000
    }
  ]
}