{
  "Color": "rgb(244, 55, 244)", 
  "Point": [
    {
      "Date": 20211217, 
      "Value" : 65.029999
    },
    {
      "Date": 20220427, 
      "Value" : 17.480000
    }
  ]
}