{
  "Color": "rgb(244, 55, 244)", 
  "Point": [
    {
      "Date": 20211124, 
      "Value" : 179.279999
    },
    {
      "Date": 20240205, 
      "Value" : 33.770000
    },
    {
      "Date": 20241106, 
      "Value" : 76.190002
    }
  ]
}