{
  "Color": "rgb(244, 55, 244)", 
  "Point": [
    {
      "Date": 20220524, 
      "Value" : 31.889999
    },
    {
      "Date": 20230712, 
      "Value" : 87.709999
    },
    {
      "Date": 20240205, 
      "Value" : 28.350000
    }
  ]
}