{
  "Color": "rgb(244, 55, 244)", 
  "Point": [
    {
      "Date": 20230705, 
      "Value" : 45.889999
    },
    {
      "Date": 20231221, 
      "Value" : 29.900000
    }
  ]
}