{
  "Color": "rgb(244, 55, 244)", 
  "Point": [
    {
      "Date": 20211116, 
      "Value" : 41.200001
    },
    {
      "Date": 20230825, 
      "Value" : 14.220000
    }
  ]
}