{
  "Color": "rgb(244, 55, 244)", 
  "Point": [
    {
      "Date": 20211115, 
      "Value" : 30.940001
    },
    {
      "Date": 20230628, 
      "Value" : 10.080000
    },
    {
      "Date": 20231019, 
      "Value" : 12.630000
    }
  ]
}