{
  "Color": "rgb(244, 55, 244)", 
  "Point": [
    {
      "Date": 20211115, 
      "Value" : 30.719999
    },
    {
      "Date": 20240822, 
      "Value" : 7.600000
    },
    {
      "Date": 20250312, 
      "Value" : 12.460000
    }
  ]
}