{
  "Color": "rgb(244, 55, 244)", 
  "Point": [
    {
      "Date": 20220524, 
      "Value" : 26.180000
    },
    {
      "Date": 20230712, 
      "Value" : 72.699997
    },
    {
      "Date": 20240205, 
      "Value" : 23.230000
    },
    {
      "Date": 20250512, 
      "Value" : 53.770000
    }
  ]
}