{
  "Color": "rgb(244, 55, 244)", 
  "Point": [
    {
      "Date": 20211230, 
      "Value" : 24.290001
    },
    {
      "Date": 20240208, 
      "Value" : 7.060000
    }
  ]
}