{
  "Color": "rgb(244, 55, 244)", 
  "Point": [
    {
      "Date": 20211110, 
      "Value" : 78.099998
    },
    {
      "Date": 20240208, 
      "Value" : 21.610001
    },
    {
      "Date": 20250311, 
      "Value" : 94.500000
    }
  ]
}