{
  "Color": "rgb(244, 55, 244)", 
  "Point": [
    {
      "Date": 20221011, 
      "Value" : 15.320000
    },
    {
      "Date": 20230403, 
      "Value" : 33.599998
    },
    {
      "Date": 20231023, 
      "Value" : 14.750000
    }
  ]
}