{
  "Color": "rgb(244, 55, 244)", 
  "Point": [
    {
      "Date": 20220819, 
      "Value" : 68.870003
    },
    {
      "Date": 20240918, 
      "Value" : 14.610000
    }
  ]
}