{
  "Color": "rgb(244, 55, 244)", 
  "Point": [
    {
      "Date": 20220118, 
      "Value" : 99.250000
    },
    {
      "Date": 20220428, 
      "Value" : 39.849998
    },
    {
      "Date": 20221201, 
      "Value" : 89.849998
    },
    {
      "Date": 20230525, 
      "Value" : 58.240002
    }
  ]
}