{
  "Color": "rgb(244, 55, 244)", 
  "Point": [
    {
      "Date": 20221230, 
      "Value" : 41.980000
    },
    {
      "Date": 20240208, 
      "Value" : 18.129999
    },
    {
      "Date": 20241008, 
      "Value" : 33.470001
    }
  ]
}