{
  "Color": "rgb(244, 55, 244)", 
  "Point": [
    {
      "Date": 20220125, 
      "Value" : 57.200001
    },
    {
      "Date": 20240206, 
      "Value" : 11.100000
    }
  ]
}