{
  "Color": "rgb(244, 55, 244)", 
  "Point": [
    {
      "Date": 20221011, 
      "Value" : 15.190000
    },
    {
      "Date": 20230403, 
      "Value" : 33.470001
    },
    {
      "Date": 20240918, 
      "Value" : 12.350000
    }
  ]
}