{
  "Color": "rgb(244, 55, 244)", 
  "Point": [
    {
      "Date": 20220422, 
      "Value" : 38.689999
    },
    {
      "Date": 20240208, 
      "Value" : 11.490000
    }
  ]
}