{
  "Color": "rgb(244, 55, 244)", 
  "Point": [
    {
      "Date": 20211206, 
      "Value" : 34.590000
    },
    {
      "Date": 20221223, 
      "Value" : 15.640000
    },
    {
      "Date": 20230726, 
      "Value" : 21.690001
    }
  ]
}