{
  "Color": "rgb(244, 55, 244)", 
  "Point": [
    {
      "Date": 20220812, 
      "Value" : 39.799999
    },
    {
      "Date": 20240208, 
      "Value" : 9.230000
    }
  ]
}