{
  "Color": "rgb(244, 55, 244)", 
  "Point": [
    {
      "Date": 20220808, 
      "Value" : 43.980000
    },
    {
      "Date": 20221229, 
      "Value" : 20.250000
    },
    {
      "Date": 20230517, 
      "Value" : 27.450001
    },
    {
      "Date": 20231023, 
      "Value" : 17.660000
    }
  ]
}