{
  "Color": "rgb(244, 55, 244)", 
  "Point": [
    {
      "Date": 20220422, 
      "Value" : 39.080002
    },
    {
      "Date": 20240208, 
      "Value" : 11.880000
    }
  ]
}