{
  "Color": "rgb(244, 55, 244)", 
  "Point": [
    {
      "Date": 20220412, 
      "Value" : 37.730000
    },
    {
      "Date": 20220428, 
      "Value" : 20.299999
    }
  ]
}