{
  "Color": "rgb(244, 55, 244)", 
  "Point": [
    {
      "Date": 20220621, 
      "Value" : 22.139999
    },
    {
      "Date": 20240208, 
      "Value" : 6.840000
    }
  ]
}