{
  "Color": "rgb(244, 55, 244)", 
  "Point": [
    {
      "Date": 20211116, 
      "Value" : 41.180000
    },
    {
      "Date": 20240205, 
      "Value" : 9.290000
    },
    {
      "Date": 20241008, 
      "Value" : 18.990000
    },
    {
      "Date": 20250409, 
      "Value" : 9.940000
    }
  ]
}