{
  "Color": "rgb(244, 55, 244)", 
  "Point": [
    {
      "Date": 20220118, 
      "Value" : 38.200001
    },
    {
      "Date": 20231023, 
      "Value" : 12.590000
    }
  ]
}