{
  "Color": "rgb(244, 55, 244)", 
  "Point": [
    {
      "Date": 20211116, 
      "Value" : 41.200001
    },
    {
      "Date": 20240205, 
      "Value" : 9.310000
    }
  ]
}