{
  "Color": "rgb(244, 55, 244)", 
  "Point": [
    {
      "Date": 20211130, 
      "Value" : 58.360001
    },
    {
      "Date": 20240206, 
      "Value" : 16.010000
    }
  ]
}