{
  "Color": "rgb(244, 55, 244)", 
  "Point": [
    {
      "Date": 20220915, 
      "Value" : 32.730000
    },
    {
      "Date": 20221031, 
      "Value" : 17.180000
    }
  ]
}