{
  "Color": "rgb(244, 55, 244)", 
  "Point": [
    {
      "Date": 20220118, 
      "Value" : 38.200001
    },
    {
      "Date": 20221031, 
      "Value" : 14.130000
    }
  ]
}