{
  "Color": "rgb(244, 55, 244)", 
  "Point": [
    {
      "Date": 20220322, 
      "Value" : 28.230000
    },
    {
      "Date": 20240208, 
      "Value" : 10.440000
    },
    {
      "Date": 20241008, 
      "Value" : 23.870001
    }
  ]
}