{
  "Color": "rgb(244, 55, 244)", 
  "Point": [
    {
      "Date": 20211115, 
      "Value" : 30.940001
    },
    {
      "Date": 20240208, 
      "Value" : 8.060000
    }
  ]
}