{
  "Color": "rgb(244, 55, 244)", 
  "Point": [
    {
      "Date": 20220718, 
      "Value" : 10.230000
    },
    {
      "Date": 20240206, 
      "Value" : 3.890000
    },
    {
      "Date": 20241029, 
      "Value" : 5.730000
    }
  ]
}