{
  "Color": "rgb(244, 55, 244)", 
  "Point": [
    {
      "Date": 20220119, 
      "Value" : 32.139999
    },
    {
      "Date": 20230113, 
      "Value" : 11.990000
    }
  ]
}