{
  "Color": "rgb(244, 55, 244)", 
  "Point": [
    {
      "Date": 20211215, 
      "Value" : 123.900002
    },
    {
      "Date": 20221229, 
      "Value" : 22.139999
    },
    {
      "Date": 20230704, 
      "Value" : 44.310001
    },
    {
      "Date": 20240208, 
      "Value" : 13.560000
    }
  ]
}