{
  "Color": "rgb(244, 55, 244)", 
  "Point": [
    {
      "Date": 20220422, 
      "Value" : 39.080002
    },
    {
      "Date": 20221223, 
      "Value" : 19.610001
    },
    {
      "Date": 20230829, 
      "Value" : 35.980000
    }
  ]
}