{
  "Color": "rgb(244, 55, 244)", 
  "Point": [
    {
      "Date": 20220812, 
      "Value" : 39.599998
    },
    {
      "Date": 20240208, 
      "Value" : 9.030000
    },
    {
      "Date": 20241010, 
      "Value" : 19.879999
    }
  ]
}