{
  "Color": "rgb(244, 55, 244)", 
  "Point": [
    {
      "Date": 20220831, 
      "Value" : 39.200001
    },
    {
      "Date": 20231221, 
      "Value" : 17.379999
    }
  ]
}