{
  "Color": "rgb(244, 55, 244)", 
  "Point": [
    {
      "Date": 20220915, 
      "Value" : 32.669998
    },
    {
      "Date": 20240206, 
      "Value" : 11.710000
    },
    {
      "Date": 20250310, 
      "Value" : 27.500000
    }
  ]
}