{
  "Color": "rgb(244, 55, 244)", 
  "Point": [
    {
      "Date": 20211215, 
      "Value" : 176.500000
    },
    {
      "Date": 20240918, 
      "Value" : 17.200001
    },
    {
      "Date": 20250318, 
      "Value" : 33.580002
    }
  ]
}