{
  "Color": "rgb(244, 55, 244)", 
  "Point": [
    {
      "Date": 20230309, 
      "Value" : 89.690002
    },
    {
      "Date": 20230829, 
      "Value" : 44.779999
    }
  ]
}