{
  "Color": "rgb(244, 55, 244)", 
  "Point": [
    {
      "Date": 20220829, 
      "Value" : 81.699997
    },
    {
      "Date": 20230921, 
      "Value" : 30.459999
    }
  ]
}