{
  "Color": "rgb(244, 55, 244)", 
  "Point": [
    {
      "Date": 20221011, 
      "Value" : 15.210000
    },
    {
      "Date": 20230403, 
      "Value" : 33.490002
    },
    {
      "Date": 20240206, 
      "Value" : 13.210000
    }
  ]
}