{
  "Color": "rgb(244, 55, 244)", 
  "Point": [
    {
      "Date": 20220608, 
      "Value" : 27.760000
    },
    {
      "Date": 20230425, 
      "Value" : 15.080000
    }
  ]
}