{
  "Color": "rgb(244, 55, 244)", 
  "Point": [
    {
      "Date": 20220311, 
      "Value" : 84.000000
    },
    {
      "Date": 20221011, 
      "Value" : 32.299999
    },
    {
      "Date": 20230327, 
      "Value" : 73.389999
    },
    {
      "Date": 20240206, 
      "Value" : 22.219999
    }
  ]
}