{
  "Color": "rgb(244, 55, 244)", 
  "Point": [
    {
      "Date": 20211215, 
      "Value" : 177.000000
    },
    {
      "Date": 20230825, 
      "Value" : 32.509998
    }
  ]
}