{
  "Color": "rgb(244, 55, 244)", 
  "Point": [
    {
      "Date": 20220811, 
      "Value" : 59.330002
    },
    {
      "Date": 20230824, 
      "Value" : 31.530001
    }
  ]
}