{
  "Color": "rgb(244, 55, 244)", 
  "Point": [
    {
      "Date": 20221227, 
      "Value" : 30.520000
    },
    {
      "Date": 20230621, 
      "Value" : 76.089996
    },
    {
      "Date": 20240206, 
      "Value" : 24.340000
    },
    {
      "Date": 20241031, 
      "Value" : 53.380001
    }
  ]
}