{
  "Color": "rgb(244, 55, 244)", 
  "Point": [
    {
      "Date": 20220718, 
      "Value" : 10.330000
    },
    {
      "Date": 20231221, 
      "Value" : 4.840000
    }
  ]
}