{
  "Color": "rgb(244, 55, 244)", 
  "Point": [
    {
      "Date": 20220412, 
      "Value" : 37.430000
    },
    {
      "Date": 20240208, 
      "Value" : 12.710000
    },
    {
      "Date": 20241023, 
      "Value" : 31.000000
    }
  ]
}