{
  "Color": "rgb(244, 55, 244)", 
  "Point": [
    {
      "Date": 20230712, 
      "Value" : 60.540001
    },
    {
      "Date": 20240206, 
      "Value" : 21.469999
    }
  ]
}