{
  "Color": "rgb(244, 55, 244)", 
  "Point": [
    {
      "Date": 20220718, 
      "Value" : 10.330000
    },
    {
      "Date": 20240206, 
      "Value" : 3.990000
    }
  ]
}