{
  "Color": "rgb(244, 55, 244)", 
  "Point": [
    {
      "Date": 20220119, 
      "Value" : 32.119999
    },
    {
      "Date": 20240208, 
      "Value" : 6.830000
    },
    {
      "Date": 20240808, 
      "Value" : 19.530001
    },
    {
      "Date": 20250409, 
      "Value" : 9.320000
    }
  ]
}