{
  "Color": "rgb(244, 55, 244)", 
  "Point": [
    {
      "Date": 20220816, 
      "Value" : 86.370003
    },
    {
      "Date": 20230509, 
      "Value" : 40.250000
    }
  ]
}