{
  "Color": "rgb(244, 55, 244)", 
  "Point": [
    {
      "Date": 20211222, 
      "Value" : 88.070000
    },
    {
      "Date": 20240208, 
      "Value" : 14.720000
    }
  ]
}