{
  "Color": "rgb(244, 55, 244)", 
  "Point": [
    {
      "Date": 20220819, 
      "Value" : 69.269997
    },
    {
      "Date": 20230428, 
      "Value" : 31.100000
    },
    {
      "Date": 20231129, 
      "Value" : 44.200001
    }
  ]
}