{
  "Color": "rgb(244, 55, 244)", 
  "Point": [
    {
      "Date": 20211215, 
      "Value" : 39.570000
    },
    {
      "Date": 20220427, 
      "Value" : 16.480000
    },
    {
      "Date": 20230529, 
      "Value" : 36.990002
    }
  ]
}