{
  "Color": "rgb(244, 55, 244)", 
  "Point": [
    {
      "Date": 20211222, 
      "Value" : 67.209999
    },
    {
      "Date": 20240208, 
      "Value" : 10.780000
    },
    {
      "Date": 20241213, 
      "Value" : 24.840000
    }
  ]
}