{
  "Color": "rgb(244, 55, 244)", 
  "Point": [
    {
      "Date": 20220526, 
      "Value" : 79.099998
    },
    {
      "Date": 20220926, 
      "Value" : 49.080002
    },
    {
      "Date": 20250317, 
      "Value" : 144.279999
    }
  ]
}