{
  "Color": "rgb(244, 55, 244)", 
  "Point": [
    {
      "Date": 20220322, 
      "Value" : 43.820000
    },
    {
      "Date": 20221012, 
      "Value" : 24.200001
    },
    {
      "Date": 20230605, 
      "Value" : 48.990002
    }
  ]
}