{
  "Color": "rgb(244, 55, 244)", 
  "Point": [
    {
      "Date": 20221028, 
      "Value" : 20.129999
    },
    {
      "Date": 20230512, 
      "Value" : 52.810001
    },
    {
      "Date": 20231023, 
      "Value" : 24.059999
    }
  ]
}