{
  "Color": "rgb(244, 55, 244)", 
  "Point": [
    {
      "Date": 20220222, 
      "Value" : 79.800003
    },
    {
      "Date": 20230425, 
      "Value" : 24.950001
    }
  ]
}