{
  "Color": "rgb(244, 55, 244)", 
  "Point": [
    {
      "Date": 20220729, 
      "Value" : 67.760002
    },
    {
      "Date": 20241112, 
      "Value" : 155.000000
    }
  ]
}