{
  "Color": "rgb(244, 55, 244)", 
  "Point": [
    {
      "Date": 20220218, 
      "Value" : 52.250000
    },
    {
      "Date": 20240709, 
      "Value" : 16.170000
    }
  ]
}