{
  "Color": "rgb(244, 55, 244)", 
  "Point": [
    {
      "Date": 20231222, 
      "Value" : 46.750000
    },
    {
      "Date": 20240205, 
      "Value" : 23.700001
    }
  ]
}