{
  "Color": "rgb(244, 55, 244)", 
  "Point": [
    {
      "Date": 20220706, 
      "Value" : 59.009998
    },
    {
      "Date": 20240208, 
      "Value" : 24.180000
    }
  ]
}