{
  "Color": "rgb(244, 55, 244)", 
  "Point": [
    {
      "Date": 20220309, 
      "Value" : 65.199997
    },
    {
      "Date": 20221010, 
      "Value" : 23.580000
    },
    {
      "Date": 20230613, 
      "Value" : 32.000000
    }
  ]
}