{
  "Color": "rgb(244, 55, 244)", 
  "Point": [
    {
      "Date": 20221010, 
      "Value" : 16.410000
    },
    {
      "Date": 20240311, 
      "Value" : 55.700001
    }
  ]
}