{
  "Color": "rgb(244, 55, 244)", 
  "Point": [
    {
      "Date": 20220617, 
      "Value" : 37.740002
    },
    {
      "Date": 20230109, 
      "Value" : 90.809998
    },
    {
      "Date": 20231027, 
      "Value" : 43.410000
    }
  ]
}