{
  "Color": "rgb(244, 55, 244)", 
  "Point": [
    {
      "Date": 20221012, 
      "Value" : 22.830000
    },
    {
      "Date": 20230901, 
      "Value" : 39.500000
    },
    {
      "Date": 20250409, 
      "Value" : 14.250000
    }
  ]
}