{
  "Color": "rgb(244, 55, 244)", 
  "Point": [
    {
      "Date": 20220622, 
      "Value" : 51.299999
    },
    {
      "Date": 20240828, 
      "Value" : 22.600000
    },
    {
      "Date": 20250422, 
      "Value" : 90.000000
    }
  ]
}