{
  "Color": "rgb(244, 55, 244)", 
  "Point": [
    {
      "Date": 20221010, 
      "Value" : 16.590000
    },
    {
      "Date": 20231120, 
      "Value" : 47.900002
    }
  ]
}