{
  "Color": "rgb(244, 55, 244)", 
  "Point": [
    {
      "Date": 20230711, 
      "Value" : 65.180000
    },
    {
      "Date": 20240206, 
      "Value" : 29.709999
    }
  ]
}