{
  "Color": "rgb(244, 55, 244)", 
  "Point": [
    {
      "Date": 20230628, 
      "Value" : 34.639999
    },
    {
      "Date": 20240207, 
      "Value" : 12.360000
    },
    {
      "Date": 20241104, 
      "Value" : 28.299999
    },
    {
      "Date": 20250409, 
      "Value" : 17.010000
    }
  ]
}