{
  "Color": "rgb(244, 55, 244)", 
  "Point": [
    {
      "Date": 20220512, 
      "Value" : 40.080002
    },
    {
      "Date": 20230627, 
      "Value" : 12.780000
    }
  ]
}