{
  "Color": "rgb(244, 55, 244)", 
  "Point": [
    {
      "Date": 20221216, 
      "Value" : 17.799999
    },
    {
      "Date": 20231221, 
      "Value" : 10.100000
    }
  ]
}