{
  "Color": "rgb(244, 55, 244)", 
  "Point": [
    {
      "Date": 20230713, 
      "Value" : 99.660004
    },
    {
      "Date": 20230721, 
      "Value" : 63.000000
    }
  ]
}