{
  "Color": "rgb(244, 55, 244)", 
  "Point": [
    {
      "Date": 20221011, 
      "Value" : 12.960000
    },
    {
      "Date": 20221216, 
      "Value" : 46.540001
    },
    {
      "Date": 20231023, 
      "Value" : 20.200001
    }
  ]
}