{
  "Color": "rgb(244, 55, 244)", 
  "Point": [
    {
      "Date": 20220127, 
      "Value" : 24.190001
    },
    {
      "Date": 20220427, 
      "Value" : 11.330000
    }
  ]
}