{
  "Color": "rgb(244, 55, 244)", 
  "Point": [
    {
      "Date": 20220909, 
      "Value" : 36.880001
    },
    {
      "Date": 20240206, 
      "Value" : 15.120000
    },
    {
      "Date": 20241008, 
      "Value" : 24.889999
    },
    {
      "Date": 20250409, 
      "Value" : 18.379999
    }
  ]
}