{
  "Color": "rgb(244, 55, 244)", 
  "Point": [
    {
      "Date": 20221130, 
      "Value" : 57.900002
    },
    {
      "Date": 20240206, 
      "Value" : 16.000000
    }
  ]
}