{
  "Color": "rgb(244, 55, 244)", 
  "Point": [
    {
      "Date": 20230616, 
      "Value" : 46.279999
    },
    {
      "Date": 20230724, 
      "Value" : 34.230000
    }
  ]
}