{
  "Color": "rgb(244, 55, 244)", 
  "Point": [
    {
      "Date": 20221220, 
      "Value" : 31.809999
    },
    {
      "Date": 20230714, 
      "Value" : 57.500000
    }
  ]
}