{
  "Color": "rgb(244, 55, 244)", 
  "Point": [
    {
      "Date": 20230227, 
      "Value" : 51.049999
    },
    {
      "Date": 20240208, 
      "Value" : 11.810000
    }
  ]
}