{
  "Color": "rgb(244, 55, 244)", 
  "Point": [
    {
      "Date": 20221230, 
      "Value" : 14.430000
    },
    {
      "Date": 20230912, 
      "Value" : 30.670000
    }
  ]
}