{
  "Color": "rgb(244, 55, 244)", 
  "Point": [
    {
      "Date": 20221010, 
      "Value" : 16.860001
    },
    {
      "Date": 20240508, 
      "Value" : 33.720001
    }
  ]
}