{
  "Color": "rgb(244, 55, 244)", 
  "Point": [
    {
      "Date": 20220928, 
      "Value" : 21.910000
    },
    {
      "Date": 20230510, 
      "Value" : 11.510000
    },
    {
      "Date": 20240306, 
      "Value" : 22.840000
    }
  ]
}