{
  "Color": "rgb(244, 55, 244)", 
  "Point": [
    {
      "Date": 20221010, 
      "Value" : 24.389999
    },
    {
      "Date": 20230309, 
      "Value" : 47.790001
    },
    {
      "Date": 20230724, 
      "Value" : 33.790001
    }
  ]
}