{
  "Color": "rgb(244, 55, 244)", 
  "Point": [
    {
      "Date": 20220308, 
      "Value" : 11.910000
    },
    {
      "Date": 20221011, 
      "Value" : 4.740000
    },
    {
      "Date": 20230712, 
      "Value" : 7.340000
    }
  ]
}