{
  "Color": "rgb(244, 55, 244)", 
  "Point": [
    {
      "Date": 20211217, 
      "Value" : 94.570000
    },
    {
      "Date": 20221012, 
      "Value" : 32.250000
    },
    {
      "Date": 20230718, 
      "Value" : 48.500000
    }
  ]
}