{
  "Color": "rgb(244, 55, 244)", 
  "Point": [
    {
      "Date": 20230818, 
      "Value" : 58.349998
    },
    {
      "Date": 20240206, 
      "Value" : 23.790001
    },
    {
      "Date": 20250307, 
      "Value" : 88.000000
    }
  ]
}