{
  "Color": "rgb(244, 55, 244)", 
  "Point": [
    {
      "Date": 20220613, 
      "Value" : 33.349998
    },
    {
      "Date": 20230425, 
      "Value" : 13.950000
    },
    {
      "Date": 20231025, 
      "Value" : 18.600000
    }
  ]
}