{
  "Color": "rgb(244, 55, 244)", 
  "Point": [
    {
      "Date": 20221128, 
      "Value" : 37.009998
    },
    {
      "Date": 20230214, 
      "Value" : 63.070000
    }
  ]
}