{
  "Color": "rgb(244, 55, 244)", 
  "Point": [
    {
      "Date": 20220725, 
      "Value" : 24.410000
    },
    {
      "Date": 20230728, 
      "Value" : 15.580000
    }
  ]
}