{
  "Color": "rgb(244, 55, 244)", 
  "Point": [
    {
      "Date": 20220826, 
      "Value" : 49.299999
    },
    {
      "Date": 20240206, 
      "Value" : 11.310000
    },
    {
      "Date": 20240704, 
      "Value" : 22.760000
    }
  ]
}