{
  "Color": "rgb(244, 55, 244)", 
  "Point": [
    {
      "Date": 20221010, 
      "Value" : 16.910000
    },
    {
      "Date": 20230728, 
      "Value" : 31.500000
    },
    {
      "Date": 20231026, 
      "Value" : 25.520000
    }
  ]
}