{
  "Color": "rgb(244, 55, 244)", 
  "Point": [
    {
      "Date": 20220725, 
      "Value" : 24.410000
    },
    {
      "Date": 20231026, 
      "Value" : 13.360000
    }
  ]
}