{
  "Color": "rgb(244, 55, 244)", 
  "Point": [
    {
      "Date": 20220217, 
      "Value" : 47.020000
    },
    {
      "Date": 20230626, 
      "Value" : 14.570000
    }
  ]
}