{
  "Color": "rgb(244, 55, 244)", 
  "Point": [
    {
      "Date": 20221026, 
      "Value" : 25.059999
    },
    {
      "Date": 20231023, 
      "Value" : 16.969999
    }
  ]
}