{
  "Color": "rgb(244, 55, 244)", 
  "Point": [
    {
      "Date": 20220613, 
      "Value" : 33.349998
    },
    {
      "Date": 20240206, 
      "Value" : 9.250000
    }
  ]
}