{
  "Color": "rgb(244, 55, 244)", 
  "Point": [
    {
      "Date": 20220323, 
      "Value" : 17.440001
    },
    {
      "Date": 20221011, 
      "Value" : 7.500000
    },
    {
      "Date": 20230824, 
      "Value" : 10.550000
    }
  ]
}