{
  "Color": "rgb(244, 55, 244)", 
  "Point": [
    {
      "Date": 20221024, 
      "Value" : 63.119999
    },
    {
      "Date": 20240206, 
      "Value" : 20.160000
    },
    {
      "Date": 20240524, 
      "Value" : 34.160000
    }
  ]
}