{
  "Color": "rgb(244, 55, 244)", 
  "Point": [
    {
      "Date": 20220218, 
      "Value" : 52.250000
    },
    {
      "Date": 20240826, 
      "Value" : 15.420000
    }
  ]
}