{
  "Color": "rgb(244, 55, 244)", 
  "Point": [
    {
      "Date": 20220308, 
      "Value" : 11.910000
    },
    {
      "Date": 20240208, 
      "Value" : 4.310000
    }
  ]
}