{
  "Color": "rgb(244, 55, 244)", 
  "Point": [
    {
      "Date": 20220218, 
      "Value" : 52.849998
    },
    {
      "Date": 20240205, 
      "Value" : 19.160000
    }
  ]
}