{
  "Color": "rgb(244, 55, 244)", 
  "Point": [
    {
      "Date": 20230711, 
      "Value" : 64.980003
    },
    {
      "Date": 20240206, 
      "Value" : 29.510000
    }
  ]
}