{
  "Color": "rgb(244, 55, 244)", 
  "Point": [
    {
      "Date": 20220308, 
      "Value" : 11.810000
    },
    {
      "Date": 20240208, 
      "Value" : 4.210000
    },
    {
      "Date": 20241112, 
      "Value" : 7.060000
    },
    {
      "Date": 20250409, 
      "Value" : 4.890000
    }
  ]
}