{
  "Color": "rgb(244, 55, 244)", 
  "Point": [
    {
      "Date": 20220804, 
      "Value" : 110.320000
    },
    {
      "Date": 20240827, 
      "Value" : 27.910000
    }
  ]
}