{
  "Color": "rgb(244, 55, 244)", 
  "Point": [
    {
      "Date": 20220120, 
      "Value" : 117.029999
    },
    {
      "Date": 20230824, 
      "Value" : 22.440001
    }
  ]
}