{
  "Color": "rgb(244, 55, 244)", 
  "Point": [
    {
      "Date": 20220309, 
      "Value" : 65.199997
    },
    {
      "Date": 20240208, 
      "Value" : 15.600000
    }
  ]
}