{
  "Color": "rgb(244, 55, 244)", 
  "Point": [
    {
      "Date": 20220222, 
      "Value" : 79.800003
    },
    {
      "Date": 20230425, 
      "Value" : 24.950001
    },
    {
      "Date": 20230901, 
      "Value" : 43.080002
    },
    {
      "Date": 20240208, 
      "Value" : 18.889999
    }
  ]
}