{
  "Color": "rgb(244, 55, 244)", 
  "Point": [
    {
      "Date": 20220705, 
      "Value" : 41.779999
    },
    {
      "Date": 20240205, 
      "Value" : 11.430000
    }
  ]
}