{
  "Color": "rgb(244, 55, 244)", 
  "Point": [
    {
      "Date": 20220613, 
      "Value" : 33.049999
    },
    {
      "Date": 20240206, 
      "Value" : 8.950000
    }
  ]
}