{
  "Color": "rgb(244, 55, 244)", 
  "Point": [
    {
      "Date": 20220228, 
      "Value" : 74.160004
    },
    {
      "Date": 20221228, 
      "Value" : 36.189999
    },
    {
      "Date": 20230412, 
      "Value" : 45.540001
    }
  ]
}