{
  "Color": "rgb(244, 55, 244)", 
  "Point": [
    {
      "Date": 20221012, 
      "Value" : 26.370001
    },
    {
      "Date": 20230601, 
      "Value" : 73.769997
    },
    {
      "Date": 20240207, 
      "Value" : 20.059999
    }
  ]
}