{
  "Color": "rgb(244, 55, 244)", 
  "Point": [
    {
      "Date": 20220909, 
      "Value" : 36.880001
    },
    {
      "Date": 20240206, 
      "Value" : 15.120000
    },
    {
      "Date": 20240522, 
      "Value" : 24.120001
    }
  ]
}