{
  "Color": "rgb(244, 55, 244)", 
  "Point": [
    {
      "Date": 20220928, 
      "Value" : 21.809999
    },
    {
      "Date": 20230510, 
      "Value" : 11.410000
    },
    {
      "Date": 20240627, 
      "Value" : 27.100000
    }
  ]
}