{
  "Color": "rgb(244, 55, 244)", 
  "Point": [
    {
      "Date": 20220117, 
      "Value" : 118.099998
    },
    {
      "Date": 20240206, 
      "Value" : 27.520000
    },
    {
      "Date": 20250318, 
      "Value" : 60.549999
    }
  ]
}