{
  "Color": "rgb(244, 55, 244)", 
  "Point": [
    {
      "Date": 20220427, 
      "Value" : 10.910000
    },
    {
      "Date": 20230703, 
      "Value" : 23.690001
    },
    {
      "Date": 20240206, 
      "Value" : 11.350000
    }
  ]
}