{
  "Color": "rgb(244, 55, 244)", 
  "Point": [
    {
      "Date": 20230707, 
      "Value" : 32.770000
    },
    {
      "Date": 20231023, 
      "Value" : 19.410000
    }
  ]
}