{
  "Color": "rgb(244, 55, 244)", 
  "Point": [
    {
      "Date": 20230713, 
      "Value" : 99.660004
    },
    {
      "Date": 20240206, 
      "Value" : 31.000000
    }
  ]
}