{
  "Color": "rgb(244, 55, 244)", 
  "Point": [
    {
      "Date": 20230707, 
      "Value" : 32.770000
    },
    {
      "Date": 20240208, 
      "Value" : 10.830000
    }
  ]
}