{
  "Color": "rgb(244, 55, 244)", 
  "Point": [
    {
      "Date": 20220622, 
      "Value" : 51.500000
    },
    {
      "Date": 20230707, 
      "Value" : 32.000000
    }
  ]
}