{
  "Color": "rgb(244, 55, 244)", 
  "Point": [
    {
      "Date": 20220902, 
      "Value" : 21.980000
    },
    {
      "Date": 20221025, 
      "Value" : 13.870000
    },
    {
      "Date": 20230522, 
      "Value" : 18.110001
    },
    {
      "Date": 20240918, 
      "Value" : 6.510000
    }
  ]
}