{
  "Color": "rgb(244, 55, 244)", 
  "Point": [
    {
      "Date": 20211217, 
      "Value" : 94.470001
    },
    {
      "Date": 20240207, 
      "Value" : 19.000000
    },
    {
      "Date": 20241028, 
      "Value" : 47.799999
    }
  ]
}