{
  "Color": "rgb(244, 55, 244)", 
  "Point": [
    {
      "Date": 20220420, 
      "Value" : 33.070000
    },
    {
      "Date": 20221011, 
      "Value" : 15.950000
    },
    {
      "Date": 20230327, 
      "Value" : 28.030001
    },
    {
      "Date": 20231023, 
      "Value" : 16.809999
    }
  ]
}