{
  "Color": "rgb(244, 55, 244)", 
  "Point": [
    {
      "Date": 20230705, 
      "Value" : 50.000000
    },
    {
      "Date": 20230728, 
      "Value" : 32.549999
    }
  ]
}