{
  "Color": "rgb(244, 55, 244)", 
  "Point": [
    {
      "Date": 20220826, 
      "Value" : 49.400002
    },
    {
      "Date": 20230829, 
      "Value" : 23.209999
    }
  ]
}