{
  "Color": "rgb(244, 55, 244)", 
  "Point": [
    {
      "Date": 20220323, 
      "Value" : 17.240000
    },
    {
      "Date": 20240206, 
      "Value" : 4.960000
    }
  ]
}