{
  "Color": "rgb(244, 55, 244)", 
  "Point": [
    {
      "Date": 20220804, 
      "Value" : 110.320000
    },
    {
      "Date": 20250409, 
      "Value" : 26.809999
    }
  ]
}