{
  "Color": "rgb(244, 55, 244)", 
  "Point": [
    {
      "Date": 20220825, 
      "Value" : 48.570000
    },
    {
      "Date": 20230425, 
      "Value" : 20.709999
    }
  ]
}