{
  "Color": "rgb(244, 55, 244)", 
  "Point": [
    {
      "Date": 20221031, 
      "Value" : 46.919998
    },
    {
      "Date": 20230516, 
      "Value" : 144.380005
    },
    {
      "Date": 20240923, 
      "Value" : 28.889999
    }
  ]
}