{
  "Color": "rgb(244, 55, 244)", 
  "Point": [
    {
      "Date": 20221010, 
      "Value" : 16.590000
    },
    {
      "Date": 20230403, 
      "Value" : 37.869999
    }
  ]
}