{
  "Color": "rgb(244, 55, 244)", 
  "Point": [
    {
      "Date": 20220210, 
      "Value" : 95.970001
    },
    {
      "Date": 20231023, 
      "Value" : 27.299999
    }
  ]
}