{
  "Color": "rgb(244, 55, 244)", 
  "Point": [
    {
      "Date": 20220804, 
      "Value" : 110.620003
    },
    {
      "Date": 20231026, 
      "Value" : 45.349998
    }
  ]
}