{
  "Color": "rgb(244, 55, 244)", 
  "Point": [
    {
      "Date": 20230628, 
      "Value" : 49.000000
    },
    {
      "Date": 20240207, 
      "Value" : 17.799999
    }
  ]
}