{
  "Color": "rgb(244, 55, 244)", 
  "Point": [
    {
      "Date": 20221012, 
      "Value" : 26.020000
    },
    {
      "Date": 20230601, 
      "Value" : 73.419998
    },
    {
      "Date": 20240207, 
      "Value" : 19.709999
    },
    {
      "Date": 20250226, 
      "Value" : 50.500000
    }
  ]
}