{
  "Color": "rgb(244, 55, 244)", 
  "Point": [
    {
      "Date": 20220422, 
      "Value" : 67.220001
    },
    {
      "Date": 20240206, 
      "Value" : 13.780000
    }
  ]
}