{
  "Color": "rgb(244, 55, 244)", 
  "Point": [
    {
      "Date": 20220317, 
      "Value" : 95.660004
    },
    {
      "Date": 20230825, 
      "Value" : 34.279999
    },
    {
      "Date": 20231121, 
      "Value" : 39.750000
    }
  ]
}