{
  "Color": "rgb(244, 55, 244)", 
  "Point": [
    {
      "Date": 20220316, 
      "Value" : 46.580002
    },
    {
      "Date": 20221223, 
      "Value" : 18.459999
    },
    {
      "Date": 20230725, 
      "Value" : 41.200001
    }
  ]
}