{
  "Color": "rgb(244, 55, 244)", 
  "Point": [
    {
      "Date": 20220909, 
      "Value" : 37.639999
    },
    {
      "Date": 20221031, 
      "Value" : 22.299999
    },
    {
      "Date": 20230728, 
      "Value" : 32.180000
    }
  ]
}