{
  "Color": "rgb(244, 55, 244)", 
  "Point": [
    {
      "Date": 20220517, 
      "Value" : 79.709999
    },
    {
      "Date": 20221011, 
      "Value" : 38.490002
    },
    {
      "Date": 20230428, 
      "Value" : 85.500000
    }
  ]
}