{
  "Color": "rgb(244, 55, 244)", 
  "Point": [
    {
      "Date": 20230424, 
      "Value" : 18.299999
    },
    {
      "Date": 20230706, 
      "Value" : 69.500000
    },
    {
      "Date": 20240208, 
      "Value" : 22.299999
    },
    {
      "Date": 20250320, 
      "Value" : 62.619999
    }
  ]
}