{
  "Color": "rgb(244, 55, 244)", 
  "Point": [
    {
      "Date": 20220711, 
      "Value" : 30.150000
    },
    {
      "Date": 20230809, 
      "Value" : 75.570000
    }
  ]
}