{
  "Color": "rgb(244, 55, 244)", 
  "Point": [
    {
      "Date": 20220120, 
      "Value" : 117.029999
    },
    {
      "Date": 20230626, 
      "Value" : 24.260000
    }
  ]
}