{
  "Color": "rgb(244, 55, 244)", 
  "Point": [
    {
      "Date": 20221010, 
      "Value" : 24.389999
    },
    {
      "Date": 20230821, 
      "Value" : 59.720001
    },
    {
      "Date": 20240207, 
      "Value" : 21.450001
    }
  ]
}