{
  "Color": "rgb(244, 55, 244)", 
  "Point": [
    {
      "Date": 20220413, 
      "Value" : 42.529999
    },
    {
      "Date": 20221230, 
      "Value" : 21.110001
    },
    {
      "Date": 20230705, 
      "Value" : 30.879999
    },
    {
      "Date": 20240208, 
      "Value" : 11.890000
    }
  ]
}