{
  "Color": "rgb(244, 55, 244)", 
  "Point": [
    {
      "Date": 20240206, 
      "Value" : 22.160000
    },
    {
      "Date": 20250221, 
      "Value" : 56.779999
    }
  ]
}