{
  "Color": "rgb(244, 55, 244)", 
  "Point": [
    {
      "Date": 20220622, 
      "Value" : 51.500000
    },
    {
      "Date": 20240208, 
      "Value" : 23.860001
    }
  ]
}