{
  "Color": "rgb(244, 55, 244)", 
  "Point": [
    {
      "Date": 20220705, 
      "Value" : 50.599998
    },
    {
      "Date": 20230425, 
      "Value" : 26.820000
    },
    {
      "Date": 20230815, 
      "Value" : 54.799999
    }
  ]
}