{
  "Color": "rgb(244, 55, 244)", 
  "Point": [
    {
      "Date": 20230616, 
      "Value" : 74.540001
    },
    {
      "Date": 20240206, 
      "Value" : 28.080000
    }
  ]
}