{
  "Color": "rgb(244, 55, 244)", 
  "Point": [
    {
      "Date": 20220127, 
      "Value" : 24.190001
    },
    {
      "Date": 20240205, 
      "Value" : 7.380000
    }
  ]
}