{
  "Color": "rgb(244, 55, 244)", 
  "Point": [
    {
      "Date": 20221130, 
      "Value" : 57.299999
    },
    {
      "Date": 20240206, 
      "Value" : 15.400000
    },
    {
      "Date": 20241122, 
      "Value" : 28.600000
    },
    {
      "Date": 20250409, 
      "Value" : 19.219999
    }
  ]
}