{
  "Color": "rgb(244, 55, 244)", 
  "Point": [
    {
      "Date": 20231222, 
      "Value" : 31.820000
    },
    {
      "Date": 20240206, 
      "Value" : 15.360000
    },
    {
      "Date": 20250312, 
      "Value" : 49.840000
    }
  ]
}