{
  "Color": "rgb(244, 55, 244)", 
  "Point": [
    {
      "Date": 20220316, 
      "Value" : 46.580002
    },
    {
      "Date": 20221223, 
      "Value" : 18.459999
    },
    {
      "Date": 20230824, 
      "Value" : 59.580002
    },
    {
      "Date": 20240208, 
      "Value" : 18.879999
    }
  ]
}