{
  "Color": "rgb(244, 55, 244)", 
  "Point": [
    {
      "Date": 20220323, 
      "Value" : 53.869999
    },
    {
      "Date": 20230825, 
      "Value" : 27.270000
    }
  ]
}