{
  "Color": "rgb(244, 55, 244)", 
  "Point": [
    {
      "Date": 20220316, 
      "Value" : 46.540001
    },
    {
      "Date": 20221223, 
      "Value" : 18.410000
    },
    {
      "Date": 20230824, 
      "Value" : 59.529999
    },
    {
      "Date": 20240828, 
      "Value" : 17.400000
    }
  ]
}