{
  "Color": "rgb(244, 55, 244)", 
  "Point": [
    {
      "Date": 20220711, 
      "Value" : 30.549999
    },
    {
      "Date": 20220822, 
      "Value" : 44.680000
    }
  ]
}