{
  "Color": "rgb(244, 55, 244)", 
  "Point": [
    {
      "Date": 20220705, 
      "Value" : 41.779999
    },
    {
      "Date": 20231023, 
      "Value" : 16.559999
    }
  ]
}