{
  "Color": "rgb(244, 55, 244)", 
  "Point": [
    {
      "Date": 20220323, 
      "Value" : 17.440001
    },
    {
      "Date": 20240206, 
      "Value" : 5.160000
    }
  ]
}