{
  "Color": "rgb(244, 55, 244)", 
  "Point": [
    {
      "Date": 20220617, 
      "Value" : 37.470001
    },
    {
      "Date": 20230109, 
      "Value" : 90.540001
    },
    {
      "Date": 20240709, 
      "Value" : 27.230000
    }
  ]
}