{
  "Color": "rgb(244, 55, 244)", 
  "Point": [
    {
      "Date": 20221031, 
      "Value" : 34.200001
    },
    {
      "Date": 20230828, 
      "Value" : 106.989998
    },
    {
      "Date": 20240208, 
      "Value" : 26.150000
    },
    {
      "Date": 20241008, 
      "Value" : 70.940002
    }
  ]
}