{
  "Color": "rgb(244, 55, 244)", 
  "Point": [
    {
      "Date": 20221024, 
      "Value" : 63.619999
    },
    {
      "Date": 20240206, 
      "Value" : 20.660000
    },
    {
      "Date": 20240524, 
      "Value" : 34.660000
    }
  ]
}