{
  "Color": "rgb(244, 55, 244)", 
  "Point": [
    {
      "Date": 20220705, 
      "Value" : 41.779999
    },
    {
      "Date": 20230824, 
      "Value" : 17.629999
    }
  ]
}