{
  "Color": "rgb(244, 55, 244)", 
  "Point": [
    {
      "Date": 20221012, 
      "Value" : 23.330000
    },
    {
      "Date": 20230901, 
      "Value" : 40.000000
    }
  ]
}