{
  "Color": "rgb(244, 55, 244)", 
  "Point": [
    {
      "Date": 20230227, 
      "Value" : 51.049999
    },
    {
      "Date": 20230829, 
      "Value" : 27.400000
    }
  ]
}