{
  "Color": "rgb(244, 55, 244)", 
  "Point": [
    {
      "Date": 20221031, 
      "Value" : 34.650002
    },
    {
      "Date": 20230828, 
      "Value" : 107.440002
    },
    {
      "Date": 20240208, 
      "Value" : 26.600000
    }
  ]
}