{
  "Color": "rgb(244, 55, 244)", 
  "Point": [
    {
      "Date": 20220317, 
      "Value" : 94.160004
    },
    {
      "Date": 20240205, 
      "Value" : 26.100000
    }
  ]
}