{
  "Color": "rgb(244, 55, 244)", 
  "Point": [
    {
      "Date": 20230214, 
      "Value" : 62.959999
    },
    {
      "Date": 20240918, 
      "Value" : 15.900000
    }
  ]
}