{
  "Color": "rgb(244, 55, 244)", 
  "Point": [
    {
      "Date": 20220517, 
      "Value" : 79.639999
    },
    {
      "Date": 20221011, 
      "Value" : 38.419998
    },
    {
      "Date": 20230428, 
      "Value" : 85.430000
    },
    {
      "Date": 20230808, 
      "Value" : 49.930000
    }
  ]
}