{
  "Color": "rgb(244, 55, 244)", 
  "Point": [
    {
      "Date": 20220323, 
      "Value" : 17.190001
    },
    {
      "Date": 20240206, 
      "Value" : 4.910000
    },
    {
      "Date": 20250408, 
      "Value" : 15.660000
    }
  ]
}