{
  "Color": "rgb(244, 55, 244)", 
  "Point": [
    {
      "Date": 20220308, 
      "Value" : 11.840000
    },
    {
      "Date": 20240208, 
      "Value" : 4.230000
    },
    {
      "Date": 20241028, 
      "Value" : 6.890000
    }
  ]
}