{
  "Color": "rgb(244, 55, 244)", 
  "Point": [
    {
      "Date": 20221010, 
      "Value" : 20.510000
    },
    {
      "Date": 20230703, 
      "Value" : 195.000000
    }
  ]
}