{
  "Color": "rgb(244, 55, 244)", 
  "Point": [
    {
      "Date": 20230425, 
      "Value" : 23.990000
    },
    {
      "Date": 20230724, 
      "Value" : 33.400002
    }
  ]
}