{
  "Color": "rgb(244, 55, 244)", 
  "Point": [
    {
      "Date": 20220228, 
      "Value" : 73.309998
    },
    {
      "Date": 20230825, 
      "Value" : 33.830002
    }
  ]
}