{
  "Color": "rgb(244, 55, 244)", 
  "Point": [
    {
      "Date": 20221130, 
      "Value" : 58.500000
    },
    {
      "Date": 20231023, 
      "Value" : 28.200001
    }
  ]
}