{
  "Color": "rgb(244, 55, 244)", 
  "Point": [
    {
      "Date": 20230525, 
      "Value" : 43.910000
    },
    {
      "Date": 20240206, 
      "Value" : 15.010000
    },
    {
      "Date": 20240531, 
      "Value" : 36.330002
    }
  ]
}