{
  "Color": "rgb(244, 55, 244)", 
  "Point": [
    {
      "Date": 20220422, 
      "Value" : 67.419998
    },
    {
      "Date": 20231221, 
      "Value" : 26.049999
    }
  ]
}