{
  "Color": "rgb(244, 55, 244)", 
  "Point": [
    {
      "Date": 20231010, 
      "Value" : 48.650002
    },
    {
      "Date": 20240206, 
      "Value" : 18.700001
    }
  ]
}