{
  "Color": "rgb(244, 55, 244)", 
  "Point": [
    {
      "Date": 20220517, 
      "Value" : 60.990002
    },
    {
      "Date": 20221011, 
      "Value" : 29.280001
    },
    {
      "Date": 20230428, 
      "Value" : 65.440002
    },
    {
      "Date": 20240828, 
      "Value" : 22.920000
    }
  ]
}