{
  "Color": "rgb(244, 55, 244)", 
  "Point": [
    {
      "Date": 20220218, 
      "Value" : 52.250000
    },
    {
      "Date": 20250409, 
      "Value" : 14.770000
    }
  ]
}