{
  "Color": "rgb(244, 55, 244)", 
  "Point": [
    {
      "Date": 20230620, 
      "Value" : 40.529999
    },
    {
      "Date": 20231023, 
      "Value" : 23.180000
    }
  ]
}