{
  "Color": "rgb(244, 55, 244)", 
  "Point": [
    {
      "Date": 20221031, 
      "Value" : 47.320000
    },
    {
      "Date": 20230516, 
      "Value" : 144.779999
    },
    {
      "Date": 20240206, 
      "Value" : 52.689999
    }
  ]
}