{
  "Color": "rgb(244, 55, 244)", 
  "Point": [
    {
      "Date": 20221026, 
      "Value" : 25.059999
    },
    {
      "Date": 20230509, 
      "Value" : 17.959999
    }
  ]
}