{
  "Color": "rgb(244, 55, 244)", 
  "Point": [
    {
      "Date": 20221031, 
      "Value" : 36.299999
    },
    {
      "Date": 20230828, 
      "Value" : 109.089996
    },
    {
      "Date": 20240208, 
      "Value" : 28.250000
    }
  ]
}