{
  "Color": "rgb(244, 55, 244)", 
  "Point": [
    {
      "Date": 20220420, 
      "Value" : 32.970001
    },
    {
      "Date": 20221011, 
      "Value" : 15.850000
    },
    {
      "Date": 20230327, 
      "Value" : 27.930000
    },
    {
      "Date": 20240208, 
      "Value" : 8.210000
    }
  ]
}