{
  "Color": "rgb(244, 55, 244)", 
  "Point": [
    {
      "Date": 20230824, 
      "Value" : 68.910004
    },
    {
      "Date": 20240208, 
      "Value" : 21.209999
    }
  ]
}