{
  "Color": "rgb(244, 55, 244)", 
  "Point": [
    {
      "Date": 20231222, 
      "Value" : 45.750000
    },
    {
      "Date": 20240205, 
      "Value" : 22.700001
    },
    {
      "Date": 20241008, 
      "Value" : 48.000000
    }
  ]
}