{
  "Color": "rgb(244, 55, 244)", 
  "Point": [
    {
      "Date": 20230829, 
      "Value" : 31.799999
    },
    {
      "Date": 20231010, 
      "Value" : 49.049999
    }
  ]
}