{
  "Color": "rgb(244, 55, 244)", 
  "Point": [
    {
      "Date": 20220210, 
      "Value" : 95.320000
    },
    {
      "Date": 20240206, 
      "Value" : 20.150000
    }
  ]
}