{
  "Color": "rgb(244, 55, 244)", 
  "Point": [
    {
      "Date": 20220323, 
      "Value" : 67.669998
    },
    {
      "Date": 20240206, 
      "Value" : 13.930000
    }
  ]
}