{
  "Color": "rgb(244, 55, 244)", 
  "Point": [
    {
      "Date": 20221012, 
      "Value" : 23.330000
    },
    {
      "Date": 20230728, 
      "Value" : 38.220001
    }
  ]
}