{
  "Color": "rgb(244, 55, 244)", 
  "Point": [
    {
      "Date": 20220117, 
      "Value" : 118.199997
    },
    {
      "Date": 20221223, 
      "Value" : 37.520000
    },
    {
      "Date": 20230712, 
      "Value" : 82.480003
    }
  ]
}