{
  "Color": "rgb(244, 55, 244)", 
  "Point": [
    {
      "Date": 20221010, 
      "Value" : 16.860001
    },
    {
      "Date": 20241008, 
      "Value" : 40.000000
    }
  ]
}