{
  "Color": "rgb(244, 55, 244)", 
  "Point": [
    {
      "Date": 20220427, 
      "Value" : 11.210000
    },
    {
      "Date": 20230703, 
      "Value" : 23.990000
    }
  ]
}