{
  "Color": "rgb(244, 55, 244)", 
  "Point": [
    {
      "Date": 20230214, 
      "Value" : 63.070000
    },
    {
      "Date": 20240205, 
      "Value" : 24.820000
    }
  ]
}