{
  "Color": "rgb(244, 55, 244)", 
  "Point": [
    {
      "Date": 20220325, 
      "Value" : 34.020000
    },
    {
      "Date": 20220425, 
      "Value" : 17.360001
    },
    {
      "Date": 20230713, 
      "Value" : 33.560001
    },
    {
      "Date": 20240208, 
      "Value" : 10.000000
    }
  ]
}