{
  "Color": "rgb(244, 55, 244)", 
  "Point": [
    {
      "Date": 20220902, 
      "Value" : 22.030001
    },
    {
      "Date": 20221025, 
      "Value" : 13.920000
    },
    {
      "Date": 20230522, 
      "Value" : 18.160000
    },
    {
      "Date": 20230829, 
      "Value" : 14.260000
    }
  ]
}