{
  "Color": "rgb(244, 55, 244)", 
  "Point": [
    {
      "Date": 20220210, 
      "Value" : 95.970001
    },
    {
      "Date": 20230508, 
      "Value" : 28.510000
    }
  ]
}