{
  "Color": "rgb(244, 55, 244)", 
  "Point": [
    {
      "Date": 20221116, 
      "Value" : 24.240000
    },
    {
      "Date": 20221229, 
      "Value" : 12.640000
    },
    {
      "Date": 20230816, 
      "Value" : 20.790001
    },
    {
      "Date": 20240208, 
      "Value" : 9.520000
    }
  ]
}