{
  "Color": "rgb(244, 55, 244)", 
  "Point": [
    {
      "Date": 20230424, 
      "Value" : 18.799999
    },
    {
      "Date": 20230706, 
      "Value" : 70.000000
    },
    {
      "Date": 20240208, 
      "Value" : 22.799999
    }
  ]
}