{
  "Color": "rgb(244, 55, 244)", 
  "Point": [
    {
      "Date": 20230616, 
      "Value" : 53.099998
    },
    {
      "Date": 20240206, 
      "Value" : 19.910000
    }
  ]
}