{
  "Color": "rgb(244, 55, 244)", 
  "Point": [
    {
      "Date": 20220325, 
      "Value" : 33.790001
    },
    {
      "Date": 20220425, 
      "Value" : 17.129999
    },
    {
      "Date": 20230713, 
      "Value" : 33.330002
    },
    {
      "Date": 20240208, 
      "Value" : 9.770000
    }
  ]
}