{
  "Color": "rgb(244, 55, 244)", 
  "Point": [
    {
      "Date": 20221028, 
      "Value" : 20.080000
    },
    {
      "Date": 20230512, 
      "Value" : 52.759998
    },
    {
      "Date": 20240208, 
      "Value" : 11.450000
    },
    {
      "Date": 20250508, 
      "Value" : 28.799999
    }
  ]
}