{
  "Color": "rgb(244, 55, 244)", 
  "Point": [
    {
      "Date": 20230711, 
      "Value" : 64.730003
    },
    {
      "Date": 20240206, 
      "Value" : 29.260000
    },
    {
      "Date": 20250325, 
      "Value" : 138.309998
    }
  ]
}