{
  "Color": "rgb(244, 55, 244)", 
  "Point": [
    {
      "Date": 20220228, 
      "Value" : 74.160004
    },
    {
      "Date": 20230825, 
      "Value" : 34.680000
    }
  ]
}