{
  "Color": "rgb(244, 55, 244)", 
  "Point": [
    {
      "Date": 20230214, 
      "Value" : 63.070000
    },
    {
      "Date": 20230824, 
      "Value" : 35.560001
    }
  ]
}