{
  "Color": "rgb(244, 55, 244)", 
  "Point": [
    {
      "Date": 20231023, 
      "Value" : 23.180000
    },
    {
      "Date": 20231122, 
      "Value" : 42.790001
    }
  ]
}