{
  "Color": "rgb(244, 55, 244)", 
  "Point": [
    {
      "Date": 20221230, 
      "Value" : 14.350000
    },
    {
      "Date": 20241031, 
      "Value" : 72.800003
    },
    {
      "Date": 20250409, 
      "Value" : 33.029999
    }
  ]
}