{
  "Color": "rgb(244, 55, 244)", 
  "Point": [
    {
      "Date": 20220329, 
      "Value" : 78.809998
    },
    {
      "Date": 20240206, 
      "Value" : 19.059999
    }
  ]
}