{
  "Color": "rgb(244, 55, 244)", 
  "Point": [
    {
      "Date": 20221220, 
      "Value" : 24.110001
    },
    {
      "Date": 20230714, 
      "Value" : 43.880001
    },
    {
      "Date": 20240208, 
      "Value" : 16.709999
    }
  ]
}