{
  "Color": "rgb(244, 55, 244)", 
  "Point": [
    {
      "Date": 20220804, 
      "Value" : 110.620003
    },
    {
      "Date": 20230425, 
      "Value" : 54.169998
    }
  ]
}