{
  "Color": "rgb(244, 55, 244)", 
  "Point": [
    {
      "Date": 20230630, 
      "Value" : 35.240002
    },
    {
      "Date": 20240206, 
      "Value" : 22.799999
    }
  ]
}