{
  "Color": "rgb(244, 55, 244)", 
  "Point": [
    {
      "Date": 20230227, 
      "Value" : 50.849998
    },
    {
      "Date": 20240208, 
      "Value" : 11.610000
    },
    {
      "Date": 20250318, 
      "Value" : 26.500000
    }
  ]
}