{
  "Color": "rgb(244, 55, 244)", 
  "Point": [
    {
      "Date": 20220825, 
      "Value" : 48.570000
    },
    {
      "Date": 20230425, 
      "Value" : 20.709999
    },
    {
      "Date": 20230905, 
      "Value" : 27.200001
    },
    {
      "Date": 20240208, 
      "Value" : 11.210000
    }
  ]
}