{
  "Color": "rgb(244, 55, 244)", 
  "Point": [
    {
      "Date": 20221220, 
      "Value" : 24.209999
    },
    {
      "Date": 20230714, 
      "Value" : 43.980000
    },
    {
      "Date": 20240208, 
      "Value" : 16.809999
    }
  ]
}