{
  "Color": "rgb(244, 55, 244)", 
  "Point": [
    {
      "Date": 20220323, 
      "Value" : 53.770000
    },
    {
      "Date": 20240208, 
      "Value" : 14.300000
    },
    {
      "Date": 20241217, 
      "Value" : 31.320000
    },
    {
      "Date": 20250409, 
      "Value" : 19.030001
    }
  ]
}