{
  "Color": "rgb(244, 55, 244)", 
  "Point": [
    {
      "Date": 20220422, 
      "Value" : 42.750000
    },
    {
      "Date": 20230425, 
      "Value" : 15.230000
    },
    {
      "Date": 20230825, 
      "Value" : 31.150000
    }
  ]
}