{
  "Color": "rgb(244, 55, 244)", 
  "Point": [
    {
      "Date": 20221026, 
      "Value" : 25.059999
    },
    {
      "Date": 20240208, 
      "Value" : 12.890000
    }
  ]
}