{
  "Color": "rgb(244, 55, 244)", 
  "Point": [
    {
      "Date": 20211217, 
      "Value" : 94.570000
    },
    {
      "Date": 20240207, 
      "Value" : 19.100000
    }
  ]
}