{
  "Color": "rgb(244, 55, 244)", 
  "Point": [
    {
      "Date": 20220725, 
      "Value" : 24.260000
    },
    {
      "Date": 20240918, 
      "Value" : 8.980000
    }
  ]
}