{
  "Color": "rgb(244, 55, 244)", 
  "Point": [
    {
      "Date": 20220706, 
      "Value" : 59.009998
    },
    {
      "Date": 20221223, 
      "Value" : 33.209999
    }
  ]
}