{
  "Color": "rgb(244, 55, 244)", 
  "Point": [
    {
      "Date": 20230112, 
      "Value" : 30.820000
    },
    {
      "Date": 20230215, 
      "Value" : 41.060001
    }
  ]
}