{
  "Color": "rgb(244, 55, 244)", 
  "Point": [
    {
      "Date": 20230814, 
      "Value" : 63.689999
    },
    {
      "Date": 20240920, 
      "Value" : 18.889999
    }
  ]
}