{
  "Color": "rgb(244, 55, 244)", 
  "Point": [
    {
      "Date": 20230112, 
      "Value" : 30.820000
    },
    {
      "Date": 20231220, 
      "Value" : 42.959999
    }
  ]
}