{
  "Color": "rgb(244, 55, 244)", 
  "Point": [
    {
      "Date": 20220427, 
      "Value" : 16.750000
    },
    {
      "Date": 20220718, 
      "Value" : 68.150002
    },
    {
      "Date": 20240205, 
      "Value" : 17.680000
    }
  ]
}