{
  "Color": "rgb(244, 55, 244)", 
  "Point": [
    {
      "Date": 20230628, 
      "Value" : 49.000000
    },
    {
      "Date": 20230728, 
      "Value" : 36.009998
    }
  ]
}