{
  "Color": "rgb(244, 55, 244)", 
  "Point": [
    {
      "Date": 20220323, 
      "Value" : 67.769997
    },
    {
      "Date": 20230721, 
      "Value" : 27.020000
    }
  ]
}