{
  "Color": "rgb(244, 55, 244)", 
  "Point": [
    {
      "Date": 20220826, 
      "Value" : 49.400002
    },
    {
      "Date": 20240206, 
      "Value" : 11.410000
    }
  ]
}