{
  "Color": "rgb(244, 55, 244)", 
  "Point": [
    {
      "Date": 20230818, 
      "Value" : 58.799999
    },
    {
      "Date": 20240206, 
      "Value" : 24.240000
    }
  ]
}