{
  "Color": "rgb(244, 55, 244)", 
  "Point": [
    {
      "Date": 20220622, 
      "Value" : 51.500000
    },
    {
      "Date": 20231023, 
      "Value" : 29.969999
    }
  ]
}