{
  "Color": "rgb(244, 55, 244)", 
  "Point": [
    {
      "Date": 20220826, 
      "Value" : 49.200001
    },
    {
      "Date": 20240206, 
      "Value" : 11.210000
    },
    {
      "Date": 20241008, 
      "Value" : 26.969999
    },
    {
      "Date": 20250409, 
      "Value" : 16.250000
    }
  ]
}