{
  "Color": "rgb(244, 55, 244)", 
  "Point": [
    {
      "Date": 20221031, 
      "Value" : 33.799999
    },
    {
      "Date": 20230828, 
      "Value" : 106.589996
    },
    {
      "Date": 20240208, 
      "Value" : 25.750000
    },
    {
      "Date": 20250210, 
      "Value" : 90.989998
    }
  ]
}