{
  "Color": "rgb(244, 55, 244)", 
  "Point": [
    {
      "Date": 20220217, 
      "Value" : 47.020000
    },
    {
      "Date": 20240208, 
      "Value" : 6.920000
    },
    {
      "Date": 20250430, 
      "Value" : 27.000000
    }
  ]
}