{
  "Color": "rgb(244, 55, 244)", 
  "Point": [
    {
      "Date": 20230713, 
      "Value" : 99.150002
    },
    {
      "Date": 20240918, 
      "Value" : 28.879999
    }
  ]
}