{
  "Color": "rgb(244, 55, 244)", 
  "Point": [
    {
      "Date": 20221230, 
      "Value" : 14.430000
    },
    {
      "Date": 20231109, 
      "Value" : 38.500000
    }
  ]
}