{
  "Color": "rgb(244, 55, 244)", 
  "Point": [
    {
      "Date": 20221010, 
      "Value" : 20.000000
    },
    {
      "Date": 20230821, 
      "Value" : 49.439999
    },
    {
      "Date": 20240207, 
      "Value" : 17.549999
    }
  ]
}