{
  "Color": "rgb(244, 55, 244)", 
  "Point": [
    {
      "Date": 20220329, 
      "Value" : 79.410004
    },
    {
      "Date": 20220426, 
      "Value" : 35.520000
    }
  ]
}