{
  "Color": "rgb(244, 55, 244)", 
  "Point": [
    {
      "Date": 20220517, 
      "Value" : 61.139999
    },
    {
      "Date": 20221011, 
      "Value" : 29.430000
    },
    {
      "Date": 20230428, 
      "Value" : 65.589996
    },
    {
      "Date": 20240709, 
      "Value" : 25.160000
    }
  ]
}