{
  "Color": "rgb(244, 55, 244)", 
  "Point": [
    {
      "Date": 20230815, 
      "Value" : 51.360001
    },
    {
      "Date": 20240206, 
      "Value" : 15.920000
    }
  ]
}