{
  "Color": "rgb(244, 55, 244)", 
  "Point": [
    {
      "Date": 20221216, 
      "Value" : 17.799999
    },
    {
      "Date": 20240206, 
      "Value" : 6.710000
    }
  ]
}