{
  "Color": "rgb(244, 55, 244)", 
  "Point": [
    {
      "Date": 20240206, 
      "Value" : 22.160000
    },
    {
      "Date": 20240513, 
      "Value" : 45.340000
    },
    {
      "Date": 20240827, 
      "Value" : 26.330000
    }
  ]
}