{
  "Color": "rgb(244, 55, 244)", 
  "Point": [
    {
      "Date": 20221010, 
      "Value" : 16.410000
    },
    {
      "Date": 20230403, 
      "Value" : 37.689999
    },
    {
      "Date": 20230825, 
      "Value" : 18.870001
    },
    {
      "Date": 20241018, 
      "Value" : 76.599998
    }
  ]
}