{
  "Color": "rgb(244, 55, 244)", 
  "Point": [
    {
      "Date": 20230320, 
      "Value" : 44.849998
    },
    {
      "Date": 20240918, 
      "Value" : 10.580000
    }
  ]
}