{
  "Color": "rgb(244, 55, 244)", 
  "Point": [
    {
      "Date": 20220120, 
      "Value" : 117.029999
    },
    {
      "Date": 20240208, 
      "Value" : 14.660000
    }
  ]
}