{
  "Color": "rgb(244, 55, 244)", 
  "Point": [
    {
      "Date": 20220427, 
      "Value" : 16.900000
    },
    {
      "Date": 20220718, 
      "Value" : 68.300003
    },
    {
      "Date": 20230725, 
      "Value" : 34.209999
    }
  ]
}