{
  "Color": "rgb(244, 55, 244)", 
  "Point": [
    {
      "Date": 20230815, 
      "Value" : 51.560001
    },
    {
      "Date": 20231023, 
      "Value" : 29.980000
    }
  ]
}