{
  "Color": "rgb(244, 55, 244)", 
  "Point": [
    {
      "Date": 20220622, 
      "Value" : 51.500000
    },
    {
      "Date": 20230914, 
      "Value" : 31.750000
    }
  ]
}