{
  "Color": "rgb(244, 55, 244)", 
  "Point": [
    {
      "Date": 20221024, 
      "Value" : 64.269997
    },
    {
      "Date": 20231023, 
      "Value" : 29.280001
    }
  ]
}