{
  "Color": "rgb(244, 55, 244)", 
  "Point": [
    {
      "Date": 20230425, 
      "Value" : 32.799999
    },
    {
      "Date": 20230824, 
      "Value" : 71.209999
    }
  ]
}