{
  "Color": "rgb(244, 55, 244)", 
  "Point": [
    {
      "Date": 20220329, 
      "Value" : 79.410004
    },
    {
      "Date": 20240206, 
      "Value" : 19.660000
    }
  ]
}