{
  "Color": "rgb(244, 55, 244)", 
  "Point": [
    {
      "Date": 20230815, 
      "Value" : 51.160000
    },
    {
      "Date": 20240206, 
      "Value" : 15.720000
    },
    {
      "Date": 20250227, 
      "Value" : 57.060001
    }
  ]
}