{
  "Color": "rgb(244, 55, 244)", 
  "Point": [
    {
      "Date": 20230614, 
      "Value" : 55.750000
    },
    {
      "Date": 20240206, 
      "Value" : 20.959999
    },
    {
      "Date": 20241008, 
      "Value" : 35.900002
    }
  ]
}