{
  "Color": "rgb(244, 55, 244)", 
  "Point": [
    {
      "Date": 20220323, 
      "Value" : 67.769997
    },
    {
      "Date": 20230824, 
      "Value" : 21.299999
    }
  ]
}