{
  "Color": "rgb(244, 55, 244)", 
  "Point": [
    {
      "Date": 20220705, 
      "Value" : 50.200001
    },
    {
      "Date": 20230425, 
      "Value" : 26.420000
    },
    {
      "Date": 20230815, 
      "Value" : 54.400002
    },
    {
      "Date": 20240208, 
      "Value" : 16.610001
    }
  ]
}