{
  "Color": "rgb(244, 55, 244)", 
  "Point": [
    {
      "Date": 20221230, 
      "Value" : 14.350000
    },
    {
      "Date": 20231113, 
      "Value" : 38.119999
    }
  ]
}