{
  "Color": "rgb(244, 55, 244)", 
  "Point": [
    {
      "Date": 20220427, 
      "Value" : 16.500000
    },
    {
      "Date": 20220718, 
      "Value" : 67.900002
    },
    {
      "Date": 20240923, 
      "Value" : 13.280000
    },
    {
      "Date": 20250310, 
      "Value" : 24.490000
    }
  ]
}