{
  "Color": "rgb(244, 55, 244)", 
  "Point": [
    {
      "Date": 20220413, 
      "Value" : 42.230000
    },
    {
      "Date": 20221230, 
      "Value" : 20.809999
    },
    {
      "Date": 20230705, 
      "Value" : 30.580000
    },
    {
      "Date": 20240208, 
      "Value" : 11.590000
    }
  ]
}