{
  "Color": "rgb(244, 55, 244)", 
  "Point": [
    {
      "Date": 20221130, 
      "Value" : 58.500000
    },
    {
      "Date": 20240206, 
      "Value" : 16.600000
    }
  ]
}