{
  "Color": "rgb(244, 55, 244)", 
  "Point": [
    {
      "Date": 20230628, 
      "Value" : 34.639999
    },
    {
      "Date": 20240207, 
      "Value" : 12.360000
    },
    {
      "Date": 20240529, 
      "Value" : 25.100000
    }
  ]
}