{
  "Color": "rgb(244, 55, 244)", 
  "Point": [
    {
      "Date": 20220706, 
      "Value" : 58.570000
    },
    {
      "Date": 20240208, 
      "Value" : 23.740000
    }
  ]
}