{
  "Color": "rgb(244, 55, 244)", 
  "Point": [
    {
      "Date": 20220804, 
      "Value" : 110.620003
    },
    {
      "Date": 20240205, 
      "Value" : 33.639999
    }
  ]
}