{
  "Color": "rgb(244, 55, 244)", 
  "Point": [
    {
      "Date": 20230209, 
      "Value" : 41.820000
    },
    {
      "Date": 20230512, 
      "Value" : 21.590000
    }
  ]
}