{
  "Color": "rgb(244, 55, 244)", 
  "Point": [
    {
      "Date": 20221026, 
      "Value" : 24.760000
    },
    {
      "Date": 20240208, 
      "Value" : 12.590000
    }
  ]
}