{
  "Color": "rgb(244, 55, 244)", 
  "Point": [
    {
      "Date": 20220317, 
      "Value" : 95.660004
    },
    {
      "Date": 20240205, 
      "Value" : 27.600000
    }
  ]
}