{
  "Color": "rgb(244, 55, 244)", 
  "Point": [
    {
      "Date": 20221010, 
      "Value" : 20.459999
    },
    {
      "Date": 20230703, 
      "Value" : 194.949997
    },
    {
      "Date": 20240828, 
      "Value" : 47.540001
    },
    {
      "Date": 20250124, 
      "Value" : 90.239998
    }
  ]
}