{
  "Color": "rgb(244, 55, 244)", 
  "Point": [
    {
      "Date": 20221031, 
      "Value" : 36.700001
    },
    {
      "Date": 20230619, 
      "Value" : 73.690002
    }
  ]
}