{
  "Color": "rgb(244, 55, 244)", 
  "Point": [
    {
      "Date": 20230512, 
      "Value" : 47.270000
    },
    {
      "Date": 20230602, 
      "Value" : 118.220001
    },
    {
      "Date": 20240124, 
      "Value" : 48.200001
    }
  ]
}