{
  "Color": "rgb(244, 55, 244)", 
  "Point": [
    {
      "Date": 20220120, 
      "Value" : 116.830002
    },
    {
      "Date": 20240208, 
      "Value" : 14.460000
    }
  ]
}