{
  "Color": "rgb(244, 55, 244)", 
  "Point": [
    {
      "Date": 20230616, 
      "Value" : 74.540001
    },
    {
      "Date": 20231024, 
      "Value" : 47.570000
    }
  ]
}