{
  "Color": "rgb(244, 55, 244)", 
  "Point": [
    {
      "Date": 20230512, 
      "Value" : 36.290001
    },
    {
      "Date": 20230602, 
      "Value" : 90.870003
    },
    {
      "Date": 20240709, 
      "Value" : 33.299999
    }
  ]
}