{
  "Color": "rgb(244, 55, 244)", 
  "Point": [
    {
      "Date": 20221010, 
      "Value" : 20.459999
    },
    {
      "Date": 20230703, 
      "Value" : 194.949997
    },
    {
      "Date": 20240709, 
      "Value" : 55.389999
    }
  ]
}