{
  "Color": "rgb(244, 55, 244)", 
  "Point": [
    {
      "Date": 20220729, 
      "Value" : 67.760002
    },
    {
      "Date": 20220808, 
      "Value" : 145.679993
    },
    {
      "Date": 20240709, 
      "Value" : 69.519997
    }
  ]
}