{
  "Color": "rgb(244, 55, 244)", 
  "Point": [
    {
      "Date": 20230906, 
      "Value" : 73.839996
    },
    {
      "Date": 20240206, 
      "Value" : 22.180000
    },
    {
      "Date": 20240618, 
      "Value" : 46.880001
    }
  ]
}