{
  "Color": "rgb(244, 55, 244)", 
  "Point": [
    {
      "Date": 20221116, 
      "Value" : 34.330002
    },
    {
      "Date": 20221229, 
      "Value" : 18.090000
    },
    {
      "Date": 20230816, 
      "Value" : 29.500000
    },
    {
      "Date": 20240208, 
      "Value" : 13.730000
    }
  ]
}