{
  "Color": "rgb(244, 55, 244)", 
  "Point": [
    {
      "Date": 20230320, 
      "Value" : 44.900002
    },
    {
      "Date": 20231221, 
      "Value" : 25.170000
    }
  ]
}