{
  "Color": "rgb(244, 55, 244)", 
  "Point": [
    {
      "Date": 20220622, 
      "Value" : 51.299999
    },
    {
      "Date": 20240422, 
      "Value" : 23.120001
    }
  ]
}