{
  "Color": "rgb(244, 55, 244)", 
  "Point": [
    {
      "Date": 20230801, 
      "Value" : 32.360001
    },
    {
      "Date": 20230815, 
      "Value" : 51.959999
    }
  ]
}