{
  "Color": "rgb(244, 55, 244)", 
  "Point": [
    {
      "Date": 20231122, 
      "Value" : 42.790001
    },
    {
      "Date": 20240206, 
      "Value" : 19.900000
    }
  ]
}