{
  "Color": "rgb(244, 55, 244)", 
  "Point": [
    {
      "Date": 20221123, 
      "Value" : 24.549999
    },
    {
      "Date": 20240208, 
      "Value" : 8.500000
    },
    {
      "Date": 20250314, 
      "Value" : 30.549999
    }
  ]
}