{
  "Color": "rgb(244, 55, 244)", 
  "Point": [
    {
      "Date": 20220810, 
      "Value" : 61.349998
    },
    {
      "Date": 20231024, 
      "Value" : 30.500000
    }
  ]
}