{
  "Color": "rgb(244, 55, 244)", 
  "Point": [
    {
      "Date": 20230208, 
      "Value" : 45.389999
    },
    {
      "Date": 20231023, 
      "Value" : 27.129999
    }
  ]
}