{
  "Color": "rgb(244, 55, 244)", 
  "Point": [
    {
      "Date": 20221118, 
      "Value" : 33.709999
    },
    {
      "Date": 20240206, 
      "Value" : 12.890000
    },
    {
      "Date": 20241008, 
      "Value" : 24.270000
    }
  ]
}