{
  "Color": "rgb(244, 55, 244)", 
  "Point": [
    {
      "Date": 20240606, 
      "Value" : 111.440002
    },
    {
      "Date": 20240709, 
      "Value" : 49.520000
    }
  ]
}