{
  "Color": "rgb(244, 55, 244)", 
  "Point": [
    {
      "Date": 20221012, 
      "Value" : 13.610000
    },
    {
      "Date": 20230412, 
      "Value" : 32.180000
    },
    {
      "Date": 20230829, 
      "Value" : 20.290001
    }
  ]
}