{
  "Color": "rgb(244, 55, 244)", 
  "Point": [
    {
      "Date": 20221031, 
      "Value" : 45.490002
    },
    {
      "Date": 20230117, 
      "Value" : 75.650002
    },
    {
      "Date": 20230828, 
      "Value" : 46.500000
    },
    {
      "Date": 20231122, 
      "Value" : 65.260002
    }
  ]
}