{
  "Color": "rgb(244, 55, 244)", 
  "Point": [
    {
      "Date": 20221223, 
      "Value" : 24.930000
    },
    {
      "Date": 20230612, 
      "Value" : 53.110001
    }
  ]
}