{
  "Color": "rgb(244, 55, 244)", 
  "Point": [
    {
      "Date": 20221118, 
      "Value" : 34.160000
    },
    {
      "Date": 20230626, 
      "Value" : 22.990000
    }
  ]
}