{
  "Color": "rgb(244, 55, 244)", 
  "Point": [
    {
      "Date": 20220816, 
      "Value" : 67.050003
    },
    {
      "Date": 20240208, 
      "Value" : 19.170000
    }
  ]
}