{
  "Color": "rgb(244, 55, 244)", 
  "Point": [
    {
      "Date": 20230619, 
      "Value" : 30.080000
    },
    {
      "Date": 20240207, 
      "Value" : 11.300000
    }
  ]
}