{
  "Color": "rgb(244, 55, 244)", 
  "Point": [
    {
      "Date": 20221123, 
      "Value" : 24.799999
    },
    {
      "Date": 20240208, 
      "Value" : 8.750000
    }
  ]
}