{
  "Color": "rgb(244, 55, 244)", 
  "Point": [
    {
      "Date": 20221012, 
      "Value" : 36.980000
    },
    {
      "Date": 20230221, 
      "Value" : 68.029999
    },
    {
      "Date": 20240206, 
      "Value" : 26.110001
    }
  ]
}