{
  "Color": "rgb(244, 55, 244)", 
  "Point": [
    {
      "Date": 20230712, 
      "Value" : 47.380001
    },
    {
      "Date": 20230816, 
      "Value" : 99.379997
    }
  ]
}