{
  "Color": "rgb(244, 55, 244)", 
  "Point": [
    {
      "Date": 20230404, 
      "Value" : 84.500000
    },
    {
      "Date": 20230922, 
      "Value" : 49.990002
    }
  ]
}