{
  "Color": "rgb(244, 55, 244)", 
  "Point": [
    {
      "Date": 20230726, 
      "Value" : 31.990000
    },
    {
      "Date": 20231023, 
      "Value" : 21.020000
    }
  ]
}