{
  "Color": "rgb(244, 55, 244)", 
  "Point": [
    {
      "Date": 20240206, 
      "Value" : 12.590000
    },
    {
      "Date": 20240229, 
      "Value" : 47.290001
    }
  ]
}