{
  "Color": "rgb(244, 55, 244)", 
  "Point": [
    {
      "Date": 20220818, 
      "Value" : 24.430000
    },
    {
      "Date": 20230103, 
      "Value" : 12.260000
    },
    {
      "Date": 20230531, 
      "Value" : 17.389999
    }
  ]
}