{
  "Color": "rgb(244, 55, 244)", 
  "Point": [
    {
      "Date": 20220712, 
      "Value" : 36.310001
    },
    {
      "Date": 20230519, 
      "Value" : 83.639999
    },
    {
      "Date": 20250409, 
      "Value" : 31.000000
    }
  ]
}