{
  "Color": "rgb(244, 55, 244)", 
  "Point": [
    {
      "Date": 20230703, 
      "Value" : 102.940002
    },
    {
      "Date": 20240920, 
      "Value" : 29.540001
    }
  ]
}