{
  "Color": "rgb(244, 55, 244)", 
  "Point": [
    {
      "Date": 20221012, 
      "Value" : 36.779999
    },
    {
      "Date": 20230221, 
      "Value" : 67.830002
    },
    {
      "Date": 20240206, 
      "Value" : 25.910000
    },
    {
      "Date": 20241226, 
      "Value" : 51.099998
    }
  ]
}