{
  "Color": "rgb(244, 55, 244)", 
  "Point": [
    {
      "Date": 20230810, 
      "Value" : 83.959999
    },
    {
      "Date": 20240918, 
      "Value" : 19.690001
    }
  ]
}