{
  "Color": "rgb(244, 55, 244)", 
  "Point": [
    {
      "Date": 20221111, 
      "Value" : 49.759998
    },
    {
      "Date": 20221230, 
      "Value" : 28.180000
    }
  ]
}