{
  "Color": "rgb(244, 55, 244)", 
  "Point": [
    {
      "Date": 20240102, 
      "Value" : 68.900002
    },
    {
      "Date": 20240208, 
      "Value" : 25.740000
    }
  ]
}