{
  "Color": "rgb(244, 55, 244)", 
  "Point": [
    {
      "Date": 20221109, 
      "Value" : 36.990002
    },
    {
      "Date": 20240207, 
      "Value" : 11.730000
    }
  ]
}