{
  "Color": "rgb(244, 55, 244)", 
  "Point": [
    {
      "Date": 20230703, 
      "Value" : 103.150002
    },
    {
      "Date": 20240710, 
      "Value" : 36.889999
    }
  ]
}