{
  "Color": "rgb(244, 55, 244)", 
  "Point": [
    {
      "Date": 20230717, 
      "Value" : 31.760000
    },
    {
      "Date": 20240206, 
      "Value" : 11.950000
    },
    {
      "Date": 20240603, 
      "Value" : 27.360001
    }
  ]
}