{
  "Color": "rgb(244, 55, 244)", 
  "Point": [
    {
      "Date": 20230811, 
      "Value" : 128.559998
    },
    {
      "Date": 20240918, 
      "Value" : 17.490000
    }
  ]
}