{
  "Color": "rgb(244, 55, 244)", 
  "Point": [
    {
      "Date": 20231023, 
      "Value" : 42.000000
    },
    {
      "Date": 20240515, 
      "Value" : 85.300003
    }
  ]
}