{
  "Color": "rgb(244, 55, 244)", 
  "Point": [
    {
      "Date": 20230426, 
      "Value" : 17.000000
    },
    {
      "Date": 20230704, 
      "Value" : 34.849998
    }
  ]
}