{
  "Color": "rgb(244, 55, 244)", 
  "Point": [
    {
      "Date": 20220909, 
      "Value" : 119.029999
    },
    {
      "Date": 20240826, 
      "Value" : 21.330000
    },
    {
      "Date": 20250318, 
      "Value" : 41.990002
    }
  ]
}