{
  "Color": "rgb(244, 55, 244)", 
  "Point": [
    {
      "Date": 20221109, 
      "Value" : 34.730000
    },
    {
      "Date": 20230425, 
      "Value" : 20.629999
    }
  ]
}