{
  "Color": "rgb(244, 55, 244)", 
  "Point": [
    {
      "Date": 20221011, 
      "Value" : 57.770000
    },
    {
      "Date": 20230417, 
      "Value" : 119.080002
    },
    {
      "Date": 20240208, 
      "Value" : 30.200001
    }
  ]
}