{
  "Color": "rgb(244, 55, 244)", 
  "Point": [
    {
      "Date": 20230726, 
      "Value" : 31.490000
    },
    {
      "Date": 20240206, 
      "Value" : 16.620001
    }
  ]
}