{
  "Color": "rgb(244, 55, 244)", 
  "Point": [
    {
      "Date": 20240117, 
      "Value" : 59.000000
    },
    {
      "Date": 20250409, 
      "Value" : 22.260000
    }
  ]
}