{
  "Color": "rgb(244, 55, 244)", 
  "Point": [
    {
      "Date": 20221010, 
      "Value" : 32.590000
    },
    {
      "Date": 20221115, 
      "Value" : 55.250000
    },
    {
      "Date": 20231219, 
      "Value" : 24.600000
    }
  ]
}