{
  "Color": "rgb(244, 55, 244)", 
  "Point": [
    {
      "Date": 20220921, 
      "Value" : 51.119999
    },
    {
      "Date": 20240208, 
      "Value" : 15.040000
    },
    {
      "Date": 20241127, 
      "Value" : 93.419998
    },
    {
      "Date": 20250409, 
      "Value" : 43.910000
    }
  ]
}