{
  "Color": "rgb(244, 55, 244)", 
  "Point": [
    {
      "Date": 20221012, 
      "Value" : 37.279999
    },
    {
      "Date": 20230221, 
      "Value" : 68.330002
    },
    {
      "Date": 20240206, 
      "Value" : 26.410000
    }
  ]
}