{
  "Color": "rgb(244, 55, 244)", 
  "Point": [
    {
      "Date": 20220817, 
      "Value" : 52.040001
    },
    {
      "Date": 20240206, 
      "Value" : 18.020000
    }
  ]
}