{
  "Color": "rgb(244, 55, 244)", 
  "Point": [
    {
      "Date": 20220810, 
      "Value" : 61.349998
    },
    {
      "Date": 20240206, 
      "Value" : 17.559999
    },
    {
      "Date": 20241111, 
      "Value" : 57.049999
    },
    {
      "Date": 20250409, 
      "Value" : 31.059999
    }
  ]
}