{
  "Color": "rgb(244, 55, 244)", 
  "Point": [
    {
      "Date": 20221201, 
      "Value" : 79.400002
    },
    {
      "Date": 20230301, 
      "Value" : 126.400002
    }
  ]
}