{
  "Color": "rgb(244, 55, 244)", 
  "Point": [
    {
      "Date": 20230801, 
      "Value" : 80.040001
    },
    {
      "Date": 20240205, 
      "Value" : 25.209999
    }
  ]
}