{
  "Color": "rgb(244, 55, 244)", 
  "Point": [
    {
      "Date": 20231129, 
      "Value" : 45.570000
    },
    {
      "Date": 20240206, 
      "Value" : 19.340000
    },
    {
      "Date": 20250227, 
      "Value" : 42.470001
    }
  ]
}