{
  "Color": "rgb(244, 55, 244)", 
  "Point": [
    {
      "Date": 20230209, 
      "Value" : 64.580002
    },
    {
      "Date": 20231026, 
      "Value" : 33.169998
    }
  ]
}