{
  "Color": "rgb(244, 55, 244)", 
  "Point": [
    {
      "Date": 20230328, 
      "Value" : 70.849998
    },
    {
      "Date": 20230825, 
      "Value" : 40.900002
    }
  ]
}