{
  "Color": "rgb(244, 55, 244)", 
  "Point": [
    {
      "Date": 20221012, 
      "Value" : 34.750000
    },
    {
      "Date": 20221114, 
      "Value" : 52.849998
    },
    {
      "Date": 20230914, 
      "Value" : 30.350000
    }
  ]
}