{
  "Color": "rgb(244, 55, 244)", 
  "Point": [
    {
      "Date": 20230220, 
      "Value" : 39.389999
    },
    {
      "Date": 20240206, 
      "Value" : 13.020000
    }
  ]
}