{
  "Color": "rgb(244, 55, 244)", 
  "Point": [
    {
      "Date": 20220810, 
      "Value" : 61.349998
    },
    {
      "Date": 20240206, 
      "Value" : 17.559999
    },
    {
      "Date": 20240606, 
      "Value" : 53.599998
    }
  ]
}