{
  "Color": "rgb(244, 55, 244)", 
  "Point": [
    {
      "Date": 20230808, 
      "Value" : 17.020000
    },
    {
      "Date": 20230815, 
      "Value" : 27.700001
    }
  ]
}