{
  "Color": "rgb(244, 55, 244)", 
  "Point": [
    {
      "Date": 20230606, 
      "Value" : 55.560001
    },
    {
      "Date": 20240206, 
      "Value" : 20.299999
    }
  ]
}