{
  "Color": "rgb(244, 55, 244)", 
  "Point": [
    {
      "Date": 20221109, 
      "Value" : 34.730000
    },
    {
      "Date": 20240208, 
      "Value" : 11.980000
    }
  ]
}