{
  "Color": "rgb(244, 55, 244)", 
  "Point": [
    {
      "Date": 20221012, 
      "Value" : 38.889999
    },
    {
      "Date": 20230308, 
      "Value" : 83.330002
    },
    {
      "Date": 20240705, 
      "Value" : 33.049999
    },
    {
      "Date": 20241112, 
      "Value" : 73.080002
    }
  ]
}