{
  "Color": "rgb(244, 55, 244)", 
  "Point": [
    {
      "Date": 20230621, 
      "Value" : 80.300003
    },
    {
      "Date": 20230922, 
      "Value" : 50.790001
    }
  ]
}