{
  "Color": "rgb(244, 55, 244)", 
  "Point": [
    {
      "Date": 20221223, 
      "Value" : 18.020000
    },
    {
      "Date": 20230828, 
      "Value" : 48.410000
    },
    {
      "Date": 20240813, 
      "Value" : 12.780000
    },
    {
      "Date": 20250324, 
      "Value" : 30.250000
    }
  ]
}