{
  "Color": "rgb(244, 55, 244)", 
  "Point": [
    {
      "Date": 20221114, 
      "Value" : 34.310001
    },
    {
      "Date": 20230628, 
      "Value" : 20.969999
    }
  ]
}