{
  "Color": "rgb(244, 55, 244)", 
  "Point": [
    {
      "Date": 20221122, 
      "Value" : 22.930000
    },
    {
      "Date": 20231023, 
      "Value" : 14.230000
    }
  ]
}