{
  "Color": "rgb(244, 55, 244)", 
  "Point": [
    {
      "Date": 20221122, 
      "Value" : 33.380001
    },
    {
      "Date": 20240206, 
      "Value" : 11.610000
    },
    {
      "Date": 20241008, 
      "Value" : 24.129999
    }
  ]
}