{
  "Color": "rgb(244, 55, 244)", 
  "Point": [
    {
      "Date": 20230712, 
      "Value" : 118.879997
    },
    {
      "Date": 20230727, 
      "Value" : 85.940002
    }
  ]
}