{
  "Color": "rgb(244, 55, 244)", 
  "Point": [
    {
      "Date": 20230426, 
      "Value" : 16.940001
    },
    {
      "Date": 20230704, 
      "Value" : 34.790001
    },
    {
      "Date": 20240830, 
      "Value" : 14.300000
    }
  ]
}