{
  "Color": "rgb(244, 55, 244)", 
  "Point": [
    {
      "Date": 20230606, 
      "Value" : 55.959999
    },
    {
      "Date": 20231221, 
      "Value" : 35.189999
    }
  ]
}