{
  "Color": "rgb(244, 55, 244)", 
  "Point": [
    {
      "Date": 20220818, 
      "Value" : 24.430000
    },
    {
      "Date": 20240208, 
      "Value" : 8.580000
    },
    {
      "Date": 20241031, 
      "Value" : 22.879999
    },
    {
      "Date": 20250409, 
      "Value" : 10.080000
    }
  ]
}