{
  "Color": "rgb(244, 55, 244)", 
  "Point": [
    {
      "Date": 20221122, 
      "Value" : 22.760000
    },
    {
      "Date": 20240208, 
      "Value" : 7.970000
    }
  ]
}