{
  "Color": "rgb(244, 55, 244)", 
  "Point": [
    {
      "Date": 20221230, 
      "Value" : 32.799999
    },
    {
      "Date": 20230823, 
      "Value" : 76.500000
    }
  ]
}