{
  "Color": "rgb(244, 55, 244)", 
  "Point": [
    {
      "Date": 20230612, 
      "Value" : 23.850000
    },
    {
      "Date": 20231219, 
      "Value" : 14.600000
    }
  ]
}