{
  "Color": "rgb(244, 55, 244)", 
  "Point": [
    {
      "Date": 20230815, 
      "Value" : 27.700001
    },
    {
      "Date": 20231023, 
      "Value" : 16.790001
    }
  ]
}