{
  "Color": "rgb(244, 55, 244)", 
  "Point": [
    {
      "Date": 20220819, 
      "Value" : 67.699997
    },
    {
      "Date": 20230425, 
      "Value" : 27.100000
    }
  ]
}