{
  "Color": "rgb(244, 55, 244)", 
  "Point": [
    {
      "Date": 20220819, 
      "Value" : 67.300003
    },
    {
      "Date": 20240208, 
      "Value" : 14.460000
    }
  ]
}