{
  "Color": "rgb(244, 55, 244)", 
  "Point": [
    {
      "Date": 20230717, 
      "Value" : 31.620001
    },
    {
      "Date": 20240206, 
      "Value" : 11.810000
    },
    {
      "Date": 20240603, 
      "Value" : 27.219999
    }
  ]
}