{
  "Color": "rgb(244, 55, 244)", 
  "Point": [
    {
      "Date": 20230530, 
      "Value" : 52.919998
    },
    {
      "Date": 20240208, 
      "Value" : 17.520000
    },
    {
      "Date": 20241213, 
      "Value" : 36.459999
    }
  ]
}