{
  "Color": "rgb(244, 55, 244)", 
  "Point": [
    {
      "Date": 20221028, 
      "Value" : 22.049999
    },
    {
      "Date": 20230607, 
      "Value" : 57.369999
    },
    {
      "Date": 20240206, 
      "Value" : 15.710000
    }
  ]
}