{
  "Color": "rgb(244, 55, 244)", 
  "Point": [
    {
      "Date": 20230811, 
      "Value" : 128.559998
    },
    {
      "Date": 20240718, 
      "Value" : 22.879999
    }
  ]
}