{
  "Color": "rgb(244, 55, 244)", 
  "Point": [
    {
      "Date": 20220816, 
      "Value" : 67.209999
    },
    {
      "Date": 20240208, 
      "Value" : 19.330000
    }
  ]
}