{
  "Color": "rgb(244, 55, 244)", 
  "Point": [
    {
      "Date": 20220810, 
      "Value" : 56.799999
    },
    {
      "Date": 20221011, 
      "Value" : 27.530001
    }
  ]
}