{
  "Color": "rgb(244, 55, 244)", 
  "Point": [
    {
      "Date": 20221011, 
      "Value" : 57.590000
    },
    {
      "Date": 20230417, 
      "Value" : 118.900002
    },
    {
      "Date": 20240208, 
      "Value" : 30.020000
    },
    {
      "Date": 20241009, 
      "Value" : 74.470001
    }
  ]
}