{
  "Color": "rgb(244, 55, 244)", 
  "Point": [
    {
      "Date": 20220921, 
      "Value" : 51.119999
    },
    {
      "Date": 20240208, 
      "Value" : 15.040000
    },
    {
      "Date": 20241022, 
      "Value" : 80.709999
    }
  ]
}