{
  "Color": "rgb(244, 55, 244)", 
  "Point": [
    {
      "Date": 20221118, 
      "Value" : 33.810001
    },
    {
      "Date": 20240206, 
      "Value" : 12.990000
    }
  ]
}