{
  "Color": "rgb(244, 55, 244)", 
  "Point": [
    {
      "Date": 20230621, 
      "Value" : 56.639999
    },
    {
      "Date": 20240206, 
      "Value" : 19.340000
    }
  ]
}