{
  "Color": "rgb(244, 55, 244)", 
  "Point": [
    {
      "Date": 20230525, 
      "Value" : 53.279999
    },
    {
      "Date": 20240208, 
      "Value" : 12.930000
    }
  ]
}