{
  "Color": "rgb(244, 55, 244)", 
  "Point": [
    {
      "Date": 20230525, 
      "Value" : 29.270000
    },
    {
      "Date": 20240206, 
      "Value" : 11.650000
    },
    {
      "Date": 20241008, 
      "Value" : 21.500000
    }
  ]
}