{
  "Color": "rgb(244, 55, 244)", 
  "Point": [
    {
      "Date": 20230619, 
      "Value" : 29.980000
    },
    {
      "Date": 20240207, 
      "Value" : 11.200000
    }
  ]
}