{
  "Color": "rgb(244, 55, 244)", 
  "Point": [
    {
      "Date": 20230717, 
      "Value" : 32.000000
    },
    {
      "Date": 20230825, 
      "Value" : 21.040001
    }
  ]
}