{
  "Color": "rgb(244, 55, 244)", 
  "Point": [
    {
      "Date": 20230526, 
      "Value" : 57.849998
    },
    {
      "Date": 20231023, 
      "Value" : 28.030001
    }
  ]
}