{
  "Color": "rgb(244, 55, 244)", 
  "Point": [
    {
      "Date": 20230220, 
      "Value" : 27.790001
    },
    {
      "Date": 20240206, 
      "Value" : 8.950000
    },
    {
      "Date": 20241220, 
      "Value" : 16.799999
    }
  ]
}