{
  "Color": "rgb(244, 55, 244)", 
  "Point": [
    {
      "Date": 20221122, 
      "Value" : 33.730000
    },
    {
      "Date": 20230425, 
      "Value" : 17.040001
    }
  ]
}