{
  "Color": "rgb(244, 55, 244)", 
  "Point": [
    {
      "Date": 20230703, 
      "Value" : 124.279999
    },
    {
      "Date": 20240206, 
      "Value" : 50.599998
    }
  ]
}