{
  "Color": "rgb(244, 55, 244)", 
  "Point": [
    {
      "Date": 20240208, 
      "Value" : 18.129999
    },
    {
      "Date": 20250207, 
      "Value" : 66.660004
    }
  ]
}