{
  "Color": "rgb(244, 55, 244)", 
  "Point": [
    {
      "Date": 20230426, 
      "Value" : 27.629999
    },
    {
      "Date": 20230803, 
      "Value" : 87.089996
    },
    {
      "Date": 20240208, 
      "Value" : 29.750000
    }
  ]
}