{
  "Color": "rgb(244, 55, 244)", 
  "Point": [
    {
      "Date": 20230816, 
      "Value" : 99.029999
    },
    {
      "Date": 20240709, 
      "Value" : 27.959999
    },
    {
      "Date": 20241008, 
      "Value" : 61.389999
    }
  ]
}