{
  "Color": "rgb(244, 55, 244)", 
  "Point": [
    {
      "Date": 20230726, 
      "Value" : 31.389999
    },
    {
      "Date": 20250409, 
      "Value" : 14.810000
    }
  ]
}