{
  "Color": "rgb(244, 55, 244)", 
  "Point": [
    {
      "Date": 20230810, 
      "Value" : 67.489998
    },
    {
      "Date": 20240206, 
      "Value" : 23.600000
    },
    {
      "Date": 20241022, 
      "Value" : 44.990002
    }
  ]
}