{
  "Color": "rgb(244, 55, 244)", 
  "Point": [
    {
      "Date": 20230801, 
      "Value" : 78.540001
    },
    {
      "Date": 20240205, 
      "Value" : 23.709999
    },
    {
      "Date": 20241008, 
      "Value" : 42.900002
    }
  ]
}