{
  "Color": "rgb(244, 55, 244)", 
  "Point": [
    {
      "Date": 20220909, 
      "Value" : 119.330002
    },
    {
      "Date": 20230626, 
      "Value" : 46.900002
    }
  ]
}