{
  "Color": "rgb(244, 55, 244)", 
  "Point": [
    {
      "Date": 20230208, 
      "Value" : 45.389999
    },
    {
      "Date": 20230824, 
      "Value" : 29.190001
    }
  ]
}