{
  "Color": "rgb(244, 55, 244)", 
  "Point": [
    {
      "Date": 20220928, 
      "Value" : 58.400002
    },
    {
      "Date": 20240206, 
      "Value" : 27.950001
    }
  ]
}