{
  "Color": "rgb(244, 55, 244)", 
  "Point": [
    {
      "Date": 20230714, 
      "Value" : 39.900002
    },
    {
      "Date": 20240206, 
      "Value" : 13.800000
    }
  ]
}