{
  "Color": "rgb(244, 55, 244)", 
  "Point": [
    {
      "Date": 20230220, 
      "Value" : 39.389999
    },
    {
      "Date": 20230922, 
      "Value" : 20.830000
    }
  ]
}