{
  "Color": "rgb(244, 55, 244)", 
  "Point": [
    {
      "Date": 20221018, 
      "Value" : 218.500000
    },
    {
      "Date": 20240205, 
      "Value" : 47.730000
    },
    {
      "Date": 20241008, 
      "Value" : 101.720001
    }
  ]
}