{
  "Color": "rgb(244, 55, 244)", 
  "Point": [
    {
      "Date": 20221111, 
      "Value" : 49.610001
    },
    {
      "Date": 20240206, 
      "Value" : 13.650000
    }
  ]
}