{
  "Color": "rgb(244, 55, 244)", 
  "Point": [
    {
      "Date": 20230621, 
      "Value" : 79.800003
    },
    {
      "Date": 20240206, 
      "Value" : 27.570000
    }
  ]
}