{
  "Color": "rgb(244, 55, 244)", 
  "Point": [
    {
      "Date": 20230815, 
      "Value" : 27.580000
    },
    {
      "Date": 20240828, 
      "Value" : 8.520000
    }
  ]
}