{
  "Color": "rgb(244, 55, 244)", 
  "Point": [
    {
      "Date": 20240606, 
      "Value" : 111.190002
    },
    {
      "Date": 20240924, 
      "Value" : 38.060001
    }
  ]
}