{
  "Color": "rgb(244, 55, 244)", 
  "Point": [
    {
      "Date": 20230309, 
      "Value" : 69.400002
    },
    {
      "Date": 20240823, 
      "Value" : 16.770000
    }
  ]
}