{
  "Color": "rgb(244, 55, 244)", 
  "Point": [
    {
      "Date": 20220818, 
      "Value" : 24.430000
    },
    {
      "Date": 20230825, 
      "Value" : 12.100000
    }
  ]
}