{
  "Color": "rgb(244, 55, 244)", 
  "Point": [
    {
      "Date": 20221223, 
      "Value" : 24.530001
    },
    {
      "Date": 20230612, 
      "Value" : 52.709999
    },
    {
      "Date": 20240206, 
      "Value" : 16.799999
    }
  ]
}