{
  "Color": "rgb(244, 55, 244)", 
  "Point": [
    {
      "Date": 20221012, 
      "Value" : 34.590000
    },
    {
      "Date": 20221114, 
      "Value" : 52.689999
    },
    {
      "Date": 20240205, 
      "Value" : 22.040001
    }
  ]
}