{
  "Color": "rgb(244, 55, 244)", 
  "Point": [
    {
      "Date": 20221227, 
      "Value" : 12.190000
    },
    {
      "Date": 20231023, 
      "Value" : 8.000000
    }
  ]
}