{
  "Color": "rgb(244, 55, 244)", 
  "Point": [
    {
      "Date": 20220919, 
      "Value" : 36.240002
    },
    {
      "Date": 20221229, 
      "Value" : 24.330000
    },
    {
      "Date": 20230804, 
      "Value" : 30.340000
    },
    {
      "Date": 20240206, 
      "Value" : 18.000000
    }
  ]
}