{
  "Color": "rgb(244, 55, 244)", 
  "Point": [
    {
      "Date": 20230309, 
      "Value" : 98.169998
    },
    {
      "Date": 20231023, 
      "Value" : 41.150002
    }
  ]
}