{
  "Color": "rgb(244, 55, 244)", 
  "Point": [
    {
      "Date": 20230309, 
      "Value" : 99.070000
    },
    {
      "Date": 20230628, 
      "Value" : 54.000000
    }
  ]
}