{
  "Color": "rgb(244, 55, 244)", 
  "Point": [
    {
      "Date": 20230712, 
      "Value" : 118.629997
    },
    {
      "Date": 20230828, 
      "Value" : 64.059998
    }
  ]
}