{
  "Color": "rgb(244, 55, 244)", 
  "Point": [
    {
      "Date": 20221230, 
      "Value" : 32.799999
    },
    {
      "Date": 20230406, 
      "Value" : 61.599998
    },
    {
      "Date": 20230724, 
      "Value" : 42.570000
    }
  ]
}