{
  "Color": "rgb(244, 55, 244)", 
  "Point": [
    {
      "Date": 20231107, 
      "Value" : 53.660000
    },
    {
      "Date": 20240206, 
      "Value" : 21.879999
    },
    {
      "Date": 20240531, 
      "Value" : 45.590000
    }
  ]
}