{
  "Color": "rgb(244, 55, 244)", 
  "Point": [
    {
      "Date": 20221223, 
      "Value" : 18.100000
    },
    {
      "Date": 20230828, 
      "Value" : 48.490002
    }
  ]
}