{
  "Color": "rgb(244, 55, 244)", 
  "Point": [
    {
      "Date": 20221114, 
      "Value" : 34.310001
    },
    {
      "Date": 20240823, 
      "Value" : 11.200000
    },
    {
      "Date": 20250211, 
      "Value" : 20.070000
    }
  ]
}