{
  "Color": "rgb(244, 55, 244)", 
  "Point": [
    {
      "Date": 20230425, 
      "Value" : 21.160000
    },
    {
      "Date": 20230524, 
      "Value" : 35.930000
    },
    {
      "Date": 20240207, 
      "Value" : 12.480000
    },
    {
      "Date": 20240604, 
      "Value" : 39.970001
    }
  ]
}