{
  "Color": "rgb(244, 55, 244)", 
  "Point": [
    {
      "Date": 20230717, 
      "Value" : 32.000000
    },
    {
      "Date": 20240206, 
      "Value" : 12.190000
    }
  ]
}