{
  "Color": "rgb(244, 55, 244)", 
  "Point": [
    {
      "Date": 20240924, 
      "Value" : 38.060001
    },
    {
      "Date": 20250507, 
      "Value" : 143.960007
    }
  ]
}