{
  "Color": "rgb(244, 55, 244)", 
  "Point": [
    {
      "Date": 20230530, 
      "Value" : 53.220001
    },
    {
      "Date": 20231023, 
      "Value" : 31.200001
    }
  ]
}