{
  "Color": "rgb(244, 55, 244)", 
  "Point": [
    {
      "Date": 20220812, 
      "Value" : 118.830002
    },
    {
      "Date": 20240208, 
      "Value" : 21.709999
    }
  ]
}