{
  "Color": "rgb(244, 55, 244)", 
  "Point": [
    {
      "Date": 20230425, 
      "Value" : 17.270000
    },
    {
      "Date": 20230719, 
      "Value" : 35.290001
    },
    {
      "Date": 20240206, 
      "Value" : 10.420000
    }
  ]
}