{
  "Color": "rgb(244, 55, 244)", 
  "Point": [
    {
      "Date": 20230612, 
      "Value" : 31.280001
    },
    {
      "Date": 20230828, 
      "Value" : 21.400000
    }
  ]
}