{
  "Color": "rgb(244, 55, 244)", 
  "Point": [
    {
      "Date": 20220712, 
      "Value" : 51.330002
    },
    {
      "Date": 20230519, 
      "Value" : 117.599998
    }
  ]
}