{
  "Color": "rgb(244, 55, 244)", 
  "Point": [
    {
      "Date": 20220928, 
      "Value" : 38.919998
    },
    {
      "Date": 20240206, 
      "Value" : 18.340000
    }
  ]
}