{
  "Color": "rgb(244, 55, 244)", 
  "Point": [
    {
      "Date": 20230427, 
      "Value" : 38.290001
    },
    {
      "Date": 20231107, 
      "Value" : 75.629997
    }
  ]
}