{
  "Color": "rgb(244, 55, 244)", 
  "Point": [
    {
      "Date": 20221107, 
      "Value" : 331.880005
    },
    {
      "Date": 20231027, 
      "Value" : 95.389999
    }
  ]
}