{
  "Color": "rgb(244, 55, 244)", 
  "Point": [
    {
      "Date": 20240206, 
      "Value" : 16.570000
    },
    {
      "Date": 20240229, 
      "Value" : 61.680000
    }
  ]
}