{
  "Color": "rgb(244, 55, 244)", 
  "Point": [
    {
      "Date": 20230621, 
      "Value" : 79.800003
    },
    {
      "Date": 20231023, 
      "Value" : 46.180000
    }
  ]
}