{
  "Color": "rgb(244, 55, 244)", 
  "Point": [
    {
      "Date": 20231023, 
      "Value" : 41.500000
    },
    {
      "Date": 20240515, 
      "Value" : 84.800003
    }
  ]
}