{
  "Color": "rgb(244, 55, 244)", 
  "Point": [
    {
      "Date": 20230418, 
      "Value" : 70.410004
    },
    {
      "Date": 20240124, 
      "Value" : 38.689999
    }
  ]
}