{
  "Color": "rgb(244, 55, 244)", 
  "Point": [
    {
      "Date": 20230530, 
      "Value" : 53.220001
    },
    {
      "Date": 20240208, 
      "Value" : 17.820000
    }
  ]
}