{
  "Color": "rgb(244, 55, 244)", 
  "Point": [
    {
      "Date": 20221018, 
      "Value" : 218.779999
    },
    {
      "Date": 20230825, 
      "Value" : 63.020000
    }
  ]
}