{
  "Color": "rgb(244, 55, 244)", 
  "Point": [
    {
      "Date": 20230524, 
      "Value" : 43.340000
    },
    {
      "Date": 20240718, 
      "Value" : 15.770000
    },
    {
      "Date": 20250307, 
      "Value" : 67.650002
    }
  ]
}