{
  "Color": "rgb(244, 55, 244)", 
  "Point": [
    {
      "Date": 20221123, 
      "Value" : 25.100000
    },
    {
      "Date": 20240208, 
      "Value" : 9.050000
    }
  ]
}