{
  "Color": "rgb(244, 55, 244)", 
  "Point": [
    {
      "Date": 20220921, 
      "Value" : 51.320000
    },
    {
      "Date": 20240208, 
      "Value" : 15.240000
    }
  ]
}