{
  "Color": "rgb(244, 55, 244)", 
  "Point": [
    {
      "Date": 20230328, 
      "Value" : 70.849998
    },
    {
      "Date": 20240206, 
      "Value" : 22.770000
    }
  ]
}