{
  "Color": "rgb(244, 55, 244)", 
  "Point": [
    {
      "Date": 20230828, 
      "Value" : 64.059998
    },
    {
      "Date": 20231018, 
      "Value" : 118.800003
    }
  ]
}