{
  "Color": "rgb(244, 55, 244)", 
  "Point": [
    {
      "Date": 20220817, 
      "Value" : 52.040001
    },
    {
      "Date": 20221011, 
      "Value" : 22.980000
    }
  ]
}