{
  "Color": "rgb(244, 55, 244)", 
  "Point": [
    {
      "Date": 20230404, 
      "Value" : 60.000000
    },
    {
      "Date": 20240208, 
      "Value" : 15.790000
    },
    {
      "Date": 20241008, 
      "Value" : 36.799999
    }
  ]
}