{
  "Color": "rgb(244, 55, 244)", 
  "Point": [
    {
      "Date": 20230801, 
      "Value" : 79.040001
    },
    {
      "Date": 20240205, 
      "Value" : 24.209999
    },
    {
      "Date": 20241008, 
      "Value" : 43.400002
    }
  ]
}