{
  "Color": "rgb(244, 55, 244)", 
  "Point": [
    {
      "Date": 20230725, 
      "Value" : 53.020000
    },
    {
      "Date": 20240205, 
      "Value" : 21.000000
    }
  ]
}