{
  "Color": "rgb(244, 55, 244)", 
  "Point": [
    {
      "Date": 20240102, 
      "Value" : 48.959999
    },
    {
      "Date": 20240208, 
      "Value" : 18.129999
    }
  ]
}