{
  "Color": "rgb(244, 55, 244)", 
  "Point": [
    {
      "Date": 20230612, 
      "Value" : 24.100000
    },
    {
      "Date": 20230628, 
      "Value" : 16.969999
    }
  ]
}