{
  "Color": "rgb(244, 55, 244)", 
  "Point": [
    {
      "Date": 20221114, 
      "Value" : 34.310001
    },
    {
      "Date": 20231026, 
      "Value" : 15.990000
    }
  ]
}