{
  "Color": "rgb(244, 55, 244)", 
  "Point": [
    {
      "Date": 20221012, 
      "Value" : 47.759998
    },
    {
      "Date": 20230531, 
      "Value" : 126.690002
    },
    {
      "Date": 20240205, 
      "Value" : 65.519997
    }
  ]
}