{
  "Color": "rgb(244, 55, 244)", 
  "Point": [
    {
      "Date": 20221012, 
      "Value" : 39.090000
    },
    {
      "Date": 20230308, 
      "Value" : 83.529999
    },
    {
      "Date": 20240205, 
      "Value" : 37.189999
    }
  ]
}