{
  "Color": "rgb(244, 55, 244)", 
  "Point": [
    {
      "Date": 20230612, 
      "Value" : 23.750000
    },
    {
      "Date": 20240206, 
      "Value" : 9.000000
    },
    {
      "Date": 20250110, 
      "Value" : 14.430000
    }
  ]
}