{
  "Color": "rgb(244, 55, 244)", 
  "Point": [
    {
      "Date": 20230612, 
      "Value" : 30.980000
    },
    {
      "Date": 20240206, 
      "Value" : 9.990000
    },
    {
      "Date": 20241025, 
      "Value" : 24.180000
    }
  ]
}