{
  "Color": "rgb(244, 55, 244)", 
  "Point": [
    {
      "Date": 20230703, 
      "Value" : 124.279999
    },
    {
      "Date": 20231026, 
      "Value" : 69.190002
    }
  ]
}