{
  "Color": "rgb(244, 55, 244)", 
  "Point": [
    {
      "Date": 20221122, 
      "Value" : 33.580002
    },
    {
      "Date": 20240206, 
      "Value" : 11.810000
    }
  ]
}