{
  "Color": "rgb(244, 55, 244)", 
  "Point": [
    {
      "Date": 20230628, 
      "Value" : 21.230000
    },
    {
      "Date": 20230726, 
      "Value" : 31.990000
    }
  ]
}