{
  "Color": "rgb(244, 55, 244)", 
  "Point": [
    {
      "Date": 20221107, 
      "Value" : 331.880005
    },
    {
      "Date": 20240205, 
      "Value" : 83.209999
    }
  ]
}