{
  "Color": "rgb(244, 55, 244)", 
  "Point": [
    {
      "Date": 20230510, 
      "Value" : 20.799999
    },
    {
      "Date": 20230714, 
      "Value" : 40.700001
    }
  ]
}