{
  "Color": "rgb(244, 55, 244)", 
  "Point": [
    {
      "Date": 20231018, 
      "Value" : 118.550003
    },
    {
      "Date": 20240206, 
      "Value" : 36.259998
    }
  ]
}