{
  "Color": "rgb(244, 55, 244)", 
  "Point": [
    {
      "Date": 20230321, 
      "Value" : 66.379997
    },
    {
      "Date": 20230510, 
      "Value" : 43.930000
    }
  ]
}