{
  "Color": "rgb(244, 55, 244)", 
  "Point": [
    {
      "Date": 20221028, 
      "Value" : 21.900000
    },
    {
      "Date": 20230607, 
      "Value" : 57.220001
    },
    {
      "Date": 20240206, 
      "Value" : 15.560000
    }
  ]
}