{
  "Color": "rgb(244, 55, 244)", 
  "Point": [
    {
      "Date": 20231018, 
      "Value" : 118.800003
    },
    {
      "Date": 20231222, 
      "Value" : 59.000000
    }
  ]
}