{
  "Color": "rgb(244, 55, 244)", 
  "Point": [
    {
      "Date": 20220810, 
      "Value" : 56.799999
    },
    {
      "Date": 20231024, 
      "Value" : 27.340000
    }
  ]
}