{
  "Color": "rgb(244, 55, 244)", 
  "Point": [
    {
      "Date": 20221012, 
      "Value" : 47.509998
    },
    {
      "Date": 20230531, 
      "Value" : 126.440002
    },
    {
      "Date": 20240924, 
      "Value" : 60.340000
    }
  ]
}