{
  "Color": "rgb(244, 55, 244)", 
  "Point": [
    {
      "Date": 20220817, 
      "Value" : 51.590000
    },
    {
      "Date": 20240206, 
      "Value" : 17.570000
    }
  ]
}