{
  "Color": "rgb(244, 55, 244)", 
  "Point": [
    {
      "Date": 20230815, 
      "Value" : 27.700001
    },
    {
      "Date": 20240719, 
      "Value" : 9.350000
    }
  ]
}