{
  "Color": "rgb(244, 55, 244)", 
  "Point": [
    {
      "Date": 20230505, 
      "Value" : 26.049999
    },
    {
      "Date": 20231010, 
      "Value" : 46.380001
    },
    {
      "Date": 20240208, 
      "Value" : 16.790001
    }
  ]
}