{
  "Color": "rgb(244, 55, 244)", 
  "Point": [
    {
      "Date": 20220909, 
      "Value" : 119.330002
    },
    {
      "Date": 20231023, 
      "Value" : 38.139999
    }
  ]
}