{
  "Color": "rgb(244, 55, 244)", 
  "Point": [
    {
      "Date": 20230426, 
      "Value" : 27.980000
    },
    {
      "Date": 20230719, 
      "Value" : 79.889999
    }
  ]
}