{
  "Color": "rgb(244, 55, 244)", 
  "Point": [
    {
      "Date": 20231018, 
      "Value" : 118.430000
    },
    {
      "Date": 20240918, 
      "Value" : 33.139999
    },
    {
      "Date": 20250401, 
      "Value" : 51.250000
    }
  ]
}