{
  "Color": "rgb(244, 55, 244)", 
  "Point": [
    {
      "Date": 20230209, 
      "Value" : 64.160004
    },
    {
      "Date": 20240205, 
      "Value" : 21.860001
    },
    {
      "Date": 20241112, 
      "Value" : 54.779999
    }
  ]
}