{
  "Color": "rgb(244, 55, 244)", 
  "Point": [
    {
      "Date": 20220812, 
      "Value" : 118.779999
    },
    {
      "Date": 20240208, 
      "Value" : 21.660000
    },
    {
      "Date": 20241028, 
      "Value" : 38.560001
    }
  ]
}