{
  "Color": "rgb(244, 55, 244)", 
  "Point": [
    {
      "Date": 20220812, 
      "Value" : 118.930000
    },
    {
      "Date": 20221229, 
      "Value" : 42.730000
    }
  ]
}