{
  "Color": "rgb(244, 55, 244)", 
  "Point": [
    {
      "Date": 20221107, 
      "Value" : 236.339996
    },
    {
      "Date": 20240419, 
      "Value" : 50.360001
    }
  ]
}