{
  "Color": "rgb(244, 55, 244)", 
  "Point": [
    {
      "Date": 20230525, 
      "Value" : 29.570000
    },
    {
      "Date": 20230628, 
      "Value" : 20.209999
    }
  ]
}