{
  "Color": "rgb(244, 55, 244)", 
  "Point": [
    {
      "Date": 20230328, 
      "Value" : 70.489998
    },
    {
      "Date": 20240206, 
      "Value" : 22.410000
    },
    {
      "Date": 20240628, 
      "Value" : 44.770000
    },
    {
      "Date": 20250409, 
      "Value" : 27.700001
    }
  ]
}