{
  "Color": "rgb(244, 55, 244)", 
  "Point": [
    {
      "Date": 20230602, 
      "Value" : 125.690002
    },
    {
      "Date": 20240611, 
      "Value" : 36.520000
    },
    {
      "Date": 20241008, 
      "Value" : 67.320000
    }
  ]
}