{
  "Color": "rgb(244, 55, 244)", 
  "Point": [
    {
      "Date": 20220928, 
      "Value" : 58.400002
    },
    {
      "Date": 20230420, 
      "Value" : 34.759998
    },
    {
      "Date": 20231123, 
      "Value" : 47.490002
    }
  ]
}