{
  "Color": "rgb(244, 55, 244)", 
  "Point": [
    {
      "Date": 20230505, 
      "Value" : 26.049999
    },
    {
      "Date": 20231010, 
      "Value" : 46.380001
    },
    {
      "Date": 20240918, 
      "Value" : 15.910000
    }
  ]
}