{
  "Color": "rgb(244, 55, 244)", 
  "Point": [
    {
      "Date": 20230309, 
      "Value" : 98.169998
    },
    {
      "Date": 20240206, 
      "Value" : 25.370001
    }
  ]
}