{
  "Color": "rgb(244, 55, 244)", 
  "Point": [
    {
      "Date": 20230725, 
      "Value" : 52.470001
    },
    {
      "Date": 20240826, 
      "Value" : 20.040001
    }
  ]
}