{
  "Color": "rgb(244, 55, 244)", 
  "Point": [
    {
      "Date": 20230621, 
      "Value" : 56.340000
    },
    {
      "Date": 20240918, 
      "Value" : 18.799999
    },
    {
      "Date": 20250512, 
      "Value" : 42.500000
    }
  ]
}