{
  "Color": "rgb(244, 55, 244)", 
  "Point": [
    {
      "Date": 20221109, 
      "Value" : 34.230000
    },
    {
      "Date": 20240208, 
      "Value" : 11.480000
    },
    {
      "Date": 20241112, 
      "Value" : 29.730000
    }
  ]
}