{
  "Color": "rgb(244, 55, 244)", 
  "Point": [
    {
      "Date": 20230220, 
      "Value" : 39.389999
    },
    {
      "Date": 20231023, 
      "Value" : 18.980000
    }
  ]
}