{
  "Color": "rgb(244, 55, 244)", 
  "Point": [
    {
      "Date": 20230612, 
      "Value" : 23.850000
    },
    {
      "Date": 20240206, 
      "Value" : 9.100000
    }
  ]
}