{
  "Color": "rgb(244, 55, 244)", 
  "Point": [
    {
      "Date": 20230728, 
      "Value" : 16.650000
    },
    {
      "Date": 20240206, 
      "Value" : 7.700000
    }
  ]
}