{
  "Color": "rgb(244, 55, 244)", 
  "Point": [
    {
      "Date": 20220909, 
      "Value" : 119.029999
    },
    {
      "Date": 20240206, 
      "Value" : 21.889999
    }
  ]
}