{
  "Color": "rgb(244, 55, 244)", 
  "Point": [
    {
      "Date": 20230725, 
      "Value" : 52.770000
    },
    {
      "Date": 20240205, 
      "Value" : 20.750000
    },
    {
      "Date": 20240527, 
      "Value" : 32.930000
    }
  ]
}