{
  "Color": "rgb(244, 55, 244)", 
  "Point": [
    {
      "Date": 20230714, 
      "Value" : 40.700001
    },
    {
      "Date": 20240206, 
      "Value" : 14.600000
    }
  ]
}