{
  "Color": "rgb(244, 55, 244)", 
  "Point": [
    {
      "Date": 20221031, 
      "Value" : 45.490002
    },
    {
      "Date": 20230117, 
      "Value" : 75.650002
    }
  ]
}