{
  "Color": "rgb(244, 55, 244)", 
  "Point": [
    {
      "Date": 20221018, 
      "Value" : 218.779999
    },
    {
      "Date": 20231026, 
      "Value" : 57.619999
    }
  ]
}