{
  "Color": "rgb(244, 55, 244)", 
  "Point": [
    {
      "Date": 20221012, 
      "Value" : 13.310000
    },
    {
      "Date": 20230412, 
      "Value" : 31.879999
    },
    {
      "Date": 20240208, 
      "Value" : 11.500000
    }
  ]
}