{
  "Color": "rgb(244, 55, 244)", 
  "Point": [
    {
      "Date": 20230810, 
      "Value" : 19.260000
    },
    {
      "Date": 20240206, 
      "Value" : 7.390000
    }
  ]
}