{
  "Color": "rgb(244, 55, 244)", 
  "Point": [
    {
      "Date": 20221107, 
      "Value" : 331.880005
    },
    {
      "Date": 20230721, 
      "Value" : 136.559998
    }
  ]
}