{
  "Color": "rgb(244, 55, 244)", 
  "Point": [
    {
      "Date": 20230505, 
      "Value" : 26.170000
    },
    {
      "Date": 20230712, 
      "Value" : 41.590000
    }
  ]
}