{
  "Color": "rgb(244, 55, 244)", 
  "Point": [
    {
      "Date": 20221031, 
      "Value" : 30.410000
    },
    {
      "Date": 20230117, 
      "Value" : 51.209999
    },
    {
      "Date": 20240206, 
      "Value" : 20.100000
    }
  ]
}