{
  "Color": "rgb(244, 55, 244)", 
  "Point": [
    {
      "Date": 20221230, 
      "Value" : 32.230000
    },
    {
      "Date": 20230823, 
      "Value" : 75.930000
    },
    {
      "Date": 20240207, 
      "Value" : 25.200001
    },
    {
      "Date": 20241008, 
      "Value" : 48.759998
    }
  ]
}