{
  "Color": "rgb(244, 55, 244)", 
  "Point": [
    {
      "Date": 20230810, 
      "Value" : 69.419998
    },
    {
      "Date": 20231023, 
      "Value" : 38.209999
    }
  ]
}