{
  "Color": "rgb(244, 55, 244)", 
  "Point": [
    {
      "Date": 20221018, 
      "Value" : 218.779999
    },
    {
      "Date": 20240205, 
      "Value" : 48.009998
    },
    {
      "Date": 20240523, 
      "Value" : 67.699997
    }
  ]
}