{
  "Color": "rgb(244, 55, 244)", 
  "Point": [
    {
      "Date": 20240117, 
      "Value" : 59.099998
    },
    {
      "Date": 20240611, 
      "Value" : 23.910000
    }
  ]
}