{
  "Color": "rgb(244, 55, 244)", 
  "Point": [
    {
      "Date": 20230602, 
      "Value" : 125.989998
    },
    {
      "Date": 20240208, 
      "Value" : 37.200001
    }
  ]
}