{
  "Color": "rgb(244, 55, 244)", 
  "Point": [
    {
      "Date": 20221122, 
      "Value" : 33.380001
    },
    {
      "Date": 20240206, 
      "Value" : 11.610000
    },
    {
      "Date": 20250318, 
      "Value" : 35.400002
    }
  ]
}