{
  "Color": "rgb(244, 55, 244)", 
  "Point": [
    {
      "Date": 20230525, 
      "Value" : 29.370001
    },
    {
      "Date": 20230628, 
      "Value" : 20.010000
    }
  ]
}