{
  "Color": "rgb(244, 55, 244)", 
  "Point": [
    {
      "Date": 20230810, 
      "Value" : 84.239998
    },
    {
      "Date": 20240206, 
      "Value" : 25.540001
    }
  ]
}