{
  "Color": "rgb(244, 55, 244)", 
  "Point": [
    {
      "Date": 20230810, 
      "Value" : 65.599998
    },
    {
      "Date": 20240206, 
      "Value" : 21.709999
    },
    {
      "Date": 20241112, 
      "Value" : 46.230000
    },
    {
      "Date": 20250411, 
      "Value" : 31.620001
    }
  ]
}