{
  "Color": "rgb(244, 55, 244)", 
  "Point": [
    {
      "Date": 20230425, 
      "Value" : 21.230000
    },
    {
      "Date": 20230524, 
      "Value" : 36.000000
    }
  ]
}