{
  "Color": "rgb(244, 55, 244)", 
  "Point": [
    {
      "Date": 20221201, 
      "Value" : 56.139999
    },
    {
      "Date": 20230301, 
      "Value" : 89.709999
    },
    {
      "Date": 20231020, 
      "Value" : 54.290001
    },
    {
      "Date": 20240321, 
      "Value" : 93.720001
    }
  ]
}