{
  "Color": "rgb(244, 55, 244)", 
  "Point": [
    {
      "Date": 20230608, 
      "Value" : 57.500000
    },
    {
      "Date": 20240206, 
      "Value" : 23.670000
    }
  ]
}