{
  "Color": "rgb(244, 55, 244)", 
  "Point": [
    {
      "Date": 20230810, 
      "Value" : 27.959999
    },
    {
      "Date": 20240206, 
      "Value" : 11.350000
    }
  ]
}