{
  "Color": "rgb(244, 55, 244)", 
  "Point": [
    {
      "Date": 20221227, 
      "Value" : 11.960000
    },
    {
      "Date": 20240205, 
      "Value" : 6.720000
    },
    {
      "Date": 20240514, 
      "Value" : 17.379999
    }
  ]
}