{
  "Color": "rgb(244, 55, 244)", 
  "Point": [
    {
      "Date": 20230425, 
      "Value" : 21.110001
    },
    {
      "Date": 20230524, 
      "Value" : 35.880001
    },
    {
      "Date": 20240207, 
      "Value" : 12.430000
    },
    {
      "Date": 20250312, 
      "Value" : 42.889999
    }
  ]
}