{
  "Color": "rgb(244, 55, 244)", 
  "Point": [
    {
      "Date": 20230526, 
      "Value" : 58.000000
    },
    {
      "Date": 20230921, 
      "Value" : 30.600000
    }
  ]
}