{
  "Color": "rgb(244, 55, 244)", 
  "Point": [
    {
      "Date": 20230208, 
      "Value" : 45.090000
    },
    {
      "Date": 20240206, 
      "Value" : 17.400000
    },
    {
      "Date": 20241008, 
      "Value" : 30.000000
    }
  ]
}