{
  "Color": "rgb(244, 55, 244)", 
  "Point": [
    {
      "Date": 20220819, 
      "Value" : 66.699997
    },
    {
      "Date": 20240208, 
      "Value" : 13.860000
    },
    {
      "Date": 20241203, 
      "Value" : 36.980000
    }
  ]
}