{
  "Color": "rgb(244, 55, 244)", 
  "Point": [
    {
      "Date": 20230712, 
      "Value" : 26.080000
    },
    {
      "Date": 20230724, 
      "Value" : 17.350000
    }
  ]
}