{
  "Color": "rgb(244, 55, 244)", 
  "Point": [
    {
      "Date": 20230525, 
      "Value" : 77.750000
    },
    {
      "Date": 20231221, 
      "Value" : 37.310001
    }
  ]
}