{
  "Color": "rgb(244, 55, 244)", 
  "Point": [
    {
      "Date": 20221229, 
      "Value" : 19.410000
    },
    {
      "Date": 20230526, 
      "Value" : 72.279999
    },
    {
      "Date": 20240206, 
      "Value" : 23.490000
    }
  ]
}