{
  "Color": "rgb(244, 55, 244)", 
  "Point": [
    {
      "Date": 20230728, 
      "Value" : 16.549999
    },
    {
      "Date": 20240206, 
      "Value" : 7.600000
    },
    {
      "Date": 20241029, 
      "Value" : 12.950000
    },
    {
      "Date": 20250409, 
      "Value" : 8.360000
    }
  ]
}