{
  "Color": "rgb(244, 55, 244)", 
  "Point": [
    {
      "Date": 20230426, 
      "Value" : 21.700001
    },
    {
      "Date": 20230612, 
      "Value" : 31.280001
    }
  ]
}