{
  "Color": "rgb(244, 55, 244)", 
  "Point": [
    {
      "Date": 20230404, 
      "Value" : 60.000000
    },
    {
      "Date": 20240208, 
      "Value" : 15.790000
    },
    {
      "Date": 20241107, 
      "Value" : 43.189999
    },
    {
      "Date": 20250409, 
      "Value" : 20.799999
    }
  ]
}