{
  "Color": "rgb(244, 55, 244)", 
  "Point": [
    {
      "Date": 20221223, 
      "Value" : 18.100000
    },
    {
      "Date": 20230210, 
      "Value" : 34.639999
    },
    {
      "Date": 20230713, 
      "Value" : 21.000000
    }
  ]
}