{
  "Color": "rgb(244, 55, 244)", 
  "Point": [
    {
      "Date": 20230426, 
      "Value" : 27.980000
    },
    {
      "Date": 20230803, 
      "Value" : 87.440002
    },
    {
      "Date": 20240208, 
      "Value" : 30.100000
    }
  ]
}