{
  "Color": "rgb(244, 55, 244)", 
  "Point": [
    {
      "Date": 20240117, 
      "Value" : 59.200001
    },
    {
      "Date": 20240208, 
      "Value" : 25.200001
    }
  ]
}