{
  "Color": "rgb(244, 55, 244)", 
  "Point": [
    {
      "Date": 20231129, 
      "Value" : 55.680000
    },
    {
      "Date": 20240206, 
      "Value" : 24.209999
    }
  ]
}