{
  "Color": "rgb(244, 55, 244)", 
  "Point": [
    {
      "Date": 20221123, 
      "Value" : 25.100000
    },
    {
      "Date": 20230505, 
      "Value" : 16.129999
    },
    {
      "Date": 20230714, 
      "Value" : 19.490000
    }
  ]
}