{
  "Color": "rgb(244, 55, 244)", 
  "Point": [
    {
      "Date": 20221114, 
      "Value" : 34.310001
    },
    {
      "Date": 20240206, 
      "Value" : 11.620000
    }
  ]
}