{
  "Color": "rgb(244, 55, 244)", 
  "Point": [
    {
      "Date": 20230811, 
      "Value" : 128.800003
    },
    {
      "Date": 20231219, 
      "Value" : 42.770000
    }
  ]
}