{
  "Color": "rgb(244, 55, 244)", 
  "Point": [
    {
      "Date": 20221123, 
      "Value" : 25.100000
    },
    {
      "Date": 20231024, 
      "Value" : 15.810000
    }
  ]
}