{
  "Color": "rgb(244, 55, 244)", 
  "Point": [
    {
      "Date": 20230220, 
      "Value" : 27.889999
    },
    {
      "Date": 20240206, 
      "Value" : 9.050000
    }
  ]
}