{
  "Color": "rgb(244, 55, 244)", 
  "Point": [
    {
      "Date": 20221122, 
      "Value" : 22.930000
    },
    {
      "Date": 20240208, 
      "Value" : 8.140000
    }
  ]
}