{
  "Color": "rgb(244, 55, 244)", 
  "Point": [
    {
      "Date": 20220812, 
      "Value" : 118.779999
    },
    {
      "Date": 20240208, 
      "Value" : 21.660000
    },
    {
      "Date": 20250319, 
      "Value" : 101.330002
    }
  ]
}