{
  "Color": "rgb(244, 55, 244)", 
  "Point": [
    {
      "Date": 20221122, 
      "Value" : 22.600000
    },
    {
      "Date": 20240208, 
      "Value" : 7.800000
    },
    {
      "Date": 20250320, 
      "Value" : 21.959999
    }
  ]
}