{
  "Color": "rgb(244, 55, 244)", 
  "Point": [
    {
      "Date": 20221227, 
      "Value" : 12.190000
    },
    {
      "Date": 20240205, 
      "Value" : 6.940000
    }
  ]
}