{
  "Color": "rgb(244, 55, 244)", 
  "Point": [
    {
      "Date": 20221109, 
      "Value" : 36.639999
    },
    {
      "Date": 20240207, 
      "Value" : 11.380000
    },
    {
      "Date": 20240702, 
      "Value" : 35.500000
    }
  ]
}