{
  "Color": "rgb(244, 55, 244)", 
  "Point": [
    {
      "Date": 20230824, 
      "Value" : 50.000000
    },
    {
      "Date": 20230906, 
      "Value" : 96.320000
    }
  ]
}