{
  "Color": "rgb(244, 55, 244)", 
  "Point": [
    {
      "Date": 20230821, 
      "Value" : 116.180000
    },
    {
      "Date": 20231221, 
      "Value" : 49.900002
    }
  ]
}