{
  "Color": "rgb(244, 55, 244)", 
  "Point": [
    {
      "Date": 20230619, 
      "Value" : 45.470001
    },
    {
      "Date": 20231023, 
      "Value" : 27.500000
    }
  ]
}