{
  "Color": "rgb(244, 55, 244)", 
  "Point": [
    {
      "Date": 20230828, 
      "Value" : 88.279999
    },
    {
      "Date": 20230922, 
      "Value" : 41.020000
    }
  ]
}