{
  "Color": "rgb(244, 55, 244)", 
  "Point": [
    {
      "Date": 20231213, 
      "Value" : 65.800003
    },
    {
      "Date": 20240208, 
      "Value" : 29.010000
    },
    {
      "Date": 20250219, 
      "Value" : 73.980003
    }
  ]
}