{
  "Color": "rgb(244, 55, 244)", 
  "Point": [
    {
      "Date": 20230804, 
      "Value" : 54.349998
    },
    {
      "Date": 20240206, 
      "Value" : 15.700000
    }
  ]
}