{
  "Color": "rgb(244, 55, 244)", 
  "Point": [
    {
      "Date": 20231023, 
      "Value" : 27.500000
    },
    {
      "Date": 20231115, 
      "Value" : 54.189999
    }
  ]
}