{
  "Color": "rgb(244, 55, 244)", 
  "Point": [
    {
      "Date": 20230209, 
      "Value" : 31.330000
    },
    {
      "Date": 20230210, 
      "Value" : 54.880001
    },
    {
      "Date": 20240208, 
      "Value" : 18.610001
    },
    {
      "Date": 20241008, 
      "Value" : 34.680000
    }
  ]
}