{
  "Color": "rgb(244, 55, 244)", 
  "Point": [
    {
      "Date": 20230906, 
      "Value" : 96.019997
    },
    {
      "Date": 20240206, 
      "Value" : 32.599998
    }
  ]
}