{
  "Color": "rgb(244, 55, 244)", 
  "Point": [
    {
      "Date": 20230525, 
      "Value" : 54.080002
    },
    {
      "Date": 20240206, 
      "Value" : 19.850000
    },
    {
      "Date": 20250314, 
      "Value" : 55.000000
    }
  ]
}