{
  "Color": "rgb(244, 55, 244)", 
  "Point": [
    {
      "Date": 20230724, 
      "Value" : 42.150002
    },
    {
      "Date": 20240206, 
      "Value" : 17.809999
    },
    {
      "Date": 20241008, 
      "Value" : 28.889999
    },
    {
      "Date": 20250409, 
      "Value" : 18.809999
    }
  ]
}