{
  "Color": "rgb(244, 55, 244)", 
  "Point": [
    {
      "Date": 20230317, 
      "Value" : 27.850000
    },
    {
      "Date": 20231221, 
      "Value" : 14.080000
    }
  ]
}