{
  "Color": "rgb(244, 55, 244)", 
  "Point": [
    {
      "Date": 20230525, 
      "Value" : 54.480000
    },
    {
      "Date": 20240206, 
      "Value" : 20.250000
    }
  ]
}