{
  "Color": "rgb(244, 55, 244)", 
  "Point": [
    {
      "Date": 20230317, 
      "Value" : 27.450001
    },
    {
      "Date": 20240206, 
      "Value" : 9.060000
    },
    {
      "Date": 20250211, 
      "Value" : 21.270000
    }
  ]
}