{
  "Color": "rgb(244, 55, 244)", 
  "Point": [
    {
      "Date": 20230828, 
      "Value" : 88.279999
    },
    {
      "Date": 20240208, 
      "Value" : 20.600000
    }
  ]
}