{
  "Color": "rgb(244, 55, 244)", 
  "Point": [
    {
      "Date": 20231115, 
      "Value" : 41.369999
    },
    {
      "Date": 20240208, 
      "Value" : 13.460000
    },
    {
      "Date": 20250225, 
      "Value" : 26.580000
    }
  ]
}