{
  "Color": "rgb(244, 55, 244)", 
  "Point": [
    {
      "Date": 20231025, 
      "Value" : 62.529999
    },
    {
      "Date": 20231027, 
      "Value" : 121.980003
    }
  ]
}