{
  "Color": "rgb(244, 55, 244)", 
  "Point": [
    {
      "Date": 20230711, 
      "Value" : 113.379997
    },
    {
      "Date": 20240208, 
      "Value" : 30.580000
    }
  ]
}