{
  "Color": "rgb(244, 55, 244)", 
  "Point": [
    {
      "Date": 20231218, 
      "Value" : 96.000000
    },
    {
      "Date": 20240208, 
      "Value" : 36.360001
    }
  ]
}