{
  "Color": "rgb(244, 55, 244)", 
  "Point": [
    {
      "Date": 20230417, 
      "Value" : 41.049999
    },
    {
      "Date": 20240208, 
      "Value" : 9.580000
    },
    {
      "Date": 20240524, 
      "Value" : 22.150000
    }
  ]
}