{
  "Color": "rgb(244, 55, 244)", 
  "Point": [
    {
      "Date": 20230725, 
      "Value" : 34.270000
    },
    {
      "Date": 20240208, 
      "Value" : 13.000000
    },
    {
      "Date": 20241226, 
      "Value" : 25.350000
    }
  ]
}