{
  "Color": "rgb(244, 55, 244)", 
  "Point": [
    {
      "Date": 20230828, 
      "Value" : 87.720001
    },
    {
      "Date": 20240208, 
      "Value" : 20.040001
    }
  ]
}