{
  "Color": "rgb(244, 55, 244)", 
  "Point": [
    {
      "Date": 20230711, 
      "Value" : 112.879997
    },
    {
      "Date": 20240208, 
      "Value" : 30.080000
    },
    {
      "Date": 20250219, 
      "Value" : 78.660004
    }
  ]
}