{
  "Color": "rgb(244, 55, 244)", 
  "Point": [
    {
      "Date": 20230828, 
      "Value" : 88.279999
    },
    {
      "Date": 20231221, 
      "Value" : 32.930000
    }
  ]
}