{
  "Color": "rgb(244, 55, 244)", 
  "Point": [
    {
      "Date": 20230714, 
      "Value" : 58.549999
    },
    {
      "Date": 20240206, 
      "Value" : 19.190001
    }
  ]
}