{
  "Color": "rgb(244, 55, 244)", 
  "Point": [
    {
      "Date": 20231115, 
      "Value" : 41.490002
    },
    {
      "Date": 20240208, 
      "Value" : 13.580000
    }
  ]
}