{
  "Color": "rgb(244, 55, 244)", 
  "Point": [
    {
      "Date": 20230809, 
      "Value" : 202.130005
    },
    {
      "Date": 20240820, 
      "Value" : 13.790000
    }
  ]
}