{
  "Color": "rgb(244, 55, 244)", 
  "Point": [
    {
      "Date": 20230317, 
      "Value" : 27.850000
    },
    {
      "Date": 20230425, 
      "Value" : 16.370001
    }
  ]
}