{
  "Color": "rgb(244, 55, 244)", 
  "Point": [
    {
      "Date": 20231218, 
      "Value" : 73.620003
    },
    {
      "Date": 20240208, 
      "Value" : 27.740000
    },
    {
      "Date": 20241008, 
      "Value" : 53.060001
    }
  ]
}