{
  "Color": "rgb(244, 55, 244)", 
  "Point": [
    {
      "Date": 20230724, 
      "Value" : 29.900000
    },
    {
      "Date": 20230728, 
      "Value" : 49.200001
    }
  ]
}