{
  "Color": "rgb(244, 55, 244)", 
  "Point": [
    {
      "Date": 20230821, 
      "Value" : 115.839996
    },
    {
      "Date": 20250409, 
      "Value" : 27.070000
    }
  ]
}