{
  "Color": "rgb(244, 55, 244)", 
  "Point": [
    {
      "Date": 20230707, 
      "Value" : 69.900002
    },
    {
      "Date": 20240206, 
      "Value" : 24.670000
    },
    {
      "Date": 20250225, 
      "Value" : 84.110001
    }
  ]
}