{
  "Color": "rgb(244, 55, 244)", 
  "Point": [
    {
      "Date": 20230816, 
      "Value" : 77.820000
    },
    {
      "Date": 20240208, 
      "Value" : 29.740000
    },
    {
      "Date": 20250429, 
      "Value" : 117.800003
    }
  ]
}