{
  "Color": "rgb(244, 55, 244)", 
  "Point": [
    {
      "Date": 20230821, 
      "Value" : 115.940002
    },
    {
      "Date": 20240206, 
      "Value" : 27.780001
    }
  ]
}