{
  "Color": "rgb(244, 55, 244)", 
  "Point": [
    {
      "Date": 20230707, 
      "Value" : 70.300003
    },
    {
      "Date": 20240206, 
      "Value" : 25.070000
    }
  ]
}