{
  "Color": "rgb(244, 55, 244)", 
  "Point": [
    {
      "Date": 20230725, 
      "Value" : 34.369999
    },
    {
      "Date": 20240208, 
      "Value" : 13.100000
    }
  ]
}