{
  "Color": "rgb(244, 55, 244)", 
  "Point": [
    {
      "Date": 20230714, 
      "Value" : 58.410000
    },
    {
      "Date": 20240924, 
      "Value" : 17.219999
    },
    {
      "Date": 20250321, 
      "Value" : 30.000000
    }
  ]
}