{
  "Color": "rgb(244, 55, 244)", 
  "Point": [
    {
      "Date": 20230804, 
      "Value" : 54.180000
    },
    {
      "Date": 20240206, 
      "Value" : 15.530000
    },
    {
      "Date": 20241112, 
      "Value" : 30.770000
    },
    {
      "Date": 20250409, 
      "Value" : 18.150000
    }
  ]
}