{
  "Color": "rgb(244, 55, 244)", 
  "Point": [
    {
      "Date": 20230804, 
      "Value" : 54.209999
    },
    {
      "Date": 20240206, 
      "Value" : 15.560000
    }
  ]
}