{
  "Color": "rgb(244, 55, 244)", 
  "Point": [
    {
      "Date": 20230209, 
      "Value" : 31.830000
    },
    {
      "Date": 20230210, 
      "Value" : 55.380001
    }
  ]
}