{
  "Color": "rgb(244, 55, 244)", 
  "Point": [
    {
      "Date": 20230301, 
      "Value" : 28.400000
    },
    {
      "Date": 20240709, 
      "Value" : 9.820000
    }
  ]
}