{
  "Color": "rgb(244, 55, 244)", 
  "Point": [
    {
      "Date": 20231027, 
      "Value" : 121.730003
    },
    {
      "Date": 20240208, 
      "Value" : 32.599998
    }
  ]
}