{
  "Color": "rgb(244, 55, 244)", 
  "Point": [
    {
      "Date": 20230704, 
      "Value" : 63.500000
    },
    {
      "Date": 20230711, 
      "Value" : 113.379997
    }
  ]
}