{
  "Color": "rgb(244, 55, 244)", 
  "Point": [
    {
      "Date": 20230525, 
      "Value" : 54.180000
    },
    {
      "Date": 20240206, 
      "Value" : 19.950001
    }
  ]
}