{
  "Color": "rgb(244, 55, 244)", 
  "Point": [
    {
      "Date": 20230317, 
      "Value" : 27.549999
    },
    {
      "Date": 20240206, 
      "Value" : 9.160000
    }
  ]
}