{
  "Color": "rgb(244, 55, 244)", 
  "Point": [
    {
      "Date": 20230301, 
      "Value" : 28.500000
    },
    {
      "Date": 20240206, 
      "Value" : 9.940000
    }
  ]
}