{
  "Color": "rgb(244, 55, 244)", 
  "Point": [
    {
      "Date": 20230317, 
      "Value" : 27.850000
    },
    {
      "Date": 20230921, 
      "Value" : 15.270000
    }
  ]
}