{
  "Color": "rgb(244, 55, 244)", 
  "Point": [
    {
      "Date": 20230906, 
      "Value" : 95.949997
    },
    {
      "Date": 20240828, 
      "Value" : 29.670000
    }
  ]
}