{
  "Color": "rgb(244, 55, 244)", 
  "Point": [
    {
      "Date": 20230724, 
      "Value" : 42.650002
    },
    {
      "Date": 20230922, 
      "Value" : 35.049999
    }
  ]
}