{
  "Color": "rgb(244, 55, 244)", 
  "Point": [
    {
      "Date": 20230816, 
      "Value" : 78.070000
    },
    {
      "Date": 20240208, 
      "Value" : 29.990000
    },
    {
      "Date": 20241008, 
      "Value" : 72.879997
    }
  ]
}