{
  "Color": "rgb(244, 55, 244)", 
  "Point": [
    {
      "Date": 20230725, 
      "Value" : 45.000000
    },
    {
      "Date": 20230727, 
      "Value" : 35.660000
    }
  ]
}