{
  "Color": "rgb(244, 55, 244)", 
  "Point": [
    {
      "Date": 20230417, 
      "Value" : 41.480000
    },
    {
      "Date": 20240208, 
      "Value" : 10.010000
    }
  ]
}