{
  "Color": "rgb(244, 55, 244)", 
  "Point": [
    {
      "Date": 20230525, 
      "Value" : 54.480000
    },
    {
      "Date": 20230628, 
      "Value" : 33.759998
    }
  ]
}