{
  "Color": "rgb(244, 55, 244)", 
  "Point": [
    {
      "Date": 20231128, 
      "Value" : 75.000000
    },
    {
      "Date": 20240206, 
      "Value" : 24.020000
    }
  ]
}