{
  "Color": "rgb(244, 55, 244)", 
  "Point": [
    {
      "Date": 20230801, 
      "Value" : 73.830002
    },
    {
      "Date": 20240208, 
      "Value" : 18.230000
    }
  ]
}