{
  "Color": "rgb(244, 55, 244)", 
  "Point": [
    {
      "Date": 20231011, 
      "Value" : 24.910000
    },
    {
      "Date": 20240205, 
      "Value" : 13.570000
    }
  ]
}