{
  "Color": "rgb(244, 55, 244)", 
  "Point": [
    {
      "Date": 20230811, 
      "Value" : 52.049999
    },
    {
      "Date": 20240918, 
      "Value" : 15.250000
    }
  ]
}