{
  "Color": "rgb(244, 55, 244)", 
  "Point": [
    {
      "Date": 20240620, 
      "Value" : 50.000000
    },
    {
      "Date": 20240718, 
      "Value" : 20.760000
    }
  ]
}