{
  "Color": "rgb(244, 55, 244)", 
  "Point": [
    {
      "Date": 20230818, 
      "Value" : 85.800003
    },
    {
      "Date": 20230922, 
      "Value" : 41.490002
    }
  ]
}