{
  "Color": "rgb(244, 55, 244)", 
  "Point": [
    {
      "Date": 20230920, 
      "Value" : 88.879997
    },
    {
      "Date": 20231024, 
      "Value" : 55.740002
    }
  ]
}