{
  "Color": "rgb(244, 55, 244)", 
  "Point": [
    {
      "Date": 20240408, 
      "Value" : 42.660000
    },
    {
      "Date": 20250409, 
      "Value" : 17.040001
    }
  ]
}