{
  "Color": "rgb(244, 55, 244)", 
  "Point": [
    {
      "Date": 20230818, 
      "Value" : 85.400002
    },
    {
      "Date": 20240208, 
      "Value" : 19.120001
    }
  ]
}