{
  "Color": "rgb(244, 55, 244)", 
  "Point": [
    {
      "Date": 20231201, 
      "Value" : 63.570000
    },
    {
      "Date": 20240123, 
      "Value" : 26.600000
    }
  ]
}