{
  "Color": "rgb(244, 55, 244)", 
  "Point": [
    {
      "Date": 20230808, 
      "Value" : 41.590000
    },
    {
      "Date": 20231221, 
      "Value" : 22.459999
    }
  ]
}