{
  "Color": "rgb(244, 55, 244)", 
  "Point": [
    {
      "Date": 20230720, 
      "Value" : 92.849998
    },
    {
      "Date": 20250409, 
      "Value" : 30.000000
    }
  ]
}