{
  "Color": "rgb(244, 55, 244)", 
  "Point": [
    {
      "Date": 20250304, 
      "Value" : 130.000000
    },
    {
      "Date": 20250409, 
      "Value" : 64.709999
    }
  ]
}