{
  "Color": "rgb(244, 55, 244)", 
  "Point": [
    {
      "Date": 20230927, 
      "Value" : 90.000000
    },
    {
      "Date": 20240206, 
      "Value" : 42.900002
    }
  ]
}