{
  "Color": "rgb(244, 55, 244)", 
  "Point": [
    {
      "Date": 20250327, 
      "Value" : 32.000000
    },
    {
      "Date": 20250409, 
      "Value" : 16.320000
    }
  ]
}