{
  "Color": "rgb(244, 55, 244)", 
  "Point": [
    {
      "Date": 20240208, 
      "Value" : 333.000000
    },
    {
      "Date": 20240226, 
      "Value" : 459.950012
    }
  ]
}