{
  "Color": "rgb(244, 55, 244)", 
  "Point": [
    {
      "Date": 20230911, 
      "Value" : 73.199997
    },
    {
      "Date": 20240206, 
      "Value" : 20.379999
    },
    {
      "Date": 20241008, 
      "Value" : 43.500000
    },
    {
      "Date": 20250409, 
      "Value" : 21.809999
    }
  ]
}