{
  "Color": "rgb(244, 55, 244)", 
  "Point": [
    {
      "Date": 20231128, 
      "Value" : 75.000000
    },
    {
      "Date": 20231221, 
      "Value" : 44.200001
    }
  ]
}