{
  "Color": "rgb(244, 55, 244)", 
  "Point": [
    {
      "Date": 20231228, 
      "Value" : 73.269997
    },
    {
      "Date": 20240208, 
      "Value" : 28.129999
    },
    {
      "Date": 20241111, 
      "Value" : 76.050003
    }
  ]
}