{
  "Color": "rgb(244, 55, 244)", 
  "Point": [
    {
      "Date": 20230928, 
      "Value" : 21.500000
    },
    {
      "Date": 20240206, 
      "Value" : 9.050000
    }
  ]
}