{
  "Color": "rgb(244, 55, 244)", 
  "Point": [
    {
      "Date": 20230808, 
      "Value" : 41.590000
    },
    {
      "Date": 20230922, 
      "Value" : 25.299999
    }
  ]
}