{
  "Color": "rgb(244, 55, 244)", 
  "Point": [
    {
      "Date": 20230927, 
      "Value" : 89.150002
    },
    {
      "Date": 20240920, 
      "Value" : 34.000000
    }
  ]
}