{
  "Color": "rgb(244, 55, 244)", 
  "Point": [
    {
      "Date": 20240918, 
      "Value" : 27.650000
    },
    {
      "Date": 20241022, 
      "Value" : 60.900002
    }
  ]
}