{
  "Color": "rgb(244, 55, 244)", 
  "Point": [
    {
      "Date": 20240102, 
      "Value" : 34.520000
    },
    {
      "Date": 20250409, 
      "Value" : 11.700000
    }
  ]
}