{
  "Color": "rgb(244, 55, 244)", 
  "Point": [
    {
      "Date": 20230815, 
      "Value" : 96.139999
    },
    {
      "Date": 20240206, 
      "Value" : 20.750000
    }
  ]
}