{
  "Color": "rgb(244, 55, 244)", 
  "Point": [
    {
      "Date": 20231031, 
      "Value" : 83.779999
    },
    {
      "Date": 20250409, 
      "Value" : 19.100000
    }
  ]
}