{
  "Color": "rgb(244, 55, 244)", 
  "Point": [
    {
      "Date": 20240408, 
      "Value" : 42.660000
    },
    {
      "Date": 20240708, 
      "Value" : 23.879999
    }
  ]
}