{
  "Color": "rgb(244, 55, 244)", 
  "Point": [
    {
      "Date": 20230828, 
      "Value" : 184.869995
    },
    {
      "Date": 20240918, 
      "Value" : 33.150002
    }
  ]
}