{
  "Color": "rgb(244, 55, 244)", 
  "Point": [
    {
      "Date": 20230928, 
      "Value" : 21.360001
    },
    {
      "Date": 20250409, 
      "Value" : 6.270000
    }
  ]
}