{
  "Color": "rgb(244, 55, 244)", 
  "Point": [
    {
      "Date": 20241016, 
      "Value" : 102.000000
    },
    {
      "Date": 20241101, 
      "Value" : 39.599998
    }
  ]
}