{
  "Color": "rgb(244, 55, 244)", 
  "Point": [
    {
      "Date": 20230814, 
      "Value" : 78.709999
    },
    {
      "Date": 20240920, 
      "Value" : 24.360001
    }
  ]
}