{
  "Color": "rgb(244, 55, 244)", 
  "Point": [
    {
      "Date": 20240319, 
      "Value" : 276.829987
    },
    {
      "Date": 20240808, 
      "Value" : 145.169998
    }
  ]
}