{
  "Color": "rgb(244, 55, 244)", 
  "Point": [
    {
      "Date": 20240416, 
      "Value" : 52.889999
    },
    {
      "Date": 20240523, 
      "Value" : 148.000000
    }
  ]
}