{
  "Color": "rgb(244, 55, 244)", 
  "Point": [
    {
      "Date": 20250103, 
      "Value" : 99.989998
    },
    {
      "Date": 20250407, 
      "Value" : 44.360001
    }
  ]
}