{
  "Color": "rgb(244, 55, 244)", 
  "Point": [
    {
      "Date": 20240313, 
      "Value" : 39.910000
    },
    {
      "Date": 20240709, 
      "Value" : 19.900000
    }
  ]
}