{
  "Color": "rgb(244, 55, 244)", 
  "Point": [
    {
      "Date": 20230801, 
      "Value" : 40.330002
    },
    {
      "Date": 20240206, 
      "Value" : 11.890000
    }
  ]
}