{
  "Color": "rgb(244, 55, 244)", 
  "Point": [
    {
      "Date": 20231011, 
      "Value" : 25.740000
    },
    {
      "Date": 20231024, 
      "Value" : 19.469999
    }
  ]
}