{
  "Color": "rgb(244, 55, 244)", 
  "Point": [
    {
      "Date": 20230808, 
      "Value" : 41.090000
    },
    {
      "Date": 20240208, 
      "Value" : 12.100000
    }
  ]
}