{
  "Color": "rgb(244, 55, 244)", 
  "Point": [
    {
      "Date": 20240319, 
      "Value" : 276.619995
    },
    {
      "Date": 20250407, 
      "Value" : 132.000000
    }
  ]
}