{
  "Color": "rgb(244, 55, 244)", 
  "Point": [
    {
      "Date": 20240924, 
      "Value" : 35.169998
    },
    {
      "Date": 20241106, 
      "Value" : 78.800003
    }
  ]
}