{
  "Color": "rgb(244, 55, 244)", 
  "Point": [
    {
      "Date": 20240822, 
      "Value" : 32.000000
    },
    {
      "Date": 20241009, 
      "Value" : 63.959999
    }
  ]
}