{
  "Color": "rgb(244, 55, 244)", 
  "Point": [
    {
      "Date": 20230817, 
      "Value" : 56.000000
    },
    {
      "Date": 20231221, 
      "Value" : 22.360001
    }
  ]
}