{
  "Color": "rgb(244, 55, 244)", 
  "Point": [
    {
      "Date": 20240926, 
      "Value" : 29.020000
    },
    {
      "Date": 20241008, 
      "Value" : 360.910004
    }
  ]
}