{
  "Color": "rgb(244, 55, 244)", 
  "Point": [
    {
      "Date": 20241024, 
      "Value" : 289.989990
    },
    {
      "Date": 20241101, 
      "Value" : 103.879997
    }
  ]
}