{
  "Color": "rgb(244, 55, 244)", 
  "Point": [
    {
      "Date": 20230814, 
      "Value" : 78.709999
    },
    {
      "Date": 20250409, 
      "Value" : 22.100000
    }
  ]
}