{
  "Color": "rgb(244, 55, 244)", 
  "Point": [
    {
      "Date": 20230815, 
      "Value" : 96.180000
    },
    {
      "Date": 20231024, 
      "Value" : 39.119999
    }
  ]
}