{
  "Color": "rgb(244, 55, 244)", 
  "Point": [
    {
      "Date": 20230928, 
      "Value" : 21.360001
    },
    {
      "Date": 20240918, 
      "Value" : 6.770000
    }
  ]
}