{
  "Color": "rgb(244, 55, 244)", 
  "Point": [
    {
      "Date": 20230828, 
      "Value" : 185.000000
    },
    {
      "Date": 20231026, 
      "Value" : 70.989998
    }
  ]
}