{
  "Color": "rgb(244, 55, 244)", 
  "Point": [
    {
      "Date": 20230830, 
      "Value" : 143.550003
    },
    {
      "Date": 20240206, 
      "Value" : 49.180000
    }
  ]
}