{
  "Color": "rgb(244, 55, 244)", 
  "Point": [
    {
      "Date": 20230717, 
      "Value" : 45.439999
    },
    {
      "Date": 20240208, 
      "Value" : 17.610001
    },
    {
      "Date": 20240628, 
      "Value" : 36.330002
    }
  ]
}