{
  "Color": "rgb(244, 55, 244)", 
  "Point": [
    {
      "Date": 20230911, 
      "Value" : 73.199997
    },
    {
      "Date": 20240206, 
      "Value" : 20.379999
    },
    {
      "Date": 20240702, 
      "Value" : 35.860001
    }
  ]
}