{
  "Color": "rgb(244, 55, 244)", 
  "Point": [
    {
      "Date": 20230720, 
      "Value" : 92.849998
    },
    {
      "Date": 20240206, 
      "Value" : 31.959999
    }
  ]
}