{
  "Color": "rgb(244, 55, 244)", 
  "Point": [
    {
      "Date": 20230814, 
      "Value" : 111.000000
    },
    {
      "Date": 20240131, 
      "Value" : 49.400002
    }
  ]
}