{
  "Color": "rgb(244, 55, 244)", 
  "Point": [
    {
      "Date": 20231226, 
      "Value" : 8.320000
    },
    {
      "Date": 20240709, 
      "Value" : 3.130000
    }
  ]
}