{
  "Color": "rgb(244, 55, 244)", 
  "Point": [
    {
      "Date": 20230915, 
      "Value" : 62.380001
    },
    {
      "Date": 20240206, 
      "Value" : 23.940001
    },
    {
      "Date": 20250226, 
      "Value" : 144.000000
    }
  ]
}