{
  "Color": "rgb(244, 55, 244)", 
  "Point": [
    {
      "Date": 20230920, 
      "Value" : 60.330002
    },
    {
      "Date": 20240206, 
      "Value" : 22.440001
    },
    {
      "Date": 20240619, 
      "Value" : 65.239998
    },
    {
      "Date": 20250409, 
      "Value" : 36.500000
    }
  ]
}