{
  "Color": "rgb(244, 55, 244)", 
  "Point": [
    {
      "Date": 20230801, 
      "Value" : 40.130001
    },
    {
      "Date": 20240918, 
      "Value" : 10.950000
    }
  ]
}