{
  "Color": "rgb(244, 55, 244)", 
  "Point": [
    {
      "Date": 20230830, 
      "Value" : 144.000000
    },
    {
      "Date": 20230915, 
      "Value" : 97.849998
    }
  ]
}