{
  "Color": "rgb(244, 55, 244)", 
  "Point": [
    {
      "Date": 20241220, 
      "Value" : 103.000000
    },
    {
      "Date": 20250409, 
      "Value" : 38.900002
    }
  ]
}