{
  "Color": "rgb(244, 55, 244)", 
  "Point": [
    {
      "Date": 20240626, 
      "Value" : 100.000000
    },
    {
      "Date": 20250409, 
      "Value" : 43.000000
    }
  ]
}