{
  "Color": "rgb(244, 55, 244)", 
  "Point": [
    {
      "Date": 20240723, 
      "Value" : 83.080002
    },
    {
      "Date": 20240918, 
      "Value" : 39.580002
    }
  ]
}