{
  "Color": "rgb(244, 55, 244)", 
  "Point": [
    {
      "Date": 20240102, 
      "Value" : 34.520000
    },
    {
      "Date": 20240208, 
      "Value" : 14.040000
    }
  ]
}