{
  "Color": "rgb(244, 55, 244)", 
  "Point": [
    {
      "Date": 20230830, 
      "Value" : 143.350006
    },
    {
      "Date": 20240828, 
      "Value" : 40.799999
    },
    {
      "Date": 20250508, 
      "Value" : 93.400002
    }
  ]
}