{
  "Color": "rgb(244, 55, 244)", 
  "Point": [
    {
      "Date": 20240202, 
      "Value" : 65.360001
    },
    {
      "Date": 20250409, 
      "Value" : 29.309999
    }
  ]
}