{
  "Color": "rgb(244, 55, 244)", 
  "Point": [
    {
      "Date": 20230801, 
      "Value" : 40.130001
    },
    {
      "Date": 20240206, 
      "Value" : 11.690000
    },
    {
      "Date": 20240624, 
      "Value" : 18.700001
    }
  ]
}