{
  "Color": "rgb(244, 55, 244)", 
  "Point": [
    {
      "Date": 20240626, 
      "Value" : 100.000000
    },
    {
      "Date": 20240709, 
      "Value" : 62.029999
    }
  ]
}