{
  "Color": "rgb(244, 55, 244)", 
  "Point": [
    {
      "Date": 20231031, 
      "Value" : 83.779999
    },
    {
      "Date": 20240208, 
      "Value" : 21.240000
    }
  ]
}