{
  "Color": "rgb(244, 55, 244)", 
  "Point": [
    {
      "Date": 20240102, 
      "Value" : 34.580002
    },
    {
      "Date": 20240208, 
      "Value" : 14.100000
    }
  ]
}