{
  "Color": "rgb(244, 55, 244)", 
  "Point": [
    {
      "Date": 20230915, 
      "Value" : 62.480000
    },
    {
      "Date": 20240206, 
      "Value" : 24.040001
    },
    {
      "Date": 20240618, 
      "Value" : 55.400002
    }
  ]
}