{
  "Color": "rgb(244, 55, 244)", 
  "Point": [
    {
      "Date": 20240415, 
      "Value" : 43.790001
    },
    {
      "Date": 20250409, 
      "Value" : 14.710000
    }
  ]
}