{
  "Color": "rgb(244, 55, 244)", 
  "Point": [
    {
      "Date": 20240313, 
      "Value" : 39.910000
    },
    {
      "Date": 20250409, 
      "Value" : 13.660000
    }
  ]
}