{
  "Color": "rgb(244, 55, 244)", 
  "Point": [
    {
      "Date": 20230920, 
      "Value" : 60.610001
    },
    {
      "Date": 20240206, 
      "Value" : 22.719999
    },
    {
      "Date": 20240619, 
      "Value" : 65.519997
    }
  ]
}