{
  "Color": "rgb(244, 55, 244)", 
  "Point": [
    {
      "Date": 20240228, 
      "Value" : 88.000000
    },
    {
      "Date": 20240308, 
      "Value" : 51.810001
    }
  ]
}