{
  "Color": "rgb(244, 55, 244)", 
  "Point": [
    {
      "Date": 20231019, 
      "Value" : 88.000000
    },
    {
      "Date": 20231221, 
      "Value" : 53.180000
    }
  ]
}