{
  "Color": "rgb(244, 55, 244)", 
  "Point": [
    {
      "Date": 20250425, 
      "Value" : 58.549999
    },
    {
      "Date": 20250429, 
      "Value" : 38.000000
    }
  ]
}