{
  "Color": "rgb(244, 55, 244)", 
  "Point": [
    {
      "Date": 20240129, 
      "Value" : 97.169998
    },
    {
      "Date": 20240208, 
      "Value" : 38.299999
    }
  ]
}