{
  "Color": "rgb(244, 55, 244)", 
  "Point": [
    {
      "Date": 20240924, 
      "Value" : 55.500000
    },
    {
      "Date": 20250212, 
      "Value" : 173.009995
    }
  ]
}