{
  "Color": "rgb(244, 55, 244)", 
  "Point": [
    {
      "Date": 20230817, 
      "Value" : 39.959999
    },
    {
      "Date": 20240206, 
      "Value" : 10.800000
    }
  ]
}