{
  "Color": "rgb(244, 55, 244)", 
  "Point": [
    {
      "Date": 20230920, 
      "Value" : 88.879997
    },
    {
      "Date": 20240206, 
      "Value" : 33.939999
    }
  ]
}