{
  "Color": "rgb(244, 55, 244)", 
  "Point": [
    {
      "Date": 20240328, 
      "Value" : 53.770000
    },
    {
      "Date": 20240416, 
      "Value" : 30.900000
    }
  ]
}