{
  "Color": "rgb(244, 55, 244)", 
  "Point": [
    {
      "Date": 20241016, 
      "Value" : 101.879997
    },
    {
      "Date": 20250407, 
      "Value" : 29.879999
    }
  ]
}