{
  "Color": "rgb(244, 55, 244)", 
  "Point": [
    {
      "Date": 20230807, 
      "Value" : 32.009998
    },
    {
      "Date": 20230811, 
      "Value" : 52.430000
    }
  ]
}