{
  "Color": "rgb(244, 55, 244)", 
  "Point": [
    {
      "Date": 20231128, 
      "Value" : 74.320000
    },
    {
      "Date": 20240206, 
      "Value" : 23.340000
    },
    {
      "Date": 20250320, 
      "Value" : 47.389999
    }
  ]
}