{
  "Color": "rgb(244, 55, 244)", 
  "Point": [
    {
      "Date": 20230811, 
      "Value" : 52.430000
    },
    {
      "Date": 20231222, 
      "Value" : 28.200001
    }
  ]
}