{
  "Color": "rgb(244, 55, 244)", 
  "Point": [
    {
      "Date": 20231208, 
      "Value" : 36.580002
    },
    {
      "Date": 20250409, 
      "Value" : 12.530000
    }
  ]
}