{
  "Color": "rgb(244, 55, 244)", 
  "Point": [
    {
      "Date": 20230927, 
      "Value" : 90.000000
    },
    {
      "Date": 20231026, 
      "Value" : 55.680000
    }
  ]
}