{
  "Color": "rgb(244, 55, 244)", 
  "Point": [
    {
      "Date": 20230927, 
      "Value" : 89.500000
    },
    {
      "Date": 20240709, 
      "Value" : 37.840000
    }
  ]
}