{
  "Color": "rgb(244, 55, 244)", 
  "Point": [
    {
      "Date": 20231019, 
      "Value" : 87.849998
    },
    {
      "Date": 20240206, 
      "Value" : 29.969999
    },
    {
      "Date": 20240801, 
      "Value" : 60.900002
    }
  ]
}