{
  "Color": "rgb(244, 55, 244)", 
  "Point": [
    {
      "Date": 20230801, 
      "Value" : 40.330002
    },
    {
      "Date": 20231221, 
      "Value" : 19.530001
    }
  ]
}