{
  "Color": "rgb(244, 55, 244)", 
  "Point": [
    {
      "Date": 20240923, 
      "Value" : 46.529999
    },
    {
      "Date": 20250116, 
      "Value" : 285.049988
    }
  ]
}