{
  "Color": "rgb(244, 55, 244)", 
  "Point": [
    {
      "Date": 20241107, 
      "Value" : 187.000000
    },
    {
      "Date": 20250409, 
      "Value" : 64.019997
    }
  ]
}