{
  "Color": "rgb(244, 55, 244)", 
  "Point": [
    {
      "Date": 20240923, 
      "Value" : 26.700001
    },
    {
      "Date": 20241021, 
      "Value" : 86.599998
    }
  ]
}