{
  "Color": "rgb(244, 55, 244)", 
  "Point": [
    {
      "Date": 20250407, 
      "Value" : 49.849998
    },
    {
      "Date": 20250418, 
      "Value" : 27.309999
    }
  ]
}