{
  "Color": "rgb(244, 55, 244)", 
  "Point": [
    {
      "Date": 20241211, 
      "Value" : 107.360001
    },
    {
      "Date": 20250409, 
      "Value" : 41.380001
    }
  ]
}