{
  "Color": "rgb(244, 55, 244)", 
  "Point": [
    {
      "Date": 20241204, 
      "Value" : 149.710007
    },
    {
      "Date": 20250106, 
      "Value" : 58.270000
    }
  ]
}