{
  "Color": "rgb(244, 55, 244)", 
  "Point": [
    {
      "Date": 20241031, 
      "Value" : 211.000000
    },
    {
      "Date": 20250409, 
      "Value" : 65.199997
    }
  ]
}