{
  "Color": "rgb(244, 55, 244)", 
  "Point": [
    {
      "Date": 20240726, 
      "Value" : 48.580002
    },
    {
      "Date": 20240918, 
      "Value" : 25.040001
    }
  ]
}