{
  "Color": "rgb(244, 55, 244)", 
  "Point": [
    {
      "Date": 20250331, 
      "Value" : 66.660004
    },
    {
      "Date": 20250409, 
      "Value" : 37.610001
    }
  ]
}