{
  "Color": "rgb(244, 55, 244)", 
  "Point": [
    {
      "Date": 20240923, 
      "Value" : 26.799999
    },
    {
      "Date": 20241021, 
      "Value" : 86.699997
    }
  ]
}