{
  "Color": "rgb(244, 55, 244)", 
  "Point": [
    {
      "Date": 20250115, 
      "Value" : 60.000000
    },
    {
      "Date": 20250205, 
      "Value" : 30.690001
    }
  ]
}