{
  "Color": "rgb(244, 55, 244)", 
  "Point": [
    {
      "Date": 20241025, 
      "Value" : 160.000000
    },
    {
      "Date": 20241101, 
      "Value" : 68.150002
    }
  ]
}