{
  "Color": "rgb(244, 55, 244)", 
  "Point": [
    {
      "Date": 20240930, 
      "Value" : 99.000000
    },
    {
      "Date": 20241008, 
      "Value" : 689.000000
    }
  ]
}