{
  "Color": "rgb(244, 55, 244)", 
  "Point": [
    {
      "Date": 20241008, 
      "Value" : 689.000000
    },
    {
      "Date": 20250409, 
      "Value" : 61.000000
    }
  ]
}