{
  "Color": "rgb(244, 55, 244)", 
  "Point": [
    {
      "Date": 20250122, 
      "Value" : 38.990002
    },
    {
      "Date": 20250409, 
      "Value" : 21.000000
    }
  ]
}