{
  "Color": "rgb(244, 55, 244)", 
  "Point": [
    {
      "Date": 20250407, 
      "Value" : 50.400002
    },
    {
      "Date": 20250513, 
      "Value" : 97.550003
    }
  ]
}