{
  "Color": "rgb(244, 55, 244)", 
  "Point": [
    {
      "Date": 20231024, 
      "Value" : 2.140000
    },
    {
      "Date": 20240102, 
      "Value" : 6.880000
    }
  ]
}