{
  "Color": "rgb(244, 55, 244)", 
  "Point": [
    {
      "Date": 20230809, 
      "Value" : 9.750000
    },
    {
      "Date": 20231127, 
      "Value" : 20.440001
    }
  ]
}