{
  "Color": "rgb(244, 55, 244)", 
  "Point": [
    {
      "Date": 20231024, 
      "Value" : 2.140000
    },
    {
      "Date": 20241029, 
      "Value" : 11.180000
    }
  ]
}