{
  "Color": "rgb(244, 55, 244)", 
  "Point": [
    {
      "Date": 20230809, 
      "Value" : 9.500000
    },
    {
      "Date": 20250423, 
      "Value" : 21.799999
    }
  ]
}