{
  "Color": "rgb(244, 55, 244)", 
  "Point": [
    {
      "Date": 20230825, 
      "Value" : 8.140000
    },
    {
      "Date": 20231127, 
      "Value" : 20.150000
    },
    {
      "Date": 20240709, 
      "Value" : 11.010000
    }
  ]
}