{
  "Color": "rgb(244, 55, 244)", 
  "Point": [
    {
      "Date": 20240102, 
      "Value" : 16.059999
    },
    {
      "Date": 20240709, 
      "Value" : 8.450000
    }
  ]
}