{
  "Color": "rgb(244, 55, 244)", 
  "Point": [
    {
      "Date": 20231023, 
      "Value" : 3.720000
    },
    {
      "Date": 20231219, 
      "Value" : 14.800000
    },
    {
      "Date": 20240613, 
      "Value" : 4.550000
    },
    {
      "Date": 20241029, 
      "Value" : 23.200001
    }
  ]
}