{
  "Color": "rgb(244, 55, 244)", 
  "Point": [
    {
      "Date": 20231023, 
      "Value" : 9.690000
    },
    {
      "Date": 20240102, 
      "Value" : 16.120001
    }
  ]
}