{
  "Color": "rgb(244, 55, 244)", 
  "Point": [
    {
      "Date": 20240910, 
      "Value" : 6.770000
    },
    {
      "Date": 20241029, 
      "Value" : 43.180000
    }
  ]
}