{
  "Color": "rgb(244, 55, 244)", 
  "Point": [
    {
      "Date": 20231023, 
      "Value" : 6.780000
    },
    {
      "Date": 20240102, 
      "Value" : 17.360001
    },
    {
      "Date": 20240715, 
      "Value" : 6.510000
    }
  ]
}