{
  "Color": "rgb(244, 55, 244)", 
  "Point": [
    {
      "Date": 20231127, 
      "Value" : 15.770000
    },
    {
      "Date": 20240617, 
      "Value" : 7.180000
    }
  ]
}