{
  "Color": "rgb(244, 55, 244)", 
  "Point": [
    {
      "Date": 20230720, 
      "Value" : 4.290000
    },
    {
      "Date": 20241029, 
      "Value" : 42.930000
    }
  ]
}