{
  "Color": "rgb(244, 55, 244)", 
  "Point": [
    {
      "Date": 20240829, 
      "Value" : 6.000000
    },
    {
      "Date": 20250515, 
      "Value" : 17.190001
    }
  ]
}