{
  "Color": "rgb(244, 55, 244)", 
  "Point": [
    {
      "Date": 20231023, 
      "Value" : 12.870000
    },
    {
      "Date": 20231221, 
      "Value" : 29.100000
    }
  ]
}