{
  "Color": "rgb(244, 55, 244)", 
  "Point": [
    {
      "Date": 20230720, 
      "Value" : 4.490000
    },
    {
      "Date": 20231214, 
      "Value" : 9.020000
    }
  ]
}