{
  "Color": "rgb(244, 55, 244)", 
  "Point": [
    {
      "Date": 20231023, 
      "Value" : 7.360000
    },
    {
      "Date": 20231220, 
      "Value" : 23.000000
    },
    {
      "Date": 20240919, 
      "Value" : 8.830000
    },
    {
      "Date": 20250307, 
      "Value" : 38.970001
    }
  ]
}