{
  "Color": "rgb(244, 55, 244)", 
  "Point": [
    {
      "Date": 20231023, 
      "Value" : 8.870000
    },
    {
      "Date": 20250305, 
      "Value" : 52.459999
    }
  ]
}