{
  "Color": "rgb(244, 55, 244)", 
  "Point": [
    {
      "Date": 20230828, 
      "Value" : 9.570000
    },
    {
      "Date": 20231127, 
      "Value" : 26.830000
    },
    {
      "Date": 20240709, 
      "Value" : 11.110000
    },
    {
      "Date": 20250423, 
      "Value" : 32.840000
    }
  ]
}