{
  "Color": "rgb(244, 55, 244)", 
  "Point": [
    {
      "Date": 20231023, 
      "Value" : 7.360000
    },
    {
      "Date": 20231220, 
      "Value" : 23.000000
    },
    {
      "Date": 20240709, 
      "Value" : 9.270000
    }
  ]
}