{
  "Color": "rgb(244, 55, 244)", 
  "Point": [
    {
      "Date": 20230720, 
      "Value" : 4.290000
    },
    {
      "Date": 20240103, 
      "Value" : 9.780000
    }
  ]
}