{
  "Color": "rgb(244, 55, 244)", 
  "Point": [
    {
      "Date": 20231103, 
      "Value" : 5.150000
    },
    {
      "Date": 20250317, 
      "Value" : 33.099998
    }
  ]
}