{
  "Color": "rgb(244, 55, 244)", 
  "Point": [
    {
      "Date": 20231103, 
      "Value" : 5.150000
    },
    {
      "Date": 20240102, 
      "Value" : 19.580000
    }
  ]
}