{
  "Color": "rgb(244, 55, 244)", 
  "Point": [
    {
      "Date": 20231024, 
      "Value" : 5.940000
    },
    {
      "Date": 20231226, 
      "Value" : 34.770000
    }
  ]
}