{
  "Color": "rgb(244, 55, 244)", 
  "Point": [
    {
      "Date": 20231023, 
      "Value" : 4.160000
    },
    {
      "Date": 20231226, 
      "Value" : 24.750000
    },
    {
      "Date": 20240910, 
      "Value" : 9.830000
    },
    {
      "Date": 20250310, 
      "Value" : 27.709999
    }
  ]
}