{
  "Color": "rgb(244, 55, 244)", 
  "Point": [
    {
      "Date": 20231024, 
      "Value" : 2.800000
    },
    {
      "Date": 20241030, 
      "Value" : 8.990000
    }
  ]
}