{
  "Color": "rgb(244, 55, 244)", 
  "Point": [
    {
      "Date": 20231103, 
      "Value" : 5.200000
    },
    {
      "Date": 20231220, 
      "Value" : 17.000000
    }
  ]
}