{
  "Color": "rgb(244, 55, 244)", 
  "Point": [
    {
      "Date": 20231024, 
      "Value" : 2.800000
    },
    {
      "Date": 20250217, 
      "Value" : 14.810000
    }
  ]
}