{
  "Color": "rgb(244, 55, 244)", 
  "Point": [
    {
      "Date": 20231226, 
      "Value" : 15.580000
    },
    {
      "Date": 20240829, 
      "Value" : 6.820000
    }
  ]
}