{
  "Color": "rgb(244, 55, 244)", 
  "Point": [
    {
      "Date": 20231023, 
      "Value" : 7.450000
    },
    {
      "Date": 20231226, 
      "Value" : 15.980000
    }
  ]
}