{
  "Color": "rgb(244, 55, 244)", 
  "Point": [
    {
      "Date": 20240829, 
      "Value" : 6.820000
    },
    {
      "Date": 20250410, 
      "Value" : 17.490000
    }
  ]
}