{
  "Color": "rgb(244, 55, 244)", 
  "Point": [
    {
      "Date": 20230824, 
      "Value" : 5.190000
    },
    {
      "Date": 20231127, 
      "Value" : 12.460000
    }
  ]
}