{
  "Color": "rgb(244, 55, 244)", 
  "Point": [
    {
      "Date": 20230824, 
      "Value" : 4.990000
    },
    {
      "Date": 20240103, 
      "Value" : 13.460000
    },
    {
      "Date": 20240923, 
      "Value" : 8.130000
    },
    {
      "Date": 20250318, 
      "Value" : 21.450001
    }
  ]
}