{
  "Color": "rgb(244, 55, 244)", 
  "Point": [
    {
      "Date": 20230824, 
      "Value" : 5.090000
    },
    {
      "Date": 20241101, 
      "Value" : 18.200001
    }
  ]
}