{
  "Color": "rgb(244, 55, 244)", 
  "Point": [
    {
      "Date": 20230824, 
      "Value" : 5.090000
    },
    {
      "Date": 20240103, 
      "Value" : 13.560000
    }
  ]
}