{
  "Color": "rgb(244, 55, 244)", 
  "Point": [
    {
      "Date": 20060510, 
      "Value" : 1.350000
    },
    {
      "Date": 20150612, 
      "Value" : 27.969999
    },
    {
      "Date": 20240206, 
      "Value" : 2.250000
    }
  ]
}