{
  "Color": "rgb(244, 55, 244)", 
  "Point": [
    {
      "Date": 20210525, 
      "Value" : 4.030000
    },
    {
      "Date": 20210927, 
      "Value" : 19.520000
    },
    {
      "Date": 20240205, 
      "Value" : 5.930000
    },
    {
      "Date": 20240530, 
      "Value" : 8.270000
    }
  ]
}