{
  "Color": "rgb(244, 55, 244)", 
  "Point": [
    {
      "Date": 20210525, 
      "Value" : 3.970000
    },
    {
      "Date": 20210927, 
      "Value" : 19.459999
    },
    {
      "Date": 20240205, 
      "Value" : 5.870000
    },
    {
      "Date": 20241008, 
      "Value" : 9.140000
    }
  ]
}