{
  "Color": "rgb(244, 55, 244)", 
  "Point": [
    {
      "Date": 20060510, 
      "Value" : 1.380000
    },
    {
      "Date": 20150612, 
      "Value" : 28.000000
    },
    {
      "Date": 20220427, 
      "Value" : 2.910000
    }
  ]
}