{
  "Color": "rgb(244, 55, 244)", 
  "Point": [
    {
      "Date": 20210525, 
      "Value" : 4.100000
    },
    {
      "Date": 20210927, 
      "Value" : 19.590000
    },
    {
      "Date": 20231221, 
      "Value" : 7.650000
    }
  ]
}