{
  "Color": "rgb(244, 55, 244)", 
  "Point": [
    {
      "Date": 20060515, 
      "Value" : 0.620000
    },
    {
      "Date": 20070926, 
      "Value" : 14.600000
    }
  ]
}