{
  "Color": "rgb(244, 55, 244)", 
  "Point": [
    {
      "Date": 20061114, 
      "Value" : 1.520000
    },
    {
      "Date": 20080304, 
      "Value" : 14.620000
    },
    {
      "Date": 20081104, 
      "Value" : 4.860000
    },
    {
      "Date": 20180511, 
      "Value" : 17.080000
    }
  ]
}