{
  "Color": "rgb(244, 55, 244)", 
  "Point": [
    {
      "Date": 20060821, 
      "Value" : -0.390000
    },
    {
      "Date": 20150612, 
      "Value" : 11.200000
    },
    {
      "Date": 20181019, 
      "Value" : 1.570000
    },
    {
      "Date": 20210916, 
      "Value" : 11.140000
    }
  ]
}