{
  "Color": "rgb(244, 55, 244)", 
  "Point": [
    {
      "Date": 20061114, 
      "Value" : 1.730000
    },
    {
      "Date": 20080304, 
      "Value" : 14.830000
    },
    {
      "Date": 20081104, 
      "Value" : 5.070000
    },
    {
      "Date": 20180511, 
      "Value" : 17.290001
    }
  ]
}