{
  "Color": "rgb(244, 55, 244)", 
  "Point": [
    {
      "Date": 20060512, 
      "Value" : 0.410000
    },
    {
      "Date": 20150612, 
      "Value" : 12.710000
    },
    {
      "Date": 20181019, 
      "Value" : 2.210000
    },
    {
      "Date": 20231212, 
      "Value" : 5.680000
    }
  ]
}