{
  "Color": "rgb(244, 55, 244)", 
  "Point": [
    {
      "Date": 20060512, 
      "Value" : 0.490000
    },
    {
      "Date": 20150612, 
      "Value" : 12.790000
    },
    {
      "Date": 20181019, 
      "Value" : 2.290000
    },
    {
      "Date": 20230516, 
      "Value" : 5.690000
    }
  ]
}