{
  "Color": "rgb(244, 55, 244)", 
  "Point": [
    {
      "Date": 20060512, 
      "Value" : 0.390000
    },
    {
      "Date": 20150612, 
      "Value" : 12.690000
    },
    {
      "Date": 20181019, 
      "Value" : 2.190000
    },
    {
      "Date": 20231212, 
      "Value" : 5.660000
    }
  ]
}