{
  "Color": "rgb(244, 55, 244)", 
  "Point": [
    {
      "Date": 20060511, 
      "Value" : 0.480000
    },
    {
      "Date": 20071016, 
      "Value" : 7.630000
    },
    {
      "Date": 20081016, 
      "Value" : 0.270000
    },
    {
      "Date": 20201230, 
      "Value" : 5.750000
    }
  ]
}