{
  "Color": "rgb(244, 55, 244)", 
  "Point": [
    {
      "Date": 20060821, 
      "Value" : -1.680000
    },
    {
      "Date": 20110812, 
      "Value" : 8.730000
    },
    {
      "Date": 20121204, 
      "Value" : 2.940000
    },
    {
      "Date": 20211215, 
      "Value" : 32.090000
    }
  ]
}