{
  "Color": "rgb(244, 55, 244)", 
  "Point": [
    {
      "Date": 20060523, 
      "Value" : 0.530000
    },
    {
      "Date": 20101116, 
      "Value" : 8.580000
    },
    {
      "Date": 20140625, 
      "Value" : 1.620000
    }
  ]
}