{
  "Color": "rgb(244, 55, 244)", 
  "Point": [
    {
      "Date": 20060821, 
      "Value" : -1.140000
    },
    {
      "Date": 20110812, 
      "Value" : 9.270000
    },
    {
      "Date": 20121204, 
      "Value" : 3.480000
    },
    {
      "Date": 20211215, 
      "Value" : 32.630001
    }
  ]
}