{
  "Color": "rgb(244, 55, 244)", 
  "Point": [
    {
      "Date": 20060510, 
      "Value" : 0.560000
    },
    {
      "Date": 20210916, 
      "Value" : 10.720000
    },
    {
      "Date": 20221103, 
      "Value" : 3.560000
    },
    {
      "Date": 20230510, 
      "Value" : 5.270000
    }
  ]
}