{
  "Color": "rgb(244, 55, 244)", 
  "Point": [
    {
      "Date": 20060526, 
      "Value" : -186.820007
    },
    {
      "Date": 20210218, 
      "Value" : 2489.110107
    },
    {
      "Date": 20221031, 
      "Value" : 1235.199951
    },
    {
      "Date": 20241008, 
      "Value" : 1910.000000
    }
  ]
}