{
  "Color": "rgb(244, 55, 244)", 
  "Point": [
    {
      "Date": 20060512, 
      "Value" : 0.880000
    },
    {
      "Date": 20070525, 
      "Value" : 5.690000
    },
    {
      "Date": 20081104, 
      "Value" : 0.860000
    },
    {
      "Date": 20231218, 
      "Value" : 7.500000
    }
  ]
}