{
  "Color": "rgb(244, 55, 244)", 
  "Point": [
    {
      "Date": 20060807, 
      "Value" : -0.050000
    },
    {
      "Date": 20150615, 
      "Value" : 25.830000
    }
  ]
}