{
  "Color": "rgb(244, 55, 244)", 
  "Point": [
    {
      "Date": 20211230, 
      "Value" : 41.119999
    },
    {
      "Date": 20240709, 
      "Value" : 10.560000
    },
    {
      "Date": 20241029, 
      "Value" : 15.080000
    }
  ]
}