{
  "Color": "rgb(244, 55, 244)", 
  "Point": [
    {
      "Date": 20211230, 
      "Value" : 41.270000
    },
    {
      "Date": 20221223, 
      "Value" : 15.460000
    },
    {
      "Date": 20230804, 
      "Value" : 19.950001
    }
  ]
}