{
  "Color": "rgb(244, 55, 244)", 
  "Point": [
    {
      "Date": 20210923, 
      "Value" : 61.369999
    },
    {
      "Date": 20240205, 
      "Value" : 12.780000
    }
  ]
}