{
  "Color": "rgb(244, 55, 244)", 
  "Point": [
    {
      "Date": 20210923, 
      "Value" : 61.419998
    },
    {
      "Date": 20230612, 
      "Value" : 18.110001
    }
  ]
}