{
  "Color": "rgb(244, 55, 244)", 
  "Point": [
    {
      "Date": 20210923, 
      "Value" : 61.419998
    },
    {
      "Date": 20240205, 
      "Value" : 12.830000
    }
  ]
}