{
  "Color": "rgb(244, 55, 244)", 
  "Point": [
    {
      "Date": 20210205, 
      "Value" : 5.290000
    },
    {
      "Date": 20210325, 
      "Value" : 22.080000
    },
    {
      "Date": 20220427, 
      "Value" : 9.260000
    }
  ]
}