{
  "Color": "rgb(244, 55, 244)", 
  "Point": [
    {
      "Date": 20210507, 
      "Value" : 4.330000
    },
    {
      "Date": 20210625, 
      "Value" : 18.629999
    },
    {
      "Date": 20221010, 
      "Value" : 6.690000
    }
  ]
}