{
  "Color": "rgb(244, 55, 244)", 
  "Point": [
    {
      "Date": 20150323, 
      "Value" : 9.570000
    },
    {
      "Date": 20150525, 
      "Value" : 34.000000
    },
    {
      "Date": 20210427, 
      "Value" : 7.760000
    }
  ]
}