{
  "Color": "rgb(244, 55, 244)", 
  "Point": [
    {
      "Date": 20171123, 
      "Value" : 21.209999
    },
    {
      "Date": 20181019, 
      "Value" : 5.920000
    },
    {
      "Date": 20230209, 
      "Value" : 26.190001
    }
  ]
}