{
  "Color": "rgb(244, 55, 244)", 
  "Point": [
    {
      "Date": 20160815, 
      "Value" : 10.520000
    },
    {
      "Date": 20181226, 
      "Value" : 3.890000
    },
    {
      "Date": 20230509, 
      "Value" : 7.450000
    },
    {
      "Date": 20231206, 
      "Value" : 6.360000
    }
  ]
}