{
  "Color": "rgb(244, 55, 244)", 
  "Point": [
    {
      "Date": 20230329, 
      "Value" : 8.490000
    },
    {
      "Date": 20240205, 
      "Value" : 4.510000
    },
    {
      "Date": 20241008, 
      "Value" : 6.110000
    }
  ]
}