{
  "Color": "rgb(244, 55, 244)", 
  "Point": [
    {
      "Date": 20210610, 
      "Value" : 2.970000
    },
    {
      "Date": 20210624, 
      "Value" : 8.580000
    },
    {
      "Date": 20240918, 
      "Value" : 4.010000
    }
  ]
}