{
  "Color": "rgb(244, 55, 244)", 
  "Point": [
    {
      "Date": 20210507, 
      "Value" : 4.280000
    },
    {
      "Date": 20210625, 
      "Value" : 18.580000
    },
    {
      "Date": 20240709, 
      "Value" : 5.490000
    }
  ]
}