{
  "Color": "rgb(244, 55, 244)", 
  "Point": [
    {
      "Date": 20180312, 
      "Value" : 8.040000
    },
    {
      "Date": 20200428, 
      "Value" : 2.600000
    },
    {
      "Date": 20240105, 
      "Value" : 5.280000
    }
  ]
}