{
  "Color": "rgb(244, 55, 244)", 
  "Point": [
    {
      "Date": 20171123, 
      "Value" : 20.920000
    },
    {
      "Date": 20181019, 
      "Value" : 5.630000
    },
    {
      "Date": 20230209, 
      "Value" : 25.900000
    },
    {
      "Date": 20240709, 
      "Value" : 12.990000
    }
  ]
}