{
  "Color": "rgb(244, 55, 244)", 
  "Point": [
    {
      "Date": 20220106, 
      "Value" : 49.389999
    },
    {
      "Date": 20240222, 
      "Value" : 107.080002
    }
  ]
}