{
  "Color": "rgb(244, 55, 244)", 
  "Point": [
    {
      "Date": 20220421, 
      "Value" : 10.670000
    },
    {
      "Date": 20230921, 
      "Value" : 20.820000
    }
  ]
}