{
  "Color": "rgb(244, 55, 244)", 
  "Point": [
    {
      "Date": 20200629, 
      "Value" : 2.990000
    },
    {
      "Date": 20211008, 
      "Value" : 21.820000
    },
    {
      "Date": 20240909, 
      "Value" : 6.510000
    }
  ]
}