{
  "Color": "rgb(244, 55, 244)", 
  "Point": [
    {
      "Date": 20180312, 
      "Value" : 7.720000
    },
    {
      "Date": 20200428, 
      "Value" : 2.280000
    },
    {
      "Date": 20240703, 
      "Value" : 5.360000
    }
  ]
}