{
  "Color": "rgb(244, 55, 244)", 
  "Point": [
    {
      "Date": 20220421, 
      "Value" : 8.850000
    },
    {
      "Date": 20240705, 
      "Value" : 33.959999
    },
    {
      "Date": 20250407, 
      "Value" : 23.110001
    }
  ]
}