{
  "Color": "rgb(244, 55, 244)", 
  "Point": [
    {
      "Date": 20210507, 
      "Value" : 4.180000
    },
    {
      "Date": 20210625, 
      "Value" : 18.480000
    },
    {
      "Date": 20240709, 
      "Value" : 5.390000
    }
  ]
}