{
  "Color": "rgb(244, 55, 244)", 
  "Point": [
    {
      "Date": 20220106, 
      "Value" : 44.820000
    },
    {
      "Date": 20241014, 
      "Value" : 111.699997
    }
  ]
}