{
  "Color": "rgb(244, 55, 244)", 
  "Point": [
    {
      "Date": 20211215, 
      "Value" : 9.950000
    },
    {
      "Date": 20240918, 
      "Value" : 1.980000
    }
  ]
}