{
  "Color": "rgb(244, 55, 244)", 
  "Point": [
    {
      "Date": 20220106, 
      "Value" : 44.820000
    },
    {
      "Date": 20241231, 
      "Value" : 119.510002
    }
  ]
}