{
  "Color": "rgb(244, 55, 244)", 
  "Point": [
    {
      "Date": 20200603, 
      "Value" : 5.090000
    },
    {
      "Date": 20200715, 
      "Value" : 22.910000
    },
    {
      "Date": 20221031, 
      "Value" : 6.310000
    },
    {
      "Date": 20230509, 
      "Value" : 8.220000
    }
  ]
}