{
  "Color": "rgb(244, 55, 244)", 
  "Point": [
    {
      "Date": 20200629, 
      "Value" : 3.200000
    },
    {
      "Date": 20211008, 
      "Value" : 22.030001
    },
    {
      "Date": 20230927, 
      "Value" : 8.120000
    }
  ]
}