{
  "Color": "rgb(244, 55, 244)", 
  "Point": [
    {
      "Date": 20211215, 
      "Value" : 9.950000
    },
    {
      "Date": 20230825, 
      "Value" : 3.520000
    }
  ]
}