{
  "Color": "rgb(244, 55, 244)", 
  "Point": [
    {
      "Date": 20150323, 
      "Value" : 9.500000
    },
    {
      "Date": 20150525, 
      "Value" : 33.919998
    },
    {
      "Date": 20210428, 
      "Value" : 7.690000
    }
  ]
}