{
  "Color": "rgb(244, 55, 244)", 
  "Point": [
    {
      "Date": 20210610, 
      "Value" : 3.040000
    },
    {
      "Date": 20210624, 
      "Value" : 8.650000
    },
    {
      "Date": 20230926, 
      "Value" : 4.710000
    }
  ]
}