{
  "Color": "rgb(244, 55, 244)", 
  "Point": [
    {
      "Date": 20220421, 
      "Value" : 10.130000
    },
    {
      "Date": 20230928, 
      "Value" : 20.790001
    }
  ]
}