{
  "Color": "rgb(244, 55, 244)", 
  "Point": [
    {
      "Date": 20160815, 
      "Value" : 10.520000
    },
    {
      "Date": 20181226, 
      "Value" : 3.890000
    },
    {
      "Date": 20240223, 
      "Value" : 7.980000
    }
  ]
}