{
  "Color": "rgb(244, 55, 244)", 
  "Point": [
    {
      "Date": 20211230, 
      "Value" : 41.070000
    },
    {
      "Date": 20240709, 
      "Value" : 10.510000
    },
    {
      "Date": 20241112, 
      "Value" : 15.450000
    },
    {
      "Date": 20250430, 
      "Value" : 11.840000
    }
  ]
}