{
  "Color": "rgb(244, 55, 244)", 
  "Point": [
    {
      "Date": 20211230, 
      "Value" : 41.200001
    },
    {
      "Date": 20240205, 
      "Value" : 11.800000
    }
  ]
}