{
  "Color": "rgb(244, 55, 244)", 
  "Point": [
    {
      "Date": 20190321, 
      "Value" : 12.990000
    },
    {
      "Date": 20240918, 
      "Value" : 2.890000
    }
  ]
}