{
  "Color": "rgb(244, 55, 244)", 
  "Point": [
    {
      "Date": 20220106, 
      "Value" : 51.610001
    },
    {
      "Date": 20230508, 
      "Value" : 107.610001
    }
  ]
}