{
  "Color": "rgb(244, 55, 244)", 
  "Point": [
    {
      "Date": 20190321, 
      "Value" : 13.050000
    },
    {
      "Date": 20221031, 
      "Value" : 3.030000
    },
    {
      "Date": 20230510, 
      "Value" : 4.820000
    }
  ]
}