{
  "Color": "rgb(244, 55, 244)", 
  "Point": [
    {
      "Date": 20220421, 
      "Value" : 9.530000
    },
    {
      "Date": 20240705, 
      "Value" : 34.639999
    }
  ]
}