{
  "Color": "rgb(244, 55, 244)", 
  "Point": [
    {
      "Date": 20210507, 
      "Value" : 4.280000
    },
    {
      "Date": 20210625, 
      "Value" : 18.580000
    },
    {
      "Date": 20221010, 
      "Value" : 6.640000
    },
    {
      "Date": 20230804, 
      "Value" : 10.750000
    }
  ]
}