{
  "Color": "rgb(244, 55, 244)", 
  "Point": [
    {
      "Date": 20230329, 
      "Value" : 8.700000
    },
    {
      "Date": 20230825, 
      "Value" : 5.770000
    }
  ]
}