{
  "Color": "rgb(244, 55, 244)", 
  "Point": [
    {
      "Date": 20210610, 
      "Value" : 3.120000
    },
    {
      "Date": 20210624, 
      "Value" : 8.730000
    },
    {
      "Date": 20220427, 
      "Value" : 5.080000
    }
  ]
}