{
  "Color": "rgb(244, 55, 244)", 
  "Point": [
    {
      "Date": 20170104, 
      "Value" : 21.299999
    },
    {
      "Date": 20211103, 
      "Value" : 4.200000
    },
    {
      "Date": 20230104, 
      "Value" : 17.030001
    },
    {
      "Date": 20240206, 
      "Value" : 5.610000
    }
  ]
}