{
  "Color": "rgb(244, 55, 244)", 
  "Point": [
    {
      "Date": 20160815, 
      "Value" : 10.050000
    },
    {
      "Date": 20181226, 
      "Value" : 3.420000
    },
    {
      "Date": 20240522, 
      "Value" : 7.980000
    }
  ]
}