{
  "Color": "rgb(244, 55, 244)", 
  "Point": [
    {
      "Date": 20211215, 
      "Value" : 9.950000
    },
    {
      "Date": 20240208, 
      "Value" : 2.330000
    }
  ]
}