{
  "Color": "rgb(244, 55, 244)", 
  "Point": [
    {
      "Date": 20220106, 
      "Value" : 47.200001
    },
    {
      "Date": 20240703, 
      "Value" : 110.589996
    }
  ]
}