{
  "Color": "rgb(244, 55, 244)", 
  "Point": [
    {
      "Date": 20210205, 
      "Value" : 4.840000
    },
    {
      "Date": 20210325, 
      "Value" : 21.629999
    },
    {
      "Date": 20240918, 
      "Value" : 7.550000
    }
  ]
}