{
  "Color": "rgb(244, 55, 244)", 
  "Point": [
    {
      "Date": 20200603, 
      "Value" : 5.060000
    },
    {
      "Date": 20200715, 
      "Value" : 22.879999
    },
    {
      "Date": 20230103, 
      "Value" : 6.280000
    },
    {
      "Date": 20230509, 
      "Value" : 8.190000
    }
  ]
}