{
  "Color": "rgb(244, 55, 244)", 
  "Point": [
    {
      "Date": 20221215, 
      "Value" : 18.610001
    },
    {
      "Date": 20250409, 
      "Value" : 6.970000
    }
  ]
}