{
  "Color": "rgb(244, 55, 244)", 
  "Point": [
    {
      "Date": 20230201, 
      "Value" : 9.900000
    },
    {
      "Date": 20230209, 
      "Value" : 21.049999
    }
  ]
}