{
  "Color": "rgb(244, 55, 244)", 
  "Point": [
    {
      "Date": 20171127, 
      "Value" : 16.610001
    },
    {
      "Date": 20210204, 
      "Value" : 4.300000
    },
    {
      "Date": 20230505, 
      "Value" : 13.120000
    },
    {
      "Date": 20240123, 
      "Value" : 8.130000
    }
  ]
}