{
  "Color": "rgb(244, 55, 244)", 
  "Point": [
    {
      "Date": 20150122, 
      "Value" : 3.990000
    },
    {
      "Date": 20150528, 
      "Value" : 32.290001
    },
    {
      "Date": 20240206, 
      "Value" : 8.880000
    },
    {
      "Date": 20240520, 
      "Value" : 14.680000
    }
  ]
}