{
  "Color": "rgb(244, 55, 244)", 
  "Point": [
    {
      "Date": 20240118, 
      "Value" : 23.400000
    },
    {
      "Date": 20240206, 
      "Value" : 10.980000
    }
  ]
}