{
  "Color": "rgb(244, 55, 244)", 
  "Point": [
    {
      "Date": 20231205, 
      "Value" : 19.580000
    },
    {
      "Date": 20240206, 
      "Value" : 8.700000
    }
  ]
}