{
  "Color": "rgb(244, 55, 244)", 
  "Point": [
    {
      "Date": 20221215, 
      "Value" : 18.610001
    },
    {
      "Date": 20240208, 
      "Value" : 7.570000
    },
    {
      "Date": 20240514, 
      "Value" : 11.630000
    }
  ]
}