{
  "Color": "rgb(244, 55, 244)", 
  "Point": [
    {
      "Date": 20230410, 
      "Value" : 14.060000
    },
    {
      "Date": 20240123, 
      "Value" : 6.450000
    }
  ]
}