{
  "Color": "rgb(244, 55, 244)", 
  "Point": [
    {
      "Date": 20230201, 
      "Value" : 9.770000
    },
    {
      "Date": 20230817, 
      "Value" : 23.190001
    },
    {
      "Date": 20240826, 
      "Value" : 11.870000
    },
    {
      "Date": 20250317, 
      "Value" : 18.459999
    }
  ]
}