{
  "Color": "rgb(244, 55, 244)", 
  "Point": [
    {
      "Date": 20240118, 
      "Value" : 24.000000
    },
    {
      "Date": 20240206, 
      "Value" : 11.580000
    }
  ]
}