{
  "Color": "rgb(244, 55, 244)", 
  "Point": [
    {
      "Date": 20230410, 
      "Value" : 20.070000
    },
    {
      "Date": 20240206, 
      "Value" : 7.750000
    }
  ]
}