{
  "Color": "rgb(244, 55, 244)", 
  "Point": [
    {
      "Date": 20221215, 
      "Value" : 18.730000
    },
    {
      "Date": 20231023, 
      "Value" : 8.470000
    }
  ]
}