{
  "Color": "rgb(244, 55, 244)", 
  "Point": [
    {
      "Date": 20240118, 
      "Value" : 24.520000
    },
    {
      "Date": 20240206, 
      "Value" : 12.100000
    }
  ]
}