{
  "Color": "rgb(244, 55, 244)", 
  "Point": [
    {
      "Date": 20220701, 
      "Value" : 22.760000
    },
    {
      "Date": 20221012, 
      "Value" : 13.860000
    }
  ]
}