{
  "Color": "rgb(244, 55, 244)", 
  "Point": [
    {
      "Date": 20221215, 
      "Value" : 18.610001
    },
    {
      "Date": 20240918, 
      "Value" : 7.080000
    }
  ]
}