{
  "Color": "rgb(244, 55, 244)", 
  "Point": [
    {
      "Date": 20220701, 
      "Value" : 22.260000
    },
    {
      "Date": 20240208, 
      "Value" : 12.220000
    }
  ]
}