{
  "Color": "rgb(244, 55, 244)", 
  "Point": [
    {
      "Date": 20221208, 
      "Value" : 9.710000
    },
    {
      "Date": 20221215, 
      "Value" : 18.730000
    }
  ]
}