{
  "Color": "rgb(244, 55, 244)", 
  "Point": [
    {
      "Date": 20231205, 
      "Value" : 19.180000
    },
    {
      "Date": 20240910, 
      "Value" : 8.090000
    },
    {
      "Date": 20250515, 
      "Value" : 14.290000
    }
  ]
}