{
  "Color": "rgb(244, 55, 244)", 
  "Point": [
    {
      "Date": 20231222, 
      "Value" : 9.890000
    },
    {
      "Date": 20240718, 
      "Value" : 3.830000
    }
  ]
}