{
  "Color": "rgb(244, 55, 244)", 
  "Point": [
    {
      "Date": 20150226, 
      "Value" : 9.420000
    },
    {
      "Date": 20150601, 
      "Value" : 42.299999
    },
    {
      "Date": 20240205, 
      "Value" : 6.980000
    },
    {
      "Date": 20241008, 
      "Value" : 12.000000
    }
  ]
}