{
  "Color": "rgb(244, 55, 244)", 
  "Point": [
    {
      "Date": 20201203, 
      "Value" : 14.300000
    },
    {
      "Date": 20240918, 
      "Value" : 4.290000
    },
    {
      "Date": 20250425, 
      "Value" : 6.270000
    }
  ]
}