{
  "Color": "rgb(244, 55, 244)", 
  "Point": [
    {
      "Date": 20230321, 
      "Value" : 12.050000
    },
    {
      "Date": 20240206, 
      "Value" : 4.840000
    }
  ]
}