{
  "Color": "rgb(244, 55, 244)", 
  "Point": [
    {
      "Date": 20150226, 
      "Value" : 9.580000
    },
    {
      "Date": 20150601, 
      "Value" : 42.459999
    },
    {
      "Date": 20240205, 
      "Value" : 7.140000
    }
  ]
}