{
  "Color": "rgb(244, 55, 244)", 
  "Point": [
    {
      "Date": 20230410, 
      "Value" : 26.809999
    },
    {
      "Date": 20240206, 
      "Value" : 8.030000
    },
    {
      "Date": 20240613, 
      "Value" : 12.590000
    }
  ]
}