{
  "Color": "rgb(244, 55, 244)", 
  "Point": [
    {
      "Date": 20230310, 
      "Value" : 5.130000
    },
    {
      "Date": 20230321, 
      "Value" : 12.160000
    }
  ]
}