{
  "Color": "rgb(244, 55, 244)", 
  "Point": [
    {
      "Date": 20210615, 
      "Value" : 29.049999
    },
    {
      "Date": 20230724, 
      "Value" : 12.830000
    }
  ]
}