{
  "Color": "rgb(244, 55, 244)", 
  "Point": [
    {
      "Date": 20201203, 
      "Value" : 14.450000
    },
    {
      "Date": 20221031, 
      "Value" : 4.450000
    },
    {
      "Date": 20230509, 
      "Value" : 5.840000
    },
    {
      "Date": 20240205, 
      "Value" : 4.500000
    }
  ]
}