{
  "Color": "rgb(244, 55, 244)", 
  "Point": [
    {
      "Date": 20210615, 
      "Value" : 28.660000
    },
    {
      "Date": 20231023, 
      "Value" : 10.640000
    }
  ]
}