{
  "Color": "rgb(244, 55, 244)", 
  "Point": [
    {
      "Date": 20210615, 
      "Value" : 29.049999
    },
    {
      "Date": 20231023, 
      "Value" : 11.030000
    }
  ]
}