{
  "Color": "rgb(244, 55, 244)", 
  "Point": [
    {
      "Date": 20201203, 
      "Value" : 14.450000
    },
    {
      "Date": 20240918, 
      "Value" : 4.440000
    }
  ]
}