{
  "Color": "rgb(244, 55, 244)", 
  "Point": [
    {
      "Date": 20230410, 
      "Value" : 26.750000
    },
    {
      "Date": 20240206, 
      "Value" : 7.970000
    },
    {
      "Date": 20240613, 
      "Value" : 12.530000
    }
  ]
}