{
  "Color": "rgb(244, 55, 244)", 
  "Point": [
    {
      "Date": 20221222, 
      "Value" : 8.300000
    },
    {
      "Date": 20230822, 
      "Value" : 30.370001
    }
  ]
}