{
  "Color": "rgb(244, 55, 244)", 
  "Point": [
    {
      "Date": 20181019, 
      "Value" : 2.460000
    },
    {
      "Date": 20190307, 
      "Value" : 10.370000
    },
    {
      "Date": 20221011, 
      "Value" : 2.700000
    },
    {
      "Date": 20230804, 
      "Value" : 4.280000
    }
  ]
}