{
  "Color": "rgb(244, 55, 244)", 
  "Point": [
    {
      "Date": 20230410, 
      "Value" : 26.969999
    },
    {
      "Date": 20240206, 
      "Value" : 8.190000
    }
  ]
}