{
  "Color": "rgb(244, 55, 244)", 
  "Point": [
    {
      "Date": 20150226, 
      "Value" : 9.630000
    },
    {
      "Date": 20150601, 
      "Value" : 42.509998
    },
    {
      "Date": 20221011, 
      "Value" : 7.270000
    },
    {
      "Date": 20230728, 
      "Value" : 9.030000
    }
  ]
}