{
  "Color": "rgb(244, 55, 244)", 
  "Point": [
    {
      "Date": 20230321, 
      "Value" : 12.000000
    },
    {
      "Date": 20240206, 
      "Value" : 4.790000
    },
    {
      "Date": 20241120, 
      "Value" : 7.430000
    },
    {
      "Date": 20250429, 
      "Value" : 5.680000
    }
  ]
}