{
  "Color": "rgb(244, 55, 244)", 
  "Point": [
    {
      "Date": 20190705, 
      "Value" : 4.540000
    },
    {
      "Date": 20200305, 
      "Value" : 22.790001
    },
    {
      "Date": 20221103, 
      "Value" : 7.070000
    },
    {
      "Date": 20230810, 
      "Value" : 9.970000
    }
  ]
}