{
  "Color": "rgb(244, 55, 244)", 
  "Point": [
    {
      "Date": 20170329, 
      "Value" : 2.470000
    },
    {
      "Date": 20170504, 
      "Value" : 11.340000
    },
    {
      "Date": 20200527, 
      "Value" : 2.770000
    },
    {
      "Date": 20220615, 
      "Value" : 4.630000
    }
  ]
}