{
  "Color": "rgb(244, 55, 244)", 
  "Point": [
    {
      "Date": 20210415, 
      "Value" : 2.450000
    },
    {
      "Date": 20210514, 
      "Value" : 15.320000
    },
    {
      "Date": 20240918, 
      "Value" : 3.080000
    }
  ]
}