{
  "Color": "rgb(244, 55, 244)", 
  "Point": [
    {
      "Date": 20210415, 
      "Value" : 2.470000
    },
    {
      "Date": 20210514, 
      "Value" : 15.340000
    },
    {
      "Date": 20240206, 
      "Value" : 3.580000
    }
  ]
}