{
  "Color": "rgb(244, 55, 244)", 
  "Point": [
    {
      "Date": 20190121, 
      "Value" : 4.430000
    },
    {
      "Date": 20190402, 
      "Value" : 10.300000
    },
    {
      "Date": 20200428, 
      "Value" : 4.670000
    },
    {
      "Date": 20230508, 
      "Value" : 8.780000
    }
  ]
}