{
  "Color": "rgb(244, 55, 244)", 
  "Point": [
    {
      "Date": 20061030, 
      "Value" : -0.450000
    },
    {
      "Date": 20071101, 
      "Value" : 5.070000
    },
    {
      "Date": 20080918, 
      "Value" : -0.420000
    },
    {
      "Date": 20180205, 
      "Value" : 6.150000
    }
  ]
}