{
  "Color": "rgb(244, 55, 244)", 
  "Point": [
    {
      "Date": 20200608, 
      "Value" : 9.590000
    },
    {
      "Date": 20220427, 
      "Value" : 2.770000
    },
    {
      "Date": 20220829, 
      "Value" : 4.200000
    }
  ]
}