{
  "Color": "rgb(244, 55, 244)", 
  "Point": [
    {
      "Date": 20170420, 
      "Value" : 19.700001
    },
    {
      "Date": 20240208, 
      "Value" : 3.400000
    }
  ]
}