{
  "Color": "rgb(244, 55, 244)", 
  "Point": [
    {
      "Date": 20061030, 
      "Value" : -0.900000
    },
    {
      "Date": 20071101, 
      "Value" : 4.620000
    },
    {
      "Date": 20080918, 
      "Value" : -0.870000
    },
    {
      "Date": 20250428, 
      "Value" : 7.340000
    }
  ]
}