{
  "Color": "rgb(244, 55, 244)", 
  "Point": [
    {
      "Date": 20061030, 
      "Value" : -0.760000
    },
    {
      "Date": 20071101, 
      "Value" : 4.760000
    },
    {
      "Date": 20080918, 
      "Value" : -0.730000
    },
    {
      "Date": 20240828, 
      "Value" : 6.570000
    }
  ]
}