{
  "Color": "rgb(244, 55, 244)", 
  "Point": [
    {
      "Date": 20181116, 
      "Value" : 3.360000
    },
    {
      "Date": 20190308, 
      "Value" : 12.240000
    },
    {
      "Date": 20220427, 
      "Value" : 3.850000
    },
    {
      "Date": 20230509, 
      "Value" : 6.780000
    }
  ]
}