{
  "Color": "rgb(244, 55, 244)", 
  "Point": [
    {
      "Date": 20170420, 
      "Value" : 19.700001
    },
    {
      "Date": 20200204, 
      "Value" : 4.410000
    },
    {
      "Date": 20200824, 
      "Value" : 8.010000
    },
    {
      "Date": 20231023, 
      "Value" : 5.010000
    }
  ]
}