{
  "Color": "rgb(244, 55, 244)", 
  "Point": [
    {
      "Date": 20170420, 
      "Value" : 19.670000
    },
    {
      "Date": 20240208, 
      "Value" : 3.370000
    },
    {
      "Date": 20241216, 
      "Value" : 6.200000
    }
  ]
}