{
  "Color": "rgb(244, 55, 244)", 
  "Point": [
    {
      "Date": 20200731, 
      "Value" : 4.740000
    },
    {
      "Date": 20201203, 
      "Value" : 23.090000
    },
    {
      "Date": 20220930, 
      "Value" : 8.380000
    },
    {
      "Date": 20241009, 
      "Value" : 13.870000
    }
  ]
}