{
  "Color": "rgb(244, 55, 244)", 
  "Point": [
    {
      "Date": 20200731, 
      "Value" : 4.880000
    },
    {
      "Date": 20201203, 
      "Value" : 23.230000
    },
    {
      "Date": 20220930, 
      "Value" : 8.520000
    }
  ]
}