{
  "Color": "rgb(244, 55, 244)", 
  "Point": [
    {
      "Date": 20210701, 
      "Value" : 12.700000
    },
    {
      "Date": 20221028, 
      "Value" : 4.270000
    },
    {
      "Date": 20230804, 
      "Value" : 6.260000
    },
    {
      "Date": 20240205, 
      "Value" : 4.420000
    }
  ]
}