{
  "Color": "rgb(244, 55, 244)", 
  "Point": [
    {
      "Date": 20191224, 
      "Value" : 15.460000
    },
    {
      "Date": 20240208, 
      "Value" : 6.460000
    }
  ]
}