{
  "Color": "rgb(244, 55, 244)", 
  "Point": [
    {
      "Date": 20210701, 
      "Value" : 12.500000
    },
    {
      "Date": 20221028, 
      "Value" : 4.070000
    },
    {
      "Date": 20230804, 
      "Value" : 6.060000
    },
    {
      "Date": 20240918, 
      "Value" : 4.130000
    }
  ]
}