{
  "Color": "rgb(244, 55, 244)", 
  "Point": [
    {
      "Date": 20201020, 
      "Value" : 12.200000
    },
    {
      "Date": 20240205, 
      "Value" : 3.950000
    }
  ]
}