{
  "Color": "rgb(244, 55, 244)", 
  "Point": [
    {
      "Date": 20210701, 
      "Value" : 12.880000
    },
    {
      "Date": 20221028, 
      "Value" : 4.450000
    },
    {
      "Date": 20230508, 
      "Value" : 6.310000
    }
  ]
}