{
  "Color": "rgb(244, 55, 244)", 
  "Point": [
    {
      "Date": 20201020, 
      "Value" : 12.100000
    },
    {
      "Date": 20240725, 
      "Value" : 3.510000
    },
    {
      "Date": 20241212, 
      "Value" : 4.640000
    },
    {
      "Date": 20250407, 
      "Value" : 3.650000
    }
  ]
}