{
  "Color": "rgb(244, 55, 244)", 
  "Point": [
    {
      "Date": 20191224, 
      "Value" : 15.730000
    },
    {
      "Date": 20220316, 
      "Value" : 7.260000
    }
  ]
}