{
  "Color": "rgb(244, 55, 244)", 
  "Point": [
    {
      "Date": 20190307, 
      "Value" : 11.200000
    },
    {
      "Date": 20221028, 
      "Value" : 5.880000
    },
    {
      "Date": 20230828, 
      "Value" : 8.980000
    }
  ]
}