{
  "Color": "rgb(244, 55, 244)", 
  "Point": [
    {
      "Date": 20161108, 
      "Value" : 45.000000
    },
    {
      "Date": 20221011, 
      "Value" : 8.200000
    },
    {
      "Date": 20230505, 
      "Value" : 42.220001
    },
    {
      "Date": 20240828, 
      "Value" : 16.120001
    }
  ]
}