{
  "Color": "rgb(244, 55, 244)", 
  "Point": [
    {
      "Date": 20201020, 
      "Value" : 12.100000
    },
    {
      "Date": 20240709, 
      "Value" : 3.590000
    }
  ]
}