{
  "Color": "rgb(244, 55, 244)", 
  "Point": [
    {
      "Date": 20161108, 
      "Value" : 45.110001
    },
    {
      "Date": 20221011, 
      "Value" : 8.310000
    },
    {
      "Date": 20230505, 
      "Value" : 42.330002
    }
  ]
}