{
  "Color": "rgb(244, 55, 244)", 
  "Point": [
    {
      "Date": 20201020, 
      "Value" : 12.200000
    },
    {
      "Date": 20231221, 
      "Value" : 4.600000
    }
  ]
}