{
  "Color": "rgb(244, 55, 244)", 
  "Point": [
    {
      "Date": 20190307, 
      "Value" : 10.820000
    },
    {
      "Date": 20221028, 
      "Value" : 5.500000
    },
    {
      "Date": 20230828, 
      "Value" : 8.600000
    }
  ]
}