{
  "Color": "rgb(244, 55, 244)", 
  "Point": [
    {
      "Date": 20201020, 
      "Value" : 12.500000
    },
    {
      "Date": 20230712, 
      "Value" : 5.200000
    }
  ]
}