{
  "Color": "rgb(244, 55, 244)", 
  "Point": [
    {
      "Date": 20201207, 
      "Value" : 17.330000
    },
    {
      "Date": 20240606, 
      "Value" : 4.730000
    },
    {
      "Date": 20241223, 
      "Value" : 6.080000
    }
  ]
}