{
  "Color": "rgb(244, 55, 244)", 
  "Point": [
    {
      "Date": 20190123, 
      "Value" : 4.630000
    },
    {
      "Date": 20220715, 
      "Value" : 35.369999
    },
    {
      "Date": 20240205, 
      "Value" : 7.550000
    },
    {
      "Date": 20241028, 
      "Value" : 12.480000
    }
  ]
}