{
  "Color": "rgb(244, 55, 244)", 
  "Point": [
    {
      "Date": 20200226, 
      "Value" : 6.370000
    },
    {
      "Date": 20200714, 
      "Value" : 40.619999
    },
    {
      "Date": 20231221, 
      "Value" : 10.090000
    }
  ]
}