{
  "Color": "rgb(244, 55, 244)", 
  "Point": [
    {
      "Date": 20201207, 
      "Value" : 17.780001
    },
    {
      "Date": 20221031, 
      "Value" : 5.220000
    },
    {
      "Date": 20230816, 
      "Value" : 7.860000
    }
  ]
}