{
  "Color": "rgb(244, 55, 244)", 
  "Point": [
    {
      "Date": 20200428, 
      "Value" : 7.200000
    },
    {
      "Date": 20200710, 
      "Value" : 15.350000
    },
    {
      "Date": 20230626, 
      "Value" : 6.220000
    },
    {
      "Date": 20231016, 
      "Value" : 6.890000
    }
  ]
}