{
  "Color": "rgb(244, 55, 244)", 
  "Point": [
    {
      "Date": 20190123, 
      "Value" : 4.930000
    },
    {
      "Date": 20220715, 
      "Value" : 35.680000
    },
    {
      "Date": 20230830, 
      "Value" : 14.810000
    }
  ]
}