{
  "Color": "rgb(244, 55, 244)", 
  "Point": [
    {
      "Date": 20200428, 
      "Value" : 7.200000
    },
    {
      "Date": 20200710, 
      "Value" : 15.350000
    },
    {
      "Date": 20240206, 
      "Value" : 4.750000
    }
  ]
}