{
  "Color": "rgb(244, 55, 244)", 
  "Point": [
    {
      "Date": 20210625, 
      "Value" : 11.660000
    },
    {
      "Date": 20221025, 
      "Value" : 3.470000
    },
    {
      "Date": 20241024, 
      "Value" : 5.550000
    }
  ]
}