{
  "Color": "rgb(244, 55, 244)", 
  "Point": [
    {
      "Date": 20200226, 
      "Value" : 6.400000
    },
    {
      "Date": 20200714, 
      "Value" : 40.650002
    },
    {
      "Date": 20220309, 
      "Value" : 10.270000
    }
  ]
}