{
  "Color": "rgb(244, 55, 244)", 
  "Point": [
    {
      "Date": 20200226, 
      "Value" : 6.330000
    },
    {
      "Date": 20200714, 
      "Value" : 40.580002
    },
    {
      "Date": 20240708, 
      "Value" : 8.370000
    },
    {
      "Date": 20241009, 
      "Value" : 14.190000
    }
  ]
}