{
  "Color": "rgb(244, 55, 244)", 
  "Point": [
    {
      "Date": 20201207, 
      "Value" : 17.480000
    },
    {
      "Date": 20240208, 
      "Value" : 4.900000
    }
  ]
}