{
  "Color": "rgb(244, 55, 244)", 
  "Point": [
    {
      "Date": 20210625, 
      "Value" : 11.880000
    },
    {
      "Date": 20221025, 
      "Value" : 3.690000
    },
    {
      "Date": 20230509, 
      "Value" : 4.380000
    }
  ]
}