{
  "Color": "rgb(244, 55, 244)", 
  "Point": [
    {
      "Date": 20210625, 
      "Value" : 11.530000
    },
    {
      "Date": 20221025, 
      "Value" : 3.350000
    },
    {
      "Date": 20250514, 
      "Value" : 6.680000
    }
  ]
}