{
  "Color": "rgb(244, 55, 244)", 
  "Point": [
    {
      "Date": 20200907, 
      "Value" : 4.220000
    },
    {
      "Date": 20220812, 
      "Value" : 21.490000
    },
    {
      "Date": 20230510, 
      "Value" : 11.620000
    },
    {
      "Date": 20240102, 
      "Value" : 18.270000
    }
  ]
}