{
  "Color": "rgb(244, 55, 244)", 
  "Point": [
    {
      "Date": 20210820, 
      "Value" : 6.150000
    },
    {
      "Date": 20220309, 
      "Value" : 3.450000
    },
    {
      "Date": 20230314, 
      "Value" : 7.430000
    }
  ]
}