{
  "Color": "rgb(244, 55, 244)", 
  "Point": [
    {
      "Date": 20200907, 
      "Value" : 4.020000
    },
    {
      "Date": 20220812, 
      "Value" : 21.290001
    },
    {
      "Date": 20230510, 
      "Value" : 11.420000
    },
    {
      "Date": 20240510, 
      "Value" : 21.170000
    }
  ]
}