{
  "Color": "rgb(244, 55, 244)", 
  "Point": [
    {
      "Date": 20110228, 
      "Value" : 12.430000
    },
    {
      "Date": 20121128, 
      "Value" : -2.460000
    },
    {
      "Date": 20210621, 
      "Value" : 230.889999
    },
    {
      "Date": 20220427, 
      "Value" : 94.739998
    }
  ]
}