{
  "Color": "rgb(244, 55, 244)", 
  "Point": [
    {
      "Date": 20110228, 
      "Value" : 12.630000
    },
    {
      "Date": 20121128, 
      "Value" : -2.260000
    },
    {
      "Date": 20210621, 
      "Value" : 231.089996
    },
    {
      "Date": 20220427, 
      "Value" : 94.940002
    }
  ]
}