{
  "Color": "rgb(244, 55, 244)", 
  "Point": [
    {
      "Date": 20110228, 
      "Value" : 13.830000
    },
    {
      "Date": 20121128, 
      "Value" : -1.060000
    },
    {
      "Date": 20210621, 
      "Value" : 232.289993
    },
    {
      "Date": 20220427, 
      "Value" : 96.139999
    }
  ]
}