{
  "Color": "rgb(244, 55, 244)", 
  "Point": [
    {
      "Date": 20200610, 
      "Value" : 11.400000
    },
    {
      "Date": 20220427, 
      "Value" : 6.010000
    },
    {
      "Date": 20230511, 
      "Value" : 7.980000
    }
  ]
}