{
  "Color": "rgb(244, 55, 244)", 
  "Point": [
    {
      "Date": 20210930, 
      "Value" : 3.280000
    },
    {
      "Date": 20211117, 
      "Value" : 2.030000
    }
  ]
}