{
  "Color": "rgb(244, 55, 244)", 
  "Point": [
    {
      "Date": 20200610, 
      "Value" : 11.160000
    },
    {
      "Date": 20220427, 
      "Value" : 5.770000
    },
    {
      "Date": 20241028, 
      "Value" : 9.260000
    },
    {
      "Date": 20250113, 
      "Value" : 7.730000
    }
  ]
}