{
  "Color": "rgb(244, 55, 244)", 
  "Point": [
    {
      "Date": 20210819, 
      "Value" : 11.300000
    },
    {
      "Date": 20221028, 
      "Value" : 4.280000
    },
    {
      "Date": 20250429, 
      "Value" : 8.810000
    }
  ]
}