{
  "Color": "rgb(244, 55, 244)", 
  "Point": [
    {
      "Date": 20210930, 
      "Value" : 3.260000
    },
    {
      "Date": 20240111, 
      "Value" : 2.010000
    },
    {
      "Date": 20241010, 
      "Value" : 2.480000
    }
  ]
}