{
  "Color": "rgb(244, 55, 244)", 
  "Point": [
    {
      "Date": 20140321, 
      "Value" : 0.530000
    },
    {
      "Date": 20150609, 
      "Value" : 5.060000
    },
    {
      "Date": 20200323, 
      "Value" : 2.670000
    }
  ]
}