{
  "Color": "rgb(244, 55, 244)", 
  "Point": [
    {
      "Date": 20190215, 
      "Value" : 2.360000
    },
    {
      "Date": 20210903, 
      "Value" : 59.950001
    },
    {
      "Date": 20230926, 
      "Value" : 27.780001
    }
  ]
}