{
  "Color": "rgb(244, 55, 244)", 
  "Point": [
    {
      "Date": 20170905, 
      "Value" : 23.500000
    },
    {
      "Date": 20181017, 
      "Value" : 4.860000
    },
    {
      "Date": 20200715, 
      "Value" : 20.240000
    },
    {
      "Date": 20220427, 
      "Value" : 8.330000
    }
  ]
}