{
  "Color": "rgb(244, 55, 244)", 
  "Point": [
    {
      "Date": 20190215, 
      "Value" : 1.750000
    },
    {
      "Date": 20210903, 
      "Value" : 59.330002
    },
    {
      "Date": 20240924, 
      "Value" : 14.800000
    }
  ]
}