{
  "Color": "rgb(244, 55, 244)", 
  "Point": [
    {
      "Date": 20210819, 
      "Value" : 11.540000
    },
    {
      "Date": 20221028, 
      "Value" : 4.520000
    },
    {
      "Date": 20240528, 
      "Value" : 7.870000
    }
  ]
}