{
  "Color": "rgb(244, 55, 244)", 
  "Point": [
    {
      "Date": 20210819, 
      "Value" : 11.920000
    },
    {
      "Date": 20221028, 
      "Value" : 4.900000
    },
    {
      "Date": 20240116, 
      "Value" : 6.700000
    }
  ]
}