{
  "Color": "rgb(244, 55, 244)", 
  "Point": [
    {
      "Date": 20180130, 
      "Value" : 20.959999
    },
    {
      "Date": 20200428, 
      "Value" : 7.820000
    },
    {
      "Date": 20210707, 
      "Value" : 13.910000
    },
    {
      "Date": 20231221, 
      "Value" : 3.880000
    }
  ]
}