{
  "Color": "rgb(244, 55, 244)", 
  "Point": [
    {
      "Date": 20190215, 
      "Value" : 2.130000
    },
    {
      "Date": 20210903, 
      "Value" : 59.709999
    },
    {
      "Date": 20240205, 
      "Value" : 17.090000
    }
  ]
}