{
  "Color": "rgb(244, 55, 244)", 
  "Point": [
    {
      "Date": 20200610, 
      "Value" : 11.160000
    },
    {
      "Date": 20220427, 
      "Value" : 5.770000
    },
    {
      "Date": 20240716, 
      "Value" : 9.040000
    }
  ]
}