{
  "Color": "rgb(244, 55, 244)", 
  "Point": [
    {
      "Date": 20190103, 
      "Value" : 3.120000
    },
    {
      "Date": 20190307, 
      "Value" : 11.150000
    },
    {
      "Date": 20221031, 
      "Value" : 2.240000
    },
    {
      "Date": 20241008, 
      "Value" : 3.240000
    }
  ]
}