{
  "Color": "rgb(244, 55, 244)", 
  "Point": [
    {
      "Date": 20200210, 
      "Value" : 8.070000
    },
    {
      "Date": 20220511, 
      "Value" : 4.280000
    },
    {
      "Date": 20230508, 
      "Value" : 5.870000
    },
    {
      "Date": 20240111, 
      "Value" : 4.690000
    }
  ]
}