{
  "Color": "rgb(244, 55, 244)", 
  "Point": [
    {
      "Date": 20190215, 
      "Value" : 1.620000
    },
    {
      "Date": 20210903, 
      "Value" : 59.200001
    },
    {
      "Date": 20250429, 
      "Value" : 14.600000
    }
  ]
}