{
  "Color": "rgb(244, 55, 244)", 
  "Point": [
    {
      "Date": 20210930, 
      "Value" : 3.240000
    },
    {
      "Date": 20211117, 
      "Value" : 1.990000
    }
  ]
}