{
  "Color": "rgb(244, 55, 244)", 
  "Point": [
    {
      "Date": 20180208, 
      "Value" : 13.690000
    },
    {
      "Date": 20190131, 
      "Value" : 4.800000
    },
    {
      "Date": 20220712, 
      "Value" : 16.520000
    },
    {
      "Date": 20231211, 
      "Value" : 10.700000
    }
  ]
}