{
  "Color": "rgb(244, 55, 244)", 
  "Point": [
    {
      "Date": 20190103, 
      "Value" : 3.170000
    },
    {
      "Date": 20190307, 
      "Value" : 11.200000
    },
    {
      "Date": 20221031, 
      "Value" : 2.290000
    },
    {
      "Date": 20241008, 
      "Value" : 3.290000
    }
  ]
}