{
  "Color": "rgb(244, 55, 244)", 
  "Point": [
    {
      "Date": 20190215, 
      "Value" : 2.130000
    },
    {
      "Date": 20210903, 
      "Value" : 59.709999
    },
    {
      "Date": 20231221, 
      "Value" : 22.680000
    }
  ]
}