{
  "Color": "rgb(244, 55, 244)", 
  "Point": [
    {
      "Date": 20210726, 
      "Value" : 15.610000
    },
    {
      "Date": 20220426, 
      "Value" : 6.180000
    },
    {
      "Date": 20230608, 
      "Value" : 10.950000
    },
    {
      "Date": 20240206, 
      "Value" : 6.550000
    }
  ]
}