{
  "Color": "rgb(244, 55, 244)", 
  "Point": [
    {
      "Date": 20201225, 
      "Value" : 13.500000
    },
    {
      "Date": 20240207, 
      "Value" : 3.590000
    }
  ]
}