{
  "Color": "rgb(244, 55, 244)", 
  "Point": [
    {
      "Date": 20190131, 
      "Value" : 2.040000
    },
    {
      "Date": 20190410, 
      "Value" : 5.490000
    },
    {
      "Date": 20220427, 
      "Value" : 1.700000
    }
  ]
}