{
  "Color": "rgb(244, 55, 244)", 
  "Point": [
    {
      "Date": 20160816, 
      "Value" : 5.360000
    },
    {
      "Date": 20160824, 
      "Value" : 13.230000
    },
    {
      "Date": 20221031, 
      "Value" : 4.830000
    }
  ]
}