{
  "Color": "rgb(244, 55, 244)", 
  "Point": [
    {
      "Date": 20210726, 
      "Value" : 15.220000
    },
    {
      "Date": 20220426, 
      "Value" : 5.790000
    },
    {
      "Date": 20230608, 
      "Value" : 10.560000
    },
    {
      "Date": 20240206, 
      "Value" : 6.160000
    }
  ]
}