{
  "Color": "rgb(244, 55, 244)", 
  "Point": [
    {
      "Date": 20201102, 
      "Value" : 34.060001
    },
    {
      "Date": 20210104, 
      "Value" : 77.209999
    },
    {
      "Date": 20221011, 
      "Value" : 33.009998
    },
    {
      "Date": 20230510, 
      "Value" : 47.730000
    }
  ]
}