{
  "Color": "rgb(244, 55, 244)", 
  "Point": [
    {
      "Date": 20201225, 
      "Value" : 13.300000
    },
    {
      "Date": 20240207, 
      "Value" : 3.390000
    },
    {
      "Date": 20250429, 
      "Value" : 8.120000
    }
  ]
}