{
  "Color": "rgb(244, 55, 244)", 
  "Point": [
    {
      "Date": 20210208, 
      "Value" : 14.640000
    },
    {
      "Date": 20221031, 
      "Value" : 6.130000
    }
  ]
}