{
  "Color": "rgb(244, 55, 244)", 
  "Point": [
    {
      "Date": 20210208, 
      "Value" : 14.070000
    },
    {
      "Date": 20221031, 
      "Value" : 5.550000
    },
    {
      "Date": 20250515, 
      "Value" : 11.620000
    }
  ]
}