{
  "Color": "rgb(244, 55, 244)", 
  "Point": [
    {
      "Date": 20160816, 
      "Value" : 5.070000
    },
    {
      "Date": 20160824, 
      "Value" : 12.940000
    },
    {
      "Date": 20221031, 
      "Value" : 4.540000
    },
    {
      "Date": 20241017, 
      "Value" : 6.380000
    }
  ]
}