{
  "Color": "rgb(244, 55, 244)", 
  "Point": [
    {
      "Date": 20210208, 
      "Value" : 14.230000
    },
    {
      "Date": 20221031, 
      "Value" : 5.720000
    }
  ]
}