{
  "Color": "rgb(244, 55, 244)", 
  "Point": [
    {
      "Date": 20191217, 
      "Value" : 11.450000
    },
    {
      "Date": 20200107, 
      "Value" : 22.910000
    },
    {
      "Date": 20220427, 
      "Value" : 7.610000
    }
  ]
}