{
  "Color": "rgb(244, 55, 244)", 
  "Point": [
    {
      "Date": 20221014, 
      "Value" : 33.020000
    },
    {
      "Date": 20240717, 
      "Value" : 13.830000
    }
  ]
}