{
  "Color": "rgb(244, 55, 244)", 
  "Point": [
    {
      "Date": 20170517, 
      "Value" : 35.139999
    },
    {
      "Date": 20181012, 
      "Value" : 6.080000
    },
    {
      "Date": 20240118, 
      "Value" : 19.420000
    }
  ]
}