{
  "Color": "rgb(244, 55, 244)", 
  "Point": [
    {
      "Date": 20160913, 
      "Value" : 3.710000
    },
    {
      "Date": 20161111, 
      "Value" : 22.299999
    },
    {
      "Date": 20180209, 
      "Value" : 4.320000
    },
    {
      "Date": 20210726, 
      "Value" : 11.370000
    }
  ]
}