{
  "Color": "rgb(244, 55, 244)", 
  "Point": [
    {
      "Date": 20180327, 
      "Value" : 46.930000
    },
    {
      "Date": 20220427, 
      "Value" : 14.960000
    },
    {
      "Date": 20230407, 
      "Value" : 26.799999
    },
    {
      "Date": 20240208, 
      "Value" : 16.219999
    }
  ]
}