{
  "Color": "rgb(244, 55, 244)", 
  "Point": [
    {
      "Date": 20200416, 
      "Value" : 28.010000
    },
    {
      "Date": 20220505, 
      "Value" : 12.890000
    },
    {
      "Date": 20240110, 
      "Value" : 18.910000
    }
  ]
}