{
  "Color": "rgb(244, 55, 244)", 
  "Point": [
    {
      "Date": 20170316, 
      "Value" : 25.240000
    },
    {
      "Date": 20181019, 
      "Value" : 7.380000
    },
    {
      "Date": 20211109, 
      "Value" : 54.830002
    },
    {
      "Date": 20240206, 
      "Value" : 8.260000
    }
  ]
}