{
  "Color": "rgb(244, 55, 244)", 
  "Point": [
    {
      "Date": 20230421, 
      "Value" : 168.940002
    },
    {
      "Date": 20240201, 
      "Value" : 58.580002
    }
  ]
}