{
  "Color": "rgb(244, 55, 244)", 
  "Point": [
    {
      "Date": 20171009, 
      "Value" : 40.180000
    },
    {
      "Date": 20220427, 
      "Value" : 8.150000
    },
    {
      "Date": 20230703, 
      "Value" : 25.400000
    }
  ]
}