{
  "Color": "rgb(244, 55, 244)", 
  "Point": [
    {
      "Date": 20211125, 
      "Value" : 36.299999
    },
    {
      "Date": 20240208, 
      "Value" : 10.420000
    }
  ]
}