{
  "Color": "rgb(244, 55, 244)", 
  "Point": [
    {
      "Date": 20240105, 
      "Value" : 45.380001
    },
    {
      "Date": 20240705, 
      "Value" : 15.630000
    }
  ]
}