{
  "Color": "rgb(244, 55, 244)", 
  "Point": [
    {
      "Date": 20220926, 
      "Value" : 17.430000
    },
    {
      "Date": 20221014, 
      "Value" : 33.820000
    },
    {
      "Date": 20230926, 
      "Value" : 21.809999
    }
  ]
}