{
  "Color": "rgb(244, 55, 244)", 
  "Point": [
    {
      "Date": 20200629, 
      "Value" : 63.369999
    },
    {
      "Date": 20200715, 
      "Value" : 202.660004
    },
    {
      "Date": 20221012, 
      "Value" : 29.830000
    },
    {
      "Date": 20231206, 
      "Value" : 62.200001
    }
  ]
}