{
  "Color": "rgb(244, 55, 244)", 
  "Point": [
    {
      "Date": 20150611, 
      "Value" : 4.270000
    },
    {
      "Date": 20151201, 
      "Value" : 21.959999
    },
    {
      "Date": 20200204, 
      "Value" : 5.680000
    },
    {
      "Date": 20240129, 
      "Value" : 15.440000
    }
  ]
}