{
  "Color": "rgb(244, 55, 244)", 
  "Point": [
    {
      "Date": 20241010, 
      "Value" : 54.000000
    },
    {
      "Date": 20250409, 
      "Value" : 35.529999
    }
  ]
}