{
  "Color": "rgb(244, 55, 244)", 
  "Point": [
    {
      "Date": 20211223, 
      "Value" : 33.660000
    },
    {
      "Date": 20240205, 
      "Value" : 11.650000
    }
  ]
}