{
  "Color": "rgb(244, 55, 244)", 
  "Point": [
    {
      "Date": 20180327, 
      "Value" : 47.130001
    },
    {
      "Date": 20220427, 
      "Value" : 15.160000
    },
    {
      "Date": 20230407, 
      "Value" : 27.000000
    }
  ]
}