{
  "Color": "rgb(244, 55, 244)", 
  "Point": [
    {
      "Date": 20230323, 
      "Value" : 22.059999
    },
    {
      "Date": 20240718, 
      "Value" : 6.500000
    },
    {
      "Date": 20241212, 
      "Value" : 8.760000
    }
  ]
}