{
  "Color": "rgb(244, 55, 244)", 
  "Point": [
    {
      "Date": 20141106, 
      "Value" : 1.020000
    },
    {
      "Date": 20200710, 
      "Value" : 53.380001
    },
    {
      "Date": 20221011, 
      "Value" : 19.980000
    },
    {
      "Date": 20230619, 
      "Value" : 61.119999
    }
  ]
}