{
  "Color": "rgb(244, 55, 244)", 
  "Point": [
    {
      "Date": 20220325, 
      "Value" : 30.150000
    },
    {
      "Date": 20220812, 
      "Value" : 104.599998
    },
    {
      "Date": 20230927, 
      "Value" : 31.540001
    }
  ]
}