{
  "Color": "rgb(244, 55, 244)", 
  "Point": [
    {
      "Date": 20220812, 
      "Value" : 104.599998
    },
    {
      "Date": 20240206, 
      "Value" : 18.530001
    },
    {
      "Date": 20241008, 
      "Value" : 33.200001
    }
  ]
}