{
  "Color": "rgb(244, 55, 244)", 
  "Point": [
    {
      "Date": 20121204, 
      "Value" : 3.980000
    },
    {
      "Date": 20150612, 
      "Value" : 30.510000
    },
    {
      "Date": 20190131, 
      "Value" : 7.240000
    },
    {
      "Date": 20220104, 
      "Value" : 40.090000
    }
  ]
}