{
  "Color": "rgb(244, 55, 244)", 
  "Point": [
    {
      "Date": 20150528, 
      "Value" : 28.160000
    },
    {
      "Date": 20210204, 
      "Value" : 5.040000
    },
    {
      "Date": 20211123, 
      "Value" : 6.260000
    },
    {
      "Date": 20220427, 
      "Value" : 4.820000
    }
  ]
}