{
  "Color": "rgb(244, 55, 244)", 
  "Point": [
    {
      "Date": 20200416, 
      "Value" : 27.459999
    },
    {
      "Date": 20220505, 
      "Value" : 12.340000
    },
    {
      "Date": 20240110, 
      "Value" : 18.360001
    }
  ]
}