{
  "Color": "rgb(244, 55, 244)", 
  "Point": [
    {
      "Date": 20240130, 
      "Value" : 55.799999
    },
    {
      "Date": 20240208, 
      "Value" : 24.549999
    }
  ]
}