{
  "Color": "rgb(244, 55, 244)", 
  "Point": [
    {
      "Date": 20200629, 
      "Value" : 64.070000
    },
    {
      "Date": 20200715, 
      "Value" : 203.360001
    },
    {
      "Date": 20221012, 
      "Value" : 30.530001
    },
    {
      "Date": 20230801, 
      "Value" : 45.950001
    }
  ]
}