{
  "Color": "rgb(244, 55, 244)", 
  "Point": [
    {
      "Date": 20231107, 
      "Value" : 93.000000
    },
    {
      "Date": 20231110, 
      "Value" : 61.689999
    }
  ]
}