{
  "Color": "rgb(244, 55, 244)", 
  "Point": [
    {
      "Date": 20221014, 
      "Value" : 33.820000
    },
    {
      "Date": 20240205, 
      "Value" : 16.680000
    }
  ]
}