{
  "Color": "rgb(244, 55, 244)", 
  "Point": [
    {
      "Date": 20170414, 
      "Value" : 30.490000
    },
    {
      "Date": 20190201, 
      "Value" : 8.620000
    },
    {
      "Date": 20201202, 
      "Value" : 17.590000
    },
    {
      "Date": 20220426, 
      "Value" : 9.370000
    }
  ]
}