{
  "Color": "rgb(244, 55, 244)", 
  "Point": [
    {
      "Date": 20230317, 
      "Value" : 30.400000
    },
    {
      "Date": 20240208, 
      "Value" : 12.000000
    },
    {
      "Date": 20250331, 
      "Value" : 18.830000
    }
  ]
}