{
  "Color": "rgb(244, 55, 244)", 
  "Point": [
    {
      "Date": 20211223, 
      "Value" : 34.360001
    },
    {
      "Date": 20231023, 
      "Value" : 14.380000
    }
  ]
}