{
  "Color": "rgb(244, 55, 244)", 
  "Point": [
    {
      "Date": 20220512, 
      "Value" : 9.890000
    },
    {
      "Date": 20220602, 
      "Value" : 31.850000
    }
  ]
}