{
  "Color": "rgb(244, 55, 244)", 
  "Point": [
    {
      "Date": 20211223, 
      "Value" : 34.360001
    },
    {
      "Date": 20230927, 
      "Value" : 15.100000
    }
  ]
}