{
  "Color": "rgb(244, 55, 244)", 
  "Point": [
    {
      "Date": 20230303, 
      "Value" : 70.040001
    },
    {
      "Date": 20230421, 
      "Value" : 168.940002
    }
  ]
}