{
  "Color": "rgb(244, 55, 244)", 
  "Point": [
    {
      "Date": 20220310, 
      "Value" : 10.920000
    },
    {
      "Date": 20220328, 
      "Value" : 42.200001
    },
    {
      "Date": 20240208, 
      "Value" : 9.570000
    },
    {
      "Date": 20250228, 
      "Value" : 16.500000
    }
  ]
}