{
  "Color": "rgb(244, 55, 244)", 
  "Point": [
    {
      "Date": 20160331, 
      "Value" : 4.510000
    },
    {
      "Date": 20161122, 
      "Value" : 29.410000
    },
    {
      "Date": 20181019, 
      "Value" : 4.330000
    },
    {
      "Date": 20211222, 
      "Value" : 15.930000
    }
  ]
}