{
  "Color": "rgb(244, 55, 244)", 
  "Point": [
    {
      "Date": 20170517, 
      "Value" : 19.430000
    },
    {
      "Date": 20181012, 
      "Value" : 3.060000
    },
    {
      "Date": 20240814, 
      "Value" : 20.139999
    }
  ]
}