{
  "Color": "rgb(244, 55, 244)", 
  "Point": [
    {
      "Date": 20211125, 
      "Value" : 36.299999
    },
    {
      "Date": 20230425, 
      "Value" : 13.990000
    }
  ]
}