{
  "Color": "rgb(244, 55, 244)", 
  "Point": [
    {
      "Date": 20150528, 
      "Value" : 28.160000
    },
    {
      "Date": 20240206, 
      "Value" : 4.070000
    }
  ]
}