{
  "Color": "rgb(244, 55, 244)", 
  "Point": [
    {
      "Date": 20161223, 
      "Value" : 4.570000
    },
    {
      "Date": 20170317, 
      "Value" : 31.790001
    },
    {
      "Date": 20200204, 
      "Value" : 4.990000
    },
    {
      "Date": 20230509, 
      "Value" : 12.410000
    }
  ]
}