{
  "Color": "rgb(244, 55, 244)", 
  "Point": [
    {
      "Date": 20230911, 
      "Value" : 49.500000
    },
    {
      "Date": 20240206, 
      "Value" : 15.220000
    }
  ]
}