{
  "Color": "rgb(244, 55, 244)", 
  "Point": [
    {
      "Date": 20160831, 
      "Value" : 9.060000
    },
    {
      "Date": 20161027, 
      "Value" : 72.529999
    },
    {
      "Date": 20210209, 
      "Value" : 9.430000
    },
    {
      "Date": 20230227, 
      "Value" : 35.990002
    }
  ]
}