{
  "Color": "rgb(244, 55, 244)", 
  "Point": [
    {
      "Date": 20230911, 
      "Value" : 48.799999
    },
    {
      "Date": 20240206, 
      "Value" : 14.520000
    }
  ]
}