{
  "Color": "rgb(244, 55, 244)", 
  "Point": [
    {
      "Date": 20190830, 
      "Value" : 6.830000
    },
    {
      "Date": 20190926, 
      "Value" : 33.720001
    },
    {
      "Date": 20221011, 
      "Value" : 8.320000
    },
    {
      "Date": 20230804, 
      "Value" : 15.380000
    }
  ]
}