{
  "Color": "rgb(244, 55, 244)", 
  "Point": [
    {
      "Date": 20220310, 
      "Value" : 11.070000
    },
    {
      "Date": 20220328, 
      "Value" : 42.349998
    },
    {
      "Date": 20240208, 
      "Value" : 9.720000
    }
  ]
}