{
  "Color": "rgb(244, 55, 244)", 
  "Point": [
    {
      "Date": 20230317, 
      "Value" : 30.700001
    },
    {
      "Date": 20230426, 
      "Value" : 17.389999
    }
  ]
}