{
  "Color": "rgb(244, 55, 244)", 
  "Point": [
    {
      "Date": 20140718, 
      "Value" : 2.950000
    },
    {
      "Date": 20170214, 
      "Value" : 27.090000
    },
    {
      "Date": 20220427, 
      "Value" : 4.760000
    },
    {
      "Date": 20231103, 
      "Value" : 11.950000
    }
  ]
}