{
  "Color": "rgb(244, 55, 244)", 
  "Point": [
    {
      "Date": 20211125, 
      "Value" : 35.880001
    },
    {
      "Date": 20240208, 
      "Value" : 10.000000
    }
  ]
}