{
  "Color": "rgb(244, 55, 244)", 
  "Point": [
    {
      "Date": 20170316, 
      "Value" : 25.290001
    },
    {
      "Date": 20181019, 
      "Value" : 7.430000
    },
    {
      "Date": 20211109, 
      "Value" : 54.880001
    },
    {
      "Date": 20230612, 
      "Value" : 19.270000
    }
  ]
}