{
  "Color": "rgb(244, 55, 244)", 
  "Point": [
    {
      "Date": 20211125, 
      "Value" : 35.950001
    },
    {
      "Date": 20240208, 
      "Value" : 10.070000
    }
  ]
}