{
  "Color": "rgb(244, 55, 244)", 
  "Point": [
    {
      "Date": 20211223, 
      "Value" : 33.660000
    },
    {
      "Date": 20240918, 
      "Value" : 10.350000
    },
    {
      "Date": 20250326, 
      "Value" : 13.190000
    }
  ]
}