{
  "Color": "rgb(244, 55, 244)", 
  "Point": [
    {
      "Date": 20230323, 
      "Value" : 22.090000
    },
    {
      "Date": 20240718, 
      "Value" : 6.530000
    }
  ]
}