{
  "Color": "rgb(244, 55, 244)", 
  "Point": [
    {
      "Date": 20230421, 
      "Value" : 168.770004
    },
    {
      "Date": 20240924, 
      "Value" : 53.799999
    },
    {
      "Date": 20250423, 
      "Value" : 88.480003
    }
  ]
}