{
  "Color": "rgb(244, 55, 244)", 
  "Point": [
    {
      "Date": 20200416, 
      "Value" : 28.309999
    },
    {
      "Date": 20220505, 
      "Value" : 13.190000
    }
  ]
}