{
  "Color": "rgb(244, 55, 244)", 
  "Point": [
    {
      "Date": 20200629, 
      "Value" : 63.869999
    },
    {
      "Date": 20200715, 
      "Value" : 203.160004
    },
    {
      "Date": 20221012, 
      "Value" : 30.330000
    },
    {
      "Date": 20231206, 
      "Value" : 62.700001
    }
  ]
}