{
  "Color": "rgb(244, 55, 244)", 
  "Point": [
    {
      "Date": 20231107, 
      "Value" : 90.500000
    },
    {
      "Date": 20240719, 
      "Value" : 29.080000
    }
  ]
}