{
  "Color": "rgb(244, 55, 244)", 
  "Point": [
    {
      "Date": 20150528, 
      "Value" : 28.010000
    },
    {
      "Date": 20240206, 
      "Value" : 3.920000
    },
    {
      "Date": 20250307, 
      "Value" : 7.360000
    }
  ]
}