{
  "Color": "rgb(244, 55, 244)", 
  "Point": [
    {
      "Date": 20230323, 
      "Value" : 22.190001
    },
    {
      "Date": 20240206, 
      "Value" : 8.210000
    }
  ]
}