{
  "Color": "rgb(244, 55, 244)", 
  "Point": [
    {
      "Date": 20230911, 
      "Value" : 50.000000
    },
    {
      "Date": 20230928, 
      "Value" : 28.020000
    }
  ]
}