{
  "Color": "rgb(244, 55, 244)", 
  "Point": [
    {
      "Date": 20221109, 
      "Value" : 31.270000
    },
    {
      "Date": 20230829, 
      "Value" : 18.379999
    },
    {
      "Date": 20240104, 
      "Value" : 37.990002
    }
  ]
}