{
  "Color": "rgb(244, 55, 244)", 
  "Point": [
    {
      "Date": 20150611, 
      "Value" : 4.410000
    },
    {
      "Date": 20151201, 
      "Value" : 22.110001
    },
    {
      "Date": 20200204, 
      "Value" : 5.830000
    },
    {
      "Date": 20231215, 
      "Value" : 14.610000
    }
  ]
}