{
  "Color": "rgb(244, 55, 244)", 
  "Point": [
    {
      "Date": 20221014, 
      "Value" : 32.720001
    },
    {
      "Date": 20240725, 
      "Value" : 13.030000
    },
    {
      "Date": 20250422, 
      "Value" : 24.780001
    }
  ]
}