{
  "Color": "rgb(244, 55, 244)", 
  "Point": [
    {
      "Date": 20230317, 
      "Value" : 30.700001
    },
    {
      "Date": 20240208, 
      "Value" : 12.300000
    }
  ]
}