{
  "Color": "rgb(244, 55, 244)", 
  "Point": [
    {
      "Date": 20231107, 
      "Value" : 89.940002
    },
    {
      "Date": 20240918, 
      "Value" : 26.719999
    },
    {
      "Date": 20250403, 
      "Value" : 55.970001
    }
  ]
}