{
  "Color": "rgb(244, 55, 244)", 
  "Point": [
    {
      "Date": 20140718, 
      "Value" : 2.800000
    },
    {
      "Date": 20170214, 
      "Value" : 26.940001
    },
    {
      "Date": 20220427, 
      "Value" : 4.610000
    },
    {
      "Date": 20250226, 
      "Value" : 60.200001
    }
  ]
}