{
  "Color": "rgb(244, 55, 244)", 
  "Point": [
    {
      "Date": 20140718, 
      "Value" : 2.890000
    },
    {
      "Date": 20170214, 
      "Value" : 27.030001
    },
    {
      "Date": 20220427, 
      "Value" : 4.700000
    },
    {
      "Date": 20240607, 
      "Value" : 22.600000
    }
  ]
}