{
  "Color": "rgb(244, 55, 244)", 
  "Point": [
    {
      "Date": 20141106, 
      "Value" : 1.100000
    },
    {
      "Date": 20200710, 
      "Value" : 53.459999
    },
    {
      "Date": 20221011, 
      "Value" : 20.059999
    },
    {
      "Date": 20230619, 
      "Value" : 61.200001
    }
  ]
}