{
  "Color": "rgb(244, 55, 244)", 
  "Point": [
    {
      "Date": 20170414, 
      "Value" : 30.490000
    },
    {
      "Date": 20240208, 
      "Value" : 7.560000
    }
  ]
}