{
  "Color": "rgb(244, 55, 244)", 
  "Point": [
    {
      "Date": 20221109, 
      "Value" : 44.270000
    },
    {
      "Date": 20230829, 
      "Value" : 26.230000
    },
    {
      "Date": 20231120, 
      "Value" : 38.029999
    }
  ]
}