{
  "Color": "rgb(244, 55, 244)", 
  "Point": [
    {
      "Date": 20170316, 
      "Value" : 25.190001
    },
    {
      "Date": 20181019, 
      "Value" : 7.330000
    },
    {
      "Date": 20211109, 
      "Value" : 54.779999
    },
    {
      "Date": 20240823, 
      "Value" : 6.770000
    }
  ]
}