{
  "Color": "rgb(244, 55, 244)", 
  "Point": [
    {
      "Date": 20220512, 
      "Value" : 9.890000
    },
    {
      "Date": 20240117, 
      "Value" : 34.900002
    }
  ]
}