{
  "Color": "rgb(244, 55, 244)", 
  "Point": [
    {
      "Date": 20191217, 
      "Value" : 11.150000
    },
    {
      "Date": 20200107, 
      "Value" : 22.610001
    },
    {
      "Date": 20220427, 
      "Value" : 7.310000
    }
  ]
}