{
  "Color": "rgb(244, 55, 244)", 
  "Point": [
    {
      "Date": 20170517, 
      "Value" : 28.950001
    },
    {
      "Date": 20181012, 
      "Value" : 4.730000
    },
    {
      "Date": 20240403, 
      "Value" : 27.969999
    }
  ]
}