{
  "Color": "rgb(244, 55, 244)", 
  "Point": [
    {
      "Date": 20200204, 
      "Value" : 12.530000
    },
    {
      "Date": 20200507, 
      "Value" : 35.290001
    },
    {
      "Date": 20240206, 
      "Value" : 10.000000
    }
  ]
}