{
  "Color": "rgb(244, 55, 244)", 
  "Point": [
    {
      "Date": 20231101, 
      "Value" : 49.700001
    },
    {
      "Date": 20240206, 
      "Value" : 14.200000
    }
  ]
}