{
  "Color": "rgb(244, 55, 244)", 
  "Point": [
    {
      "Date": 20230220, 
      "Value" : 45.299999
    },
    {
      "Date": 20240208, 
      "Value" : 18.750000
    }
  ]
}