{
  "Color": "rgb(244, 55, 244)", 
  "Point": [
    {
      "Date": 20191203, 
      "Value" : 5.040000
    },
    {
      "Date": 20210903, 
      "Value" : 179.740005
    },
    {
      "Date": 20231027, 
      "Value" : 34.599998
    }
  ]
}