{
  "Color": "rgb(244, 55, 244)", 
  "Point": [
    {
      "Date": 20230802, 
      "Value" : 28.730000
    },
    {
      "Date": 20240918, 
      "Value" : 12.770000
    }
  ]
}