{
  "Color": "rgb(244, 55, 244)", 
  "Point": [
    {
      "Date": 20221116, 
      "Value" : 25.670000
    },
    {
      "Date": 20240208, 
      "Value" : 8.110000
    }
  ]
}