{
  "Color": "rgb(244, 55, 244)", 
  "Point": [
    {
      "Date": 20221031, 
      "Value" : 22.430000
    },
    {
      "Date": 20230613, 
      "Value" : 49.590000
    },
    {
      "Date": 20240208, 
      "Value" : 24.520000
    }
  ]
}