{
  "Color": "rgb(244, 55, 244)", 
  "Point": [
    {
      "Date": 20230419, 
      "Value" : 30.200001
    },
    {
      "Date": 20230425, 
      "Value" : 17.889999
    }
  ]
}