{
  "Color": "rgb(244, 55, 244)", 
  "Point": [
    {
      "Date": 20221125, 
      "Value" : 44.799999
    },
    {
      "Date": 20240206, 
      "Value" : 14.740000
    }
  ]
}