{
  "Color": "rgb(244, 55, 244)", 
  "Point": [
    {
      "Date": 20181205, 
      "Value" : 16.000000
    },
    {
      "Date": 20190606, 
      "Value" : 8.400000
    },
    {
      "Date": 20210127, 
      "Value" : 33.990002
    },
    {
      "Date": 20240718, 
      "Value" : 10.590000
    }
  ]
}