{
  "Color": "rgb(244, 55, 244)", 
  "Point": [
    {
      "Date": 20170901, 
      "Value" : 46.820000
    },
    {
      "Date": 20181012, 
      "Value" : 10.210000
    },
    {
      "Date": 20210125, 
      "Value" : 192.229996
    },
    {
      "Date": 20240205, 
      "Value" : 78.470001
    }
  ]
}