{
  "Color": "rgb(244, 55, 244)", 
  "Point": [
    {
      "Date": 20200206, 
      "Value" : 25.750000
    },
    {
      "Date": 20210113, 
      "Value" : 115.379997
    },
    {
      "Date": 20221101, 
      "Value" : 51.169998
    },
    {
      "Date": 20240513, 
      "Value" : 88.610001
    }
  ]
}