{
  "Color": "rgb(244, 55, 244)", 
  "Point": [
    {
      "Date": 20220719, 
      "Value" : 31.400000
    },
    {
      "Date": 20240206, 
      "Value" : 10.800000
    },
    {
      "Date": 20240515, 
      "Value" : 19.850000
    }
  ]
}