{
  "Color": "rgb(244, 55, 244)", 
  "Point": [
    {
      "Date": 20220715, 
      "Value" : 11.290000
    },
    {
      "Date": 20220729, 
      "Value" : 35.070000
    },
    {
      "Date": 20240918, 
      "Value" : 10.260000
    }
  ]
}