{
  "Color": "rgb(244, 55, 244)", 
  "Point": [
    {
      "Date": 20241224, 
      "Value" : 69.989998
    },
    {
      "Date": 20250409, 
      "Value" : 28.570000
    }
  ]
}