{
  "Color": "rgb(244, 55, 244)", 
  "Point": [
    {
      "Date": 20230419, 
      "Value" : 21.430000
    },
    {
      "Date": 20240206, 
      "Value" : 9.390000
    }
  ]
}