{
  "Color": "rgb(244, 55, 244)", 
  "Point": [
    {
      "Date": 20230802, 
      "Value" : 37.490002
    },
    {
      "Date": 20240206, 
      "Value" : 18.660000
    }
  ]
}