{
  "Color": "rgb(244, 55, 244)", 
  "Point": [
    {
      "Date": 20220126, 
      "Value" : 53.820000
    },
    {
      "Date": 20240206, 
      "Value" : 20.000000
    },
    {
      "Date": 20250312, 
      "Value" : 41.529999
    }
  ]
}