{
  "Color": "rgb(244, 55, 244)", 
  "Point": [
    {
      "Date": 20200917, 
      "Value" : 8.800000
    },
    {
      "Date": 20210408, 
      "Value" : 18.170000
    },
    {
      "Date": 20240206, 
      "Value" : 7.820000
    }
  ]
}