{
  "Color": "rgb(244, 55, 244)", 
  "Point": [
    {
      "Date": 20200917, 
      "Value" : 8.180000
    },
    {
      "Date": 20210408, 
      "Value" : 17.549999
    },
    {
      "Date": 20240206, 
      "Value" : 7.190000
    },
    {
      "Date": 20250514, 
      "Value" : 17.480000
    }
  ]
}