{
  "Color": "rgb(244, 55, 244)", 
  "Point": [
    {
      "Date": 20230329, 
      "Value" : 17.510000
    },
    {
      "Date": 20240910, 
      "Value" : 7.640000
    }
  ]
}