{
  "Color": "rgb(244, 55, 244)", 
  "Point": [
    {
      "Date": 20220228, 
      "Value" : 21.690001
    },
    {
      "Date": 20240206, 
      "Value" : 8.920000
    },
    {
      "Date": 20240709, 
      "Value" : 14.990000
    }
  ]
}