{
  "Color": "rgb(244, 55, 244)", 
  "Point": [
    {
      "Date": 20220228, 
      "Value" : 21.930000
    },
    {
      "Date": 20240206, 
      "Value" : 9.160000
    }
  ]
}