{
  "Color": "rgb(244, 55, 244)", 
  "Point": [
    {
      "Date": 20220919, 
      "Value" : 23.700001
    },
    {
      "Date": 20240208, 
      "Value" : 8.010000
    }
  ]
}