{
  "Color": "rgb(244, 55, 244)", 
  "Point": [
    {
      "Date": 20230410, 
      "Value" : 53.910000
    },
    {
      "Date": 20240205, 
      "Value" : 23.270000
    }
  ]
}