{
  "Color": "rgb(244, 55, 244)", 
  "Point": [
    {
      "Date": 20170512, 
      "Value" : 15.820000
    },
    {
      "Date": 20180320, 
      "Value" : 87.150002
    },
    {
      "Date": 20240909, 
      "Value" : 15.480000
    }
  ]
}