{
  "Color": "rgb(244, 55, 244)", 
  "Point": [
    {
      "Date": 20220715, 
      "Value" : 11.810000
    },
    {
      "Date": 20220729, 
      "Value" : 35.590000
    },
    {
      "Date": 20230823, 
      "Value" : 18.000000
    }
  ]
}