{
  "Color": "rgb(244, 55, 244)", 
  "Point": [
    {
      "Date": 20170519, 
      "Value" : 21.270000
    },
    {
      "Date": 20171026, 
      "Value" : 46.020000
    },
    {
      "Date": 20181022, 
      "Value" : 13.460000
    },
    {
      "Date": 20220117, 
      "Value" : 73.940002
    }
  ]
}