{
  "Color": "rgb(244, 55, 244)", 
  "Point": [
    {
      "Date": 20220126, 
      "Value" : 53.820000
    },
    {
      "Date": 20220427, 
      "Value" : 22.840000
    }
  ]
}