{
  "Color": "rgb(244, 55, 244)", 
  "Point": [
    {
      "Date": 20221125, 
      "Value" : 44.799999
    },
    {
      "Date": 20230510, 
      "Value" : 21.139999
    }
  ]
}