{
  "Color": "rgb(244, 55, 244)", 
  "Point": [
    {
      "Date": 20231017, 
      "Value" : 26.330000
    },
    {
      "Date": 20240206, 
      "Value" : 11.570000
    },
    {
      "Date": 20241022, 
      "Value" : 26.320000
    }
  ]
}