{
  "Color": "rgb(244, 55, 244)", 
  "Point": [
    {
      "Date": 20200917, 
      "Value" : 8.490000
    },
    {
      "Date": 20210408, 
      "Value" : 17.860001
    },
    {
      "Date": 20240206, 
      "Value" : 7.510000
    },
    {
      "Date": 20241008, 
      "Value" : 14.320000
    }
  ]
}