{
  "Color": "rgb(244, 55, 244)", 
  "Point": [
    {
      "Date": 20220228, 
      "Value" : 21.930000
    },
    {
      "Date": 20220427, 
      "Value" : 9.760000
    },
    {
      "Date": 20230802, 
      "Value" : 16.180000
    }
  ]
}