{
  "Color": "rgb(244, 55, 244)", 
  "Point": [
    {
      "Date": 20170512, 
      "Value" : 16.660000
    },
    {
      "Date": 20180320, 
      "Value" : 87.989998
    },
    {
      "Date": 20240206, 
      "Value" : 17.120001
    }
  ]
}