{
  "Color": "rgb(244, 55, 244)", 
  "Point": [
    {
      "Date": 20230220, 
      "Value" : 45.700001
    },
    {
      "Date": 20230425, 
      "Value" : 24.920000
    }
  ]
}