{
  "Color": "rgb(244, 55, 244)", 
  "Point": [
    {
      "Date": 20230220, 
      "Value" : 45.240002
    },
    {
      "Date": 20250409, 
      "Value" : 17.320000
    }
  ]
}