{
  "Color": "rgb(244, 55, 244)", 
  "Point": [
    {
      "Date": 20220216, 
      "Value" : 4.640000
    },
    {
      "Date": 20220323, 
      "Value" : 26.879999
    },
    {
      "Date": 20240709, 
      "Value" : 4.710000
    }
  ]
}