{
  "Color": "rgb(244, 55, 244)", 
  "Point": [
    {
      "Date": 20170519, 
      "Value" : 31.150000
    },
    {
      "Date": 20200428, 
      "Value" : 7.800000
    },
    {
      "Date": 20210223, 
      "Value" : 25.379999
    },
    {
      "Date": 20240206, 
      "Value" : 5.510000
    }
  ]
}