{
  "Color": "rgb(244, 55, 244)", 
  "Point": [
    {
      "Date": 20230329, 
      "Value" : 26.209999
    },
    {
      "Date": 20240206, 
      "Value" : 11.890000
    }
  ]
}