{
  "Color": "rgb(244, 55, 244)", 
  "Point": [
    {
      "Date": 20230203, 
      "Value" : 37.230000
    },
    {
      "Date": 20231221, 
      "Value" : 21.240000
    }
  ]
}