{
  "Color": "rgb(244, 55, 244)", 
  "Point": [
    {
      "Date": 20200911, 
      "Value" : 13.900000
    },
    {
      "Date": 20211008, 
      "Value" : 39.980000
    },
    {
      "Date": 20240704, 
      "Value" : 10.000000
    }
  ]
}