{
  "Color": "rgb(244, 55, 244)", 
  "Point": [
    {
      "Date": 20211231, 
      "Value" : 1.990000
    },
    {
      "Date": 20220214, 
      "Value" : 16.000000
    },
    {
      "Date": 20231023, 
      "Value" : 5.760000
    }
  ]
}