{
  "Color": "rgb(244, 55, 244)", 
  "Point": [
    {
      "Date": 20140909, 
      "Value" : 10.750000
    },
    {
      "Date": 20150528, 
      "Value" : 46.700001
    },
    {
      "Date": 20230627, 
      "Value" : 3.350000
    },
    {
      "Date": 20231115, 
      "Value" : 4.100000
    }
  ]
}