{
  "Color": "rgb(244, 55, 244)", 
  "Point": [
    {
      "Date": 20230410, 
      "Value" : 23.790001
    },
    {
      "Date": 20240918, 
      "Value" : 7.700000
    },
    {
      "Date": 20250320, 
      "Value" : 11.650000
    }
  ]
}