{
  "Color": "rgb(244, 55, 244)", 
  "Point": [
    {
      "Date": 20220719, 
      "Value" : 31.549999
    },
    {
      "Date": 20240206, 
      "Value" : 10.950000
    }
  ]
}