{
  "Color": "rgb(244, 55, 244)", 
  "Point": [
    {
      "Date": 20211231, 
      "Value" : 1.970000
    },
    {
      "Date": 20220214, 
      "Value" : 15.980000
    },
    {
      "Date": 20240208, 
      "Value" : 3.290000
    },
    {
      "Date": 20241016, 
      "Value" : 5.350000
    }
  ]
}