{
  "Color": "rgb(244, 55, 244)", 
  "Point": [
    {
      "Date": 20240918, 
      "Value" : 12.770000
    },
    {
      "Date": 20250508, 
      "Value" : 50.380001
    }
  ]
}