{
  "Color": "rgb(244, 55, 244)", 
  "Point": [
    {
      "Date": 20230410, 
      "Value" : 37.020000
    },
    {
      "Date": 20240205, 
      "Value" : 15.890000
    }
  ]
}