{
  "Color": "rgb(244, 55, 244)", 
  "Point": [
    {
      "Date": 20230410, 
      "Value" : 33.709999
    },
    {
      "Date": 20230425, 
      "Value" : 17.910000
    }
  ]
}