{
  "Color": "rgb(244, 55, 244)", 
  "Point": [
    {
      "Date": 20170519, 
      "Value" : 20.629999
    },
    {
      "Date": 20171026, 
      "Value" : 45.380001
    },
    {
      "Date": 20181022, 
      "Value" : 12.820000
    },
    {
      "Date": 20220117, 
      "Value" : 73.300003
    }
  ]
}