{
  "Color": "rgb(244, 55, 244)", 
  "Point": [
    {
      "Date": 20180112, 
      "Value" : 26.670000
    },
    {
      "Date": 20220427, 
      "Value" : 5.950000
    },
    {
      "Date": 20231207, 
      "Value" : 13.900000
    }
  ]
}