{
  "Color": "rgb(244, 55, 244)", 
  "Point": [
    {
      "Date": 20191203, 
      "Value" : 5.590000
    },
    {
      "Date": 20210903, 
      "Value" : 180.289993
    },
    {
      "Date": 20230724, 
      "Value" : 47.750000
    }
  ]
}