{
  "Color": "rgb(244, 55, 244)", 
  "Point": [
    {
      "Date": 20150320, 
      "Value" : 4.470000
    },
    {
      "Date": 20150528, 
      "Value" : 20.770000
    },
    {
      "Date": 20220427, 
      "Value" : 5.100000
    },
    {
      "Date": 20231108, 
      "Value" : 13.120000
    }
  ]
}