{
  "Color": "rgb(244, 55, 244)", 
  "Point": [
    {
      "Date": 20220128, 
      "Value" : 79.669998
    },
    {
      "Date": 20221011, 
      "Value" : 34.000000
    }
  ]
}