{
  "Color": "rgb(244, 55, 244)", 
  "Point": [
    {
      "Date": 20170413, 
      "Value" : 26.190001
    },
    {
      "Date": 20200429, 
      "Value" : 6.620000
    },
    {
      "Date": 20231031, 
      "Value" : 42.209999
    }
  ]
}