{
  "Color": "rgb(244, 55, 244)", 
  "Point": [
    {
      "Date": 20220228, 
      "Value" : 22.230000
    },
    {
      "Date": 20220427, 
      "Value" : 10.060000
    }
  ]
}