{
  "Color": "rgb(244, 55, 244)", 
  "Point": [
    {
      "Date": 20221116, 
      "Value" : 25.870001
    },
    {
      "Date": 20231023, 
      "Value" : 14.030000
    }
  ]
}