{
  "Color": "rgb(244, 55, 244)", 
  "Point": [
    {
      "Date": 20170519, 
      "Value" : 31.049999
    },
    {
      "Date": 20200428, 
      "Value" : 7.710000
    },
    {
      "Date": 20210223, 
      "Value" : 25.290001
    },
    {
      "Date": 20240709, 
      "Value" : 5.150000
    }
  ]
}