{
  "Color": "rgb(244, 55, 244)", 
  "Point": [
    {
      "Date": 20220128, 
      "Value" : 78.919998
    },
    {
      "Date": 20240918, 
      "Value" : 28.110001
    },
    {
      "Date": 20250414, 
      "Value" : 44.000000
    }
  ]
}