{
  "Color": "rgb(244, 55, 244)", 
  "Point": [
    {
      "Date": 20171025, 
      "Value" : 19.530001
    },
    {
      "Date": 20190131, 
      "Value" : 6.110000
    },
    {
      "Date": 20220104, 
      "Value" : 46.470001
    },
    {
      "Date": 20230601, 
      "Value" : 22.240000
    }
  ]
}