{
  "Color": "rgb(244, 55, 244)", 
  "Point": [
    {
      "Date": 20230203, 
      "Value" : 36.860001
    },
    {
      "Date": 20240206, 
      "Value" : 14.400000
    },
    {
      "Date": 20240521, 
      "Value" : 26.129999
    }
  ]
}