{
  "Color": "rgb(244, 55, 244)", 
  "Point": [
    {
      "Date": 20230419, 
      "Value" : 30.200001
    },
    {
      "Date": 20240206, 
      "Value" : 13.350000
    }
  ]
}