{
  "Color": "rgb(244, 55, 244)", 
  "Point": [
    {
      "Date": 20170512, 
      "Value" : 16.059999
    },
    {
      "Date": 20180320, 
      "Value" : 87.389999
    },
    {
      "Date": 20240206, 
      "Value" : 16.520000
    }
  ]
}