{
  "Color": "rgb(244, 55, 244)", 
  "Point": [
    {
      "Date": 20230410, 
      "Value" : 37.020000
    },
    {
      "Date": 20240923, 
      "Value" : 14.840000
    },
    {
      "Date": 20250513, 
      "Value" : 22.469999
    }
  ]
}