{
  "Color": "rgb(244, 55, 244)", 
  "Point": [
    {
      "Date": 20220216, 
      "Value" : 4.700000
    },
    {
      "Date": 20220323, 
      "Value" : 26.940001
    },
    {
      "Date": 20230627, 
      "Value" : 7.810000
    }
  ]
}