{
  "Color": "rgb(244, 55, 244)", 
  "Point": [
    {
      "Date": 20220719, 
      "Value" : 31.400000
    },
    {
      "Date": 20240828, 
      "Value" : 9.900000
    }
  ]
}