{
  "Color": "rgb(244, 55, 244)", 
  "Point": [
    {
      "Date": 20220909, 
      "Value" : 12.360000
    },
    {
      "Date": 20220919, 
      "Value" : 24.100000
    },
    {
      "Date": 20231023, 
      "Value" : 13.480000
    }
  ]
}