{
  "Color": "rgb(244, 55, 244)", 
  "Point": [
    {
      "Date": 20210630, 
      "Value" : 15.450000
    },
    {
      "Date": 20210716, 
      "Value" : 59.709999
    },
    {
      "Date": 20240206, 
      "Value" : 20.170000
    }
  ]
}