{
  "Color": "rgb(244, 55, 244)", 
  "Point": [
    {
      "Date": 20220128, 
      "Value" : 78.919998
    },
    {
      "Date": 20240206, 
      "Value" : 28.280001
    }
  ]
}