{
  "Color": "rgb(244, 55, 244)", 
  "Point": [
    {
      "Date": 20230510, 
      "Value" : 22.400000
    },
    {
      "Date": 20240208, 
      "Value" : 9.910000
    }
  ]
}