{
  "Color": "rgb(244, 55, 244)", 
  "Point": [
    {
      "Date": 20230410, 
      "Value" : 33.509998
    },
    {
      "Date": 20240202, 
      "Value" : 11.750000
    }
  ]
}