{
  "Color": "rgb(244, 55, 244)", 
  "Point": [
    {
      "Date": 20231101, 
      "Value" : 49.700001
    },
    {
      "Date": 20250409, 
      "Value" : 13.470000
    }
  ]
}