{
  "Color": "rgb(244, 55, 244)", 
  "Point": [
    {
      "Date": 20150320, 
      "Value" : 4.630000
    },
    {
      "Date": 20150528, 
      "Value" : 20.930000
    },
    {
      "Date": 20220427, 
      "Value" : 5.260000
    },
    {
      "Date": 20231108, 
      "Value" : 13.280000
    }
  ]
}