{
  "Color": "rgb(244, 55, 244)", 
  "Point": [
    {
      "Date": 20220715, 
      "Value" : 11.440000
    },
    {
      "Date": 20220729, 
      "Value" : 35.220001
    },
    {
      "Date": 20240709, 
      "Value" : 11.300000
    }
  ]
}