{
  "Color": "rgb(244, 55, 244)", 
  "Point": [
    {
      "Date": 20221125, 
      "Value" : 44.400002
    },
    {
      "Date": 20240206, 
      "Value" : 14.340000
    },
    {
      "Date": 20250220, 
      "Value" : 32.669998
    }
  ]
}