{
  "Color": "rgb(244, 55, 244)", 
  "Point": [
    {
      "Date": 20210630, 
      "Value" : 15.300000
    },
    {
      "Date": 20210716, 
      "Value" : 59.560001
    },
    {
      "Date": 20240206, 
      "Value" : 20.020000
    },
    {
      "Date": 20250311, 
      "Value" : 53.259998
    }
  ]
}