{
  "Color": "rgb(244, 55, 244)", 
  "Point": [
    {
      "Date": 20170413, 
      "Value" : 26.120001
    },
    {
      "Date": 20200429, 
      "Value" : 6.550000
    },
    {
      "Date": 20231206, 
      "Value" : 55.900002
    },
    {
      "Date": 20250418, 
      "Value" : 15.910000
    }
  ]
}