{
  "Color": "rgb(244, 55, 244)", 
  "Point": [
    {
      "Date": 20170504, 
      "Value" : 43.959999
    },
    {
      "Date": 20190131, 
      "Value" : 13.970000
    },
    {
      "Date": 20211206, 
      "Value" : 23.350000
    }
  ]
}