{
  "Color": "rgb(244, 55, 244)", 
  "Point": [
    {
      "Date": 20170901, 
      "Value" : 44.740002
    },
    {
      "Date": 20181012, 
      "Value" : 8.130000
    },
    {
      "Date": 20210125, 
      "Value" : 190.149994
    },
    {
      "Date": 20240205, 
      "Value" : 76.389999
    }
  ]
}