{
  "Color": "rgb(244, 55, 244)", 
  "Point": [
    {
      "Date": 20180112, 
      "Value" : 38.160000
    },
    {
      "Date": 20220427, 
      "Value" : 8.730000
    },
    {
      "Date": 20231207, 
      "Value" : 20.020000
    }
  ]
}