{
  "Color": "rgb(244, 55, 244)", 
  "Point": [
    {
      "Date": 20221031, 
      "Value" : 21.629999
    },
    {
      "Date": 20230613, 
      "Value" : 48.790001
    },
    {
      "Date": 20250409, 
      "Value" : 20.570000
    }
  ]
}