{
  "Color": "rgb(244, 55, 244)", 
  "Point": [
    {
      "Date": 20140909, 
      "Value" : 10.750000
    },
    {
      "Date": 20150528, 
      "Value" : 46.700001
    },
    {
      "Date": 20240208, 
      "Value" : 1.840000
    },
    {
      "Date": 20241029, 
      "Value" : 5.040000
    }
  ]
}