{
  "Color": "rgb(244, 55, 244)", 
  "Point": [
    {
      "Date": 20230410, 
      "Value" : 33.509998
    },
    {
      "Date": 20230829, 
      "Value" : 16.850000
    }
  ]
}