{
  "Color": "rgb(244, 55, 244)", 
  "Point": [
    {
      "Date": 20170519, 
      "Value" : 20.420000
    },
    {
      "Date": 20171026, 
      "Value" : 45.169998
    },
    {
      "Date": 20181022, 
      "Value" : 12.610000
    },
    {
      "Date": 20220117, 
      "Value" : 73.089996
    }
  ]
}