{
  "Color": "rgb(244, 55, 244)", 
  "Point": [
    {
      "Date": 20181205, 
      "Value" : 16.549999
    },
    {
      "Date": 20190606, 
      "Value" : 8.950000
    },
    {
      "Date": 20210127, 
      "Value" : 34.540001
    },
    {
      "Date": 20240205, 
      "Value" : 11.560000
    }
  ]
}