{
  "Color": "rgb(244, 55, 244)", 
  "Point": [
    {
      "Date": 20230130, 
      "Value" : 22.240000
    },
    {
      "Date": 20230203, 
      "Value" : 37.230000
    },
    {
      "Date": 20231023, 
      "Value" : 23.049999
    }
  ]
}