{
  "Color": "rgb(244, 55, 244)", 
  "Point": [
    {
      "Date": 20220428, 
      "Value" : 14.050000
    },
    {
      "Date": 20220719, 
      "Value" : 31.549999
    },
    {
      "Date": 20230921, 
      "Value" : 14.950000
    }
  ]
}