{
  "Color": "rgb(244, 55, 244)", 
  "Point": [
    {
      "Date": 20191203, 
      "Value" : 5.040000
    },
    {
      "Date": 20210903, 
      "Value" : 179.740005
    },
    {
      "Date": 20231221, 
      "Value" : 29.660000
    }
  ]
}