{
  "Color": "rgb(244, 55, 244)", 
  "Point": [
    {
      "Date": 20200206, 
      "Value" : 40.430000
    },
    {
      "Date": 20210113, 
      "Value" : 170.410004
    },
    {
      "Date": 20221101, 
      "Value" : 77.300003
    }
  ]
}