{
  "Color": "rgb(244, 55, 244)", 
  "Point": [
    {
      "Date": 20191203, 
      "Value" : 5.020000
    },
    {
      "Date": 20210903, 
      "Value" : 179.720001
    },
    {
      "Date": 20240709, 
      "Value" : 15.320000
    }
  ]
}