{
  "Color": "rgb(244, 55, 244)", 
  "Point": [
    {
      "Date": 20230313, 
      "Value" : 13.550000
    },
    {
      "Date": 20231218, 
      "Value" : 29.980000
    }
  ]
}