{
  "Color": "rgb(244, 55, 244)", 
  "Point": [
    {
      "Date": 20200911, 
      "Value" : 19.459999
    },
    {
      "Date": 20211008, 
      "Value" : 55.970001
    },
    {
      "Date": 20240208, 
      "Value" : 14.400000
    }
  ]
}