{
  "Color": "rgb(244, 55, 244)", 
  "Point": [
    {
      "Date": 20230410, 
      "Value" : 23.790001
    },
    {
      "Date": 20240202, 
      "Value" : 8.250000
    }
  ]
}