{
  "Color": "rgb(244, 55, 244)", 
  "Point": [
    {
      "Date": 20220228, 
      "Value" : 21.299999
    },
    {
      "Date": 20240206, 
      "Value" : 8.530000
    },
    {
      "Date": 20240709, 
      "Value" : 14.600000
    },
    {
      "Date": 20250409, 
      "Value" : 9.800000
    }
  ]
}