{
  "Color": "rgb(244, 55, 244)", 
  "Point": [
    {
      "Date": 20221125, 
      "Value" : 44.799999
    },
    {
      "Date": 20231023, 
      "Value" : 19.530001
    }
  ]
}