{
  "Color": "rgb(244, 55, 244)", 
  "Point": [
    {
      "Date": 20250408, 
      "Value" : 165.000000
    },
    {
      "Date": 20250430, 
      "Value" : 46.810001
    }
  ]
}