{
  "Color": "rgb(244, 55, 244)", 
  "Point": [
    {
      "Date": 20200326, 
      "Value" : 24.320000
    },
    {
      "Date": 20240208, 
      "Value" : 6.000000
    }
  ]
}