{
  "Color": "rgb(244, 55, 244)", 
  "Point": [
    {
      "Date": 20220512, 
      "Value" : 30.190001
    },
    {
      "Date": 20221229, 
      "Value" : 14.970000
    },
    {
      "Date": 20231011, 
      "Value" : 22.459999
    }
  ]
}