{
  "Color": "rgb(244, 55, 244)", 
  "Point": [
    {
      "Date": 20211231, 
      "Value" : 25.660000
    },
    {
      "Date": 20221011, 
      "Value" : 9.380000
    },
    {
      "Date": 20231219, 
      "Value" : 22.879999
    }
  ]
}