{
  "Color": "rgb(244, 55, 244)", 
  "Point": [
    {
      "Date": 20190716, 
      "Value" : 17.059999
    },
    {
      "Date": 20220808, 
      "Value" : 117.910004
    },
    {
      "Date": 20240206, 
      "Value" : 29.780001
    }
  ]
}