{
  "Color": "rgb(244, 55, 244)", 
  "Point": [
    {
      "Date": 20220512, 
      "Value" : 30.000000
    },
    {
      "Date": 20240206, 
      "Value" : 10.630000
    },
    {
      "Date": 20250314, 
      "Value" : 25.200001
    }
  ]
}