{
  "Color": "rgb(244, 55, 244)", 
  "Point": [
    {
      "Date": 20220427, 
      "Value" : 12.910000
    },
    {
      "Date": 20230214, 
      "Value" : 29.430000
    },
    {
      "Date": 20240205, 
      "Value" : 10.180000
    },
    {
      "Date": 20241023, 
      "Value" : 17.930000
    }
  ]
}