{
  "Color": "rgb(244, 55, 244)", 
  "Point": [
    {
      "Date": 20220802, 
      "Value" : 26.420000
    },
    {
      "Date": 20240206, 
      "Value" : 11.440000
    },
    {
      "Date": 20241106, 
      "Value" : 22.500000
    },
    {
      "Date": 20250409, 
      "Value" : 12.960000
    }
  ]
}