{
  "Color": "rgb(244, 55, 244)", 
  "Point": [
    {
      "Date": 20230901, 
      "Value" : 61.000000
    },
    {
      "Date": 20231023, 
      "Value" : 28.709999
    }
  ]
}