{
  "Color": "rgb(244, 55, 244)", 
  "Point": [
    {
      "Date": 20211231, 
      "Value" : 25.209999
    },
    {
      "Date": 20221011, 
      "Value" : 8.930000
    },
    {
      "Date": 20231219, 
      "Value" : 22.430000
    },
    {
      "Date": 20240828, 
      "Value" : 9.730000
    }
  ]
}