{
  "Color": "rgb(244, 55, 244)", 
  "Point": [
    {
      "Date": 20200204, 
      "Value" : 7.830000
    },
    {
      "Date": 20211123, 
      "Value" : 355.899994
    },
    {
      "Date": 20240708, 
      "Value" : 75.000000
    }
  ]
}