{
  "Color": "rgb(244, 55, 244)", 
  "Point": [
    {
      "Date": 20230203, 
      "Value" : 46.709999
    },
    {
      "Date": 20240205, 
      "Value" : 18.700001
    },
    {
      "Date": 20241008, 
      "Value" : 29.900000
    },
    {
      "Date": 20250409, 
      "Value" : 22.309999
    }
  ]
}