{
  "Color": "rgb(244, 55, 244)", 
  "Point": [
    {
      "Date": 20180330, 
      "Value" : 15.080000
    },
    {
      "Date": 20180523, 
      "Value" : 56.549999
    },
    {
      "Date": 20240208, 
      "Value" : 8.950000
    },
    {
      "Date": 20241029, 
      "Value" : 20.700001
    }
  ]
}