{
  "Color": "rgb(244, 55, 244)", 
  "Point": [
    {
      "Date": 20230925, 
      "Value" : 28.750000
    },
    {
      "Date": 20240206, 
      "Value" : 11.540000
    }
  ]
}