{
  "Color": "rgb(244, 55, 244)", 
  "Point": [
    {
      "Date": 20220228, 
      "Value" : 28.440001
    },
    {
      "Date": 20240206, 
      "Value" : 12.800000
    }
  ]
}