{
  "Color": "rgb(244, 55, 244)", 
  "Point": [
    {
      "Date": 20230315, 
      "Value" : 21.600000
    },
    {
      "Date": 20230418, 
      "Value" : 40.700001
    }
  ]
}