{
  "Color": "rgb(244, 55, 244)", 
  "Point": [
    {
      "Date": 20211223, 
      "Value" : 42.419998
    },
    {
      "Date": 20230626, 
      "Value" : 12.700000
    }
  ]
}