{
  "Color": "rgb(244, 55, 244)", 
  "Point": [
    {
      "Date": 20200430, 
      "Value" : 14.710000
    },
    {
      "Date": 20201225, 
      "Value" : 41.639999
    },
    {
      "Date": 20220426, 
      "Value" : 16.500000
    },
    {
      "Date": 20221208, 
      "Value" : 36.860001
    }
  ]
}