{
  "Color": "rgb(244, 55, 244)", 
  "Point": [
    {
      "Date": 20231107, 
      "Value" : 85.250000
    },
    {
      "Date": 20240205, 
      "Value" : 50.849998
    }
  ]
}