{
  "Color": "rgb(244, 55, 244)", 
  "Point": [
    {
      "Date": 20150217, 
      "Value" : 3.510000
    },
    {
      "Date": 20200611, 
      "Value" : 40.950001
    },
    {
      "Date": 20240206, 
      "Value" : 4.700000
    }
  ]
}