{
  "Color": "rgb(244, 55, 244)", 
  "Point": [
    {
      "Date": 20221108, 
      "Value" : 33.880001
    },
    {
      "Date": 20230825, 
      "Value" : 21.209999
    }
  ]
}