{
  "Color": "rgb(244, 55, 244)", 
  "Point": [
    {
      "Date": 20200204, 
      "Value" : 12.560000
    },
    {
      "Date": 20211123, 
      "Value" : 499.859985
    },
    {
      "Date": 20240205, 
      "Value" : 115.989998
    }
  ]
}