{
  "Color": "rgb(244, 55, 244)", 
  "Point": [
    {
      "Date": 20250311, 
      "Value" : 59.500000
    },
    {
      "Date": 20250409, 
      "Value" : 30.530001
    }
  ]
}