{
  "Color": "rgb(244, 55, 244)", 
  "Point": [
    {
      "Date": 20220520, 
      "Value" : 15.770000
    },
    {
      "Date": 20220530, 
      "Value" : 33.400002
    },
    {
      "Date": 20240718, 
      "Value" : 7.600000
    }
  ]
}