{
  "Color": "rgb(244, 55, 244)", 
  "Point": [
    {
      "Date": 20230327, 
      "Value" : 6.810000
    },
    {
      "Date": 20230823, 
      "Value" : 22.549999
    },
    {
      "Date": 20240208, 
      "Value" : 8.880000
    }
  ]
}