{
  "Color": "rgb(244, 55, 244)", 
  "Point": [
    {
      "Date": 20220905, 
      "Value" : 44.209999
    },
    {
      "Date": 20221031, 
      "Value" : 24.650000
    }
  ]
}