{
  "Color": "rgb(244, 55, 244)", 
  "Point": [
    {
      "Date": 20221011, 
      "Value" : 25.450001
    },
    {
      "Date": 20230209, 
      "Value" : 70.919998
    },
    {
      "Date": 20231023, 
      "Value" : 32.520000
    }
  ]
}