{
  "Color": "rgb(244, 55, 244)", 
  "Point": [
    {
      "Date": 20230418, 
      "Value" : 40.400002
    },
    {
      "Date": 20240206, 
      "Value" : 16.709999
    }
  ]
}