{
  "Color": "rgb(244, 55, 244)", 
  "Point": [
    {
      "Date": 20211122, 
      "Value" : 7.620000
    },
    {
      "Date": 20211215, 
      "Value" : 18.650000
    },
    {
      "Date": 20240208, 
      "Value" : 7.950000
    }
  ]
}