{
  "Color": "rgb(244, 55, 244)", 
  "Point": [
    {
      "Date": 20211111, 
      "Value" : 6.180000
    },
    {
      "Date": 20211215, 
      "Value" : 30.469999
    },
    {
      "Date": 20230629, 
      "Value" : 11.570000
    }
  ]
}