{
  "Color": "rgb(244, 55, 244)", 
  "Point": [
    {
      "Date": 20230901, 
      "Value" : 60.799999
    },
    {
      "Date": 20240718, 
      "Value" : 17.620001
    }
  ]
}