{
  "Color": "rgb(244, 55, 244)", 
  "Point": [
    {
      "Date": 20180508, 
      "Value" : 7.870000
    },
    {
      "Date": 20210720, 
      "Value" : 167.259995
    },
    {
      "Date": 20240709, 
      "Value" : 36.360001
    }
  ]
}