{
  "Color": "rgb(244, 55, 244)", 
  "Point": [
    {
      "Date": 20220228, 
      "Value" : 28.440001
    },
    {
      "Date": 20220427, 
      "Value" : 13.860000
    },
    {
      "Date": 20230710, 
      "Value" : 24.530001
    }
  ]
}