{
  "Color": "rgb(244, 55, 244)", 
  "Point": [
    {
      "Date": 20181115, 
      "Value" : 8.750000
    },
    {
      "Date": 20190125, 
      "Value" : 41.830002
    },
    {
      "Date": 20221011, 
      "Value" : 9.440000
    },
    {
      "Date": 20231121, 
      "Value" : 49.570000
    }
  ]
}