{
  "Color": "rgb(244, 55, 244)", 
  "Point": [
    {
      "Date": 20200326, 
      "Value" : 24.420000
    },
    {
      "Date": 20220429, 
      "Value" : 6.880000
    },
    {
      "Date": 20221207, 
      "Value" : 8.940000
    },
    {
      "Date": 20230425, 
      "Value" : 6.980000
    }
  ]
}