{
  "Color": "rgb(244, 55, 244)", 
  "Point": [
    {
      "Date": 20231215, 
      "Value" : 34.799999
    },
    {
      "Date": 20240206, 
      "Value" : 14.500000
    }
  ]
}