{
  "Color": "rgb(244, 55, 244)", 
  "Point": [
    {
      "Date": 20230901, 
      "Value" : 60.750000
    },
    {
      "Date": 20240918, 
      "Value" : 15.460000
    }
  ]
}