{
  "Color": "rgb(244, 55, 244)", 
  "Point": [
    {
      "Date": 20220712, 
      "Value" : 52.400002
    },
    {
      "Date": 20231027, 
      "Value" : 25.730000
    }
  ]
}