{
  "Color": "rgb(244, 55, 244)", 
  "Point": [
    {
      "Date": 20220712, 
      "Value" : 52.400002
    },
    {
      "Date": 20230426, 
      "Value" : 27.209999
    }
  ]
}