{
  "Color": "rgb(244, 55, 244)", 
  "Point": [
    {
      "Date": 20221011, 
      "Value" : 25.400000
    },
    {
      "Date": 20230209, 
      "Value" : 70.870003
    },
    {
      "Date": 20240710, 
      "Value" : 20.650000
    }
  ]
}