{
  "Color": "rgb(244, 55, 244)", 
  "Point": [
    {
      "Date": 20230203, 
      "Value" : 47.709999
    },
    {
      "Date": 20231023, 
      "Value" : 26.639999
    }
  ]
}