{
  "Color": "rgb(244, 55, 244)", 
  "Point": [
    {
      "Date": 20190515, 
      "Value" : 18.809999
    },
    {
      "Date": 20211130, 
      "Value" : 189.809998
    },
    {
      "Date": 20240206, 
      "Value" : 27.790001
    },
    {
      "Date": 20250411, 
      "Value" : 64.959999
    }
  ]
}