{
  "Color": "rgb(244, 55, 244)", 
  "Point": [
    {
      "Date": 20230327, 
      "Value" : 6.780000
    },
    {
      "Date": 20230823, 
      "Value" : 22.520000
    },
    {
      "Date": 20240208, 
      "Value" : 8.850000
    },
    {
      "Date": 20250120, 
      "Value" : 16.059999
    }
  ]
}