{
  "Color": "rgb(244, 55, 244)", 
  "Point": [
    {
      "Date": 20220520, 
      "Value" : 15.920000
    },
    {
      "Date": 20220530, 
      "Value" : 33.549999
    },
    {
      "Date": 20231024, 
      "Value" : 15.790000
    }
  ]
}