{
  "Color": "rgb(244, 55, 244)", 
  "Point": [
    {
      "Date": 20230808, 
      "Value" : 80.800003
    },
    {
      "Date": 20230829, 
      "Value" : 67.550003
    }
  ]
}