{
  "Color": "rgb(244, 55, 244)", 
  "Point": [
    {
      "Date": 20180330, 
      "Value" : 15.540000
    },
    {
      "Date": 20180523, 
      "Value" : 57.009998
    },
    {
      "Date": 20240208, 
      "Value" : 9.410000
    }
  ]
}