{
  "Color": "rgb(244, 55, 244)", 
  "Point": [
    {
      "Date": 20211111, 
      "Value" : 5.900000
    },
    {
      "Date": 20211215, 
      "Value" : 30.190001
    },
    {
      "Date": 20240206, 
      "Value" : 6.340000
    },
    {
      "Date": 20241008, 
      "Value" : 9.770000
    }
  ]
}