{
  "Color": "rgb(244, 55, 244)", 
  "Point": [
    {
      "Date": 20230901, 
      "Value" : 60.650002
    },
    {
      "Date": 20240918, 
      "Value" : 15.360000
    },
    {
      "Date": 20250320, 
      "Value" : 33.400002
    }
  ]
}