{
  "Color": "rgb(244, 55, 244)", 
  "Point": [
    {
      "Date": 20170302, 
      "Value" : 34.410000
    },
    {
      "Date": 20181019, 
      "Value" : 5.160000
    },
    {
      "Date": 20210127, 
      "Value" : 45.509998
    },
    {
      "Date": 20240205, 
      "Value" : 8.240000
    }
  ]
}