{
  "Color": "rgb(244, 55, 244)", 
  "Point": [
    {
      "Date": 20231026, 
      "Value" : 53.750000
    },
    {
      "Date": 20240206, 
      "Value" : 13.600000
    }
  ]
}