{
  "Color": "rgb(244, 55, 244)", 
  "Point": [
    {
      "Date": 20230925, 
      "Value" : 37.580002
    },
    {
      "Date": 20240206, 
      "Value" : 15.200000
    }
  ]
}