{
  "Color": "rgb(244, 55, 244)", 
  "Point": [
    {
      "Date": 20241108, 
      "Value" : 96.209999
    },
    {
      "Date": 20250409, 
      "Value" : 30.030001
    }
  ]
}