{
  "Color": "rgb(244, 55, 244)", 
  "Point": [
    {
      "Date": 20220228, 
      "Value" : 28.070000
    },
    {
      "Date": 20240718, 
      "Value" : 11.450000
    },
    {
      "Date": 20250107, 
      "Value" : 23.600000
    }
  ]
}