{
  "Color": "rgb(244, 55, 244)", 
  "Point": [
    {
      "Date": 20200326, 
      "Value" : 24.420000
    },
    {
      "Date": 20220429, 
      "Value" : 6.880000
    },
    {
      "Date": 20230908, 
      "Value" : 11.460000
    }
  ]
}