{
  "Color": "rgb(244, 55, 244)", 
  "Point": [
    {
      "Date": 20190515, 
      "Value" : 19.330000
    },
    {
      "Date": 20211130, 
      "Value" : 190.330002
    },
    {
      "Date": 20240206, 
      "Value" : 28.309999
    }
  ]
}