{
  "Color": "rgb(244, 55, 244)", 
  "Point": [
    {
      "Date": 20170601, 
      "Value" : 9.960000
    },
    {
      "Date": 20171114, 
      "Value" : 22.370001
    },
    {
      "Date": 20191203, 
      "Value" : 9.970000
    }
  ]
}