{
  "Color": "rgb(244, 55, 244)", 
  "Point": [
    {
      "Date": 20230823, 
      "Value" : 81.169998
    },
    {
      "Date": 20230915, 
      "Value" : 44.200001
    }
  ]
}