{
  "Color": "rgb(244, 55, 244)", 
  "Point": [
    {
      "Date": 20230203, 
      "Value" : 47.709999
    },
    {
      "Date": 20240205, 
      "Value" : 19.709999
    }
  ]
}