{
  "Color": "rgb(244, 55, 244)", 
  "Point": [
    {
      "Date": 20220905, 
      "Value" : 30.870001
    },
    {
      "Date": 20240822, 
      "Value" : 14.350000
    }
  ]
}