{
  "Color": "rgb(244, 55, 244)", 
  "Point": [
    {
      "Date": 20230203, 
      "Value" : 47.709999
    },
    {
      "Date": 20230825, 
      "Value" : 28.860001
    }
  ]
}