{
  "Color": "rgb(244, 55, 244)", 
  "Point": [
    {
      "Date": 20220512, 
      "Value" : 30.190001
    },
    {
      "Date": 20240206, 
      "Value" : 10.820000
    }
  ]
}