{
  "Color": "rgb(244, 55, 244)", 
  "Point": [
    {
      "Date": 20220427, 
      "Value" : 13.260000
    },
    {
      "Date": 20230214, 
      "Value" : 29.780001
    },
    {
      "Date": 20231102, 
      "Value" : 15.150000
    }
  ]
}