{
  "Color": "rgb(244, 55, 244)", 
  "Point": [
    {
      "Date": 20221108, 
      "Value" : 33.540001
    },
    {
      "Date": 20240206, 
      "Value" : 14.870000
    }
  ]
}