{
  "Color": "rgb(244, 55, 244)", 
  "Point": [
    {
      "Date": 20230823, 
      "Value" : 81.029999
    },
    {
      "Date": 20240918, 
      "Value" : 24.360001
    }
  ]
}