{
  "Color": "rgb(244, 55, 244)", 
  "Point": [
    {
      "Date": 20220802, 
      "Value" : 26.490000
    },
    {
      "Date": 20240206, 
      "Value" : 11.510000
    }
  ]
}