{
  "Color": "rgb(244, 55, 244)", 
  "Point": [
    {
      "Date": 20180508, 
      "Value" : 8.860000
    },
    {
      "Date": 20210720, 
      "Value" : 168.250000
    },
    {
      "Date": 20230629, 
      "Value" : 61.240002
    }
  ]
}