{
  "Color": "rgb(244, 55, 244)", 
  "Point": [
    {
      "Date": 20190729, 
      "Value" : 11.020000
    },
    {
      "Date": 20190806, 
      "Value" : 21.570000
    },
    {
      "Date": 20210113, 
      "Value" : 9.510000
    },
    {
      "Date": 20220811, 
      "Value" : 35.650002
    }
  ]
}