{
  "Color": "rgb(244, 55, 244)", 
  "Point": [
    {
      "Date": 20220725, 
      "Value" : 7.790000
    },
    {
      "Date": 20220809, 
      "Value" : 26.840000
    }
  ]
}