{
  "Color": "rgb(244, 55, 244)", 
  "Point": [
    {
      "Date": 20190716, 
      "Value" : 16.690001
    },
    {
      "Date": 20220808, 
      "Value" : 117.540001
    },
    {
      "Date": 20240206, 
      "Value" : 29.410000
    },
    {
      "Date": 20241024, 
      "Value" : 54.750000
    }
  ]
}