{
  "Color": "rgb(244, 55, 244)", 
  "Point": [
    {
      "Date": 20220725, 
      "Value" : 7.730000
    },
    {
      "Date": 20220809, 
      "Value" : 26.780001
    },
    {
      "Date": 20240208, 
      "Value" : 11.950000
    }
  ]
}