{
  "Color": "rgb(244, 55, 244)", 
  "Point": [
    {
      "Date": 20230418, 
      "Value" : 40.029999
    },
    {
      "Date": 20240909, 
      "Value" : 12.080000
    }
  ]
}