{
  "Color": "rgb(244, 55, 244)", 
  "Point": [
    {
      "Date": 20220228, 
      "Value" : 28.070000
    },
    {
      "Date": 20240709, 
      "Value" : 11.500000
    }
  ]
}