{
  "Color": "rgb(244, 55, 244)", 
  "Point": [
    {
      "Date": 20220802, 
      "Value" : 37.740002
    },
    {
      "Date": 20240206, 
      "Value" : 16.760000
    }
  ]
}