{
  "Color": "rgb(244, 55, 244)", 
  "Point": [
    {
      "Date": 20230327, 
      "Value" : 6.960000
    },
    {
      "Date": 20230823, 
      "Value" : 22.700001
    }
  ]
}