{
  "Color": "rgb(244, 55, 244)", 
  "Point": [
    {
      "Date": 20230829, 
      "Value" : 67.550003
    },
    {
      "Date": 20231107, 
      "Value" : 85.250000
    }
  ]
}