{
  "Color": "rgb(244, 55, 244)", 
  "Point": [
    {
      "Date": 20231107, 
      "Value" : 60.040001
    },
    {
      "Date": 20240205, 
      "Value" : 35.459999
    },
    {
      "Date": 20240613, 
      "Value" : 61.970001
    }
  ]
}