{
  "Color": "rgb(244, 55, 244)", 
  "Point": [
    {
      "Date": 20190716, 
      "Value" : 16.950001
    },
    {
      "Date": 20220808, 
      "Value" : 117.800003
    },
    {
      "Date": 20240206, 
      "Value" : 29.670000
    },
    {
      "Date": 20240716, 
      "Value" : 53.180000
    }
  ]
}