{
  "Color": "rgb(244, 55, 244)", 
  "Point": [
    {
      "Date": 20230131, 
      "Value" : 29.650000
    },
    {
      "Date": 20230203, 
      "Value" : 47.709999
    }
  ]
}