{
  "Color": "rgb(244, 55, 244)", 
  "Point": [
    {
      "Date": 20220802, 
      "Value" : 37.740002
    },
    {
      "Date": 20230510, 
      "Value" : 20.790001
    }
  ]
}