{
  "Color": "rgb(244, 55, 244)", 
  "Point": [
    {
      "Date": 20190515, 
      "Value" : 18.980000
    },
    {
      "Date": 20211130, 
      "Value" : 189.979996
    },
    {
      "Date": 20240206, 
      "Value" : 27.959999
    },
    {
      "Date": 20241023, 
      "Value" : 47.980000
    }
  ]
}