{
  "Color": "rgb(244, 55, 244)", 
  "Point": [
    {
      "Date": 20211223, 
      "Value" : 42.119999
    },
    {
      "Date": 20240208, 
      "Value" : 7.400000
    },
    {
      "Date": 20241216, 
      "Value" : 14.870000
    }
  ]
}