{
  "Color": "rgb(244, 55, 244)", 
  "Point": [
    {
      "Date": 20220427, 
      "Value" : 13.110000
    },
    {
      "Date": 20230214, 
      "Value" : 29.629999
    },
    {
      "Date": 20240205, 
      "Value" : 10.380000
    }
  ]
}