{
  "Color": "rgb(244, 55, 244)", 
  "Point": [
    {
      "Date": 20250424, 
      "Value" : 140.000000
    },
    {
      "Date": 20250509, 
      "Value" : 96.519997
    }
  ]
}