{
  "Color": "rgb(244, 55, 244)", 
  "Point": [
    {
      "Date": 20180330, 
      "Value" : 15.190000
    },
    {
      "Date": 20180523, 
      "Value" : 56.660000
    },
    {
      "Date": 20240208, 
      "Value" : 9.060000
    }
  ]
}