{
  "Color": "rgb(244, 55, 244)", 
  "Point": [
    {
      "Date": 20190719, 
      "Value" : 4.940000
    },
    {
      "Date": 20190920, 
      "Value" : 24.820000
    },
    {
      "Date": 20220427, 
      "Value" : 5.650000
    },
    {
      "Date": 20230907, 
      "Value" : 10.010000
    }
  ]
}