{
  "Color": "rgb(244, 55, 244)", 
  "Point": [
    {
      "Date": 20181115, 
      "Value" : 6.620000
    },
    {
      "Date": 20190125, 
      "Value" : 32.060001
    },
    {
      "Date": 20221011, 
      "Value" : 7.150000
    },
    {
      "Date": 20231121, 
      "Value" : 38.020000
    }
  ]
}