{
  "Color": "rgb(244, 55, 244)", 
  "Point": [
    {
      "Date": 20230823, 
      "Value" : 80.959999
    },
    {
      "Date": 20240918, 
      "Value" : 24.290001
    },
    {
      "Date": 20250226, 
      "Value" : 50.230000
    }
  ]
}