{
  "Color": "rgb(244, 55, 244)", 
  "Point": [
    {
      "Date": 20220315, 
      "Value" : 23.230000
    },
    {
      "Date": 20220330, 
      "Value" : 74.589996
    },
    {
      "Date": 20250430, 
      "Value" : 14.570000
    }
  ]
}