{
  "Color": "rgb(244, 55, 244)", 
  "Point": [
    {
      "Date": 20211122, 
      "Value" : 7.320000
    },
    {
      "Date": 20211215, 
      "Value" : 18.350000
    },
    {
      "Date": 20240208, 
      "Value" : 7.650000
    },
    {
      "Date": 20250312, 
      "Value" : 20.209999
    }
  ]
}