{
  "Color": "rgb(244, 55, 244)", 
  "Point": [
    {
      "Date": 20171225, 
      "Value" : 7.380000
    },
    {
      "Date": 20200225, 
      "Value" : 64.220001
    },
    {
      "Date": 20220427, 
      "Value" : 13.160000
    },
    {
      "Date": 20231128, 
      "Value" : 82.980003
    }
  ]
}