{
  "Color": "rgb(244, 55, 244)", 
  "Point": [
    {
      "Date": 20220712, 
      "Value" : 52.400002
    },
    {
      "Date": 20240205, 
      "Value" : 19.129999
    }
  ]
}