{
  "Color": "rgb(244, 55, 244)", 
  "Point": [
    {
      "Date": 20220712, 
      "Value" : 51.900002
    },
    {
      "Date": 20240205, 
      "Value" : 18.629999
    },
    {
      "Date": 20241008, 
      "Value" : 32.060001
    }
  ]
}