{
  "Color": "rgb(244, 55, 244)", 
  "Point": [
    {
      "Date": 20230925, 
      "Value" : 28.750000
    },
    {
      "Date": 20250409, 
      "Value" : 10.990000
    }
  ]
}