{
  "Color": "rgb(244, 55, 244)", 
  "Point": [
    {
      "Date": 20231215, 
      "Value" : 34.799999
    },
    {
      "Date": 20240918, 
      "Value" : 13.870000
    },
    {
      "Date": 20241216, 
      "Value" : 18.540001
    },
    {
      "Date": 20250407, 
      "Value" : 14.180000
    }
  ]
}