{
  "Color": "rgb(244, 55, 244)", 
  "Point": [
    {
      "Date": 20230216, 
      "Value" : 36.889999
    },
    {
      "Date": 20230224, 
      "Value" : 78.839996
    },
    {
      "Date": 20231102, 
      "Value" : 43.130001
    }
  ]
}