{
  "Color": "rgb(244, 55, 244)", 
  "Point": [
    {
      "Date": 20180601, 
      "Value" : 29.889999
    },
    {
      "Date": 20181025, 
      "Value" : 8.990000
    }
  ]
}