{
  "Color": "rgb(244, 55, 244)", 
  "Point": [
    {
      "Date": 20240704, 
      "Value" : 60.000000
    },
    {
      "Date": 20240918, 
      "Value" : 24.600000
    }
  ]
}