{
  "Color": "rgb(244, 55, 244)", 
  "Point": [
    {
      "Date": 20170929, 
      "Value" : 22.160000
    },
    {
      "Date": 20240208, 
      "Value" : 4.600000
    }
  ]
}