{
  "Color": "rgb(244, 55, 244)", 
  "Point": [
    {
      "Date": 20240129, 
      "Value" : 68.580002
    },
    {
      "Date": 20240918, 
      "Value" : 29.700001
    }
  ]
}