{
  "Color": "rgb(244, 55, 244)", 
  "Point": [
    {
      "Date": 20200428, 
      "Value" : 19.760000
    },
    {
      "Date": 20200811, 
      "Value" : 64.650002
    },
    {
      "Date": 20220427, 
      "Value" : 14.330000
    },
    {
      "Date": 20231201, 
      "Value" : 36.799999
    }
  ]
}