{
  "Color": "rgb(244, 55, 244)", 
  "Point": [
    {
      "Date": 20240112, 
      "Value" : 52.700001
    },
    {
      "Date": 20240206, 
      "Value" : 23.410000
    }
  ]
}