{
  "Color": "rgb(244, 55, 244)", 
  "Point": [
    {
      "Date": 20180427, 
      "Value" : 36.160000
    },
    {
      "Date": 20190812, 
      "Value" : 9.290000
    },
    {
      "Date": 20200804, 
      "Value" : 102.459999
    },
    {
      "Date": 20230707, 
      "Value" : 27.860001
    }
  ]
}