{
  "Color": "rgb(244, 55, 244)", 
  "Point": [
    {
      "Date": 20170912, 
      "Value" : 5.520000
    },
    {
      "Date": 20180528, 
      "Value" : 20.440001
    },
    {
      "Date": 20240208, 
      "Value" : 8.010000
    }
  ]
}