{
  "Color": "rgb(244, 55, 244)", 
  "Point": [
    {
      "Date": 20170522, 
      "Value" : 6.540000
    },
    {
      "Date": 20190412, 
      "Value" : 69.650002
    },
    {
      "Date": 20220506, 
      "Value" : 16.480000
    },
    {
      "Date": 20230811, 
      "Value" : 61.470001
    }
  ]
}