{
  "Color": "rgb(244, 55, 244)", 
  "Point": [
    {
      "Date": 20240704, 
      "Value" : 59.450001
    },
    {
      "Date": 20240918, 
      "Value" : 24.049999
    },
    {
      "Date": 20250320, 
      "Value" : 42.000000
    }
  ]
}