{
  "Color": "rgb(244, 55, 244)", 
  "Point": [
    {
      "Date": 20161110, 
      "Value" : 34.570000
    },
    {
      "Date": 20180917, 
      "Value" : 8.070000
    },
    {
      "Date": 20210218, 
      "Value" : 37.380001
    },
    {
      "Date": 20230612, 
      "Value" : 8.850000
    }
  ]
}