{
  "Color": "rgb(244, 55, 244)", 
  "Point": [
    {
      "Date": 20240110, 
      "Value" : 97.000000
    },
    {
      "Date": 20240206, 
      "Value" : 49.849998
    },
    {
      "Date": 20250428, 
      "Value" : 99.300003
    }
  ]
}