{
  "Color": "rgb(244, 55, 244)", 
  "Point": [
    {
      "Date": 20240304, 
      "Value" : 61.700001
    },
    {
      "Date": 20240718, 
      "Value" : 33.919998
    }
  ]
}