{
  "Color": "rgb(244, 55, 244)", 
  "Point": [
    {
      "Date": 20190125, 
      "Value" : 26.049999
    },
    {
      "Date": 20210114, 
      "Value" : 7.370000
    },
    {
      "Date": 20220712, 
      "Value" : 18.719999
    }
  ]
}