{
  "Color": "rgb(244, 55, 244)", 
  "Point": [
    {
      "Date": 20231220, 
      "Value" : 53.490002
    },
    {
      "Date": 20240206, 
      "Value" : 22.990000
    }
  ]
}