{
  "Color": "rgb(244, 55, 244)", 
  "Point": [
    {
      "Date": 20240731, 
      "Value" : 64.739998
    },
    {
      "Date": 20240918, 
      "Value" : 33.560001
    }
  ]
}