{
  "Color": "rgb(244, 55, 244)", 
  "Point": [
    {
      "Date": 20170411, 
      "Value" : 21.680000
    },
    {
      "Date": 20180620, 
      "Value" : 6.350000
    },
    {
      "Date": 20221206, 
      "Value" : 20.910000
    },
    {
      "Date": 20240206, 
      "Value" : 8.330000
    }
  ]
}