{
  "Color": "rgb(244, 55, 244)", 
  "Point": [
    {
      "Date": 20240704, 
      "Value" : 60.000000
    },
    {
      "Date": 20240717, 
      "Value" : 30.700001
    }
  ]
}