{
  "Color": "rgb(244, 55, 244)", 
  "Point": [
    {
      "Date": 20191223, 
      "Value" : 24.080000
    },
    {
      "Date": 20220427, 
      "Value" : 6.220000
    }
  ]
}