{
  "Color": "rgb(244, 55, 244)", 
  "Point": [
    {
      "Date": 20180427, 
      "Value" : 35.410000
    },
    {
      "Date": 20190812, 
      "Value" : 8.540000
    },
    {
      "Date": 20200804, 
      "Value" : 101.709999
    },
    {
      "Date": 20240205, 
      "Value" : 15.680000
    }
  ]
}