{
  "Color": "rgb(244, 55, 244)", 
  "Point": [
    {
      "Date": 20240110, 
      "Value" : 98.900002
    },
    {
      "Date": 20240206, 
      "Value" : 51.750000
    }
  ]
}