{
  "Color": "rgb(244, 55, 244)", 
  "Point": [
    {
      "Date": 20190416, 
      "Value" : 5.620000
    },
    {
      "Date": 20210106, 
      "Value" : 46.439999
    },
    {
      "Date": 20240918, 
      "Value" : 8.500000
    }
  ]
}