{
  "Color": "rgb(244, 55, 244)", 
  "Point": [
    {
      "Date": 20170913, 
      "Value" : 27.850000
    },
    {
      "Date": 20240719, 
      "Value" : 3.180000
    },
    {
      "Date": 20250325, 
      "Value" : 8.580000
    }
  ]
}