{
  "Color": "rgb(244, 55, 244)", 
  "Point": [
    {
      "Date": 20240321, 
      "Value" : 41.680000
    },
    {
      "Date": 20240718, 
      "Value" : 20.360001
    }
  ]
}