{
  "Color": "rgb(244, 55, 244)", 
  "Point": [
    {
      "Date": 20190523, 
      "Value" : 4.350000
    },
    {
      "Date": 20190807, 
      "Value" : 18.879999
    },
    {
      "Date": 20220316, 
      "Value" : 5.810000
    },
    {
      "Date": 20240329, 
      "Value" : 19.549999
    }
  ]
}