{
  "Color": "rgb(244, 55, 244)", 
  "Point": [
    {
      "Date": 20171017, 
      "Value" : 18.480000
    },
    {
      "Date": 20181012, 
      "Value" : 4.240000
    },
    {
      "Date": 20200903, 
      "Value" : 41.349998
    },
    {
      "Date": 20221031, 
      "Value" : 7.620000
    }
  ]
}