{
  "Color": "rgb(244, 55, 244)", 
  "Point": [
    {
      "Date": 20200429, 
      "Value" : 3.530000
    },
    {
      "Date": 20210803, 
      "Value" : 146.860001
    },
    {
      "Date": 20230608, 
      "Value" : 59.590000
    }
  ]
}