{
  "Color": "rgb(244, 55, 244)", 
  "Point": [
    {
      "Date": 20190125, 
      "Value" : 26.049999
    },
    {
      "Date": 20240208, 
      "Value" : 5.240000
    }
  ]
}