{
  "Color": "rgb(244, 55, 244)", 
  "Point": [
    {
      "Date": 20170913, 
      "Value" : 27.860001
    },
    {
      "Date": 20220429, 
      "Value" : 9.020000
    },
    {
      "Date": 20220909, 
      "Value" : 13.320000
    },
    {
      "Date": 20230425, 
      "Value" : 9.710000
    }
  ]
}