{
  "Color": "rgb(244, 55, 244)", 
  "Point": [
    {
      "Date": 20240304, 
      "Value" : 61.700001
    },
    {
      "Date": 20250409, 
      "Value" : 32.340000
    }
  ]
}