{
  "Color": "rgb(244, 55, 244)", 
  "Point": [
    {
      "Date": 20170929, 
      "Value" : 22.010000
    },
    {
      "Date": 20240208, 
      "Value" : 4.450000
    },
    {
      "Date": 20250401, 
      "Value" : 8.290000
    }
  ]
}