{
  "Color": "rgb(244, 55, 244)", 
  "Point": [
    {
      "Date": 20170912, 
      "Value" : 5.440000
    },
    {
      "Date": 20180528, 
      "Value" : 20.350000
    },
    {
      "Date": 20240208, 
      "Value" : 7.920000
    }
  ]
}