{
  "Color": "rgb(244, 55, 244)", 
  "Point": [
    {
      "Date": 20190416, 
      "Value" : 5.070000
    },
    {
      "Date": 20210106, 
      "Value" : 45.889999
    },
    {
      "Date": 20240918, 
      "Value" : 7.950000
    }
  ]
}