{
  "Color": "rgb(244, 55, 244)", 
  "Point": [
    {
      "Date": 20170913, 
      "Value" : 27.860001
    },
    {
      "Date": 20231023, 
      "Value" : 7.530000
    }
  ]
}