{
  "Color": "rgb(244, 55, 244)", 
  "Point": [
    {
      "Date": 20231220, 
      "Value" : 53.990002
    },
    {
      "Date": 20231222, 
      "Value" : 38.480000
    }
  ]
}