{
  "Color": "rgb(244, 55, 244)", 
  "Point": [
    {
      "Date": 20161124, 
      "Value" : 2.450000
    },
    {
      "Date": 20161219, 
      "Value" : 14.410000
    },
    {
      "Date": 20240220, 
      "Value" : 3.460000
    }
  ]
}