{
  "Color": "rgb(244, 55, 244)", 
  "Point": [
    {
      "Date": 20230224, 
      "Value" : 77.440002
    },
    {
      "Date": 20240918, 
      "Value" : 25.730000
    }
  ]
}