{
  "Color": "rgb(244, 55, 244)", 
  "Point": [
    {
      "Date": 20191223, 
      "Value" : 24.080000
    },
    {
      "Date": 20220427, 
      "Value" : 6.220000
    },
    {
      "Date": 20231108, 
      "Value" : 15.170000
    },
    {
      "Date": 20240208, 
      "Value" : 5.150000
    }
  ]
}