{
  "Color": "rgb(244, 55, 244)", 
  "Point": [
    {
      "Date": 20190416, 
      "Value" : 6.020000
    },
    {
      "Date": 20210106, 
      "Value" : 46.840000
    },
    {
      "Date": 20240205, 
      "Value" : 10.020000
    }
  ]
}