{
  "Color": "rgb(244, 55, 244)", 
  "Point": [
    {
      "Date": 20170913, 
      "Value" : 27.860001
    },
    {
      "Date": 20230913, 
      "Value" : 8.440000
    }
  ]
}