{
  "Color": "rgb(244, 55, 244)", 
  "Point": [
    {
      "Date": 20210407, 
      "Value" : 23.010000
    },
    {
      "Date": 20210810, 
      "Value" : 83.470001
    },
    {
      "Date": 20240206, 
      "Value" : 18.299999
    }
  ]
}