{
  "Color": "rgb(244, 55, 244)", 
  "Point": [
    {
      "Date": 20180313, 
      "Value" : 30.690001
    },
    {
      "Date": 20220427, 
      "Value" : 9.550000
    },
    {
      "Date": 20230208, 
      "Value" : 16.950001
    }
  ]
}