{
  "Color": "rgb(244, 55, 244)", 
  "Point": [
    {
      "Date": 20240129, 
      "Value" : 68.580002
    },
    {
      "Date": 20250409, 
      "Value" : 28.330000
    }
  ]
}