{
  "Color": "rgb(244, 55, 244)", 
  "Point": [
    {
      "Date": 20170411, 
      "Value" : 21.350000
    },
    {
      "Date": 20180620, 
      "Value" : 6.020000
    },
    {
      "Date": 20221206, 
      "Value" : 20.570000
    },
    {
      "Date": 20240206, 
      "Value" : 8.000000
    }
  ]
}