{
  "Color": "rgb(244, 55, 244)", 
  "Point": [
    {
      "Date": 20210407, 
      "Value" : 18.950001
    },
    {
      "Date": 20210810, 
      "Value" : 69.330002
    },
    {
      "Date": 20240206, 
      "Value" : 15.030000
    }
  ]
}