{
  "Color": "rgb(244, 55, 244)", 
  "Point": [
    {
      "Date": 20170929, 
      "Value" : 22.160000
    },
    {
      "Date": 20220428, 
      "Value" : 5.380000
    },
    {
      "Date": 20230724, 
      "Value" : 8.040000
    }
  ]
}