{
  "Color": "rgb(244, 55, 244)", 
  "Point": [
    {
      "Date": 20200429, 
      "Value" : 3.210000
    },
    {
      "Date": 20210803, 
      "Value" : 146.539993
    },
    {
      "Date": 20231026, 
      "Value" : 39.820000
    }
  ]
}