{
  "Color": "rgb(244, 55, 244)", 
  "Point": [
    {
      "Date": 20240626, 
      "Value" : 44.990002
    },
    {
      "Date": 20240718, 
      "Value" : 23.330000
    }
  ]
}