{
  "Color": "rgb(244, 55, 244)", 
  "Point": [
    {
      "Date": 20230224, 
      "Value" : 78.839996
    },
    {
      "Date": 20240206, 
      "Value" : 30.809999
    }
  ]
}