{
  "Color": "rgb(244, 55, 244)", 
  "Point": [
    {
      "Date": 20240626, 
      "Value" : 44.990002
    },
    {
      "Date": 20250409, 
      "Value" : 18.000000
    }
  ]
}