{
  "Color": "rgb(244, 55, 244)", 
  "Point": [
    {
      "Date": 20140703, 
      "Value" : 4.860000
    },
    {
      "Date": 20210108, 
      "Value" : 65.230003
    },
    {
      "Date": 20221031, 
      "Value" : 35.950001
    },
    {
      "Date": 20230407, 
      "Value" : 65.970001
    }
  ]
}