{
  "Color": "rgb(244, 55, 244)", 
  "Point": [
    {
      "Date": 20240301, 
      "Value" : 50.009998
    },
    {
      "Date": 20240304, 
      "Value" : 62.200001
    }
  ]
}