{
  "Color": "rgb(244, 55, 244)", 
  "Point": [
    {
      "Date": 20190523, 
      "Value" : 5.080000
    },
    {
      "Date": 20190807, 
      "Value" : 21.070000
    },
    {
      "Date": 20220316, 
      "Value" : 6.690000
    }
  ]
}