{
  "Color": "rgb(244, 55, 244)", 
  "Point": [
    {
      "Date": 20170510, 
      "Value" : 14.680000
    },
    {
      "Date": 20200428, 
      "Value" : 3.650000
    },
    {
      "Date": 20220407, 
      "Value" : 5.640000
    },
    {
      "Date": 20231211, 
      "Value" : 4.070000
    }
  ]
}