{
  "Color": "rgb(244, 55, 244)", 
  "Point": [
    {
      "Date": 20200428, 
      "Value" : 20.059999
    },
    {
      "Date": 20200811, 
      "Value" : 64.949997
    },
    {
      "Date": 20220427, 
      "Value" : 14.630000
    },
    {
      "Date": 20221118, 
      "Value" : 22.040001
    }
  ]
}