{
  "Color": "rgb(244, 55, 244)", 
  "Point": [
    {
      "Date": 20240110, 
      "Value" : 97.599998
    },
    {
      "Date": 20240206, 
      "Value" : 50.450001
    }
  ]
}