{
  "Color": "rgb(244, 55, 244)", 
  "Point": [
    {
      "Date": 20180601, 
      "Value" : 28.990000
    },
    {
      "Date": 20181025, 
      "Value" : 8.090000
    },
    {
      "Date": 20240605, 
      "Value" : 19.000000
    }
  ]
}