{
  "Color": "rgb(244, 55, 244)", 
  "Point": [
    {
      "Date": 20170502, 
      "Value" : 8.470000
    },
    {
      "Date": 20171012, 
      "Value" : 39.299999
    },
    {
      "Date": 20210208, 
      "Value" : 8.500000
    },
    {
      "Date": 20220321, 
      "Value" : 16.170000
    }
  ]
}