{
  "Color": "rgb(244, 55, 244)", 
  "Point": [
    {
      "Date": 20161124, 
      "Value" : 2.450000
    },
    {
      "Date": 20161219, 
      "Value" : 14.410000
    },
    {
      "Date": 20240709, 
      "Value" : 2.780000
    },
    {
      "Date": 20250409, 
      "Value" : 6.970000
    }
  ]
}