{
  "Color": "rgb(244, 55, 244)", 
  "Point": [
    {
      "Date": 20200428, 
      "Value" : 19.760000
    },
    {
      "Date": 20200811, 
      "Value" : 64.650002
    },
    {
      "Date": 20240208, 
      "Value" : 12.530000
    }
  ]
}