{
  "Color": "rgb(244, 55, 244)", 
  "Point": [
    {
      "Date": 20170913, 
      "Value" : 27.860001
    },
    {
      "Date": 20240208, 
      "Value" : 3.640000
    }
  ]
}