{
  "Color": "rgb(244, 55, 244)", 
  "Point": [
    {
      "Date": 20190125, 
      "Value" : 25.900000
    },
    {
      "Date": 20240208, 
      "Value" : 5.090000
    },
    {
      "Date": 20250327, 
      "Value" : 11.150000
    }
  ]
}