{
  "Color": "rgb(244, 55, 244)", 
  "Point": [
    {
      "Date": 20240626, 
      "Value" : 44.990002
    },
    {
      "Date": 20240918, 
      "Value" : 19.270000
    }
  ]
}