{
  "Color": "rgb(244, 55, 244)", 
  "Point": [
    {
      "Date": 20170522, 
      "Value" : 8.940000
    },
    {
      "Date": 20190412, 
      "Value" : 84.680000
    },
    {
      "Date": 20220506, 
      "Value" : 20.870001
    },
    {
      "Date": 20230811, 
      "Value" : 74.860001
    }
  ]
}