{
  "Color": "rgb(244, 55, 244)", 
  "Point": [
    {
      "Date": 20180102, 
      "Value" : 20.240000
    },
    {
      "Date": 20190131, 
      "Value" : 6.290000
    },
    {
      "Date": 20230406, 
      "Value" : 37.180000
    }
  ]
}