{
  "Color": "rgb(244, 55, 244)", 
  "Point": [
    {
      "Date": 20200804, 
      "Value" : 28.170000
    },
    {
      "Date": 20220427, 
      "Value" : 9.310000
    },
    {
      "Date": 20230324, 
      "Value" : 12.270000
    }
  ]
}