{
  "Color": "rgb(244, 55, 244)", 
  "Point": [
    {
      "Date": 20170124, 
      "Value" : 2.550000
    },
    {
      "Date": 20200709, 
      "Value" : 35.500000
    },
    {
      "Date": 20230628, 
      "Value" : 8.480000
    }
  ]
}