{
  "Color": "rgb(244, 55, 244)", 
  "Point": [
    {
      "Date": 20191111, 
      "Value" : 32.240002
    },
    {
      "Date": 20211026, 
      "Value" : 215.639999
    },
    {
      "Date": 20240206, 
      "Value" : 29.100000
    }
  ]
}