{
  "Color": "rgb(244, 55, 244)", 
  "Point": [
    {
      "Date": 20200804, 
      "Value" : 28.170000
    },
    {
      "Date": 20240208, 
      "Value" : 9.240000
    }
  ]
}