{
  "Color": "rgb(244, 55, 244)", 
  "Point": [
    {
      "Date": 20161011, 
      "Value" : 11.330000
    },
    {
      "Date": 20161111, 
      "Value" : 43.750000
    },
    {
      "Date": 20220425, 
      "Value" : 5.640000
    },
    {
      "Date": 20230410, 
      "Value" : 12.050000
    }
  ]
}