{
  "Color": "rgb(244, 55, 244)", 
  "Point": [
    {
      "Date": 20191111, 
      "Value" : 22.309999
    },
    {
      "Date": 20211026, 
      "Value" : 153.309998
    },
    {
      "Date": 20240709, 
      "Value" : 17.049999
    }
  ]
}