{
  "Color": "rgb(244, 55, 244)", 
  "Point": [
    {
      "Date": 20180102, 
      "Value" : 20.200001
    },
    {
      "Date": 20190131, 
      "Value" : 6.250000
    },
    {
      "Date": 20231211, 
      "Value" : 38.070000
    }
  ]
}