{
  "Color": "rgb(244, 55, 244)", 
  "Point": [
    {
      "Date": 20171016, 
      "Value" : 5.330000
    },
    {
      "Date": 20171101, 
      "Value" : 20.969999
    },
    {
      "Date": 20220427, 
      "Value" : 5.500000
    },
    {
      "Date": 20241030, 
      "Value" : 30.299999
    }
  ]
}