{
  "Color": "rgb(244, 55, 244)", 
  "Point": [
    {
      "Date": 20200804, 
      "Value" : 27.500000
    },
    {
      "Date": 20240208, 
      "Value" : 8.570000
    }
  ]
}