{
  "Color": "rgb(244, 55, 244)", 
  "Point": [
    {
      "Date": 20171116, 
      "Value" : 33.540001
    },
    {
      "Date": 20200204, 
      "Value" : 7.950000
    },
    {
      "Date": 20220221, 
      "Value" : 15.940000
    },
    {
      "Date": 20231023, 
      "Value" : 8.580000
    }
  ]
}