{
  "Color": "rgb(244, 55, 244)", 
  "Point": [
    {
      "Date": 20191111, 
      "Value" : 22.309999
    },
    {
      "Date": 20211026, 
      "Value" : 153.309998
    },
    {
      "Date": 20240924, 
      "Value" : 15.830000
    },
    {
      "Date": 20250312, 
      "Value" : 34.119999
    }
  ]
}