{
  "Color": "rgb(244, 55, 244)", 
  "Point": [
    {
      "Date": 20180102, 
      "Value" : 20.200001
    },
    {
      "Date": 20190131, 
      "Value" : 6.250000
    },
    {
      "Date": 20230406, 
      "Value" : 37.150002
    },
    {
      "Date": 20230908, 
      "Value" : 25.350000
    }
  ]
}