{
  "Color": "rgb(244, 55, 244)", 
  "Point": [
    {
      "Date": 20170124, 
      "Value" : 2.400000
    },
    {
      "Date": 20200709, 
      "Value" : 35.349998
    },
    {
      "Date": 20240828, 
      "Value" : 3.420000
    }
  ]
}