{
  "Color": "rgb(244, 55, 244)", 
  "Point": [
    {
      "Date": 20171016, 
      "Value" : 5.360000
    },
    {
      "Date": 20171101, 
      "Value" : 21.000000
    },
    {
      "Date": 20220427, 
      "Value" : 5.530000
    },
    {
      "Date": 20230206, 
      "Value" : 10.470000
    }
  ]
}