{
  "Color": "rgb(244, 55, 244)", 
  "Point": [
    {
      "Date": 20200428, 
      "Value" : 8.470000
    },
    {
      "Date": 20200710, 
      "Value" : 43.750000
    },
    {
      "Date": 20220427, 
      "Value" : 10.860000
    },
    {
      "Date": 20230504, 
      "Value" : 20.549999
    }
  ]
}