{
  "Color": "rgb(244, 55, 244)", 
  "Point": [
    {
      "Date": 20150424, 
      "Value" : 12.830000
    },
    {
      "Date": 20150528, 
      "Value" : 58.820000
    },
    {
      "Date": 20240205, 
      "Value" : 8.690000
    }
  ]
}