{
  "Color": "rgb(244, 55, 244)", 
  "Point": [
    {
      "Date": 20220309, 
      "Value" : 14.540000
    },
    {
      "Date": 20230410, 
      "Value" : 48.779999
    },
    {
      "Date": 20231227, 
      "Value" : 23.920000
    }
  ]
}