{
  "Color": "rgb(244, 55, 244)", 
  "Point": [
    {
      "Date": 20200117, 
      "Value" : 22.350000
    },
    {
      "Date": 20220427, 
      "Value" : 4.870000
    },
    {
      "Date": 20230704, 
      "Value" : 11.930000
    }
  ]
}