{
  "Color": "rgb(244, 55, 244)", 
  "Point": [
    {
      "Date": 20150527, 
      "Value" : 4.230000
    },
    {
      "Date": 20151130, 
      "Value" : 37.959999
    },
    {
      "Date": 20190806, 
      "Value" : 7.000000
    },
    {
      "Date": 20231219, 
      "Value" : 29.160000
    }
  ]
}