{
  "Color": "rgb(244, 55, 244)", 
  "Point": [
    {
      "Date": 20170921, 
      "Value" : 5.250000
    },
    {
      "Date": 20171114, 
      "Value" : 73.209999
    },
    {
      "Date": 20220427, 
      "Value" : 12.170000
    },
    {
      "Date": 20230615, 
      "Value" : 38.520000
    }
  ]
}