{
  "Color": "rgb(244, 55, 244)", 
  "Point": [
    {
      "Date": 20201222, 
      "Value" : 5.240000
    },
    {
      "Date": 20210817, 
      "Value" : 19.809999
    },
    {
      "Date": 20221031, 
      "Value" : 8.610000
    },
    {
      "Date": 20230410, 
      "Value" : 11.930000
    }
  ]
}