{
  "Color": "rgb(244, 55, 244)", 
  "Point": [
    {
      "Date": 20200117, 
      "Value" : 23.450001
    },
    {
      "Date": 20220427, 
      "Value" : 5.970000
    },
    {
      "Date": 20230704, 
      "Value" : 13.030000
    }
  ]
}