{
  "Color": "rgb(244, 55, 244)", 
  "Point": [
    {
      "Date": 20210607, 
      "Value" : 43.500000
    },
    {
      "Date": 20221031, 
      "Value" : 13.300000
    },
    {
      "Date": 20230724, 
      "Value" : 17.490000
    }
  ]
}