{
  "Color": "rgb(244, 55, 244)", 
  "Point": [
    {
      "Date": 20160503, 
      "Value" : 4.060000
    },
    {
      "Date": 20160627, 
      "Value" : 37.490002
    },
    {
      "Date": 20220427, 
      "Value" : 4.590000
    },
    {
      "Date": 20231120, 
      "Value" : 14.500000
    }
  ]
}