{
  "Color": "rgb(244, 55, 244)", 
  "Point": [
    {
      "Date": 20190805, 
      "Value" : 7.790000
    },
    {
      "Date": 20200513, 
      "Value" : 36.090000
    },
    {
      "Date": 20220427, 
      "Value" : 8.420000
    },
    {
      "Date": 20240613, 
      "Value" : 30.510000
    }
  ]
}