{
  "Color": "rgb(244, 55, 244)", 
  "Point": [
    {
      "Date": 20210607, 
      "Value" : 42.750000
    },
    {
      "Date": 20240206, 
      "Value" : 9.770000
    },
    {
      "Date": 20250121, 
      "Value" : 18.500000
    }
  ]
}