{
  "Color": "rgb(244, 55, 244)", 
  "Point": [
    {
      "Date": 20180201, 
      "Value" : 6.540000
    },
    {
      "Date": 20200619, 
      "Value" : 22.450001
    },
    {
      "Date": 20240207, 
      "Value" : 6.180000
    }
  ]
}