{
  "Color": "rgb(244, 55, 244)", 
  "Point": [
    {
      "Date": 20161202, 
      "Value" : 8.140000
    },
    {
      "Date": 20171116, 
      "Value" : 57.430000
    },
    {
      "Date": 20240424, 
      "Value" : 3.360000
    }
  ]
}