{
  "Color": "rgb(244, 55, 244)", 
  "Point": [
    {
      "Date": 20190805, 
      "Value" : 8.050000
    },
    {
      "Date": 20200513, 
      "Value" : 36.349998
    },
    {
      "Date": 20220427, 
      "Value" : 8.680000
    }
  ]
}