{
  "Color": "rgb(244, 55, 244)", 
  "Point": [
    {
      "Date": 20220309, 
      "Value" : 13.670000
    },
    {
      "Date": 20230410, 
      "Value" : 47.919998
    },
    {
      "Date": 20231227, 
      "Value" : 23.049999
    },
    {
      "Date": 20241008, 
      "Value" : 40.599998
    }
  ]
}