{
  "Color": "rgb(244, 55, 244)", 
  "Point": [
    {
      "Date": 20150424, 
      "Value" : 13.030000
    },
    {
      "Date": 20150528, 
      "Value" : 59.020000
    },
    {
      "Date": 20210114, 
      "Value" : 10.030000
    }
  ]
}