{
  "Color": "rgb(244, 55, 244)", 
  "Point": [
    {
      "Date": 20161202, 
      "Value" : 8.140000
    },
    {
      "Date": 20171116, 
      "Value" : 57.430000
    },
    {
      "Date": 20230601, 
      "Value" : 6.010000
    },
    {
      "Date": 20231102, 
      "Value" : 9.590000
    }
  ]
}