{
  "Color": "rgb(244, 55, 244)", 
  "Point": [
    {
      "Date": 20141210, 
      "Value" : 32.529999
    },
    {
      "Date": 20181019, 
      "Value" : 8.670000
    },
    {
      "Date": 20190410, 
      "Value" : 12.840000
    },
    {
      "Date": 20210209, 
      "Value" : 4.050000
    }
  ]
}