{
  "Color": "rgb(244, 55, 244)", 
  "Point": [
    {
      "Date": 20141210, 
      "Value" : 32.630001
    },
    {
      "Date": 20181019, 
      "Value" : 8.770000
    },
    {
      "Date": 20190410, 
      "Value" : 12.940000
    },
    {
      "Date": 20210209, 
      "Value" : 4.150000
    }
  ]
}