{
  "Color": "rgb(244, 55, 244)", 
  "Point": [
    {
      "Date": 20220309, 
      "Value" : 14.880000
    },
    {
      "Date": 20230410, 
      "Value" : 49.130001
    }
  ]
}