{
  "Color": "rgb(244, 55, 244)", 
  "Point": [
    {
      "Date": 20161104, 
      "Value" : 44.779999
    },
    {
      "Date": 20211103, 
      "Value" : 6.120000
    },
    {
      "Date": 20230818, 
      "Value" : 17.920000
    }
  ]
}