{
  "Color": "rgb(244, 55, 244)", 
  "Point": [
    {
      "Date": 20220309, 
      "Value" : 14.000000
    },
    {
      "Date": 20230410, 
      "Value" : 48.250000
    },
    {
      "Date": 20231227, 
      "Value" : 23.389999
    },
    {
      "Date": 20240510, 
      "Value" : 37.849998
    }
  ]
}