{
  "Color": "rgb(244, 55, 244)", 
  "Point": [
    {
      "Date": 20200117, 
      "Value" : 22.650000
    },
    {
      "Date": 20220427, 
      "Value" : 5.170000
    },
    {
      "Date": 20230704, 
      "Value" : 12.230000
    }
  ]
}