{
  "Color": "rgb(244, 55, 244)", 
  "Point": [
    {
      "Date": 20141210, 
      "Value" : 32.270000
    },
    {
      "Date": 20181019, 
      "Value" : 8.410000
    },
    {
      "Date": 20190410, 
      "Value" : 12.580000
    },
    {
      "Date": 20210209, 
      "Value" : 3.790000
    }
  ]
}