{
  "Color": "rgb(244, 55, 244)", 
  "Point": [
    {
      "Date": 20171023, 
      "Value" : 27.270000
    },
    {
      "Date": 20200204, 
      "Value" : 9.730000
    },
    {
      "Date": 20201015, 
      "Value" : 38.160000
    },
    {
      "Date": 20230601, 
      "Value" : 14.640000
    }
  ]
}