{
  "Color": "rgb(244, 55, 244)", 
  "Point": [
    {
      "Date": 20170327, 
      "Value" : 39.580002
    },
    {
      "Date": 20210205, 
      "Value" : 12.770000
    },
    {
      "Date": 20220826, 
      "Value" : 22.580000
    },
    {
      "Date": 20240207, 
      "Value" : 9.040000
    }
  ]
}