{
  "Color": "rgb(244, 55, 244)", 
  "Point": [
    {
      "Date": 20161104, 
      "Value" : 44.709999
    },
    {
      "Date": 20211103, 
      "Value" : 6.050000
    },
    {
      "Date": 20230818, 
      "Value" : 17.850000
    },
    {
      "Date": 20240709, 
      "Value" : 6.330000
    }
  ]
}