{
  "Color": "rgb(244, 55, 244)", 
  "Point": [
    {
      "Date": 20180612, 
      "Value" : 17.240000
    },
    {
      "Date": 20200818, 
      "Value" : 86.730003
    },
    {
      "Date": 20230918, 
      "Value" : 29.100000
    }
  ]
}