{
  "Color": "rgb(244, 55, 244)", 
  "Point": [
    {
      "Date": 20171204, 
      "Value" : 25.100000
    },
    {
      "Date": 20210208, 
      "Value" : 8.340000
    },
    {
      "Date": 20230614, 
      "Value" : 17.049999
    },
    {
      "Date": 20240606, 
      "Value" : 9.960000
    }
  ]
}