{
  "Color": "rgb(244, 55, 244)", 
  "Point": [
    {
      "Date": 20150122, 
      "Value" : 0.120000
    },
    {
      "Date": 20200310, 
      "Value" : 13.590000
    },
    {
      "Date": 20240208, 
      "Value" : 2.310000
    }
  ]
}