{
  "Color": "rgb(244, 55, 244)", 
  "Point": [
    {
      "Date": 20200605, 
      "Value" : 13.590000
    },
    {
      "Date": 20220427, 
      "Value" : 4.410000
    },
    {
      "Date": 20230728, 
      "Value" : 8.920000
    }
  ]
}