{
  "Color": "rgb(244, 55, 244)", 
  "Point": [
    {
      "Date": 20190730, 
      "Value" : 3.800000
    },
    {
      "Date": 20221122, 
      "Value" : 90.709999
    },
    {
      "Date": 20240208, 
      "Value" : 15.210000
    }
  ]
}