{
  "Color": "rgb(244, 55, 244)", 
  "Point": [
    {
      "Date": 20170317, 
      "Value" : 20.820000
    },
    {
      "Date": 20210208, 
      "Value" : 6.050000
    },
    {
      "Date": 20211217, 
      "Value" : 12.420000
    },
    {
      "Date": 20240207, 
      "Value" : 4.910000
    }
  ]
}