{
  "Color": "rgb(244, 55, 244)", 
  "Point": [
    {
      "Date": 20190726, 
      "Value" : 8.680000
    },
    {
      "Date": 20190808, 
      "Value" : 24.799999
    },
    {
      "Date": 20210809, 
      "Value" : 7.110000
    },
    {
      "Date": 20220120, 
      "Value" : 13.370000
    }
  ]
}