{
  "Color": "rgb(244, 55, 244)", 
  "Point": [
    {
      "Date": 20200605, 
      "Value" : 13.370000
    },
    {
      "Date": 20240828, 
      "Value" : 3.230000
    }
  ]
}