{
  "Color": "rgb(244, 55, 244)", 
  "Point": [
    {
      "Date": 20171204, 
      "Value" : 25.080000
    },
    {
      "Date": 20210208, 
      "Value" : 8.330000
    },
    {
      "Date": 20230614, 
      "Value" : 17.040001
    },
    {
      "Date": 20240606, 
      "Value" : 9.950000
    }
  ]
}