{
  "Color": "rgb(244, 55, 244)", 
  "Point": [
    {
      "Date": 20171204, 
      "Value" : 25.250000
    },
    {
      "Date": 20210208, 
      "Value" : 8.490000
    },
    {
      "Date": 20230614, 
      "Value" : 17.200001
    },
    {
      "Date": 20240208, 
      "Value" : 10.380000
    }
  ]
}