{
  "Color": "rgb(244, 55, 244)", 
  "Point": [
    {
      "Date": 20150122, 
      "Value" : 0.180000
    },
    {
      "Date": 20200310, 
      "Value" : 13.650000
    },
    {
      "Date": 20230627, 
      "Value" : 4.050000
    }
  ]
}