{
  "Color": "rgb(244, 55, 244)", 
  "Point": [
    {
      "Date": 20170120, 
      "Value" : 1.150000
    },
    {
      "Date": 20210125, 
      "Value" : 65.050003
    },
    {
      "Date": 20240202, 
      "Value" : 13.250000
    }
  ]
}