{
  "Color": "rgb(244, 55, 244)", 
  "Point": [
    {
      "Date": 20141230, 
      "Value" : 3.850000
    },
    {
      "Date": 20151217, 
      "Value" : 24.459999
    },
    {
      "Date": 20240206, 
      "Value" : 7.110000
    }
  ]
}