{
  "Color": "rgb(244, 55, 244)", 
  "Point": [
    {
      "Date": 20150122, 
      "Value" : 0.090000
    },
    {
      "Date": 20200310, 
      "Value" : 13.560000
    },
    {
      "Date": 20240208, 
      "Value" : 2.280000
    }
  ]
}