{
  "Color": "rgb(244, 55, 244)", 
  "Point": [
    {
      "Date": 20170810, 
      "Value" : 6.860000
    },
    {
      "Date": 20170901, 
      "Value" : 30.290001
    },
    {
      "Date": 20211102, 
      "Value" : 8.460000
    },
    {
      "Date": 20250307, 
      "Value" : 21.620001
    }
  ]
}