{
  "Color": "rgb(244, 55, 244)", 
  "Point": [
    {
      "Date": 20180828, 
      "Value" : 42.240002
    },
    {
      "Date": 20220428, 
      "Value" : 11.390000
    },
    {
      "Date": 20230710, 
      "Value" : 17.799999
    }
  ]
}