{
  "Color": "rgb(244, 55, 244)", 
  "Point": [
    {
      "Date": 20200605, 
      "Value" : 13.590000
    },
    {
      "Date": 20240208, 
      "Value" : 3.610000
    }
  ]
}