{
  "Color": "rgb(244, 55, 244)", 
  "Point": [
    {
      "Date": 20170120, 
      "Value" : 1.030000
    },
    {
      "Date": 20210125, 
      "Value" : 64.930000
    },
    {
      "Date": 20240202, 
      "Value" : 13.130000
    }
  ]
}