{
  "Color": "rgb(244, 55, 244)", 
  "Point": [
    {
      "Date": 20171020, 
      "Value" : 7.710000
    },
    {
      "Date": 20171103, 
      "Value" : 20.469999
    },
    {
      "Date": 20200204, 
      "Value" : 5.840000
    },
    {
      "Date": 20211202, 
      "Value" : 13.550000
    }
  ]
}