{
  "Color": "rgb(244, 55, 244)", 
  "Point": [
    {
      "Date": 20180116, 
      "Value" : 51.610001
    },
    {
      "Date": 20210201, 
      "Value" : 7.380000
    },
    {
      "Date": 20220615, 
      "Value" : 25.330000
    },
    {
      "Date": 20230613, 
      "Value" : 15.480000
    }
  ]
}