{
  "Color": "rgb(244, 55, 244)", 
  "Point": [
    {
      "Date": 20191029, 
      "Value" : 25.950001
    },
    {
      "Date": 20201229, 
      "Value" : 12.320000
    },
    {
      "Date": 20211025, 
      "Value" : 26.930000
    },
    {
      "Date": 20230504, 
      "Value" : 11.020000
    }
  ]
}