{
  "Color": "rgb(244, 55, 244)", 
  "Point": [
    {
      "Date": 20150122, 
      "Value" : 0.150000
    },
    {
      "Date": 20200310, 
      "Value" : 13.620000
    },
    {
      "Date": 20240208, 
      "Value" : 2.340000
    }
  ]
}