{
  "Color": "rgb(244, 55, 244)", 
  "Point": [
    {
      "Date": 20170810, 
      "Value" : 6.920000
    },
    {
      "Date": 20170901, 
      "Value" : 30.350000
    },
    {
      "Date": 20211102, 
      "Value" : 8.520000
    },
    {
      "Date": 20230208, 
      "Value" : 15.200000
    }
  ]
}