{
  "Color": "rgb(244, 55, 244)", 
  "Point": [
    {
      "Date": 20190308, 
      "Value" : 27.879999
    },
    {
      "Date": 20220427, 
      "Value" : 7.350000
    },
    {
      "Date": 20231031, 
      "Value" : 37.650002
    }
  ]
}