{
  "Color": "rgb(244, 55, 244)", 
  "Point": [
    {
      "Date": 20191029, 
      "Value" : 24.950001
    },
    {
      "Date": 20201229, 
      "Value" : 11.320000
    },
    {
      "Date": 20211025, 
      "Value" : 25.930000
    },
    {
      "Date": 20240206, 
      "Value" : 7.350000
    }
  ]
}