{
  "Color": "rgb(244, 55, 244)", 
  "Point": [
    {
      "Date": 20170217, 
      "Value" : 7.800000
    },
    {
      "Date": 20170518, 
      "Value" : 53.639999
    },
    {
      "Date": 20240117, 
      "Value" : 0.910000
    }
  ]
}