{
  "Color": "rgb(244, 55, 244)", 
  "Point": [
    {
      "Date": 20200605, 
      "Value" : 13.810000
    },
    {
      "Date": 20220427, 
      "Value" : 4.630000
    }
  ]
}