{
  "Color": "rgb(244, 55, 244)", 
  "Point": [
    {
      "Date": 20190730, 
      "Value" : 3.590000
    },
    {
      "Date": 20221122, 
      "Value" : 90.489998
    },
    {
      "Date": 20240208, 
      "Value" : 15.000000
    },
    {
      "Date": 20250217, 
      "Value" : 30.910000
    }
  ]
}