{
  "Color": "rgb(244, 55, 244)", 
  "Point": [
    {
      "Date": 20170317, 
      "Value" : 20.950001
    },
    {
      "Date": 20210208, 
      "Value" : 6.180000
    },
    {
      "Date": 20211217, 
      "Value" : 12.550000
    },
    {
      "Date": 20240207, 
      "Value" : 5.040000
    }
  ]
}