{
  "Color": "rgb(244, 55, 244)", 
  "Point": [
    {
      "Date": 20190730, 
      "Value" : 3.800000
    },
    {
      "Date": 20221122, 
      "Value" : 90.709999
    },
    {
      "Date": 20230601, 
      "Value" : 30.690001
    }
  ]
}