{
  "Color": "rgb(244, 55, 244)", 
  "Point": [
    {
      "Date": 20190603, 
      "Value" : 15.350000
    },
    {
      "Date": 20200204, 
      "Value" : 6.290000
    },
    {
      "Date": 20200901, 
      "Value" : 23.740000
    },
    {
      "Date": 20240208, 
      "Value" : 5.660000
    }
  ]
}