{
  "Color": "rgb(244, 55, 244)", 
  "Point": [
    {
      "Date": 20141230, 
      "Value" : 3.800000
    },
    {
      "Date": 20151217, 
      "Value" : 24.410000
    },
    {
      "Date": 20240206, 
      "Value" : 7.060000
    }
  ]
}