{
  "Color": "rgb(244, 55, 244)", 
  "Point": [
    {
      "Date": 20170120, 
      "Value" : 1.150000
    },
    {
      "Date": 20210125, 
      "Value" : 65.050003
    },
    {
      "Date": 20221012, 
      "Value" : 13.430000
    },
    {
      "Date": 20230221, 
      "Value" : 21.990000
    }
  ]
}