{
  "Color": "rgb(244, 55, 244)", 
  "Point": [
    {
      "Date": 20151231, 
      "Value" : 4.300000
    },
    {
      "Date": 20170615, 
      "Value" : 14.950000
    },
    {
      "Date": 20240827, 
      "Value" : 2.550000
    }
  ]
}