{
  "Color": "rgb(244, 55, 244)", 
  "Point": [
    {
      "Date": 20181012, 
      "Value" : 16.040001
    },
    {
      "Date": 20190417, 
      "Value" : 39.939999
    },
    {
      "Date": 20240208, 
      "Value" : 9.170000
    }
  ]
}