{
  "Color": "rgb(244, 55, 244)", 
  "Point": [
    {
      "Date": 20170531, 
      "Value" : 25.049999
    },
    {
      "Date": 20191121, 
      "Value" : 3.060000
    },
    {
      "Date": 20220721, 
      "Value" : 12.750000
    },
    {
      "Date": 20240206, 
      "Value" : 6.130000
    }
  ]
}