{
  "Color": "rgb(244, 55, 244)", 
  "Point": [
    {
      "Date": 20210413, 
      "Value" : 30.600000
    },
    {
      "Date": 20240206, 
      "Value" : 5.190000
    }
  ]
}