{
  "Color": "rgb(244, 55, 244)", 
  "Point": [
    {
      "Date": 20190116, 
      "Value" : 9.690000
    },
    {
      "Date": 20190603, 
      "Value" : 29.900000
    },
    {
      "Date": 20240208, 
      "Value" : 7.600000
    }
  ]
}