{
  "Color": "rgb(244, 55, 244)", 
  "Point": [
    {
      "Date": 20170509, 
      "Value" : 10.030000
    },
    {
      "Date": 20170518, 
      "Value" : 23.910000
    },
    {
      "Date": 20191203, 
      "Value" : 9.880000
    },
    {
      "Date": 20230703, 
      "Value" : 82.500000
    }
  ]
}