{
  "Color": "rgb(244, 55, 244)", 
  "Point": [
    {
      "Date": 20200224, 
      "Value" : 15.940000
    },
    {
      "Date": 20200715, 
      "Value" : 86.290001
    },
    {
      "Date": 20240717, 
      "Value" : 10.980000
    }
  ]
}