{
  "Color": "rgb(244, 55, 244)", 
  "Point": [
    {
      "Date": 20190122, 
      "Value" : 13.240000
    },
    {
      "Date": 20200819, 
      "Value" : 37.939999
    },
    {
      "Date": 20220519, 
      "Value" : 11.950000
    },
    {
      "Date": 20220729, 
      "Value" : 17.580000
    }
  ]
}