{
  "Color": "rgb(244, 55, 244)", 
  "Point": [
    {
      "Date": 20210413, 
      "Value" : 30.870001
    },
    {
      "Date": 20231221, 
      "Value" : 7.890000
    }
  ]
}