{
  "Color": "rgb(244, 55, 244)", 
  "Point": [
    {
      "Date": 20180523, 
      "Value" : 45.770000
    },
    {
      "Date": 20220427, 
      "Value" : 9.130000
    },
    {
      "Date": 20231117, 
      "Value" : 30.260000
    }
  ]
}