{
  "Color": "rgb(244, 55, 244)", 
  "Point": [
    {
      "Date": 20160516, 
      "Value" : 4.390000
    },
    {
      "Date": 20170104, 
      "Value" : 35.860001
    },
    {
      "Date": 20200317, 
      "Value" : 4.870000
    },
    {
      "Date": 20230621, 
      "Value" : 14.110000
    }
  ]
}