{
  "Color": "rgb(244, 55, 244)", 
  "Point": [
    {
      "Date": 20161205, 
      "Value" : 68.599998
    },
    {
      "Date": 20220427, 
      "Value" : 9.270000
    },
    {
      "Date": 20220923, 
      "Value" : 15.680000
    },
    {
      "Date": 20240206, 
      "Value" : 8.320000
    }
  ]
}