{
  "Color": "rgb(244, 55, 244)", 
  "Point": [
    {
      "Date": 20150120, 
      "Value" : 5.810000
    },
    {
      "Date": 20150528, 
      "Value" : 44.049999
    },
    {
      "Date": 20220427, 
      "Value" : 9.040000
    },
    {
      "Date": 20230712, 
      "Value" : 16.250000
    }
  ]
}