{
  "Color": "rgb(244, 55, 244)", 
  "Point": [
    {
      "Date": 20180522, 
      "Value" : 37.720001
    },
    {
      "Date": 20190812, 
      "Value" : 11.320000
    },
    {
      "Date": 20210706, 
      "Value" : 43.570000
    },
    {
      "Date": 20240205, 
      "Value" : 10.960000
    }
  ]
}