{
  "Color": "rgb(244, 55, 244)", 
  "Point": [
    {
      "Date": 20180522, 
      "Value" : 38.070000
    },
    {
      "Date": 20190812, 
      "Value" : 11.670000
    },
    {
      "Date": 20210706, 
      "Value" : 43.919998
    },
    {
      "Date": 20231023, 
      "Value" : 16.430000
    }
  ]
}