{
  "Color": "rgb(244, 55, 244)", 
  "Point": [
    {
      "Date": 20170531, 
      "Value" : 25.549999
    },
    {
      "Date": 20191121, 
      "Value" : 3.560000
    },
    {
      "Date": 20220721, 
      "Value" : 13.250000
    }
  ]
}