{
  "Color": "rgb(244, 55, 244)", 
  "Point": [
    {
      "Date": 20200224, 
      "Value" : 16.160000
    },
    {
      "Date": 20200715, 
      "Value" : 86.519997
    },
    {
      "Date": 20240206, 
      "Value" : 12.830000
    }
  ]
}