{
  "Color": "rgb(244, 55, 244)", 
  "Point": [
    {
      "Date": 20161205, 
      "Value" : 68.750000
    },
    {
      "Date": 20220427, 
      "Value" : 9.420000
    },
    {
      "Date": 20220923, 
      "Value" : 15.830000
    },
    {
      "Date": 20240206, 
      "Value" : 8.470000
    }
  ]
}