{
  "Color": "rgb(244, 55, 244)", 
  "Point": [
    {
      "Date": 20180523, 
      "Value" : 59.570000
    },
    {
      "Date": 20220427, 
      "Value" : 11.920000
    },
    {
      "Date": 20230706, 
      "Value" : 34.410000
    }
  ]
}