{
  "Color": "rgb(244, 55, 244)", 
  "Point": [
    {
      "Date": 20161213, 
      "Value" : 7.630000
    },
    {
      "Date": 20200630, 
      "Value" : 48.820000
    },
    {
      "Date": 20221031, 
      "Value" : 9.430000
    },
    {
      "Date": 20231215, 
      "Value" : 15.080000
    }
  ]
}