{
  "Color": "rgb(244, 55, 244)", 
  "Point": [
    {
      "Date": 20150324, 
      "Value" : 22.559999
    },
    {
      "Date": 20150528, 
      "Value" : 131.750000
    },
    {
      "Date": 20210520, 
      "Value" : 9.600000
    },
    {
      "Date": 20231221, 
      "Value" : 41.470001
    }
  ]
}