{
  "Color": "rgb(244, 55, 244)", 
  "Point": [
    {
      "Date": 20190116, 
      "Value" : 9.790000
    },
    {
      "Date": 20190603, 
      "Value" : 30.000000
    },
    {
      "Date": 20230626, 
      "Value" : 12.490000
    }
  ]
}