{
  "Color": "rgb(244, 55, 244)", 
  "Point": [
    {
      "Date": 20190122, 
      "Value" : 12.940000
    },
    {
      "Date": 20200819, 
      "Value" : 37.639999
    },
    {
      "Date": 20240206, 
      "Value" : 8.060000
    },
    {
      "Date": 20250307, 
      "Value" : 16.799999
    }
  ]
}