{
  "Color": "rgb(244, 55, 244)", 
  "Point": [
    {
      "Date": 20200224, 
      "Value" : 15.690000
    },
    {
      "Date": 20200715, 
      "Value" : 86.040001
    },
    {
      "Date": 20240918, 
      "Value" : 9.210000
    },
    {
      "Date": 20241212, 
      "Value" : 17.469999
    }
  ]
}