{
  "Color": "rgb(244, 55, 244)", 
  "Point": [
    {
      "Date": 20170719, 
      "Value" : 2.250000
    },
    {
      "Date": 20200807, 
      "Value" : 35.200001
    },
    {
      "Date": 20230615, 
      "Value" : 11.920000
    }
  ]
}