{
  "Color": "rgb(244, 55, 244)", 
  "Point": [
    {
      "Date": 20150120, 
      "Value" : 5.210000
    },
    {
      "Date": 20150528, 
      "Value" : 43.450001
    },
    {
      "Date": 20240208, 
      "Value" : 8.150000
    }
  ]
}