{
  "Color": "rgb(244, 55, 244)", 
  "Point": [
    {
      "Date": 20181012, 
      "Value" : 12.200000
    },
    {
      "Date": 20190417, 
      "Value" : 30.590000
    },
    {
      "Date": 20240208, 
      "Value" : 6.920000
    },
    {
      "Date": 20250414, 
      "Value" : 16.200001
    }
  ]
}