{
  "Color": "rgb(244, 55, 244)", 
  "Point": [
    {
      "Date": 20161213, 
      "Value" : 7.630000
    },
    {
      "Date": 20200630, 
      "Value" : 48.820000
    },
    {
      "Date": 20240208, 
      "Value" : 8.660000
    }
  ]
}