{
  "Color": "rgb(244, 55, 244)", 
  "Point": [
    {
      "Date": 20180523, 
      "Value" : 45.770000
    },
    {
      "Date": 20220427, 
      "Value" : 9.130000
    },
    {
      "Date": 20241112, 
      "Value" : 30.299999
    },
    {
      "Date": 20250418, 
      "Value" : 20.450001
    }
  ]
}