{
  "Color": "rgb(244, 55, 244)", 
  "Point": [
    {
      "Date": 20190122, 
      "Value" : 13.240000
    },
    {
      "Date": 20200819, 
      "Value" : 37.939999
    },
    {
      "Date": 20240206, 
      "Value" : 8.360000
    }
  ]
}