{
  "Color": "rgb(244, 55, 244)", 
  "Point": [
    {
      "Date": 20181012, 
      "Value" : 16.040001
    },
    {
      "Date": 20190417, 
      "Value" : 39.939999
    },
    {
      "Date": 20220427, 
      "Value" : 10.880000
    },
    {
      "Date": 20230727, 
      "Value" : 17.350000
    }
  ]
}