{
  "Color": "rgb(244, 55, 244)", 
  "Point": [
    {
      "Date": 20171101, 
      "Value" : 29.120001
    },
    {
      "Date": 20220427, 
      "Value" : 7.900000
    },
    {
      "Date": 20230614, 
      "Value" : 22.500000
    },
    {
      "Date": 20240229, 
      "Value" : 11.100000
    }
  ]
}