{
  "Color": "rgb(244, 55, 244)", 
  "Point": [
    {
      "Date": 20170918, 
      "Value" : 13.660000
    },
    {
      "Date": 20171013, 
      "Value" : 54.599998
    },
    {
      "Date": 20240208, 
      "Value" : 7.500000
    }
  ]
}