{
  "Color": "rgb(244, 55, 244)", 
  "Point": [
    {
      "Date": 20170117, 
      "Value" : 39.750000
    },
    {
      "Date": 20190826, 
      "Value" : 10.560000
    },
    {
      "Date": 20210714, 
      "Value" : 58.450001
    },
    {
      "Date": 20240205, 
      "Value" : 12.600000
    }
  ]
}