{
  "Color": "rgb(244, 55, 244)", 
  "Point": [
    {
      "Date": 20170918, 
      "Value" : 13.410000
    },
    {
      "Date": 20171013, 
      "Value" : 54.349998
    },
    {
      "Date": 20240208, 
      "Value" : 7.250000
    }
  ]
}