{
  "Color": "rgb(244, 55, 244)", 
  "Point": [
    {
      "Date": 20210601, 
      "Value" : 34.040001
    },
    {
      "Date": 20240206, 
      "Value" : 9.130000
    },
    {
      "Date": 20240607, 
      "Value" : 16.340000
    }
  ]
}