{
  "Color": "rgb(244, 55, 244)", 
  "Point": [
    {
      "Date": 20161014, 
      "Value" : 9.750000
    },
    {
      "Date": 20210218, 
      "Value" : 65.419998
    },
    {
      "Date": 20240918, 
      "Value" : 21.440001
    }
  ]
}