{
  "Color": "rgb(244, 55, 244)", 
  "Point": [
    {
      "Date": 20170918, 
      "Value" : 13.660000
    },
    {
      "Date": 20171013, 
      "Value" : 54.599998
    },
    {
      "Date": 20210209, 
      "Value" : 11.010000
    },
    {
      "Date": 20220414, 
      "Value" : 18.389999
    }
  ]
}