{
  "Color": "rgb(244, 55, 244)", 
  "Point": [
    {
      "Date": 20170504, 
      "Value" : 37.119999
    },
    {
      "Date": 20220427, 
      "Value" : 5.320000
    },
    {
      "Date": 20230616, 
      "Value" : 10.270000
    }
  ]
}