{
  "Color": "rgb(244, 55, 244)", 
  "Point": [
    {
      "Date": 20170317, 
      "Value" : 29.620001
    },
    {
      "Date": 20210208, 
      "Value" : 4.880000
    },
    {
      "Date": 20220701, 
      "Value" : 7.970000
    },
    {
      "Date": 20230426, 
      "Value" : 5.660000
    }
  ]
}