{
  "Color": "rgb(244, 55, 244)", 
  "Point": [
    {
      "Date": 20150527, 
      "Value" : 13.710000
    },
    {
      "Date": 20240208, 
      "Value" : 1.770000
    }
  ]
}