{
  "Color": "rgb(244, 55, 244)", 
  "Point": [
    {
      "Date": 20210208, 
      "Value" : 5.140000
    },
    {
      "Date": 20220801, 
      "Value" : 39.180000
    },
    {
      "Date": 20240206, 
      "Value" : 7.350000
    }
  ]
}