{
  "Color": "rgb(244, 55, 244)", 
  "Point": [
    {
      "Date": 20170224, 
      "Value" : 33.259998
    },
    {
      "Date": 20220427, 
      "Value" : 5.150000
    },
    {
      "Date": 20231226, 
      "Value" : 8.670000
    }
  ]
}