{
  "Color": "rgb(244, 55, 244)", 
  "Point": [
    {
      "Date": 20171204, 
      "Value" : 12.150000
    },
    {
      "Date": 20191128, 
      "Value" : 4.240000
    },
    {
      "Date": 20211206, 
      "Value" : 17.809999
    },
    {
      "Date": 20240208, 
      "Value" : 7.110000
    }
  ]
}