{
  "Color": "rgb(244, 55, 244)", 
  "Point": [
    {
      "Date": 20170414, 
      "Value" : 7.310000
    },
    {
      "Date": 20170505, 
      "Value" : 21.700001
    },
    {
      "Date": 20180209, 
      "Value" : 9.380000
    },
    {
      "Date": 20220411, 
      "Value" : 71.900002
    }
  ]
}