{
  "Color": "rgb(244, 55, 244)", 
  "Point": [
    {
      "Date": 20210601, 
      "Value" : 34.240002
    },
    {
      "Date": 20230626, 
      "Value" : 13.930000
    }
  ]
}