{
  "Color": "rgb(244, 55, 244)", 
  "Point": [
    {
      "Date": 20210208, 
      "Value" : 5.370000
    },
    {
      "Date": 20220801, 
      "Value" : 39.410000
    },
    {
      "Date": 20230721, 
      "Value" : 16.700001
    }
  ]
}