{
  "Color": "rgb(244, 55, 244)", 
  "Point": [
    {
      "Date": 20210601, 
      "Value" : 34.240002
    },
    {
      "Date": 20240206, 
      "Value" : 9.330000
    }
  ]
}