{
  "Color": "rgb(244, 55, 244)", 
  "Point": [
    {
      "Date": 20190704, 
      "Value" : 31.129999
    },
    {
      "Date": 20220429, 
      "Value" : 6.830000
    },
    {
      "Date": 20231204, 
      "Value" : 44.000000
    }
  ]
}