{
  "Color": "rgb(244, 55, 244)", 
  "Point": [
    {
      "Date": 20161129, 
      "Value" : 86.309998
    },
    {
      "Date": 20190131, 
      "Value" : 14.270000
    },
    {
      "Date": 20200715, 
      "Value" : 30.620001
    },
    {
      "Date": 20211028, 
      "Value" : 16.629999
    }
  ]
}