{
  "Color": "rgb(244, 55, 244)", 
  "Point": [
    {
      "Date": 20191021, 
      "Value" : 7.040000
    },
    {
      "Date": 20200306, 
      "Value" : 31.490000
    },
    {
      "Date": 20240207, 
      "Value" : 5.480000
    }
  ]
}