{
  "Color": "rgb(244, 55, 244)", 
  "Point": [
    {
      "Date": 20161129, 
      "Value" : 85.349998
    },
    {
      "Date": 20190131, 
      "Value" : 13.310000
    },
    {
      "Date": 20200715, 
      "Value" : 29.660000
    },
    {
      "Date": 20240205, 
      "Value" : 14.150000
    }
  ]
}