{
  "Color": "rgb(244, 55, 244)", 
  "Point": [
    {
      "Date": 20170224, 
      "Value" : 33.369999
    },
    {
      "Date": 20220427, 
      "Value" : 5.260000
    },
    {
      "Date": 20231207, 
      "Value" : 8.190000
    }
  ]
}