{
  "Color": "rgb(244, 55, 244)", 
  "Point": [
    {
      "Date": 20170829, 
      "Value" : 51.580002
    },
    {
      "Date": 20210208, 
      "Value" : 18.030001
    },
    {
      "Date": 20230321, 
      "Value" : 43.889999
    }
  ]
}