{
  "Color": "rgb(244, 55, 244)", 
  "Point": [
    {
      "Date": 20170504, 
      "Value" : 37.119999
    },
    {
      "Date": 20240208, 
      "Value" : 3.890000
    },
    {
      "Date": 20241225, 
      "Value" : 14.780000
    }
  ]
}