{
  "Color": "rgb(244, 55, 244)", 
  "Point": [
    {
      "Date": 20161010, 
      "Value" : 5.910000
    },
    {
      "Date": 20161101, 
      "Value" : 32.880001
    },
    {
      "Date": 20221011, 
      "Value" : 5.970000
    },
    {
      "Date": 20230619, 
      "Value" : 10.990000
    }
  ]
}