{
  "Color": "rgb(244, 55, 244)", 
  "Point": [
    {
      "Date": 20171228, 
      "Value" : 16.330000
    },
    {
      "Date": 20190131, 
      "Value" : 4.890000
    },
    {
      "Date": 20200710, 
      "Value" : 19.030001
    },
    {
      "Date": 20240207, 
      "Value" : 5.800000
    }
  ]
}