{
  "Color": "rgb(244, 55, 244)", 
  "Point": [
    {
      "Date": 20161014, 
      "Value" : 12.250000
    },
    {
      "Date": 20210218, 
      "Value" : 67.919998
    },
    {
      "Date": 20221031, 
      "Value" : 29.900000
    }
  ]
}