{
  "Color": "rgb(244, 55, 244)", 
  "Point": [
    {
      "Date": 20170117, 
      "Value" : 40.349998
    },
    {
      "Date": 20190826, 
      "Value" : 11.160000
    },
    {
      "Date": 20210714, 
      "Value" : 59.049999
    },
    {
      "Date": 20231211, 
      "Value" : 14.820000
    }
  ]
}