{
  "Color": "rgb(244, 55, 244)", 
  "Point": [
    {
      "Date": 20150527, 
      "Value" : 13.710000
    },
    {
      "Date": 20211027, 
      "Value" : 3.650000
    },
    {
      "Date": 20220321, 
      "Value" : 4.990000
    },
    {
      "Date": 20230626, 
      "Value" : 2.760000
    }
  ]
}