{
  "Color": "rgb(244, 55, 244)", 
  "Point": [
    {
      "Date": 20171101, 
      "Value" : 29.020000
    },
    {
      "Date": 20220427, 
      "Value" : 7.800000
    },
    {
      "Date": 20230614, 
      "Value" : 22.400000
    },
    {
      "Date": 20240229, 
      "Value" : 11.000000
    }
  ]
}