{
  "Color": "rgb(244, 55, 244)", 
  "Point": [
    {
      "Date": 20161014, 
      "Value" : 11.140000
    },
    {
      "Date": 20210218, 
      "Value" : 66.809998
    },
    {
      "Date": 20221031, 
      "Value" : 28.790001
    }
  ]
}