{
  "Color": "rgb(244, 55, 244)", 
  "Point": [
    {
      "Date": 20170504, 
      "Value" : 24.170000
    },
    {
      "Date": 20190131, 
      "Value" : 5.990000
    },
    {
      "Date": 20201124, 
      "Value" : 24.740000
    }
  ]
}