{
  "Color": "rgb(244, 55, 244)", 
  "Point": [
    {
      "Date": 20200811, 
      "Value" : 21.740000
    },
    {
      "Date": 20220427, 
      "Value" : 8.200000
    },
    {
      "Date": 20250226, 
      "Value" : 29.299999
    }
  ]
}