{
  "Color": "rgb(244, 55, 244)", 
  "Point": [
    {
      "Date": 20150227, 
      "Value" : 3.290000
    },
    {
      "Date": 20150604, 
      "Value" : 17.650000
    },
    {
      "Date": 20200206, 
      "Value" : 3.240000
    },
    {
      "Date": 20220311, 
      "Value" : 6.690000
    }
  ]
}