{
  "Color": "rgb(244, 55, 244)", 
  "Point": [
    {
      "Date": 20190920, 
      "Value" : 27.559999
    },
    {
      "Date": 20231023, 
      "Value" : 11.560000
    },
    {
      "Date": 20250318, 
      "Value" : 25.760000
    }
  ]
}