{
  "Color": "rgb(244, 55, 244)", 
  "Point": [
    {
      "Date": 20170620, 
      "Value" : 22.209999
    },
    {
      "Date": 20210129, 
      "Value" : 5.560000
    },
    {
      "Date": 20210923, 
      "Value" : 7.610000
    },
    {
      "Date": 20240208, 
      "Value" : 2.790000
    }
  ]
}