{
  "Color": "rgb(244, 55, 244)", 
  "Point": [
    {
      "Date": 20170314, 
      "Value" : 6.630000
    },
    {
      "Date": 20170411, 
      "Value" : 36.610001
    },
    {
      "Date": 20200204, 
      "Value" : 7.280000
    }
  ]
}