{
  "Color": "rgb(244, 55, 244)", 
  "Point": [
    {
      "Date": 20150302, 
      "Value" : 5.050000
    },
    {
      "Date": 20150528, 
      "Value" : 34.689999
    },
    {
      "Date": 20220427, 
      "Value" : 5.980000
    }
  ]
}