{
  "Color": "rgb(244, 55, 244)", 
  "Point": [
    {
      "Date": 20171211, 
      "Value" : 22.780001
    },
    {
      "Date": 20210209, 
      "Value" : 8.110000
    },
    {
      "Date": 20220803, 
      "Value" : 50.410000
    },
    {
      "Date": 20230829, 
      "Value" : 18.500000
    }
  ]
}