{
  "Color": "rgb(244, 55, 244)", 
  "Point": [
    {
      "Date": 20200310, 
      "Value" : 9.740000
    },
    {
      "Date": 20220719, 
      "Value" : 32.930000
    },
    {
      "Date": 20240208, 
      "Value" : 9.220000
    }
  ]
}