{
  "Color": "rgb(244, 55, 244)", 
  "Point": [
    {
      "Date": 20171211, 
      "Value" : 22.580000
    },
    {
      "Date": 20210209, 
      "Value" : 7.910000
    },
    {
      "Date": 20220803, 
      "Value" : 50.209999
    },
    {
      "Date": 20240208, 
      "Value" : 9.280000
    }
  ]
}