{
  "Color": "rgb(244, 55, 244)", 
  "Point": [
    {
      "Date": 20190702, 
      "Value" : 17.379999
    },
    {
      "Date": 20200204, 
      "Value" : 7.310000
    },
    {
      "Date": 20210811, 
      "Value" : 34.980000
    },
    {
      "Date": 20240910, 
      "Value" : 7.640000
    }
  ]
}