{
  "Color": "rgb(244, 55, 244)", 
  "Point": [
    {
      "Date": 20190702, 
      "Value" : 17.700001
    },
    {
      "Date": 20200204, 
      "Value" : 7.630000
    },
    {
      "Date": 20210811, 
      "Value" : 35.299999
    }
  ]
}