{
  "Color": "rgb(244, 55, 244)", 
  "Point": [
    {
      "Date": 20200311, 
      "Value" : 35.680000
    },
    {
      "Date": 20210204, 
      "Value" : 13.030000
    },
    {
      "Date": 20211102, 
      "Value" : 39.959999
    },
    {
      "Date": 20240206, 
      "Value" : 13.240000
    }
  ]
}