{
  "Color": "rgb(244, 55, 244)", 
  "Point": [
    {
      "Date": 20200811, 
      "Value" : 21.830000
    },
    {
      "Date": 20220427, 
      "Value" : 8.290000
    },
    {
      "Date": 20240321, 
      "Value" : 19.740000
    }
  ]
}