{
  "Color": "rgb(244, 55, 244)", 
  "Point": [
    {
      "Date": 20150515, 
      "Value" : 8.700000
    },
    {
      "Date": 20150604, 
      "Value" : 52.860001
    },
    {
      "Date": 20240823, 
      "Value" : 11.160000
    },
    {
      "Date": 20250221, 
      "Value" : 17.410000
    }
  ]
}