{
  "Color": "rgb(244, 55, 244)", 
  "Point": [
    {
      "Date": 20161209, 
      "Value" : 21.860001
    },
    {
      "Date": 20181019, 
      "Value" : 4.330000
    },
    {
      "Date": 20210601, 
      "Value" : 31.510000
    },
    {
      "Date": 20231026, 
      "Value" : 9.260000
    }
  ]
}