{
  "Color": "rgb(244, 55, 244)", 
  "Point": [
    {
      "Date": 20190702, 
      "Value" : 17.500000
    },
    {
      "Date": 20200204, 
      "Value" : 7.430000
    },
    {
      "Date": 20210811, 
      "Value" : 35.099998
    },
    {
      "Date": 20240718, 
      "Value" : 8.600000
    }
  ]
}