{
  "Color": "rgb(244, 55, 244)", 
  "Point": [
    {
      "Date": 20200311, 
      "Value" : 36.680000
    },
    {
      "Date": 20210204, 
      "Value" : 14.030000
    },
    {
      "Date": 20211102, 
      "Value" : 40.959999
    },
    {
      "Date": 20240206, 
      "Value" : 14.240000
    }
  ]
}