{
  "Color": "rgb(244, 55, 244)", 
  "Point": [
    {
      "Date": 20190508, 
      "Value" : 20.879999
    },
    {
      "Date": 20210730, 
      "Value" : 7.000000
    },
    {
      "Date": 20231220, 
      "Value" : 12.660000
    }
  ]
}