{
  "Color": "rgb(244, 55, 244)", 
  "Point": [
    {
      "Date": 20190508, 
      "Value" : 21.379999
    },
    {
      "Date": 20210730, 
      "Value" : 7.500000
    },
    {
      "Date": 20231220, 
      "Value" : 13.160000
    }
  ]
}