{
  "Color": "rgb(244, 55, 244)", 
  "Point": [
    {
      "Date": 20161230, 
      "Value" : 4.800000
    },
    {
      "Date": 20170327, 
      "Value" : 36.080002
    },
    {
      "Date": 20210209, 
      "Value" : 7.430000
    },
    {
      "Date": 20231113, 
      "Value" : 31.940001
    }
  ]
}