{
  "Color": "rgb(244, 55, 244)", 
  "Point": [
    {
      "Date": 20141205, 
      "Value" : 3.740000
    },
    {
      "Date": 20150527, 
      "Value" : 20.910000
    },
    {
      "Date": 20190104, 
      "Value" : 3.790000
    },
    {
      "Date": 20230530, 
      "Value" : 14.730000
    }
  ]
}