{
  "Color": "rgb(244, 55, 244)", 
  "Point": [
    {
      "Date": 20150528, 
      "Value" : 2.890000
    },
    {
      "Date": 20151117, 
      "Value" : 31.469999
    },
    {
      "Date": 20190131, 
      "Value" : 5.970000
    },
    {
      "Date": 20230620, 
      "Value" : 38.639999
    }
  ]
}