{
  "Color": "rgb(244, 55, 244)", 
  "Point": [
    {
      "Date": 20161230, 
      "Value" : 5.800000
    },
    {
      "Date": 20170327, 
      "Value" : 37.080002
    },
    {
      "Date": 20210209, 
      "Value" : 8.430000
    },
    {
      "Date": 20231113, 
      "Value" : 32.939999
    }
  ]
}