{
  "Color": "rgb(244, 55, 244)", 
  "Point": [
    {
      "Date": 20170517, 
      "Value" : 15.750000
    },
    {
      "Date": 20181025, 
      "Value" : 4.380000
    },
    {
      "Date": 20211108, 
      "Value" : 44.279999
    },
    {
      "Date": 20220429, 
      "Value" : 14.110000
    }
  ]
}