{
  "Color": "rgb(244, 55, 244)", 
  "Point": [
    {
      "Date": 20150515, 
      "Value" : 8.960000
    },
    {
      "Date": 20150604, 
      "Value" : 53.119999
    }
  ]
}