{
  "Color": "rgb(244, 55, 244)", 
  "Point": [
    {
      "Date": 20170504, 
      "Value" : 23.670000
    },
    {
      "Date": 20190131, 
      "Value" : 5.490000
    },
    {
      "Date": 20240716, 
      "Value" : 25.200001
    }
  ]
}