{
  "Color": "rgb(244, 55, 244)", 
  "Point": [
    {
      "Date": 20190725, 
      "Value" : 28.400000
    },
    {
      "Date": 20200519, 
      "Value" : 91.709999
    },
    {
      "Date": 20220427, 
      "Value" : 18.660000
    },
    {
      "Date": 20230220, 
      "Value" : 41.880001
    }
  ]
}