{
  "Color": "rgb(244, 55, 244)", 
  "Point": [
    {
      "Date": 20190920, 
      "Value" : 27.830000
    },
    {
      "Date": 20231023, 
      "Value" : 11.830000
    },
    {
      "Date": 20240521, 
      "Value" : 20.500000
    }
  ]
}