{
  "Color": "rgb(244, 55, 244)", 
  "Point": [
    {
      "Date": 20170314, 
      "Value" : 6.440000
    },
    {
      "Date": 20170411, 
      "Value" : 36.419998
    },
    {
      "Date": 20240718, 
      "Value" : 5.640000
    }
  ]
}