{
  "Color": "rgb(244, 55, 244)", 
  "Point": [
    {
      "Date": 20160629, 
      "Value" : 10.430000
    },
    {
      "Date": 20160719, 
      "Value" : 49.180000
    },
    {
      "Date": 20210204, 
      "Value" : 4.600000
    },
    {
      "Date": 20250313, 
      "Value" : 22.540001
    }
  ]
}