{
  "Color": "rgb(244, 55, 244)", 
  "Point": [
    {
      "Date": 20160628, 
      "Value" : 5.620000
    },
    {
      "Date": 20160722, 
      "Value" : 32.810001
    },
    {
      "Date": 20221223, 
      "Value" : 7.840000
    }
  ]
}