{
  "Color": "rgb(244, 55, 244)", 
  "Point": [
    {
      "Date": 20161209, 
      "Value" : 21.700001
    },
    {
      "Date": 20181019, 
      "Value" : 4.170000
    },
    {
      "Date": 20210601, 
      "Value" : 31.350000
    },
    {
      "Date": 20240709, 
      "Value" : 5.800000
    }
  ]
}