{
  "Color": "rgb(244, 55, 244)", 
  "Point": [
    {
      "Date": 20190920, 
      "Value" : 28.020000
    },
    {
      "Date": 20231023, 
      "Value" : 12.020000
    }
  ]
}