{
  "Color": "rgb(244, 55, 244)", 
  "Point": [
    {
      "Date": 20200310, 
      "Value" : 9.740000
    },
    {
      "Date": 20220719, 
      "Value" : 32.930000
    },
    {
      "Date": 20230425, 
      "Value" : 13.150000
    },
    {
      "Date": 20231129, 
      "Value" : 28.500000
    }
  ]
}