{
  "Color": "rgb(244, 55, 244)", 
  "Point": [
    {
      "Date": 20200310, 
      "Value" : 9.310000
    },
    {
      "Date": 20220719, 
      "Value" : 32.500000
    },
    {
      "Date": 20240208, 
      "Value" : 8.790000
    },
    {
      "Date": 20250331, 
      "Value" : 28.790001
    }
  ]
}