{
  "Color": "rgb(244, 55, 244)", 
  "Point": [
    {
      "Date": 20190725, 
      "Value" : 27.879999
    },
    {
      "Date": 20200519, 
      "Value" : 91.190002
    },
    {
      "Date": 20220427, 
      "Value" : 18.139999
    },
    {
      "Date": 20230220, 
      "Value" : 41.360001
    }
  ]
}