{
  "Color": "rgb(244, 55, 244)", 
  "Point": [
    {
      "Date": 20190920, 
      "Value" : 28.270000
    },
    {
      "Date": 20221103, 
      "Value" : 12.800000
    }
  ]
}