{
  "Color": "rgb(244, 55, 244)", 
  "Point": [
    {
      "Date": 20150515, 
      "Value" : 8.700000
    },
    {
      "Date": 20150604, 
      "Value" : 52.860001
    }
  ]
}