{
  "Color": "rgb(244, 55, 244)", 
  "Point": [
    {
      "Date": 20200310, 
      "Value" : 9.410000
    },
    {
      "Date": 20220719, 
      "Value" : 32.599998
    },
    {
      "Date": 20240208, 
      "Value" : 8.890000
    }
  ]
}