{
  "Color": "rgb(244, 55, 244)", 
  "Point": [
    {
      "Date": 20210421, 
      "Value" : 8.780000
    },
    {
      "Date": 20231101, 
      "Value" : 29.530001
    }
  ]
}