{
  "Color": "rgb(244, 55, 244)", 
  "Point": [
    {
      "Date": 20200526, 
      "Value" : 21.270000
    },
    {
      "Date": 20240208, 
      "Value" : 3.510000
    },
    {
      "Date": 20241008, 
      "Value" : 6.690000
    }
  ]
}