{
  "Color": "rgb(244, 55, 244)", 
  "Point": [
    {
      "Date": 20210720, 
      "Value" : 32.709999
    },
    {
      "Date": 20240208, 
      "Value" : 11.500000
    }
  ]
}