{
  "Color": "rgb(244, 55, 244)", 
  "Point": [
    {
      "Date": 20201015, 
      "Value" : 23.790001
    },
    {
      "Date": 20240207, 
      "Value" : 6.110000
    },
    {
      "Date": 20250311, 
      "Value" : 14.970000
    }
  ]
}