{
  "Color": "rgb(244, 55, 244)", 
  "Point": [
    {
      "Date": 20200903, 
      "Value" : 3.310000
    },
    {
      "Date": 20210908, 
      "Value" : 15.170000
    },
    {
      "Date": 20240828, 
      "Value" : 3.910000
    }
  ]
}