{
  "Color": "rgb(244, 55, 244)", 
  "Point": [
    {
      "Date": 20201026, 
      "Value" : 33.950001
    },
    {
      "Date": 20240206, 
      "Value" : 11.740000
    },
    {
      "Date": 20250321, 
      "Value" : 26.980000
    }
  ]
}