{
  "Color": "rgb(244, 55, 244)", 
  "Point": [
    {
      "Date": 20200813, 
      "Value" : 20.580000
    },
    {
      "Date": 20221011, 
      "Value" : 6.830000
    },
    {
      "Date": 20230703, 
      "Value" : 9.850000
    }
  ]
}