{
  "Color": "rgb(244, 55, 244)", 
  "Point": [
    {
      "Date": 20200526, 
      "Value" : 21.469999
    },
    {
      "Date": 20240208, 
      "Value" : 3.710000
    }
  ]
}