{
  "Color": "rgb(244, 55, 244)", 
  "Point": [
    {
      "Date": 20201127, 
      "Value" : 46.430000
    },
    {
      "Date": 20240628, 
      "Value" : 12.900000
    }
  ]
}