{
  "Color": "rgb(244, 55, 244)", 
  "Point": [
    {
      "Date": 20200925, 
      "Value" : 15.960000
    },
    {
      "Date": 20210112, 
      "Value" : 8.800000
    },
    {
      "Date": 20211220, 
      "Value" : 19.709999
    },
    {
      "Date": 20240206, 
      "Value" : 7.810000
    }
  ]
}