{
  "Color": "rgb(244, 55, 244)", 
  "Point": [
    {
      "Date": 20210428, 
      "Value" : 39.029999
    },
    {
      "Date": 20220427, 
      "Value" : 14.180000
    },
    {
      "Date": 20230215, 
      "Value" : 23.920000
    }
  ]
}