{
  "Color": "rgb(244, 55, 244)", 
  "Point": [
    {
      "Date": 20200526, 
      "Value" : 21.270000
    },
    {
      "Date": 20240208, 
      "Value" : 3.510000
    },
    {
      "Date": 20241225, 
      "Value" : 9.320000
    }
  ]
}