{
  "Color": "rgb(244, 55, 244)", 
  "Point": [
    {
      "Date": 20200909, 
      "Value" : 31.410000
    },
    {
      "Date": 20221031, 
      "Value" : 16.530001
    }
  ]
}