{
  "Color": "rgb(244, 55, 244)", 
  "Point": [
    {
      "Date": 20210421, 
      "Value" : 18.270000
    },
    {
      "Date": 20210714, 
      "Value" : 40.689999
    },
    {
      "Date": 20221012, 
      "Value" : 18.000000
    },
    {
      "Date": 20240426, 
      "Value" : 55.000000
    }
  ]
}