{
  "Color": "rgb(244, 55, 244)", 
  "Point": [
    {
      "Date": 20200909, 
      "Value" : 31.410000
    },
    {
      "Date": 20240207, 
      "Value" : 12.650000
    }
  ]
}