{
  "Color": "rgb(244, 55, 244)", 
  "Point": [
    {
      "Date": 20210209, 
      "Value" : 42.310001
    },
    {
      "Date": 20220425, 
      "Value" : 15.190000
    },
    {
      "Date": 20230412, 
      "Value" : 21.969999
    },
    {
      "Date": 20231023, 
      "Value" : 12.580000
    }
  ]
}