{
  "Color": "rgb(244, 55, 244)", 
  "Point": [
    {
      "Date": 20201223, 
      "Value" : 160.399994
    },
    {
      "Date": 20220427, 
      "Value" : 29.330000
    },
    {
      "Date": 20230427, 
      "Value" : 55.939999
    },
    {
      "Date": 20240205, 
      "Value" : 30.799999
    }
  ]
}