{
  "Color": "rgb(244, 55, 244)", 
  "Point": [
    {
      "Date": 20210720, 
      "Value" : 32.709999
    },
    {
      "Date": 20220427, 
      "Value" : 14.420000
    },
    {
      "Date": 20230531, 
      "Value" : 24.680000
    }
  ]
}