{
  "Color": "rgb(244, 55, 244)", 
  "Point": [
    {
      "Date": 20210421, 
      "Value" : 6.520000
    },
    {
      "Date": 20250512, 
      "Value" : 26.200001
    }
  ]
}