{
  "Color": "rgb(244, 55, 244)", 
  "Point": [
    {
      "Date": 20210427, 
      "Value" : 27.760000
    },
    {
      "Date": 20210519, 
      "Value" : 99.300003
    },
    {
      "Date": 20240918, 
      "Value" : 16.379999
    }
  ]
}