{
  "Color": "rgb(244, 55, 244)", 
  "Point": [
    {
      "Date": 20201026, 
      "Value" : 34.250000
    },
    {
      "Date": 20220427, 
      "Value" : 14.900000
    },
    {
      "Date": 20231130, 
      "Value" : 24.730000
    }
  ]
}