{
  "Color": "rgb(244, 55, 244)", 
  "Point": [
    {
      "Date": 20210525, 
      "Value" : 34.950001
    },
    {
      "Date": 20220316, 
      "Value" : 16.440001
    }
  ]
}