{
  "Color": "rgb(244, 55, 244)", 
  "Point": [
    {
      "Date": 20201223, 
      "Value" : 161.250000
    },
    {
      "Date": 20220427, 
      "Value" : 30.180000
    },
    {
      "Date": 20230427, 
      "Value" : 56.790001
    }
  ]
}