{
  "Color": "rgb(244, 55, 244)", 
  "Point": [
    {
      "Date": 20210525, 
      "Value" : 34.650002
    },
    {
      "Date": 20220316, 
      "Value" : 16.139999
    },
    {
      "Date": 20231201, 
      "Value" : 31.500000
    }
  ]
}