{
  "Color": "rgb(244, 55, 244)", 
  "Point": [
    {
      "Date": 20210209, 
      "Value" : 42.310001
    },
    {
      "Date": 20230717, 
      "Value" : 12.930000
    }
  ]
}