{
  "Color": "rgb(244, 55, 244)", 
  "Point": [
    {
      "Date": 20210224, 
      "Value" : 47.570000
    },
    {
      "Date": 20240205, 
      "Value" : 11.440000
    },
    {
      "Date": 20240515, 
      "Value" : 17.750000
    }
  ]
}