{
  "Color": "rgb(244, 55, 244)", 
  "Point": [
    {
      "Date": 20210129, 
      "Value" : 5.780000
    },
    {
      "Date": 20210414, 
      "Value" : 17.010000
    },
    {
      "Date": 20240208, 
      "Value" : 3.400000
    }
  ]
}