{
  "Color": "rgb(244, 55, 244)", 
  "Point": [
    {
      "Date": 20210224, 
      "Value" : 62.540001
    },
    {
      "Date": 20240205, 
      "Value" : 15.570000
    }
  ]
}