{
  "Color": "rgb(244, 55, 244)", 
  "Point": [
    {
      "Date": 20211103, 
      "Value" : 13.780000
    },
    {
      "Date": 20220615, 
      "Value" : 30.260000
    },
    {
      "Date": 20240923, 
      "Value" : 9.880000
    }
  ]
}