{
  "Color": "rgb(244, 55, 244)", 
  "Point": [
    {
      "Date": 20220110, 
      "Value" : 22.959999
    },
    {
      "Date": 20240208, 
      "Value" : 4.570000
    },
    {
      "Date": 20250326, 
      "Value" : 12.910000
    }
  ]
}