{
  "Color": "rgb(244, 55, 244)", 
  "Point": [
    {
      "Date": 20200813, 
      "Value" : 16.260000
    },
    {
      "Date": 20221011, 
      "Value" : 5.260000
    },
    {
      "Date": 20230703, 
      "Value" : 7.680000
    },
    {
      "Date": 20240208, 
      "Value" : 4.360000
    }
  ]
}