{
  "Color": "rgb(244, 55, 244)", 
  "Point": [
    {
      "Date": 20210421, 
      "Value" : 16.770000
    },
    {
      "Date": 20210714, 
      "Value" : 39.189999
    },
    {
      "Date": 20221012, 
      "Value" : 16.500000
    },
    {
      "Date": 20240426, 
      "Value" : 53.500000
    }
  ]
}