{
  "Color": "rgb(244, 55, 244)", 
  "Point": [
    {
      "Date": 20201110, 
      "Value" : 11.130000
    },
    {
      "Date": 20201216, 
      "Value" : 32.009998
    },
    {
      "Date": 20240208, 
      "Value" : 10.070000
    }
  ]
}