{
  "Color": "rgb(244, 55, 244)", 
  "Point": [
    {
      "Date": 20211103, 
      "Value" : 13.740000
    },
    {
      "Date": 20220615, 
      "Value" : 30.219999
    },
    {
      "Date": 20240923, 
      "Value" : 9.840000
    }
  ]
}