{
  "Color": "rgb(244, 55, 244)", 
  "Point": [
    {
      "Date": 20210726, 
      "Value" : 26.870001
    },
    {
      "Date": 20240208, 
      "Value" : 9.250000
    }
  ]
}