{
  "Color": "rgb(244, 55, 244)", 
  "Point": [
    {
      "Date": 20201127, 
      "Value" : 46.430000
    },
    {
      "Date": 20220427, 
      "Value" : 15.390000
    },
    {
      "Date": 20230207, 
      "Value" : 34.599998
    }
  ]
}