{
  "Color": "rgb(244, 55, 244)", 
  "Point": [
    {
      "Date": 20201223, 
      "Value" : 162.100006
    },
    {
      "Date": 20220427, 
      "Value" : 31.030001
    },
    {
      "Date": 20230427, 
      "Value" : 57.639999
    }
  ]
}