{
  "Color": "rgb(244, 55, 244)", 
  "Point": [
    {
      "Date": 20210728, 
      "Value" : 13.110000
    },
    {
      "Date": 20230314, 
      "Value" : 30.139999
    },
    {
      "Date": 20231221, 
      "Value" : 17.549999
    }
  ]
}