{
  "Color": "rgb(244, 55, 244)", 
  "Point": [
    {
      "Date": 20201015, 
      "Value" : 23.990000
    },
    {
      "Date": 20230510, 
      "Value" : 9.680000
    },
    {
      "Date": 20231106, 
      "Value" : 11.550000
    }
  ]
}