{
  "Color": "rgb(244, 55, 244)", 
  "Point": [
    {
      "Date": 20201110, 
      "Value" : 11.350000
    },
    {
      "Date": 20201216, 
      "Value" : 32.230000
    },
    {
      "Date": 20220427, 
      "Value" : 12.170000
    }
  ]
}