{
  "Color": "rgb(244, 55, 244)", 
  "Point": [
    {
      "Date": 20200903, 
      "Value" : 3.360000
    },
    {
      "Date": 20210908, 
      "Value" : 15.220000
    },
    {
      "Date": 20230626, 
      "Value" : 7.260000
    }
  ]
}