{
  "Color": "rgb(244, 55, 244)", 
  "Point": [
    {
      "Date": 20210427, 
      "Value" : 28.459999
    },
    {
      "Date": 20210519, 
      "Value" : 100.000000
    },
    {
      "Date": 20240206, 
      "Value" : 22.709999
    }
  ]
}