{
  "Color": "rgb(244, 55, 244)", 
  "Point": [
    {
      "Date": 20210720, 
      "Value" : 31.309999
    },
    {
      "Date": 20240208, 
      "Value" : 10.100000
    },
    {
      "Date": 20241121, 
      "Value" : 25.200001
    }
  ]
}