{
  "Color": "rgb(244, 55, 244)", 
  "Point": [
    {
      "Date": 20201223, 
      "Value" : 159.550003
    },
    {
      "Date": 20220427, 
      "Value" : 28.480000
    },
    {
      "Date": 20230427, 
      "Value" : 55.090000
    },
    {
      "Date": 20240205, 
      "Value" : 29.950001
    }
  ]
}