{
  "Color": "rgb(244, 55, 244)", 
  "Point": [
    {
      "Date": 20210428, 
      "Value" : 27.620001
    },
    {
      "Date": 20220427, 
      "Value" : 9.870000
    },
    {
      "Date": 20231116, 
      "Value" : 28.190001
    }
  ]
}