{
  "Color": "rgb(244, 55, 244)", 
  "Point": [
    {
      "Date": 20210525, 
      "Value" : 34.250000
    },
    {
      "Date": 20220316, 
      "Value" : 15.740000
    },
    {
      "Date": 20231201, 
      "Value" : 31.100000
    }
  ]
}