{
  "Color": "rgb(244, 55, 244)", 
  "Point": [
    {
      "Date": 20200820, 
      "Value" : 28.540001
    },
    {
      "Date": 20220427, 
      "Value" : 9.910000
    }
  ]
}