{
  "Color": "rgb(244, 55, 244)", 
  "Point": [
    {
      "Date": 20200820, 
      "Value" : 27.940001
    },
    {
      "Date": 20220427, 
      "Value" : 9.310000
    },
    {
      "Date": 20240506, 
      "Value" : 25.700001
    }
  ]
}