{
  "Color": "rgb(244, 55, 244)", 
  "Point": [
    {
      "Date": 20210531, 
      "Value" : 25.309999
    },
    {
      "Date": 20211125, 
      "Value" : 57.299999
    },
    {
      "Date": 20240206, 
      "Value" : 14.600000
    }
  ]
}