{
  "Color": "rgb(244, 55, 244)", 
  "Point": [
    {
      "Date": 20201026, 
      "Value" : 34.250000
    },
    {
      "Date": 20240206, 
      "Value" : 12.040000
    }
  ]
}