{
  "Color": "rgb(244, 55, 244)", 
  "Point": [
    {
      "Date": 20210421, 
      "Value" : 6.540000
    },
    {
      "Date": 20240531, 
      "Value" : 23.750000
    }
  ]
}