{
  "Color": "rgb(244, 55, 244)", 
  "Point": [
    {
      "Date": 20200909, 
      "Value" : 31.000000
    },
    {
      "Date": 20240207, 
      "Value" : 12.240000
    },
    {
      "Date": 20241224, 
      "Value" : 21.379999
    }
  ]
}