{
  "Color": "rgb(244, 55, 244)", 
  "Point": [
    {
      "Date": 20210421, 
      "Value" : 19.270000
    },
    {
      "Date": 20210714, 
      "Value" : 41.689999
    },
    {
      "Date": 20221012, 
      "Value" : 19.000000
    },
    {
      "Date": 20230830, 
      "Value" : 45.360001
    }
  ]
}