{
  "Color": "rgb(244, 55, 244)", 
  "Point": [
    {
      "Date": 20210421, 
      "Value" : 20.070000
    },
    {
      "Date": 20210714, 
      "Value" : 42.490002
    },
    {
      "Date": 20221012, 
      "Value" : 19.799999
    },
    {
      "Date": 20230720, 
      "Value" : 45.580002
    }
  ]
}