{
  "Color": "rgb(244, 55, 244)", 
  "Point": [
    {
      "Date": 20210428, 
      "Value" : 27.540001
    },
    {
      "Date": 20220427, 
      "Value" : 9.790000
    },
    {
      "Date": 20241031, 
      "Value" : 31.700001
    }
  ]
}