{
  "Color": "rgb(244, 55, 244)", 
  "Point": [
    {
      "Date": 20210525, 
      "Value" : 33.849998
    },
    {
      "Date": 20220316, 
      "Value" : 15.340000
    },
    {
      "Date": 20231201, 
      "Value" : 30.700001
    }
  ]
}