{
  "Color": "rgb(244, 55, 244)", 
  "Point": [
    {
      "Date": 20210119, 
      "Value" : 7.010000
    },
    {
      "Date": 20211130, 
      "Value" : 28.760000
    },
    {
      "Date": 20240208, 
      "Value" : 11.100000
    }
  ]
}