{
  "Color": "rgb(244, 55, 244)", 
  "Point": [
    {
      "Date": 20201009, 
      "Value" : 18.850000
    },
    {
      "Date": 20210518, 
      "Value" : 49.950001
    },
    {
      "Date": 20240205, 
      "Value" : 15.300000
    }
  ]
}