{
  "Color": "rgb(244, 55, 244)", 
  "Point": [
    {
      "Date": 20201009, 
      "Value" : 18.309999
    },
    {
      "Date": 20210518, 
      "Value" : 49.410000
    },
    {
      "Date": 20240205, 
      "Value" : 14.760000
    }
  ]
}