{
  "Color": "rgb(244, 55, 244)", 
  "Point": [
    {
      "Date": 20220110, 
      "Value" : 22.959999
    },
    {
      "Date": 20230626, 
      "Value" : 8.180000
    },
    {
      "Date": 20230906, 
      "Value" : 14.760000
    },
    {
      "Date": 20240208, 
      "Value" : 4.570000
    }
  ]
}