{
  "Color": "rgb(244, 55, 244)", 
  "Point": [
    {
      "Date": 20210531, 
      "Value" : 25.219999
    },
    {
      "Date": 20211125, 
      "Value" : 57.209999
    },
    {
      "Date": 20240709, 
      "Value" : 14.220000
    }
  ]
}