{
  "Color": "rgb(244, 55, 244)", 
  "Point": [
    {
      "Date": 20211103, 
      "Value" : 13.930000
    },
    {
      "Date": 20220615, 
      "Value" : 30.410000
    },
    {
      "Date": 20230425, 
      "Value" : 16.280001
    }
  ]
}