{
  "Color": "rgb(244, 55, 244)", 
  "Point": [
    {
      "Date": 20210728, 
      "Value" : 12.760000
    },
    {
      "Date": 20230314, 
      "Value" : 29.790001
    },
    {
      "Date": 20240206, 
      "Value" : 11.830000
    }
  ]
}