{
  "Color": "rgb(244, 55, 244)", 
  "Point": [
    {
      "Date": 20210119, 
      "Value" : 7.210000
    },
    {
      "Date": 20211130, 
      "Value" : 28.959999
    },
    {
      "Date": 20240208, 
      "Value" : 11.300000
    }
  ]
}