{
  "Color": "rgb(244, 55, 244)", 
  "Point": [
    {
      "Date": 20210726, 
      "Value" : 26.719999
    },
    {
      "Date": 20240208, 
      "Value" : 9.100000
    }
  ]
}