{
  "Color": "rgb(244, 55, 244)", 
  "Point": [
    {
      "Date": 20201015, 
      "Value" : 23.990000
    },
    {
      "Date": 20240207, 
      "Value" : 6.310000
    }
  ]
}