{
  "Color": "rgb(244, 55, 244)", 
  "Point": [
    {
      "Date": 20210427, 
      "Value" : 28.459999
    },
    {
      "Date": 20210519, 
      "Value" : 100.000000
    },
    {
      "Date": 20221025, 
      "Value" : 32.880001
    },
    {
      "Date": 20230216, 
      "Value" : 59.279999
    }
  ]
}