{
  "Color": "rgb(244, 55, 244)", 
  "Point": [
    {
      "Date": 20210726, 
      "Value" : 26.870001
    },
    {
      "Date": 20220427, 
      "Value" : 10.740000
    }
  ]
}