{
  "Color": "rgb(244, 55, 244)", 
  "Point": [
    {
      "Date": 20200925, 
      "Value" : 16.389999
    },
    {
      "Date": 20210112, 
      "Value" : 9.230000
    },
    {
      "Date": 20211220, 
      "Value" : 20.139999
    },
    {
      "Date": 20240206, 
      "Value" : 8.240000
    }
  ]
}