{
  "Color": "rgb(244, 55, 244)", 
  "Point": [
    {
      "Date": 20200526, 
      "Value" : 21.469999
    },
    {
      "Date": 20220428, 
      "Value" : 5.490000
    },
    {
      "Date": 20221117, 
      "Value" : 11.860000
    }
  ]
}