{
  "Color": "rgb(244, 55, 244)", 
  "Point": [
    {
      "Date": 20210709, 
      "Value" : 5.590000
    },
    {
      "Date": 20210830, 
      "Value" : 38.610001
    },
    {
      "Date": 20220427, 
      "Value" : 12.330000
    },
    {
      "Date": 20230301, 
      "Value" : 40.840000
    }
  ]
}