{
  "Color": "rgb(244, 55, 244)", 
  "Point": [
    {
      "Date": 20210224, 
      "Value" : 62.540001
    },
    {
      "Date": 20220427, 
      "Value" : 17.440001
    },
    {
      "Date": 20230130, 
      "Value" : 32.770000
    }
  ]
}