{
  "Color": "rgb(244, 55, 244)", 
  "Point": [
    {
      "Date": 20210129, 
      "Value" : 5.720000
    },
    {
      "Date": 20210414, 
      "Value" : 16.950001
    },
    {
      "Date": 20240208, 
      "Value" : 3.340000
    }
  ]
}