{
  "Color": "rgb(244, 55, 244)", 
  "Point": [
    {
      "Date": 20210720, 
      "Value" : 32.110001
    },
    {
      "Date": 20240208, 
      "Value" : 10.900000
    }
  ]
}