{
  "Color": "rgb(244, 55, 244)", 
  "Point": [
    {
      "Date": 20210428, 
      "Value" : 27.430000
    },
    {
      "Date": 20220427, 
      "Value" : 9.680000
    },
    {
      "Date": 20241219, 
      "Value" : 40.849998
    },
    {
      "Date": 20250409, 
      "Value" : 21.000000
    }
  ]
}