{
  "Color": "rgb(244, 55, 244)", 
  "Point": [
    {
      "Date": 20210224, 
      "Value" : 47.070000
    },
    {
      "Date": 20240205, 
      "Value" : 10.940000
    },
    {
      "Date": 20241105, 
      "Value" : 17.500000
    },
    {
      "Date": 20250409, 
      "Value" : 12.610000
    }
  ]
}