{
  "Color": "rgb(244, 55, 244)", 
  "Point": [
    {
      "Date": 20210107, 
      "Value" : 25.610001
    },
    {
      "Date": 20221025, 
      "Value" : 9.450000
    },
    {
      "Date": 20231208, 
      "Value" : 19.430000
    }
  ]
}