{
  "Color": "rgb(244, 55, 244)", 
  "Point": [
    {
      "Date": 20210107, 
      "Value" : 25.610001
    },
    {
      "Date": 20240208, 
      "Value" : 8.850000
    }
  ]
}