{
  "Color": "rgb(244, 55, 244)", 
  "Point": [
    {
      "Date": 20210107, 
      "Value" : 25.530001
    },
    {
      "Date": 20240918, 
      "Value" : 8.110000
    }
  ]
}