{
  "Color": "rgb(244, 55, 244)", 
  "Point": [
    {
      "Date": 20210511, 
      "Value" : 18.010000
    },
    {
      "Date": 20230626, 
      "Value" : 56.070000
    }
  ]
}