{
  "Color": "rgb(244, 55, 244)", 
  "Point": [
    {
      "Date": 20210511, 
      "Value" : 17.910000
    },
    {
      "Date": 20230626, 
      "Value" : 55.970001
    },
    {
      "Date": 20240918, 
      "Value" : 16.620001
    }
  ]
}