{
  "Color": "rgb(244, 55, 244)", 
  "Point": [
    {
      "Date": 20201211, 
      "Value" : 29.080000
    },
    {
      "Date": 20220427, 
      "Value" : 12.690000
    },
    {
      "Date": 20220823, 
      "Value" : 22.740000
    },
    {
      "Date": 20231211, 
      "Value" : 14.170000
    }
  ]
}