{
  "Color": "rgb(244, 55, 244)", 
  "Point": [
    {
      "Date": 20200928, 
      "Value" : 6.780000
    },
    {
      "Date": 20211124, 
      "Value" : 88.019997
    },
    {
      "Date": 20240206, 
      "Value" : 18.200001
    },
    {
      "Date": 20240620, 
      "Value" : 33.169998
    }
  ]
}