{
  "Color": "rgb(244, 55, 244)", 
  "Point": [
    {
      "Date": 20200805, 
      "Value" : 7.480000
    },
    {
      "Date": 20200811, 
      "Value" : 13.450000
    },
    {
      "Date": 20240207, 
      "Value" : 5.180000
    }
  ]
}