{
  "Color": "rgb(244, 55, 244)", 
  "Point": [
    {
      "Date": 20210420, 
      "Value" : 13.540000
    },
    {
      "Date": 20220927, 
      "Value" : 252.089996
    },
    {
      "Date": 20230925, 
      "Value" : 74.500000
    }
  ]
}