{
  "Color": "rgb(244, 55, 244)", 
  "Point": [
    {
      "Date": 20200921, 
      "Value" : 9.630000
    },
    {
      "Date": 20220316, 
      "Value" : 30.930000
    },
    {
      "Date": 20240206, 
      "Value" : 17.330000
    }
  ]
}