{
  "Color": "rgb(244, 55, 244)", 
  "Point": [
    {
      "Date": 20220427, 
      "Value" : 13.160000
    },
    {
      "Date": 20230209, 
      "Value" : 44.430000
    }
  ]
}