{
  "Color": "rgb(244, 55, 244)", 
  "Point": [
    {
      "Date": 20200710, 
      "Value" : 6.080000
    },
    {
      "Date": 20200807, 
      "Value" : 49.730000
    },
    {
      "Date": 20240206, 
      "Value" : 9.510000
    }
  ]
}