{
  "Color": "rgb(244, 55, 244)", 
  "Point": [
    {
      "Date": 20200928, 
      "Value" : 9.710000
    },
    {
      "Date": 20211124, 
      "Value" : 123.449997
    },
    {
      "Date": 20230926, 
      "Value" : 33.029999
    }
  ]
}