{
  "Color": "rgb(244, 55, 244)", 
  "Point": [
    {
      "Date": 20211224, 
      "Value" : 17.270000
    },
    {
      "Date": 20230831, 
      "Value" : 7.890000
    }
  ]
}