{
  "Color": "rgb(244, 55, 244)", 
  "Point": [
    {
      "Date": 20210601, 
      "Value" : 27.270000
    },
    {
      "Date": 20240206, 
      "Value" : 9.650000
    },
    {
      "Date": 20241008, 
      "Value" : 14.640000
    }
  ]
}