{
  "Color": "rgb(244, 55, 244)", 
  "Point": [
    {
      "Date": 20210203, 
      "Value" : 26.620001
    },
    {
      "Date": 20240207, 
      "Value" : 9.180000
    }
  ]
}