{
  "Color": "rgb(244, 55, 244)", 
  "Point": [
    {
      "Date": 20211224, 
      "Value" : 17.270000
    },
    {
      "Date": 20231023, 
      "Value" : 7.280000
    }
  ]
}