{
  "Color": "rgb(244, 55, 244)", 
  "Point": [
    {
      "Date": 20210511, 
      "Value" : 5.990000
    },
    {
      "Date": 20210602, 
      "Value" : 18.400000
    },
    {
      "Date": 20221011, 
      "Value" : 6.400000
    },
    {
      "Date": 20230815, 
      "Value" : 8.790000
    }
  ]
}