{
  "Color": "rgb(244, 55, 244)", 
  "Point": [
    {
      "Date": 20210420, 
      "Value" : 8.170000
    },
    {
      "Date": 20220927, 
      "Value" : 178.570007
    },
    {
      "Date": 20231213, 
      "Value" : 38.150002
    },
    {
      "Date": 20240620, 
      "Value" : 80.000000
    }
  ]
}