{
  "Color": "rgb(244, 55, 244)", 
  "Point": [
    {
      "Date": 20200929, 
      "Value" : 17.219999
    },
    {
      "Date": 20201023, 
      "Value" : 54.889999
    },
    {
      "Date": 20221031, 
      "Value" : 10.800000
    },
    {
      "Date": 20230413, 
      "Value" : 17.990000
    }
  ]
}