{
  "Color": "rgb(244, 55, 244)", 
  "Point": [
    {
      "Date": 20210728, 
      "Value" : 16.420000
    },
    {
      "Date": 20210830, 
      "Value" : 26.400000
    },
    {
      "Date": 20240208, 
      "Value" : 6.830000
    }
  ]
}