{
  "Color": "rgb(244, 55, 244)", 
  "Point": [
    {
      "Date": 20200730, 
      "Value" : 10.500000
    },
    {
      "Date": 20200813, 
      "Value" : 26.809999
    },
    {
      "Date": 20220427, 
      "Value" : 9.530000
    },
    {
      "Date": 20240103, 
      "Value" : 29.020000
    }
  ]
}