{
  "Color": "rgb(244, 55, 244)", 
  "Point": [
    {
      "Date": 20210203, 
      "Value" : 18.870001
    },
    {
      "Date": 20240207, 
      "Value" : 6.410000
    },
    {
      "Date": 20240520, 
      "Value" : 10.930000
    },
    {
      "Date": 20240918, 
      "Value" : 7.730000
    }
  ]
}