{
  "Color": "rgb(244, 55, 244)", 
  "Point": [
    {
      "Date": 20210726, 
      "Value" : 5.660000
    },
    {
      "Date": 20210817, 
      "Value" : 12.360000
    },
    {
      "Date": 20220427, 
      "Value" : 6.620000
    },
    {
      "Date": 20230714, 
      "Value" : 11.140000
    }
  ]
}