{
  "Color": "rgb(244, 55, 244)", 
  "Point": [
    {
      "Date": 20200730, 
      "Value" : 10.750000
    },
    {
      "Date": 20200813, 
      "Value" : 27.059999
    },
    {
      "Date": 20220427, 
      "Value" : 9.780000
    },
    {
      "Date": 20230606, 
      "Value" : 23.950001
    }
  ]
}