{
  "Color": "rgb(244, 55, 244)", 
  "Point": [
    {
      "Date": 20201123, 
      "Value" : 17.740000
    },
    {
      "Date": 20210209, 
      "Value" : 8.520000
    },
    {
      "Date": 20210928, 
      "Value" : 18.160000
    },
    {
      "Date": 20240208, 
      "Value" : 6.270000
    }
  ]
}