{
  "Color": "rgb(244, 55, 244)", 
  "Point": [
    {
      "Date": 20200722, 
      "Value" : 26.170000
    },
    {
      "Date": 20210112, 
      "Value" : 14.120000
    },
    {
      "Date": 20221222, 
      "Value" : 40.320000
    },
    {
      "Date": 20240710, 
      "Value" : 18.610001
    }
  ]
}