{
  "Color": "rgb(244, 55, 244)", 
  "Point": [
    {
      "Date": 20211224, 
      "Value" : 17.270000
    },
    {
      "Date": 20230612, 
      "Value" : 8.100000
    }
  ]
}