{
  "Color": "rgb(244, 55, 244)", 
  "Point": [
    {
      "Date": 20200730, 
      "Value" : 10.410000
    },
    {
      "Date": 20200813, 
      "Value" : 26.719999
    },
    {
      "Date": 20220427, 
      "Value" : 9.440000
    },
    {
      "Date": 20240103, 
      "Value" : 28.930000
    }
  ]
}