{
  "Color": "rgb(244, 55, 244)", 
  "Point": [
    {
      "Date": 20200722, 
      "Value" : 26.580000
    },
    {
      "Date": 20210112, 
      "Value" : 14.530000
    },
    {
      "Date": 20221222, 
      "Value" : 40.730000
    },
    {
      "Date": 20231023, 
      "Value" : 27.070000
    }
  ]
}