{
  "Color": "rgb(244, 55, 244)", 
  "Point": [
    {
      "Date": 20200814, 
      "Value" : 37.240002
    },
    {
      "Date": 20220427, 
      "Value" : 11.110000
    },
    {
      "Date": 20240119, 
      "Value" : 17.930000
    }
  ]
}