{
  "Color": "rgb(244, 55, 244)", 
  "Point": [
    {
      "Date": 20210707, 
      "Value" : 6.780000
    },
    {
      "Date": 20210719, 
      "Value" : 18.230000
    }
  ]
}