{
  "Color": "rgb(244, 55, 244)", 
  "Point": [
    {
      "Date": 20211224, 
      "Value" : 17.180000
    },
    {
      "Date": 20240208, 
      "Value" : 4.360000
    }
  ]
}