{
  "Color": "rgb(244, 55, 244)", 
  "Point": [
    {
      "Date": 20220429, 
      "Value" : 20.980000
    },
    {
      "Date": 20221107, 
      "Value" : 66.349998
    }
  ]
}