{
  "Color": "rgb(244, 55, 244)", 
  "Point": [
    {
      "Date": 20210726, 
      "Value" : 5.620000
    },
    {
      "Date": 20210817, 
      "Value" : 12.320000
    },
    {
      "Date": 20220427, 
      "Value" : 6.570000
    },
    {
      "Date": 20240105, 
      "Value" : 13.850000
    }
  ]
}