{
  "Color": "rgb(244, 55, 244)", 
  "Point": [
    {
      "Date": 20201130, 
      "Value" : 56.080002
    },
    {
      "Date": 20240206, 
      "Value" : 14.630000
    }
  ]
}