{
  "Color": "rgb(244, 55, 244)", 
  "Point": [
    {
      "Date": 20200618, 
      "Value" : 7.940000
    },
    {
      "Date": 20220107, 
      "Value" : 17.350000
    },
    {
      "Date": 20240206, 
      "Value" : 6.420000
    }
  ]
}