{
  "Color": "rgb(244, 55, 244)", 
  "Point": [
    {
      "Date": 20220427, 
      "Value" : 13.010000
    },
    {
      "Date": 20230209, 
      "Value" : 44.279999
    },
    {
      "Date": 20240206, 
      "Value" : 15.160000
    }
  ]
}