{
  "Color": "rgb(244, 55, 244)", 
  "Point": [
    {
      "Date": 20200805, 
      "Value" : 7.280000
    },
    {
      "Date": 20200811, 
      "Value" : 13.250000
    },
    {
      "Date": 20240207, 
      "Value" : 4.980000
    }
  ]
}