{
  "Color": "rgb(244, 55, 244)", 
  "Point": [
    {
      "Date": 20220429, 
      "Value" : 13.920000
    },
    {
      "Date": 20221107, 
      "Value" : 44.570000
    },
    {
      "Date": 20240206, 
      "Value" : 20.709999
    },
    {
      "Date": 20250514, 
      "Value" : 48.470001
    }
  ]
}