{
  "Color": "rgb(244, 55, 244)", 
  "Point": [
    {
      "Date": 20211216, 
      "Value" : 27.450001
    },
    {
      "Date": 20220429, 
      "Value" : 12.630000
    },
    {
      "Date": 20231204, 
      "Value" : 24.900000
    }
  ]
}