{
  "Color": "rgb(244, 55, 244)", 
  "Point": [
    {
      "Date": 20200929, 
      "Value" : 17.160000
    },
    {
      "Date": 20201023, 
      "Value" : 54.830002
    },
    {
      "Date": 20240710, 
      "Value" : 5.090000
    }
  ]
}