{
  "Color": "rgb(244, 55, 244)", 
  "Point": [
    {
      "Date": 20201130, 
      "Value" : 56.410000
    },
    {
      "Date": 20220427, 
      "Value" : 17.410000
    },
    {
      "Date": 20231012, 
      "Value" : 34.889999
    }
  ]
}