{
  "Color": "rgb(244, 55, 244)", 
  "Point": [
    {
      "Date": 20210601, 
      "Value" : 27.420000
    },
    {
      "Date": 20231023, 
      "Value" : 14.100000
    }
  ]
}