{
  "Color": "rgb(244, 55, 244)", 
  "Point": [
    {
      "Date": 20201211, 
      "Value" : 29.080000
    },
    {
      "Date": 20220427, 
      "Value" : 12.690000
    }
  ]
}