{
  "Color": "rgb(244, 55, 244)", 
  "Point": [
    {
      "Date": 20210511, 
      "Value" : 18.100000
    },
    {
      "Date": 20230626, 
      "Value" : 56.160000
    }
  ]
}