{
  "Color": "rgb(244, 55, 244)", 
  "Point": [
    {
      "Date": 20210728, 
      "Value" : 16.340000
    },
    {
      "Date": 20210830, 
      "Value" : 26.320000
    },
    {
      "Date": 20240208, 
      "Value" : 6.750000
    }
  ]
}