{
  "Color": "rgb(244, 55, 244)", 
  "Point": [
    {
      "Date": 20200710, 
      "Value" : 5.960000
    },
    {
      "Date": 20200807, 
      "Value" : 49.610001
    },
    {
      "Date": 20240705, 
      "Value" : 9.240000
    }
  ]
}