{
  "Color": "rgb(244, 55, 244)", 
  "Point": [
    {
      "Date": 20210203, 
      "Value" : 18.870001
    },
    {
      "Date": 20240207, 
      "Value" : 6.410000
    },
    {
      "Date": 20250312, 
      "Value" : 15.810000
    }
  ]
}