{
  "Color": "rgb(244, 55, 244)", 
  "Point": [
    {
      "Date": 20200805, 
      "Value" : 7.480000
    },
    {
      "Date": 20200811, 
      "Value" : 13.450000
    },
    {
      "Date": 20220427, 
      "Value" : 5.190000
    },
    {
      "Date": 20221018, 
      "Value" : 8.230000
    }
  ]
}