{
  "Color": "rgb(244, 55, 244)", 
  "Point": [
    {
      "Date": 20200814, 
      "Value" : 37.040001
    },
    {
      "Date": 20220427, 
      "Value" : 10.910000
    },
    {
      "Date": 20250312, 
      "Value" : 33.369999
    }
  ]
}