{
  "Color": "rgb(244, 55, 244)", 
  "Point": [
    {
      "Date": 20210511, 
      "Value" : 5.910000
    },
    {
      "Date": 20210602, 
      "Value" : 18.320000
    },
    {
      "Date": 20240206, 
      "Value" : 5.930000
    }
  ]
}