{
  "Color": "rgb(244, 55, 244)", 
  "Point": [
    {
      "Date": 20201123, 
      "Value" : 17.540001
    },
    {
      "Date": 20210209, 
      "Value" : 8.320000
    },
    {
      "Date": 20210928, 
      "Value" : 17.959999
    },
    {
      "Date": 20240208, 
      "Value" : 6.070000
    }
  ]
}