{
  "Color": "rgb(244, 55, 244)", 
  "Point": [
    {
      "Date": 20200929, 
      "Value" : 17.219999
    },
    {
      "Date": 20201023, 
      "Value" : 54.889999
    },
    {
      "Date": 20231023, 
      "Value" : 9.600000
    }
  ]
}