{
  "Color": "rgb(244, 55, 244)", 
  "Point": [
    {
      "Date": 20210310, 
      "Value" : 43.599998
    },
    {
      "Date": 20211029, 
      "Value" : 19.820000
    },
    {
      "Date": 20220225, 
      "Value" : 26.570000
    },
    {
      "Date": 20240208, 
      "Value" : 8.060000
    }
  ]
}