{
  "Color": "rgb(244, 55, 244)", 
  "Point": [
    {
      "Date": 20200918, 
      "Value" : 8.700000
    },
    {
      "Date": 20210421, 
      "Value" : 33.639999
    },
    {
      "Date": 20220318, 
      "Value" : 14.670000
    },
    {
      "Date": 20250515, 
      "Value" : 60.599998
    }
  ]
}