{
  "Color": "rgb(244, 55, 244)", 
  "Point": [
    {
      "Date": 20200929, 
      "Value" : 17.170000
    },
    {
      "Date": 20201023, 
      "Value" : 54.840000
    },
    {
      "Date": 20240710, 
      "Value" : 5.100000
    }
  ]
}