{
  "Color": "rgb(244, 55, 244)", 
  "Point": [
    {
      "Date": 20200814, 
      "Value" : 37.639999
    },
    {
      "Date": 20220427, 
      "Value" : 11.510000
    },
    {
      "Date": 20230621, 
      "Value" : 17.790001
    }
  ]
}