{
  "Color": "rgb(244, 55, 244)", 
  "Point": [
    {
      "Date": 20210707, 
      "Value" : 6.600000
    },
    {
      "Date": 20210719, 
      "Value" : 18.049999
    },
    {
      "Date": 20240208, 
      "Value" : 4.550000
    }
  ]
}