{
  "Color": "rgb(244, 55, 244)", 
  "Point": [
    {
      "Date": 20200804, 
      "Value" : 31.629999
    },
    {
      "Date": 20240205, 
      "Value" : 13.700000
    }
  ]
}