{
  "Color": "rgb(244, 55, 244)", 
  "Point": [
    {
      "Date": 20210416, 
      "Value" : 19.320000
    },
    {
      "Date": 20240208, 
      "Value" : 6.430000
    }
  ]
}