{
  "Color": "rgb(244, 55, 244)", 
  "Point": [
    {
      "Date": 20201009, 
      "Value" : 20.760000
    },
    {
      "Date": 20220427, 
      "Value" : 8.890000
    },
    {
      "Date": 20230330, 
      "Value" : 17.760000
    }
  ]
}