{
  "Color": "rgb(244, 55, 244)", 
  "Point": [
    {
      "Date": 20201009, 
      "Value" : 20.620001
    },
    {
      "Date": 20220427, 
      "Value" : 8.750000
    },
    {
      "Date": 20231206, 
      "Value" : 34.840000
    }
  ]
}