{
  "Color": "rgb(244, 55, 244)", 
  "Point": [
    {
      "Date": 20210708, 
      "Value" : 39.040001
    },
    {
      "Date": 20220429, 
      "Value" : 14.760000
    },
    {
      "Date": 20221017, 
      "Value" : 19.760000
    },
    {
      "Date": 20230425, 
      "Value" : 15.380000
    }
  ]
}