{
  "Color": "rgb(244, 55, 244)", 
  "Point": [
    {
      "Date": 20210408, 
      "Value" : 16.240000
    },
    {
      "Date": 20240208, 
      "Value" : 5.480000
    },
    {
      "Date": 20250314, 
      "Value" : 17.389999
    }
  ]
}