{
  "Color": "rgb(244, 55, 244)", 
  "Point": [
    {
      "Date": 20210528, 
      "Value" : 56.980000
    },
    {
      "Date": 20220427, 
      "Value" : 21.490000
    },
    {
      "Date": 20220905, 
      "Value" : 30.049999
    },
    {
      "Date": 20230914, 
      "Value" : 20.500000
    }
  ]
}