{
  "Color": "rgb(244, 55, 244)", 
  "Point": [
    {
      "Date": 20210617, 
      "Value" : 22.709999
    },
    {
      "Date": 20220427, 
      "Value" : 10.480000
    },
    {
      "Date": 20230223, 
      "Value" : 21.219999
    },
    {
      "Date": 20240708, 
      "Value" : 12.390000
    }
  ]
}