{
  "Color": "rgb(244, 55, 244)", 
  "Point": [
    {
      "Date": 20210416, 
      "Value" : 19.020000
    },
    {
      "Date": 20240208, 
      "Value" : 6.130000
    },
    {
      "Date": 20241112, 
      "Value" : 10.990000
    }
  ]
}