{
  "Color": "rgb(244, 55, 244)", 
  "Point": [
    {
      "Date": 20201215, 
      "Value" : 7.640000
    },
    {
      "Date": 20210906, 
      "Value" : 22.770000
    },
    {
      "Date": 20240206, 
      "Value" : 5.670000
    }
  ]
}