{
  "Color": "rgb(244, 55, 244)", 
  "Point": [
    {
      "Date": 20210408, 
      "Value" : 21.740000
    },
    {
      "Date": 20240208, 
      "Value" : 4.810000
    }
  ]
}