{
  "Color": "rgb(244, 55, 244)", 
  "Point": [
    {
      "Date": 20201215, 
      "Value" : 7.940000
    },
    {
      "Date": 20210906, 
      "Value" : 23.070000
    },
    {
      "Date": 20221011, 
      "Value" : 8.060000
    },
    {
      "Date": 20230601, 
      "Value" : 14.430000
    }
  ]
}