{
  "Color": "rgb(244, 55, 244)", 
  "Point": [
    {
      "Date": 20200601, 
      "Value" : 77.870003
    },
    {
      "Date": 20200603, 
      "Value" : 113.410004
    },
    {
      "Date": 20240207, 
      "Value" : 26.860001
    }
  ]
}