{
  "Color": "rgb(244, 55, 244)", 
  "Point": [
    {
      "Date": 20210408, 
      "Value" : 21.209999
    },
    {
      "Date": 20240208, 
      "Value" : 7.230000
    }
  ]
}