{
  "Color": "rgb(244, 55, 244)", 
  "Point": [
    {
      "Date": 20210708, 
      "Value" : 39.040001
    },
    {
      "Date": 20240208, 
      "Value" : 10.280000
    }
  ]
}