{
  "Color": "rgb(244, 55, 244)", 
  "Point": [
    {
      "Date": 20210408, 
      "Value" : 21.740000
    },
    {
      "Date": 20220427, 
      "Value" : 7.710000
    },
    {
      "Date": 20220823, 
      "Value" : 18.010000
    },
    {
      "Date": 20230608, 
      "Value" : 8.750000
    }
  ]
}