{
  "Color": "rgb(244, 55, 244)", 
  "Point": [
    {
      "Date": 20201209, 
      "Value" : 54.549999
    },
    {
      "Date": 20240208, 
      "Value" : 13.050000
    },
    {
      "Date": 20240613, 
      "Value" : 46.009998
    }
  ]
}