{
  "Color": "rgb(244, 55, 244)", 
  "Point": [
    {
      "Date": 20210408, 
      "Value" : 21.209999
    },
    {
      "Date": 20220427, 
      "Value" : 10.930000
    },
    {
      "Date": 20230608, 
      "Value" : 18.549999
    }
  ]
}