{
  "Color": "rgb(244, 55, 244)", 
  "Point": [
    {
      "Date": 20201209, 
      "Value" : 54.900002
    },
    {
      "Date": 20240208, 
      "Value" : 13.400000
    }
  ]
}