{
  "Color": "rgb(244, 55, 244)", 
  "Point": [
    {
      "Date": 20211117, 
      "Value" : 16.250000
    },
    {
      "Date": 20220428, 
      "Value" : 7.730000
    },
    {
      "Date": 20250124, 
      "Value" : 19.940001
    }
  ]
}