{
  "Color": "rgb(244, 55, 244)", 
  "Point": [
    {
      "Date": 20200828, 
      "Value" : 22.639999
    },
    {
      "Date": 20220428, 
      "Value" : 11.250000
    },
    {
      "Date": 20231110, 
      "Value" : 25.030001
    }
  ]
}