{
  "Color": "rgb(244, 55, 244)", 
  "Point": [
    {
      "Date": 20201215, 
      "Value" : 7.940000
    },
    {
      "Date": 20210906, 
      "Value" : 23.070000
    },
    {
      "Date": 20240206, 
      "Value" : 5.970000
    }
  ]
}