{
  "Color": "rgb(244, 55, 244)", 
  "Point": [
    {
      "Date": 20210416, 
      "Value" : 19.320000
    },
    {
      "Date": 20220427, 
      "Value" : 7.740000
    },
    {
      "Date": 20230904, 
      "Value" : 11.500000
    }
  ]
}