{
  "Color": "rgb(244, 55, 244)", 
  "Point": [
    {
      "Date": 20211227, 
      "Value" : 43.770000
    },
    {
      "Date": 20220427, 
      "Value" : 14.510000
    },
    {
      "Date": 20230717, 
      "Value" : 45.000000
    }
  ]
}