{
  "Color": "rgb(244, 55, 244)", 
  "Point": [
    {
      "Date": 20210708, 
      "Value" : 38.919998
    },
    {
      "Date": 20240823, 
      "Value" : 9.980000
    },
    {
      "Date": 20250314, 
      "Value" : 15.050000
    }
  ]
}