{
  "Color": "rgb(244, 55, 244)", 
  "Point": [
    {
      "Date": 20200828, 
      "Value" : 22.860001
    },
    {
      "Date": 20220428, 
      "Value" : 11.470000
    },
    {
      "Date": 20221109, 
      "Value" : 18.370001
    },
    {
      "Date": 20230425, 
      "Value" : 12.760000
    }
  ]
}