{
  "Color": "rgb(244, 55, 244)", 
  "Point": [
    {
      "Date": 20201209, 
      "Value" : 54.900002
    },
    {
      "Date": 20220427, 
      "Value" : 16.969999
    },
    {
      "Date": 20231109, 
      "Value" : 34.509998
    }
  ]
}