{
  "Color": "rgb(244, 55, 244)", 
  "Point": [
    {
      "Date": 20210617, 
      "Value" : 32.290001
    },
    {
      "Date": 20220427, 
      "Value" : 15.170000
    },
    {
      "Date": 20230223, 
      "Value" : 30.209999
    },
    {
      "Date": 20231026, 
      "Value" : 21.450001
    }
  ]
}