{
  "Color": "rgb(244, 55, 244)", 
  "Point": [
    {
      "Date": 20200804, 
      "Value" : 31.629999
    },
    {
      "Date": 20220427, 
      "Value" : 15.750000
    },
    {
      "Date": 20230214, 
      "Value" : 31.490000
    },
    {
      "Date": 20230724, 
      "Value" : 18.920000
    }
  ]
}