{
  "Color": "rgb(244, 55, 244)", 
  "Point": [
    {
      "Date": 20210120, 
      "Value" : 6.840000
    },
    {
      "Date": 20210408, 
      "Value" : 15.390000
    },
    {
      "Date": 20220427, 
      "Value" : 5.970000
    },
    {
      "Date": 20231130, 
      "Value" : 16.370001
    }
  ]
}