{
  "Color": "rgb(244, 55, 244)", 
  "Point": [
    {
      "Date": 20211117, 
      "Value" : 19.700001
    },
    {
      "Date": 20220428, 
      "Value" : 9.480000
    },
    {
      "Date": 20230621, 
      "Value" : 19.010000
    }
  ]
}