{
  "Color": "rgb(244, 55, 244)", 
  "Point": [
    {
      "Date": 20200601, 
      "Value" : 77.410004
    },
    {
      "Date": 20200603, 
      "Value" : 112.949997
    },
    {
      "Date": 20240207, 
      "Value" : 26.400000
    }
  ]
}