{
  "Color": "rgb(244, 55, 244)", 
  "Point": [
    {
      "Date": 20201009, 
      "Value" : 20.480000
    },
    {
      "Date": 20220427, 
      "Value" : 8.610000
    },
    {
      "Date": 20231206, 
      "Value" : 34.700001
    }
  ]
}