{
  "Color": "rgb(244, 55, 244)", 
  "Point": [
    {
      "Date": 20211227, 
      "Value" : 43.520000
    },
    {
      "Date": 20220427, 
      "Value" : 14.260000
    },
    {
      "Date": 20231229, 
      "Value" : 58.049999
    },
    {
      "Date": 20240718, 
      "Value" : 20.889999
    }
  ]
}