{
  "Color": "rgb(244, 55, 244)", 
  "Point": [
    {
      "Date": 20200828, 
      "Value" : 22.420000
    },
    {
      "Date": 20220428, 
      "Value" : 11.030000
    },
    {
      "Date": 20231110, 
      "Value" : 24.809999
    }
  ]
}