{
  "Color": "rgb(244, 55, 244)", 
  "Point": [
    {
      "Date": 20211117, 
      "Value" : 16.250000
    },
    {
      "Date": 20220428, 
      "Value" : 7.730000
    },
    {
      "Date": 20240322, 
      "Value" : 17.280001
    },
    {
      "Date": 20240918, 
      "Value" : 10.760000
    }
  ]
}