{
  "Color": "rgb(244, 55, 244)", 
  "Point": [
    {
      "Date": 20210120, 
      "Value" : 6.880000
    },
    {
      "Date": 20210408, 
      "Value" : 15.430000
    },
    {
      "Date": 20220427, 
      "Value" : 6.010000
    },
    {
      "Date": 20230713, 
      "Value" : 12.960000
    }
  ]
}