{
  "Color": "rgb(244, 55, 244)", 
  "Point": [
    {
      "Date": 20210421, 
      "Value" : 33.830002
    },
    {
      "Date": 20240208, 
      "Value" : 9.290000
    },
    {
      "Date": 20241008, 
      "Value" : 18.900000
    }
  ]
}