{
  "Color": "rgb(244, 55, 244)", 
  "Point": [
    {
      "Date": 20210713, 
      "Value" : 33.230000
    },
    {
      "Date": 20240208, 
      "Value" : 11.200000
    }
  ]
}