{
  "Color": "rgb(244, 55, 244)", 
  "Point": [
    {
      "Date": 20201020, 
      "Value" : 28.209999
    },
    {
      "Date": 20221031, 
      "Value" : 14.250000
    },
    {
      "Date": 20230223, 
      "Value" : 20.500000
    }
  ]
}