{
  "Color": "rgb(244, 55, 244)", 
  "Point": [
    {
      "Date": 20210521, 
      "Value" : 19.070000
    },
    {
      "Date": 20211109, 
      "Value" : 66.410004
    }
  ]
}