{
  "Color": "rgb(244, 55, 244)", 
  "Point": [
    {
      "Date": 20210607, 
      "Value" : 13.310000
    },
    {
      "Date": 20210615, 
      "Value" : 25.889999
    },
    {
      "Date": 20220427, 
      "Value" : 10.750000
    }
  ]
}