{
  "Color": "rgb(244, 55, 244)", 
  "Point": [
    {
      "Date": 20210108, 
      "Value" : 7.390000
    },
    {
      "Date": 20221214, 
      "Value" : 18.129999
    },
    {
      "Date": 20240205, 
      "Value" : 11.480000
    }
  ]
}