{
  "Color": "rgb(244, 55, 244)", 
  "Point": [
    {
      "Date": 20210713, 
      "Value" : 33.230000
    },
    {
      "Date": 20221012, 
      "Value" : 11.580000
    },
    {
      "Date": 20230804, 
      "Value" : 23.059999
    }
  ]
}