{
  "Color": "rgb(244, 55, 244)", 
  "Point": [
    {
      "Date": 20200916, 
      "Value" : 23.660000
    },
    {
      "Date": 20220117, 
      "Value" : 153.110001
    },
    {
      "Date": 20240206, 
      "Value" : 34.080002
    }
  ]
}