{
  "Color": "rgb(244, 55, 244)", 
  "Point": [
    {
      "Date": 20210726, 
      "Value" : 33.060001
    },
    {
      "Date": 20220427, 
      "Value" : 11.810000
    },
    {
      "Date": 20230915, 
      "Value" : 24.070000
    },
    {
      "Date": 20240823, 
      "Value" : 13.080000
    }
  ]
}