{
  "Color": "rgb(244, 55, 244)", 
  "Point": [
    {
      "Date": 20210108, 
      "Value" : 6.970000
    },
    {
      "Date": 20221214, 
      "Value" : 17.709999
    },
    {
      "Date": 20240920, 
      "Value" : 10.580000
    }
  ]
}