{
  "Color": "rgb(244, 55, 244)", 
  "Point": [
    {
      "Date": 20200911, 
      "Value" : 3.040000
    },
    {
      "Date": 20210730, 
      "Value" : 126.199997
    },
    {
      "Date": 20240206, 
      "Value" : 17.129999
    }
  ]
}