{
  "Color": "rgb(244, 55, 244)", 
  "Point": [
    {
      "Date": 20210329, 
      "Value" : 27.950001
    },
    {
      "Date": 20240208, 
      "Value" : 5.760000
    }
  ]
}