{
  "Color": "rgb(244, 55, 244)", 
  "Point": [
    {
      "Date": 20210521, 
      "Value" : 27.110001
    },
    {
      "Date": 20211109, 
      "Value" : 93.379997
    }
  ]
}