{
  "Color": "rgb(244, 55, 244)", 
  "Point": [
    {
      "Date": 20210603, 
      "Value" : 75.760002
    },
    {
      "Date": 20240208, 
      "Value" : 13.280000
    },
    {
      "Date": 20241008, 
      "Value" : 19.030001
    }
  ]
}