{
  "Color": "rgb(244, 55, 244)", 
  "Point": [
    {
      "Date": 20210713, 
      "Value" : 32.950001
    },
    {
      "Date": 20240823, 
      "Value" : 10.210000
    },
    {
      "Date": 20250303, 
      "Value" : 18.430000
    }
  ]
}