{
  "Color": "rgb(244, 55, 244)", 
  "Point": [
    {
      "Date": 20210329, 
      "Value" : 27.950001
    },
    {
      "Date": 20240918, 
      "Value" : 5.680000
    },
    {
      "Date": 20250313, 
      "Value" : 13.660000
    }
  ]
}