{
  "Color": "rgb(244, 55, 244)", 
  "Point": [
    {
      "Date": 20210603, 
      "Value" : 75.870003
    },
    {
      "Date": 20220428, 
      "Value" : 17.740000
    },
    {
      "Date": 20230331, 
      "Value" : 26.100000
    }
  ]
}