{
  "Color": "rgb(244, 55, 244)", 
  "Point": [
    {
      "Date": 20200807, 
      "Value" : 26.400000
    },
    {
      "Date": 20220427, 
      "Value" : 11.480000
    },
    {
      "Date": 20230913, 
      "Value" : 18.830000
    },
    {
      "Date": 20240611, 
      "Value" : 12.700000
    }
  ]
}