{
  "Color": "rgb(244, 55, 244)", 
  "Point": [
    {
      "Date": 20210421, 
      "Value" : 48.110001
    },
    {
      "Date": 20220427, 
      "Value" : 16.230000
    }
  ]
}