{
  "Color": "rgb(244, 55, 244)", 
  "Point": [
    {
      "Date": 20200916, 
      "Value" : 24.160000
    },
    {
      "Date": 20220117, 
      "Value" : 153.610001
    },
    {
      "Date": 20230608, 
      "Value" : 50.299999
    }
  ]
}