{
  "Color": "rgb(244, 55, 244)", 
  "Point": [
    {
      "Date": 20201208, 
      "Value" : 13.250000
    },
    {
      "Date": 20210830, 
      "Value" : 97.669998
    },
    {
      "Date": 20231026, 
      "Value" : 25.730000
    }
  ]
}