{
  "Color": "rgb(244, 55, 244)", 
  "Point": [
    {
      "Date": 20210329, 
      "Value" : 63.880001
    },
    {
      "Date": 20240206, 
      "Value" : 15.700000
    }
  ]
}