{
  "Color": "rgb(244, 55, 244)", 
  "Point": [
    {
      "Date": 20200807, 
      "Value" : 26.700001
    },
    {
      "Date": 20220427, 
      "Value" : 11.780000
    },
    {
      "Date": 20230913, 
      "Value" : 19.129999
    },
    {
      "Date": 20240611, 
      "Value" : 13.000000
    }
  ]
}