{
  "Color": "rgb(244, 55, 244)", 
  "Point": [
    {
      "Date": 20210713, 
      "Value" : 33.230000
    },
    {
      "Date": 20221012, 
      "Value" : 11.580000
    },
    {
      "Date": 20230512, 
      "Value" : 22.750000
    }
  ]
}