{
  "Color": "rgb(244, 55, 244)", 
  "Point": [
    {
      "Date": 20210607, 
      "Value" : 12.630000
    },
    {
      "Date": 20210615, 
      "Value" : 25.209999
    },
    {
      "Date": 20220427, 
      "Value" : 10.070000
    },
    {
      "Date": 20250307, 
      "Value" : 40.650002
    }
  ]
}