{
  "Color": "rgb(244, 55, 244)", 
  "Point": [
    {
      "Date": 20210329, 
      "Value" : 64.279999
    },
    {
      "Date": 20240206, 
      "Value" : 16.100000
    }
  ]
}