{
  "Color": "rgb(244, 55, 244)", 
  "Point": [
    {
      "Date": 20200818, 
      "Value" : 10.990000
    },
    {
      "Date": 20200826, 
      "Value" : 22.510000
    },
    {
      "Date": 20240207, 
      "Value" : 4.890000
    }
  ]
}