{
  "Color": "rgb(244, 55, 244)", 
  "Point": [
    {
      "Date": 20201020, 
      "Value" : 27.510000
    },
    {
      "Date": 20221031, 
      "Value" : 13.550000
    },
    {
      "Date": 20230223, 
      "Value" : 19.799999
    }
  ]
}