{
  "Color": "rgb(244, 55, 244)", 
  "Point": [
    {
      "Date": 20210713, 
      "Value" : 32.950001
    },
    {
      "Date": 20240709, 
      "Value" : 10.360000
    }
  ]
}