{
  "Color": "rgb(244, 55, 244)", 
  "Point": [
    {
      "Date": 20210108, 
      "Value" : 11.450000
    },
    {
      "Date": 20221214, 
      "Value" : 26.480000
    },
    {
      "Date": 20230425, 
      "Value" : 17.430000
    },
    {
      "Date": 20230928, 
      "Value" : 22.910000
    }
  ]
}