{
  "Color": "rgb(244, 55, 244)", 
  "Point": [
    {
      "Date": 20200818, 
      "Value" : 11.090000
    },
    {
      "Date": 20210114, 
      "Value" : 5.300000
    },
    {
      "Date": 20220617, 
      "Value" : 19.219999
    },
    {
      "Date": 20240923, 
      "Value" : 4.870000
    }
  ]
}