{
  "Color": "rgb(244, 55, 244)", 
  "Point": [
    {
      "Date": 20201208, 
      "Value" : 13.070000
    },
    {
      "Date": 20210830, 
      "Value" : 97.489998
    },
    {
      "Date": 20240206, 
      "Value" : 14.360000
    }
  ]
}