{
  "Color": "rgb(244, 55, 244)", 
  "Point": [
    {
      "Date": 20210208, 
      "Value" : 8.260000
    },
    {
      "Date": 20210618, 
      "Value" : 37.450001
    },
    {
      "Date": 20240918, 
      "Value" : 7.840000
    }
  ]
}