{
  "Color": "rgb(244, 55, 244)", 
  "Point": [
    {
      "Date": 20200818, 
      "Value" : 15.480000
    },
    {
      "Date": 20200826, 
      "Value" : 31.610001
    },
    {
      "Date": 20240207, 
      "Value" : 6.950000
    }
  ]
}