{
  "Color": "rgb(244, 55, 244)", 
  "Point": [
    {
      "Date": 20210607, 
      "Value" : 13.210000
    },
    {
      "Date": 20210615, 
      "Value" : 25.790001
    },
    {
      "Date": 20220427, 
      "Value" : 10.650000
    },
    {
      "Date": 20231108, 
      "Value" : 24.270000
    }
  ]
}