{
  "Color": "rgb(244, 55, 244)", 
  "Point": [
    {
      "Date": 20210726, 
      "Value" : 33.380001
    },
    {
      "Date": 20220427, 
      "Value" : 12.130000
    },
    {
      "Date": 20220809, 
      "Value" : 19.190001
    },
    {
      "Date": 20230627, 
      "Value" : 14.000000
    }
  ]
}