{
  "Color": "rgb(244, 55, 244)", 
  "Point": [
    {
      "Date": 20210603, 
      "Value" : 75.870003
    },
    {
      "Date": 20231024, 
      "Value" : 17.309999
    }
  ]
}