{
  "Color": "rgb(244, 55, 244)", 
  "Point": [
    {
      "Date": 20210127, 
      "Value" : 40.020000
    },
    {
      "Date": 20220427, 
      "Value" : 13.520000
    },
    {
      "Date": 20230309, 
      "Value" : 32.400002
    }
  ]
}