{
  "Color": "rgb(244, 55, 244)", 
  "Point": [
    {
      "Date": 20200818, 
      "Value" : 11.130000
    },
    {
      "Date": 20210114, 
      "Value" : 5.340000
    },
    {
      "Date": 20220617, 
      "Value" : 19.260000
    },
    {
      "Date": 20240208, 
      "Value" : 5.180000
    }
  ]
}