{
  "Color": "rgb(244, 55, 244)", 
  "Point": [
    {
      "Date": 20200916, 
      "Value" : 16.389999
    },
    {
      "Date": 20220117, 
      "Value" : 108.849998
    },
    {
      "Date": 20240206, 
      "Value" : 23.830000
    }
  ]
}