{
  "Color": "rgb(244, 55, 244)", 
  "Point": [
    {
      "Date": 20200813, 
      "Value" : 16.900000
    },
    {
      "Date": 20210114, 
      "Value" : 8.020000
    },
    {
      "Date": 20220614, 
      "Value" : 40.369999
    },
    {
      "Date": 20230825, 
      "Value" : 14.260000
    }
  ]
}