{
  "Color": "rgb(244, 55, 244)", 
  "Point": [
    {
      "Date": 20200916, 
      "Value" : 16.690001
    },
    {
      "Date": 20220117, 
      "Value" : 109.150002
    },
    {
      "Date": 20240206, 
      "Value" : 24.129999
    }
  ]
}