{
  "Color": "rgb(244, 55, 244)", 
  "Point": [
    {
      "Date": 20200911, 
      "Value" : 3.120000
    },
    {
      "Date": 20210730, 
      "Value" : 126.279999
    },
    {
      "Date": 20230829, 
      "Value" : 31.170000
    }
  ]
}