{
  "Color": "rgb(244, 55, 244)", 
  "Point": [
    {
      "Date": 20210201, 
      "Value" : 12.590000
    },
    {
      "Date": 20220316, 
      "Value" : 5.460000
    },
    {
      "Date": 20240822, 
      "Value" : 13.750000
    }
  ]
}