{
  "Color": "rgb(244, 55, 244)", 
  "Point": [
    {
      "Date": 20210329, 
      "Value" : 64.279999
    },
    {
      "Date": 20220427, 
      "Value" : 21.139999
    },
    {
      "Date": 20230224, 
      "Value" : 35.959999
    }
  ]
}