{
  "Color": "rgb(244, 55, 244)", 
  "Point": [
    {
      "Date": 20210208, 
      "Value" : 8.760000
    },
    {
      "Date": 20210618, 
      "Value" : 37.950001
    },
    {
      "Date": 20221031, 
      "Value" : 12.200000
    },
    {
      "Date": 20230223, 
      "Value" : 21.879999
    }
  ]
}