{
  "Color": "rgb(244, 55, 244)", 
  "Point": [
    {
      "Date": 20210201, 
      "Value" : 14.340000
    },
    {
      "Date": 20220316, 
      "Value" : 7.210000
    },
    {
      "Date": 20240306, 
      "Value" : 13.440000
    }
  ]
}