{
  "Color": "rgb(244, 55, 244)", 
  "Point": [
    {
      "Date": 20201020, 
      "Value" : 26.889999
    },
    {
      "Date": 20221031, 
      "Value" : 12.930000
    },
    {
      "Date": 20230223, 
      "Value" : 19.180000
    },
    {
      "Date": 20240206, 
      "Value" : 8.900000
    }
  ]
}