{
  "Color": "rgb(244, 55, 244)", 
  "Point": [
    {
      "Date": 20210521, 
      "Value" : 26.980000
    },
    {
      "Date": 20211109, 
      "Value" : 93.250000
    }
  ]
}