{
  "Color": "rgb(244, 55, 244)", 
  "Point": [
    {
      "Date": 20201208, 
      "Value" : 12.750000
    },
    {
      "Date": 20210830, 
      "Value" : 97.169998
    },
    {
      "Date": 20240206, 
      "Value" : 14.040000
    },
    {
      "Date": 20250318, 
      "Value" : 45.500000
    }
  ]
}