{
  "Color": "rgb(244, 55, 244)", 
  "Point": [
    {
      "Date": 20210208, 
      "Value" : 8.760000
    },
    {
      "Date": 20210618, 
      "Value" : 37.950001
    },
    {
      "Date": 20240206, 
      "Value" : 8.950000
    }
  ]
}