{
  "Color": "rgb(244, 55, 244)", 
  "Point": [
    {
      "Date": 20200807, 
      "Value" : 26.700001
    },
    {
      "Date": 20220427, 
      "Value" : 11.780000
    },
    {
      "Date": 20220913, 
      "Value" : 17.350000
    },
    {
      "Date": 20230425, 
      "Value" : 12.200000
    }
  ]
}