{
  "Color": "rgb(244, 55, 244)", 
  "Point": [
    {
      "Date": 20210201, 
      "Value" : 13.490000
    },
    {
      "Date": 20220316, 
      "Value" : 6.360000
    },
    {
      "Date": 20240704, 
      "Value" : 13.970000
    }
  ]
}