{
  "Color": "rgb(244, 55, 244)", 
  "Point": [
    {
      "Date": 20210607, 
      "Value" : 12.830000
    },
    {
      "Date": 20210615, 
      "Value" : 25.410000
    },
    {
      "Date": 20220427, 
      "Value" : 10.270000
    },
    {
      "Date": 20231116, 
      "Value" : 24.400000
    }
  ]
}