{
  "Color": "rgb(244, 55, 244)", 
  "Point": [
    {
      "Date": 20210726, 
      "Value" : 33.380001
    },
    {
      "Date": 20220427, 
      "Value" : 12.130000
    },
    {
      "Date": 20230915, 
      "Value" : 24.389999
    },
    {
      "Date": 20240229, 
      "Value" : 15.640000
    }
  ]
}