{
  "Color": "rgb(244, 55, 244)", 
  "Point": [
    {
      "Date": 20200813, 
      "Value" : 16.799999
    },
    {
      "Date": 20210114, 
      "Value" : 7.920000
    },
    {
      "Date": 20220614, 
      "Value" : 40.270000
    },
    {
      "Date": 20240208, 
      "Value" : 8.990000
    }
  ]
}