{
  "Color": "rgb(244, 55, 244)", 
  "Point": [
    {
      "Date": 20210421, 
      "Value" : 48.110001
    },
    {
      "Date": 20240208, 
      "Value" : 13.760000
    }
  ]
}