{
  "Color": "rgb(244, 55, 244)", 
  "Point": [
    {
      "Date": 20210603, 
      "Value" : 75.870003
    },
    {
      "Date": 20240208, 
      "Value" : 13.390000
    }
  ]
}