{
  "Color": "rgb(244, 55, 244)", 
  "Point": [
    {
      "Date": 20210201, 
      "Value" : 13.040000
    },
    {
      "Date": 20220316, 
      "Value" : 5.910000
    },
    {
      "Date": 20240822, 
      "Value" : 14.200000
    }
  ]
}