{
  "Color": "rgb(244, 55, 244)", 
  "Point": [
    {
      "Date": 20210527, 
      "Value" : 50.520000
    },
    {
      "Date": 20210707, 
      "Value" : 280.700012
    },
    {
      "Date": 20220510, 
      "Value" : 109.349998
    },
    {
      "Date": 20230215, 
      "Value" : 208.000000
    }
  ]
}