{
  "Color": "rgb(244, 55, 244)", 
  "Point": [
    {
      "Date": 20210518, 
      "Value" : 25.820000
    },
    {
      "Date": 20240208, 
      "Value" : 7.880000
    },
    {
      "Date": 20250221, 
      "Value" : 62.830002
    }
  ]
}