{
  "Color": "rgb(244, 55, 244)", 
  "Point": [
    {
      "Date": 20210518, 
      "Value" : 25.920000
    },
    {
      "Date": 20240208, 
      "Value" : 7.980000
    }
  ]
}