{
  "Color": "rgb(244, 55, 244)", 
  "Point": [
    {
      "Date": 20210527, 
      "Value" : 48.020000
    },
    {
      "Date": 20210707, 
      "Value" : 278.200012
    },
    {
      "Date": 20220510, 
      "Value" : 106.849998
    },
    {
      "Date": 20240716, 
      "Value" : 236.479996
    }
  ]
}