{
  "Color": "rgb(244, 55, 244)", 
  "Point": [
    {
      "Date": 20210518, 
      "Value" : 26.120001
    },
    {
      "Date": 20220429, 
      "Value" : 11.810000
    },
    {
      "Date": 20230908, 
      "Value" : 18.049999
    }
  ]
}