{
  "Color": "rgb(244, 55, 244)", 
  "Point": [
    {
      "Date": 20210518, 
      "Value" : 26.120001
    },
    {
      "Date": 20240208, 
      "Value" : 8.180000
    }
  ]
}