{
  "Color": "rgb(244, 55, 244)", 
  "Point": [
    {
      "Date": 20210803, 
      "Value" : 46.599998
    },
    {
      "Date": 20231221, 
      "Value" : 17.590000
    }
  ]
}