{
  "Color": "rgb(244, 55, 244)", 
  "Point": [
    {
      "Date": 20210819, 
      "Value" : 6.400000
    },
    {
      "Date": 20230530, 
      "Value" : 17.730000
    }
  ]
}