{
  "Color": "rgb(244, 55, 244)", 
  "Point": [
    {
      "Date": 20211206, 
      "Value" : 25.420000
    },
    {
      "Date": 20220412, 
      "Value" : 12.610000
    },
    {
      "Date": 20220803, 
      "Value" : 22.680000
    },
    {
      "Date": 20230510, 
      "Value" : 13.360000
    }
  ]
}