{
  "Color": "rgb(244, 55, 244)", 
  "Point": [
    {
      "Date": 20220105, 
      "Value" : 25.520000
    },
    {
      "Date": 20240725, 
      "Value" : 7.150000
    }
  ]
}