{
  "Color": "rgb(244, 55, 244)", 
  "Point": [
    {
      "Date": 20210819, 
      "Value" : 6.150000
    },
    {
      "Date": 20230530, 
      "Value" : 17.480000
    },
    {
      "Date": 20240208, 
      "Value" : 6.120000
    }
  ]
}