{
  "Color": "rgb(244, 55, 244)", 
  "Point": [
    {
      "Date": 20220105, 
      "Value" : 25.520000
    },
    {
      "Date": 20231221, 
      "Value" : 11.980000
    }
  ]
}