{
  "Color": "rgb(244, 55, 244)", 
  "Point": [
    {
      "Date": 20210813, 
      "Value" : 44.950001
    },
    {
      "Date": 20240205, 
      "Value" : 15.080000
    },
    {
      "Date": 20250224, 
      "Value" : 32.009998
    }
  ]
}