{
  "Color": "rgb(244, 55, 244)", 
  "Point": [
    {
      "Date": 20210813, 
      "Value" : 45.349998
    },
    {
      "Date": 20221010, 
      "Value" : 15.600000
    },
    {
      "Date": 20230717, 
      "Value" : 28.070000
    }
  ]
}