{
  "Color": "rgb(244, 55, 244)", 
  "Point": [
    {
      "Date": 20211028, 
      "Value" : 13.160000
    },
    {
      "Date": 20230619, 
      "Value" : 59.230000
    }
  ]
}