{
  "Color": "rgb(244, 55, 244)", 
  "Point": [
    {
      "Date": 20210803, 
      "Value" : 46.299999
    },
    {
      "Date": 20240205, 
      "Value" : 12.710000
    }
  ]
}