{
  "Color": "rgb(244, 55, 244)", 
  "Point": [
    {
      "Date": 20210813, 
      "Value" : 45.349998
    },
    {
      "Date": 20240205, 
      "Value" : 15.480000
    }
  ]
}