{
  "Color": "rgb(244, 55, 244)", 
  "Point": [
    {
      "Date": 20210914, 
      "Value" : 16.980000
    },
    {
      "Date": 20221025, 
      "Value" : 7.400000
    },
    {
      "Date": 20240412, 
      "Value" : 15.460000
    }
  ]
}