{
  "Color": "rgb(244, 55, 244)", 
  "Point": [
    {
      "Date": 20211025, 
      "Value" : 45.599998
    },
    {
      "Date": 20220427, 
      "Value" : 17.809999
    },
    {
      "Date": 20220817, 
      "Value" : 29.969999
    },
    {
      "Date": 20231023, 
      "Value" : 18.830000
    }
  ]
}