{
  "Color": "rgb(244, 55, 244)", 
  "Point": [
    {
      "Date": 20210819, 
      "Value" : 63.270000
    },
    {
      "Date": 20220427, 
      "Value" : 24.680000
    },
    {
      "Date": 20231011, 
      "Value" : 83.669998
    }
  ]
}