{
  "Color": "rgb(244, 55, 244)", 
  "Point": [
    {
      "Date": 20211028, 
      "Value" : 9.340000
    },
    {
      "Date": 20230619, 
      "Value" : 42.240002
    },
    {
      "Date": 20240206, 
      "Value" : 13.820000
    }
  ]
}