{
  "Color": "rgb(244, 55, 244)", 
  "Point": [
    {
      "Date": 20210819, 
      "Value" : 6.050000
    },
    {
      "Date": 20230530, 
      "Value" : 17.379999
    },
    {
      "Date": 20240208, 
      "Value" : 6.020000
    },
    {
      "Date": 20250324, 
      "Value" : 12.680000
    }
  ]
}