{
  "Color": "rgb(244, 55, 244)", 
  "Point": [
    {
      "Date": 20210819, 
      "Value" : 63.340000
    },
    {
      "Date": 20220427, 
      "Value" : 24.750000
    },
    {
      "Date": 20230606, 
      "Value" : 61.189999
    }
  ]
}