{
  "Color": "rgb(244, 55, 244)", 
  "Point": [
    {
      "Date": 20210824, 
      "Value" : 6.980000
    },
    {
      "Date": 20211223, 
      "Value" : 18.110001
    },
    {
      "Date": 20221011, 
      "Value" : 8.590000
    },
    {
      "Date": 20231214, 
      "Value" : 32.689999
    }
  ]
}