{
  "Color": "rgb(244, 55, 244)", 
  "Point": [
    {
      "Date": 20201222, 
      "Value" : 12.700000
    },
    {
      "Date": 20220427, 
      "Value" : 6.220000
    },
    {
      "Date": 20231106, 
      "Value" : 8.110000
    }
  ]
}