{
  "Color": "rgb(244, 55, 244)", 
  "Point": [
    {
      "Date": 20210914, 
      "Value" : 17.680000
    },
    {
      "Date": 20221025, 
      "Value" : 8.100000
    },
    {
      "Date": 20230721, 
      "Value" : 15.100000
    },
    {
      "Date": 20240206, 
      "Value" : 10.690000
    }
  ]
}