{
  "Color": "rgb(244, 55, 244)", 
  "Point": [
    {
      "Date": 20210803, 
      "Value" : 46.599998
    },
    {
      "Date": 20220427, 
      "Value" : 20.260000
    },
    {
      "Date": 20221110, 
      "Value" : 31.260000
    },
    {
      "Date": 20230621, 
      "Value" : 20.750000
    }
  ]
}