{
  "Color": "rgb(244, 55, 244)", 
  "Point": [
    {
      "Date": 20210803, 
      "Value" : 46.599998
    },
    {
      "Date": 20230825, 
      "Value" : 19.620001
    }
  ]
}