{
  "Color": "rgb(244, 55, 244)", 
  "Point": [
    {
      "Date": 20211206, 
      "Value" : 25.070000
    },
    {
      "Date": 20220412, 
      "Value" : 12.260000
    },
    {
      "Date": 20250226, 
      "Value" : 30.600000
    }
  ]
}