{
  "Color": "rgb(244, 55, 244)", 
  "Point": [
    {
      "Date": 20201222, 
      "Value" : 12.700000
    },
    {
      "Date": 20220427, 
      "Value" : 6.220000
    },
    {
      "Date": 20230227, 
      "Value" : 8.090000
    },
    {
      "Date": 20230626, 
      "Value" : 6.930000
    }
  ]
}