{
  "Color": "rgb(244, 55, 244)", 
  "Point": [
    {
      "Date": 20190806, 
      "Value" : 64.589996
    },
    {
      "Date": 20240718, 
      "Value" : 5.120000
    }
  ]
}