{
  "Color": "rgb(244, 55, 244)", 
  "Point": [
    {
      "Date": 20190814, 
      "Value" : 114.379997
    },
    {
      "Date": 20220427, 
      "Value" : 16.879999
    }
  ]
}