{
  "Color": "rgb(244, 55, 244)", 
  "Point": [
    {
      "Date": 20210803, 
      "Value" : 338.910004
    },
    {
      "Date": 20240206, 
      "Value" : 59.810001
    }
  ]
}