{
  "Color": "rgb(244, 55, 244)", 
  "Point": [
    {
      "Date": 20191021, 
      "Value" : 56.099998
    },
    {
      "Date": 20200213, 
      "Value" : 125.199997
    },
    {
      "Date": 20221012, 
      "Value" : 41.200001
    },
    {
      "Date": 20241009, 
      "Value" : 87.089996
    }
  ]
}