{
  "Color": "rgb(244, 55, 244)", 
  "Point": [
    {
      "Date": 20210302, 
      "Value" : 30.480000
    },
    {
      "Date": 20221012, 
      "Value" : 8.390000
    },
    {
      "Date": 20230602, 
      "Value" : 14.300000
    },
    {
      "Date": 20240208, 
      "Value" : 5.980000
    }
  ]
}