{
  "Color": "rgb(244, 55, 244)", 
  "Point": [
    {
      "Date": 20191203, 
      "Value" : 42.939999
    },
    {
      "Date": 20200707, 
      "Value" : 210.910004
    },
    {
      "Date": 20210512, 
      "Value" : 69.879997
    },
    {
      "Date": 20250506, 
      "Value" : 192.539993
    }
  ]
}