{
  "Color": "rgb(244, 55, 244)", 
  "Point": [
    {
      "Date": 20190722, 
      "Value" : 96.029999
    },
    {
      "Date": 20200217, 
      "Value" : 302.029999
    },
    {
      "Date": 20221011, 
      "Value" : 70.620003
    },
    {
      "Date": 20230605, 
      "Value" : 160.000000
    }
  ]
}