{
  "Color": "rgb(244, 55, 244)", 
  "Point": [
    {
      "Date": 20200812, 
      "Value" : 140.169998
    },
    {
      "Date": 20210204, 
      "Value" : 51.959999
    },
    {
      "Date": 20211231, 
      "Value" : 136.440002
    },
    {
      "Date": 20240918, 
      "Value" : 32.480000
    }
  ]
}