{
  "Color": "rgb(244, 55, 244)", 
  "Point": [
    {
      "Date": 20201111, 
      "Value" : 45.480000
    },
    {
      "Date": 20221228, 
      "Value" : 12.520000
    },
    {
      "Date": 20230712, 
      "Value" : 16.080000
    },
    {
      "Date": 20240206, 
      "Value" : 8.930000
    }
  ]
}