{
  "Color": "rgb(244, 55, 244)", 
  "Point": [
    {
      "Date": 20190806, 
      "Value" : 64.589996
    },
    {
      "Date": 20240206, 
      "Value" : 9.250000
    }
  ]
}