{
  "Color": "rgb(244, 55, 244)", 
  "Point": [
    {
      "Date": 20190722, 
      "Value" : 22.469999
    },
    {
      "Date": 20190806, 
      "Value" : 69.639999
    },
    {
      "Date": 20230825, 
      "Value" : 15.030000
    }
  ]
}