{
  "Color": "rgb(244, 55, 244)", 
  "Point": [
    {
      "Date": 20190805, 
      "Value" : 70.900002
    },
    {
      "Date": 20200428, 
      "Value" : 20.430000
    },
    {
      "Date": 20230620, 
      "Value" : 48.610001
    },
    {
      "Date": 20240206, 
      "Value" : 21.120001
    }
  ]
}