{
  "Color": "rgb(244, 55, 244)", 
  "Point": [
    {
      "Date": 20190814, 
      "Value" : 114.379997
    },
    {
      "Date": 20240206, 
      "Value" : 11.800000
    }
  ]
}