{
  "Color": "rgb(244, 55, 244)", 
  "Point": [
    {
      "Date": 20220316, 
      "Value" : 77.550003
    },
    {
      "Date": 20220824, 
      "Value" : 363.190002
    },
    {
      "Date": 20240709, 
      "Value" : 34.910000
    }
  ]
}