{
  "Color": "rgb(244, 55, 244)", 
  "Point": [
    {
      "Date": 20211201, 
      "Value" : 48.779999
    },
    {
      "Date": 20240206, 
      "Value" : 9.980000
    }
  ]
}