{
  "Color": "rgb(244, 55, 244)", 
  "Point": [
    {
      "Date": 20220426, 
      "Value" : 238.990005
    },
    {
      "Date": 20220907, 
      "Value" : 895.020020
    }
  ]
}