{
  "Color": "rgb(244, 55, 244)", 
  "Point": [
    {
      "Date": 20200724, 
      "Value" : 80.730003
    },
    {
      "Date": 20210330, 
      "Value" : 32.959999
    },
    {
      "Date": 20231211, 
      "Value" : 97.629997
    }
  ]
}