{
  "Color": "rgb(244, 55, 244)", 
  "Point": [
    {
      "Date": 20221214, 
      "Value" : 101.489998
    },
    {
      "Date": 20240913, 
      "Value" : 32.020000
    },
    {
      "Date": 20250512, 
      "Value" : 84.000000
    }
  ]
}