{
  "Color": "rgb(244, 55, 244)", 
  "Point": [
    {
      "Date": 20221012, 
      "Value" : 35.900002
    },
    {
      "Date": 20230425, 
      "Value" : 101.680000
    },
    {
      "Date": 20230825, 
      "Value" : 49.029999
    },
    {
      "Date": 20250227, 
      "Value" : 171.729996
    }
  ]
}