{
  "Color": "rgb(244, 55, 244)", 
  "Point": [
    {
      "Date": 20220823, 
      "Value" : 35.830002
    },
    {
      "Date": 20240710, 
      "Value" : 9.080000
    }
  ]
}