{
  "Color": "rgb(244, 55, 244)", 
  "Point": [
    {
      "Date": 20200204, 
      "Value" : 111.199997
    },
    {
      "Date": 20230627, 
      "Value" : 16.469999
    }
  ]
}