{
  "Color": "rgb(244, 55, 244)", 
  "Point": [
    {
      "Date": 20200217, 
      "Value" : 105.120003
    },
    {
      "Date": 20210520, 
      "Value" : 28.790001
    },
    {
      "Date": 20210802, 
      "Value" : 46.220001
    },
    {
      "Date": 20240208, 
      "Value" : 17.510000
    }
  ]
}