{
  "Color": "rgb(244, 55, 244)", 
  "Point": [
    {
      "Date": 20200714, 
      "Value" : 73.849998
    },
    {
      "Date": 20240205, 
      "Value" : 11.890000
    }
  ]
}