{
  "Color": "rgb(244, 55, 244)", 
  "Point": [
    {
      "Date": 20190816, 
      "Value" : 90.250000
    },
    {
      "Date": 20240923, 
      "Value" : 12.940000
    }
  ]
}