{
  "Color": "rgb(244, 55, 244)", 
  "Point": [
    {
      "Date": 20220711, 
      "Value" : 48.700001
    },
    {
      "Date": 20221102, 
      "Value" : 84.379997
    },
    {
      "Date": 20240205, 
      "Value" : 27.500000
    }
  ]
}