{
  "Color": "rgb(244, 55, 244)", 
  "Point": [
    {
      "Date": 20220805, 
      "Value" : 88.150002
    },
    {
      "Date": 20240206, 
      "Value" : 21.000000
    }
  ]
}