{
  "Color": "rgb(244, 55, 244)", 
  "Point": [
    {
      "Date": 20220426, 
      "Value" : 156.369995
    },
    {
      "Date": 20220907, 
      "Value" : 596.659973
    },
    {
      "Date": 20250409, 
      "Value" : 92.010002
    }
  ]
}