{
  "Color": "rgb(244, 55, 244)", 
  "Point": [
    {
      "Date": 20220805, 
      "Value" : 88.150002
    },
    {
      "Date": 20221011, 
      "Value" : 44.599998
    },
    {
      "Date": 20230413, 
      "Value" : 87.800003
    },
    {
      "Date": 20230628, 
      "Value" : 53.450001
    }
  ]
}