{
  "Color": "rgb(244, 55, 244)", 
  "Point": [
    {
      "Date": 20191125, 
      "Value" : 33.790001
    },
    {
      "Date": 20200213, 
      "Value" : 108.830002
    },
    {
      "Date": 20220427, 
      "Value" : 20.309999
    },
    {
      "Date": 20250225, 
      "Value" : 57.680000
    }
  ]
}