{
  "Color": "rgb(244, 55, 244)", 
  "Point": [
    {
      "Date": 20220119, 
      "Value" : 33.799999
    },
    {
      "Date": 20221012, 
      "Value" : 12.960000
    },
    {
      "Date": 20230523, 
      "Value" : 26.500000
    }
  ]
}