{
  "Color": "rgb(244, 55, 244)", 
  "Point": [
    {
      "Date": 20190816, 
      "Value" : 90.250000
    },
    {
      "Date": 20220427, 
      "Value" : 15.810000
    },
    {
      "Date": 20230421, 
      "Value" : 31.620001
    }
  ]
}