{
  "Color": "rgb(244, 55, 244)", 
  "Point": [
    {
      "Date": 20210803, 
      "Value" : 338.459991
    },
    {
      "Date": 20240712, 
      "Value" : 54.779999
    },
    {
      "Date": 20241114, 
      "Value" : 117.000000
    }
  ]
}