{
  "Color": "rgb(244, 55, 244)", 
  "Point": [
    {
      "Date": 20211118, 
      "Value" : 140.000000
    },
    {
      "Date": 20221012, 
      "Value" : 65.720001
    }
  ]
}