{
  "Color": "rgb(244, 55, 244)", 
  "Point": [
    {
      "Date": 20200724, 
      "Value" : 81.080002
    },
    {
      "Date": 20210330, 
      "Value" : 33.310001
    },
    {
      "Date": 20230718, 
      "Value" : 92.800003
    }
  ]
}