{
  "Color": "rgb(244, 55, 244)", 
  "Point": [
    {
      "Date": 20190814, 
      "Value" : 114.029999
    },
    {
      "Date": 20240206, 
      "Value" : 11.450000
    },
    {
      "Date": 20250331, 
      "Value" : 27.330000
    }
  ]
}