{
  "Color": "rgb(244, 55, 244)", 
  "Point": [
    {
      "Date": 20191021, 
      "Value" : 59.880001
    },
    {
      "Date": 20200714, 
      "Value" : 297.799988
    },
    {
      "Date": 20221012, 
      "Value" : 76.500000
    }
  ]
}