{
  "Color": "rgb(244, 55, 244)", 
  "Point": [
    {
      "Date": 20200804, 
      "Value" : 192.630005
    },
    {
      "Date": 20221011, 
      "Value" : 20.889999
    }
  ]
}