{
  "Color": "rgb(244, 55, 244)", 
  "Point": [
    {
      "Date": 20221012, 
      "Value" : 36.180000
    },
    {
      "Date": 20230425, 
      "Value" : 101.959999
    },
    {
      "Date": 20230825, 
      "Value" : 49.310001
    }
  ]
}