{
  "Color": "rgb(244, 55, 244)", 
  "Point": [
    {
      "Date": 20190802, 
      "Value" : 77.750000
    },
    {
      "Date": 20220427, 
      "Value" : 18.690001
    },
    {
      "Date": 20220823, 
      "Value" : 42.040001
    }
  ]
}