{
  "Color": "rgb(244, 55, 244)", 
  "Point": [
    {
      "Date": 20211201, 
      "Value" : 48.580002
    },
    {
      "Date": 20240206, 
      "Value" : 9.780000
    },
    {
      "Date": 20241113, 
      "Value" : 30.120001
    }
  ]
}