{
  "Color": "rgb(244, 55, 244)", 
  "Point": [
    {
      "Date": 20220316, 
      "Value" : 109.610001
    },
    {
      "Date": 20220824, 
      "Value" : 509.510010
    },
    {
      "Date": 20231103, 
      "Value" : 106.150002
    }
  ]
}