{
  "Color": "rgb(244, 55, 244)", 
  "Point": [
    {
      "Date": 20200918, 
      "Value" : 188.729996
    },
    {
      "Date": 20240206, 
      "Value" : 36.610001
    }
  ]
}