{
  "Color": "rgb(244, 55, 244)", 
  "Point": [
    {
      "Date": 20200226, 
      "Value" : 101.330002
    },
    {
      "Date": 20220427, 
      "Value" : 20.750000
    },
    {
      "Date": 20230328, 
      "Value" : 69.989998
    },
    {
      "Date": 20231023, 
      "Value" : 27.389999
    }
  ]
}