{
  "Color": "rgb(244, 55, 244)", 
  "Point": [
    {
      "Date": 20200108, 
      "Value" : 43.169998
    },
    {
      "Date": 20220427, 
      "Value" : 10.320000
    },
    {
      "Date": 20230613, 
      "Value" : 20.139999
    }
  ]
}