{
  "Color": "rgb(244, 55, 244)", 
  "Point": [
    {
      "Date": 20200213, 
      "Value" : 113.739998
    },
    {
      "Date": 20221012, 
      "Value" : 24.219999
    },
    {
      "Date": 20230412, 
      "Value" : 53.810001
    }
  ]
}