{
  "Color": "rgb(244, 55, 244)", 
  "Point": [
    {
      "Date": 20190806, 
      "Value" : 64.589996
    },
    {
      "Date": 20210520, 
      "Value" : 11.020000
    },
    {
      "Date": 20211104, 
      "Value" : 34.880001
    },
    {
      "Date": 20220427, 
      "Value" : 13.020000
    }
  ]
}