{
  "Color": "rgb(244, 55, 244)", 
  "Point": [
    {
      "Date": 20221107, 
      "Value" : 91.120003
    },
    {
      "Date": 20230510, 
      "Value" : 49.580002
    }
  ]
}