{
  "Color": "rgb(244, 55, 244)", 
  "Point": [
    {
      "Date": 20211122, 
      "Value" : 33.700001
    },
    {
      "Date": 20220311, 
      "Value" : 145.380005
    },
    {
      "Date": 20240205, 
      "Value" : 28.760000
    }
  ]
}