{
  "Color": "rgb(244, 55, 244)", 
  "Point": [
    {
      "Date": 20190806, 
      "Value" : 56.500000
    },
    {
      "Date": 20200413, 
      "Value" : 20.299999
    },
    {
      "Date": 20210813, 
      "Value" : 96.989998
    },
    {
      "Date": 20230825, 
      "Value" : 24.820000
    }
  ]
}