{
  "Color": "rgb(244, 55, 244)", 
  "Point": [
    {
      "Date": 20221116, 
      "Value" : 75.889999
    },
    {
      "Date": 20240206, 
      "Value" : 19.969999
    },
    {
      "Date": 20240624, 
      "Value" : 33.610001
    }
  ]
}