{
  "Color": "rgb(244, 55, 244)", 
  "Point": [
    {
      "Date": 20190806, 
      "Value" : 68.470001
    },
    {
      "Date": 20191125, 
      "Value" : 20.830000
    },
    {
      "Date": 20220721, 
      "Value" : 167.399994
    },
    {
      "Date": 20240923, 
      "Value" : 19.200001
    }
  ]
}