{
  "Color": "rgb(244, 55, 244)", 
  "Point": [
    {
      "Date": 20200723, 
      "Value" : 62.400002
    },
    {
      "Date": 20210113, 
      "Value" : 22.639999
    },
    {
      "Date": 20211202, 
      "Value" : 71.160004
    },
    {
      "Date": 20230614, 
      "Value" : 24.590000
    }
  ]
}