{
  "Color": "rgb(244, 55, 244)", 
  "Point": [
    {
      "Date": 20220426, 
      "Value" : 158.860001
    },
    {
      "Date": 20220804, 
      "Value" : 331.429993
    },
    {
      "Date": 20240205, 
      "Value" : 84.120003
    }
  ]
}