{
  "Color": "rgb(244, 55, 244)", 
  "Point": [
    {
      "Date": 20190722, 
      "Value" : 67.879997
    },
    {
      "Date": 20200217, 
      "Value" : 215.020004
    },
    {
      "Date": 20221011, 
      "Value" : 49.730000
    },
    {
      "Date": 20241024, 
      "Value" : 138.500000
    }
  ]
}