{
  "Color": "rgb(244, 55, 244)", 
  "Point": [
    {
      "Date": 20191028, 
      "Value" : 36.500000
    },
    {
      "Date": 20191205, 
      "Value" : 14.190000
    },
    {
      "Date": 20200714, 
      "Value" : 34.599998
    },
    {
      "Date": 20240923, 
      "Value" : 3.650000
    }
  ]
}