{
  "Color": "rgb(244, 55, 244)", 
  "Point": [
    {
      "Date": 20190802, 
      "Value" : 71.739998
    },
    {
      "Date": 20240923, 
      "Value" : 8.260000
    },
    {
      "Date": 20250320, 
      "Value" : 19.000000
    }
  ]
}