{
  "Color": "rgb(244, 55, 244)", 
  "Point": [
    {
      "Date": 20190806, 
      "Value" : 55.910000
    },
    {
      "Date": 20200413, 
      "Value" : 19.709999
    },
    {
      "Date": 20210813, 
      "Value" : 96.400002
    },
    {
      "Date": 20240923, 
      "Value" : 13.670000
    }
  ]
}