{
  "Color": "rgb(244, 55, 244)", 
  "Point": [
    {
      "Date": 20190816, 
      "Value" : 90.250000
    },
    {
      "Date": 20240923, 
      "Value" : 12.940000
    },
    {
      "Date": 20250417, 
      "Value" : 45.279999
    }
  ]
}