{
  "Color": "rgb(244, 55, 244)", 
  "Point": [
    {
      "Date": 20210219, 
      "Value" : 42.040001
    },
    {
      "Date": 20210906, 
      "Value" : 146.500000
    },
    {
      "Date": 20240206, 
      "Value" : 44.500000
    }
  ]
}