{
  "Color": "rgb(244, 55, 244)", 
  "Point": [
    {
      "Date": 20200204, 
      "Value" : 111.199997
    },
    {
      "Date": 20230825, 
      "Value" : 15.010000
    },
    {
      "Date": 20231129, 
      "Value" : 18.930000
    }
  ]
}