{
  "Color": "rgb(244, 55, 244)", 
  "Point": [
    {
      "Date": 20190806, 
      "Value" : 56.080002
    },
    {
      "Date": 20200413, 
      "Value" : 19.879999
    },
    {
      "Date": 20210813, 
      "Value" : 96.570000
    },
    {
      "Date": 20240709, 
      "Value" : 16.040001
    }
  ]
}