{
  "Color": "rgb(244, 55, 244)", 
  "Point": [
    {
      "Date": 20211129, 
      "Value" : 88.500000
    },
    {
      "Date": 20221011, 
      "Value" : 26.290001
    },
    {
      "Date": 20230412, 
      "Value" : 45.000000
    },
    {
      "Date": 20240206, 
      "Value" : 18.660000
    }
  ]
}