{
  "Color": "rgb(244, 55, 244)", 
  "Point": [
    {
      "Date": 20190806, 
      "Value" : 64.559998
    },
    {
      "Date": 20240918, 
      "Value" : 4.510000
    }
  ]
}