{
  "Color": "rgb(244, 55, 244)", 
  "Point": [
    {
      "Date": 20190806, 
      "Value" : 56.419998
    },
    {
      "Date": 20200413, 
      "Value" : 20.219999
    },
    {
      "Date": 20210813, 
      "Value" : 96.910004
    },
    {
      "Date": 20231221, 
      "Value" : 21.370001
    }
  ]
}