{
  "Color": "rgb(244, 55, 244)", 
  "Point": [
    {
      "Date": 20220426, 
      "Value" : 158.860001
    },
    {
      "Date": 20220804, 
      "Value" : 331.429993
    },
    {
      "Date": 20240422, 
      "Value" : 78.089996
    },
    {
      "Date": 20241009, 
      "Value" : 155.479996
    }
  ]
}