{
  "Color": "rgb(244, 55, 244)", 
  "Point": [
    {
      "Date": 20190722, 
      "Value" : 29.420000
    },
    {
      "Date": 20210830, 
      "Value" : 129.080002
    },
    {
      "Date": 20240828, 
      "Value" : 23.510000
    },
    {
      "Date": 20250312, 
      "Value" : 67.889999
    }
  ]
}