{
  "Color": "rgb(244, 55, 244)", 
  "Point": [
    {
      "Date": 20210226, 
      "Value" : 15.230000
    },
    {
      "Date": 20210826, 
      "Value" : 37.020000
    },
    {
      "Date": 20240206, 
      "Value" : 9.480000
    },
    {
      "Date": 20241031, 
      "Value" : 22.110001
    }
  ]
}