{
  "Color": "rgb(244, 55, 244)", 
  "Point": [
    {
      "Date": 20200918, 
      "Value" : 189.130005
    },
    {
      "Date": 20240206, 
      "Value" : 37.009998
    }
  ]
}