{
  "Color": "rgb(244, 55, 244)", 
  "Point": [
    {
      "Date": 20211122, 
      "Value" : 32.900002
    },
    {
      "Date": 20220311, 
      "Value" : 144.580002
    },
    {
      "Date": 20240205, 
      "Value" : 27.959999
    }
  ]
}