{
  "Color": "rgb(244, 55, 244)", 
  "Point": [
    {
      "Date": 20220823, 
      "Value" : 35.830002
    },
    {
      "Date": 20231026, 
      "Value" : 15.200000
    }
  ]
}