{
  "Color": "rgb(244, 55, 244)", 
  "Point": [
    {
      "Date": 20191204, 
      "Value" : 18.730000
    },
    {
      "Date": 20210209, 
      "Value" : 179.690002
    },
    {
      "Date": 20221012, 
      "Value" : 32.290001
    },
    {
      "Date": 20240418, 
      "Value" : 125.839996
    }
  ]
}