{
  "Color": "rgb(244, 55, 244)", 
  "Point": [
    {
      "Date": 20200804, 
      "Value" : 192.630005
    },
    {
      "Date": 20240207, 
      "Value" : 14.000000
    },
    {
      "Date": 20250318, 
      "Value" : 29.969999
    }
  ]
}