{
  "Color": "rgb(244, 55, 244)", 
  "Point": [
    {
      "Date": 20190806, 
      "Value" : 59.610001
    },
    {
      "Date": 20220427, 
      "Value" : 14.220000
    },
    {
      "Date": 20231116, 
      "Value" : 32.099998
    },
    {
      "Date": 20240709, 
      "Value" : 14.630000
    }
  ]
}