{
  "Color": "rgb(244, 55, 244)", 
  "Point": [
    {
      "Date": 20221012, 
      "Value" : 36.070000
    },
    {
      "Date": 20230425, 
      "Value" : 101.849998
    },
    {
      "Date": 20230825, 
      "Value" : 49.200001
    },
    {
      "Date": 20241009, 
      "Value" : 148.699997
    }
  ]
}