{
  "Color": "rgb(244, 55, 244)", 
  "Point": [
    {
      "Date": 20200615, 
      "Value" : 132.639999
    },
    {
      "Date": 20240207, 
      "Value" : 11.900000
    }
  ]
}