{
  "Color": "rgb(244, 55, 244)", 
  "Point": [
    {
      "Date": 20191021, 
      "Value" : 59.580002
    },
    {
      "Date": 20200714, 
      "Value" : 297.500000
    },
    {
      "Date": 20221012, 
      "Value" : 76.199997
    },
    {
      "Date": 20241112, 
      "Value" : 256.989990
    }
  ]
}