{
  "Color": "rgb(244, 55, 244)", 
  "Point": [
    {
      "Date": 20200918, 
      "Value" : 189.130005
    },
    {
      "Date": 20220428, 
      "Value" : 39.340000
    },
    {
      "Date": 20230620, 
      "Value" : 170.130005
    }
  ]
}