{
  "Color": "rgb(244, 55, 244)", 
  "Point": [
    {
      "Date": 20210616, 
      "Value" : 45.099998
    },
    {
      "Date": 20240208, 
      "Value" : 11.110000
    }
  ]
}