{
  "Color": "rgb(244, 55, 244)", 
  "Point": [
    {
      "Date": 20210728, 
      "Value" : 20.809999
    },
    {
      "Date": 20210813, 
      "Value" : 36.740002
    },
    {
      "Date": 20220427, 
      "Value" : 13.930000
    },
    {
      "Date": 20240429, 
      "Value" : 26.139999
    }
  ]
}