{
  "Color": "rgb(244, 55, 244)", 
  "Point": [
    {
      "Date": 20220420, 
      "Value" : 59.349998
    },
    {
      "Date": 20230420, 
      "Value" : 325.500000
    },
    {
      "Date": 20240205, 
      "Value" : 146.500000
    }
  ]
}