{
  "Color": "rgb(244, 55, 244)", 
  "Point": [
    {
      "Date": 20200615, 
      "Value" : 132.639999
    },
    {
      "Date": 20221011, 
      "Value" : 19.340000
    },
    {
      "Date": 20230414, 
      "Value" : 57.500000
    },
    {
      "Date": 20231023, 
      "Value" : 25.209999
    }
  ]
}