{
  "Color": "rgb(244, 55, 244)", 
  "Point": [
    {
      "Date": 20200818, 
      "Value" : 15.150000
    },
    {
      "Date": 20230825, 
      "Value" : 3.750000
    }
  ]
}