{
  "Color": "rgb(244, 55, 244)", 
  "Point": [
    {
      "Date": 20200204, 
      "Value" : 111.199997
    },
    {
      "Date": 20240208, 
      "Value" : 8.100000
    }
  ]
}