{
  "Color": "rgb(244, 55, 244)", 
  "Point": [
    {
      "Date": 20220420, 
      "Value" : 39.869999
    },
    {
      "Date": 20230420, 
      "Value" : 219.699997
    },
    {
      "Date": 20240205, 
      "Value" : 98.750000
    }
  ]
}