{
  "Color": "rgb(244, 55, 244)", 
  "Point": [
    {
      "Date": 20210616, 
      "Value" : 45.000000
    },
    {
      "Date": 20240208, 
      "Value" : 11.010000
    },
    {
      "Date": 20241112, 
      "Value" : 20.500000
    }
  ]
}