{
  "Color": "rgb(244, 55, 244)", 
  "Point": [
    {
      "Date": 20220427, 
      "Value" : 25.559999
    },
    {
      "Date": 20220823, 
      "Value" : 83.410004
    },
    {
      "Date": 20230829, 
      "Value" : 41.130001
    }
  ]
}