{
  "Color": "rgb(244, 55, 244)", 
  "Point": [
    {
      "Date": 20221214, 
      "Value" : 101.690002
    },
    {
      "Date": 20231023, 
      "Value" : 59.419998
    }
  ]
}