{
  "Color": "rgb(244, 55, 244)", 
  "Point": [
    {
      "Date": 20210601, 
      "Value" : 92.550003
    },
    {
      "Date": 20220926, 
      "Value" : 17.490000
    },
    {
      "Date": 20240627, 
      "Value" : 81.500000
    }
  ]
}