{
  "Color": "rgb(244, 55, 244)", 
  "Point": [
    {
      "Date": 20210922, 
      "Value" : 25.410000
    },
    {
      "Date": 20220610, 
      "Value" : 132.669998
    },
    {
      "Date": 20221223, 
      "Value" : 56.259998
    }
  ]
}