{
  "Color": "rgb(244, 55, 244)", 
  "Point": [
    {
      "Date": 20200715, 
      "Value" : 495.880005
    },
    {
      "Date": 20220427, 
      "Value" : 72.699997
    },
    {
      "Date": 20230620, 
      "Value" : 180.660004
    }
  ]
}