{
  "Color": "rgb(244, 55, 244)", 
  "Point": [
    {
      "Date": 20220411, 
      "Value" : 45.650002
    },
    {
      "Date": 20220803, 
      "Value" : 125.349998
    },
    {
      "Date": 20230512, 
      "Value" : 64.540001
    }
  ]
}