{
  "Color": "rgb(244, 55, 244)", 
  "Point": [
    {
      "Date": 20220711, 
      "Value" : 48.389999
    },
    {
      "Date": 20221102, 
      "Value" : 84.070000
    },
    {
      "Date": 20240718, 
      "Value" : 18.920000
    }
  ]
}