{
  "Color": "rgb(244, 55, 244)", 
  "Point": [
    {
      "Date": 20190806, 
      "Value" : 59.680000
    },
    {
      "Date": 20220427, 
      "Value" : 14.290000
    },
    {
      "Date": 20220823, 
      "Value" : 31.150000
    }
  ]
}