{
  "Color": "rgb(244, 55, 244)", 
  "Point": [
    {
      "Date": 20220805, 
      "Value" : 88.150002
    },
    {
      "Date": 20231024, 
      "Value" : 40.299999
    }
  ]
}