{
  "Color": "rgb(244, 55, 244)", 
  "Point": [
    {
      "Date": 20211122, 
      "Value" : 33.299999
    },
    {
      "Date": 20220311, 
      "Value" : 144.979996
    },
    {
      "Date": 20240205, 
      "Value" : 28.360001
    }
  ]
}