{
  "Color": "rgb(244, 55, 244)", 
  "Point": [
    {
      "Date": 20221012, 
      "Value" : 42.639999
    },
    {
      "Date": 20230217, 
      "Value" : 112.050003
    },
    {
      "Date": 20240704, 
      "Value" : 28.500000
    },
    {
      "Date": 20250221, 
      "Value" : 61.660000
    }
  ]
}