{
  "Color": "rgb(244, 55, 244)", 
  "Point": [
    {
      "Date": 20210803, 
      "Value" : 338.910004
    },
    {
      "Date": 20220428, 
      "Value" : 88.419998
    },
    {
      "Date": 20220808, 
      "Value" : 184.619995
    },
    {
      "Date": 20231024, 
      "Value" : 96.470001
    }
  ]
}