{
  "Color": "rgb(244, 55, 244)", 
  "Point": [
    {
      "Date": 20200824, 
      "Value" : 74.570000
    },
    {
      "Date": 20240206, 
      "Value" : 14.010000
    }
  ]
}