{
  "Color": "rgb(244, 55, 244)", 
  "Point": [
    {
      "Date": 20200108, 
      "Value" : 43.169998
    },
    {
      "Date": 20240208, 
      "Value" : 6.940000
    },
    {
      "Date": 20250512, 
      "Value" : 22.969999
    }
  ]
}