{
  "Color": "rgb(244, 55, 244)", 
  "Point": [
    {
      "Date": 20200204, 
      "Value" : 111.129997
    },
    {
      "Date": 20240208, 
      "Value" : 8.030000
    },
    {
      "Date": 20241008, 
      "Value" : 16.770000
    }
  ]
}