{
  "Color": "rgb(244, 55, 244)", 
  "Point": [
    {
      "Date": 20220805, 
      "Value" : 88.150002
    },
    {
      "Date": 20240920, 
      "Value" : 20.660000
    },
    {
      "Date": 20250417, 
      "Value" : 39.849998
    }
  ]
}