{
  "Color": "rgb(244, 55, 244)", 
  "Point": [
    {
      "Date": 20200213, 
      "Value" : 113.739998
    },
    {
      "Date": 20240206, 
      "Value" : 21.440001
    }
  ]
}