{
  "Color": "rgb(244, 55, 244)", 
  "Point": [
    {
      "Date": 20210226, 
      "Value" : 15.590000
    },
    {
      "Date": 20210826, 
      "Value" : 37.380001
    },
    {
      "Date": 20240206, 
      "Value" : 9.840000
    }
  ]
}