{
  "Color": "rgb(244, 55, 244)", 
  "Point": [
    {
      "Date": 20200824, 
      "Value" : 74.349998
    },
    {
      "Date": 20250409, 
      "Value" : 12.420000
    }
  ]
}