{
  "Color": "rgb(244, 55, 244)", 
  "Point": [
    {
      "Date": 20210512, 
      "Value" : 19.010000
    },
    {
      "Date": 20210908, 
      "Value" : 57.189999
    },
    {
      "Date": 20240611, 
      "Value" : 17.500000
    }
  ]
}