{
  "Color": "rgb(244, 55, 244)", 
  "Point": [
    {
      "Date": 20211201, 
      "Value" : 48.779999
    },
    {
      "Date": 20220427, 
      "Value" : 17.350000
    },
    {
      "Date": 20230216, 
      "Value" : 38.759998
    },
    {
      "Date": 20230821, 
      "Value" : 18.840000
    }
  ]
}