{
  "Color": "rgb(244, 55, 244)", 
  "Point": [
    {
      "Date": 20200824, 
      "Value" : 74.349998
    },
    {
      "Date": 20240708, 
      "Value" : 12.490000
    }
  ]
}