{
  "Color": "rgb(244, 55, 244)", 
  "Point": [
    {
      "Date": 20220428, 
      "Value" : 15.810000
    },
    {
      "Date": 20220823, 
      "Value" : 35.830002
    },
    {
      "Date": 20230721, 
      "Value" : 17.910000
    }
  ]
}