{
  "Color": "rgb(244, 55, 244)", 
  "Point": [
    {
      "Date": 20220411, 
      "Value" : 45.650002
    },
    {
      "Date": 20220803, 
      "Value" : 125.349998
    },
    {
      "Date": 20240923, 
      "Value" : 23.450001
    },
    {
      "Date": 20250312, 
      "Value" : 74.800003
    }
  ]
}