{
  "Color": "rgb(244, 55, 244)", 
  "Point": [
    {
      "Date": 20200409, 
      "Value" : 22.889999
    },
    {
      "Date": 20220427, 
      "Value" : 7.540000
    },
    {
      "Date": 20220803, 
      "Value" : 10.510000
    }
  ]
}