{
  "Color": "rgb(244, 55, 244)", 
  "Point": [
    {
      "Date": 20190722, 
      "Value" : 22.270000
    },
    {
      "Date": 20190806, 
      "Value" : 69.440002
    },
    {
      "Date": 20240206, 
      "Value" : 10.320000
    }
  ]
}