{
  "Color": "rgb(244, 55, 244)", 
  "Point": [
    {
      "Date": 20230619, 
      "Value" : 165.000000
    },
    {
      "Date": 20240709, 
      "Value" : 31.030001
    }
  ]
}