{
  "Color": "rgb(244, 55, 244)", 
  "Point": [
    {
      "Date": 20200710, 
      "Value" : 327.369995
    },
    {
      "Date": 20220428, 
      "Value" : 38.099998
    },
    {
      "Date": 20230327, 
      "Value" : 71.150002
    },
    {
      "Date": 20230724, 
      "Value" : 47.770000
    }
  ]
}