{
  "Color": "rgb(244, 55, 244)", 
  "Point": [
    {
      "Date": 20190802, 
      "Value" : 71.739998
    },
    {
      "Date": 20210205, 
      "Value" : 17.650000
    },
    {
      "Date": 20220118, 
      "Value" : 60.970001
    },
    {
      "Date": 20231102, 
      "Value" : 21.879999
    }
  ]
}