{
  "Color": "rgb(244, 55, 244)", 
  "Point": [
    {
      "Date": 20200818, 
      "Value" : 15.160000
    },
    {
      "Date": 20230628, 
      "Value" : 3.910000
    }
  ]
}