{
  "Color": "rgb(244, 55, 244)", 
  "Point": [
    {
      "Date": 20200804, 
      "Value" : 171.309998
    },
    {
      "Date": 20201230, 
      "Value" : 86.309998
    },
    {
      "Date": 20210629, 
      "Value" : 220.830002
    },
    {
      "Date": 20240709, 
      "Value" : 65.209999
    }
  ]
}