{
  "Color": "rgb(244, 55, 244)", 
  "Point": [
    {
      "Date": 20200715, 
      "Value" : 495.880005
    },
    {
      "Date": 20240205, 
      "Value" : 71.690002
    }
  ]
}