{
  "Color": "rgb(244, 55, 244)", 
  "Point": [
    {
      "Date": 20190802, 
      "Value" : 71.739998
    },
    {
      "Date": 20240208, 
      "Value" : 10.780000
    }
  ]
}