{
  "Color": "rgb(244, 55, 244)", 
  "Point": [
    {
      "Date": 20190806, 
      "Value" : 59.680000
    },
    {
      "Date": 20220427, 
      "Value" : 14.290000
    },
    {
      "Date": 20231116, 
      "Value" : 32.169998
    }
  ]
}