{
  "Color": "rgb(244, 55, 244)", 
  "Point": [
    {
      "Date": 20230619, 
      "Value" : 165.000000
    },
    {
      "Date": 20240208, 
      "Value" : 35.000000
    }
  ]
}