{
  "Color": "rgb(244, 55, 244)", 
  "Point": [
    {
      "Date": 20190806, 
      "Value" : 55.380001
    },
    {
      "Date": 20191203, 
      "Value" : 21.320000
    },
    {
      "Date": 20230410, 
      "Value" : 79.110001
    },
    {
      "Date": 20240206, 
      "Value" : 17.180000
    }
  ]
}