{
  "Color": "rgb(244, 55, 244)", 
  "Point": [
    {
      "Date": 20200824, 
      "Value" : 74.570000
    },
    {
      "Date": 20220427, 
      "Value" : 15.420000
    }
  ]
}