{
  "Color": "rgb(244, 55, 244)", 
  "Point": [
    {
      "Date": 20221214, 
      "Value" : 101.489998
    },
    {
      "Date": 20240718, 
      "Value" : 39.029999
    }
  ]
}