{
  "Color": "rgb(244, 55, 244)", 
  "Point": [
    {
      "Date": 20230619, 
      "Value" : 165.000000
    },
    {
      "Date": 20231103, 
      "Value" : 52.259998
    }
  ]
}