{
  "Color": "rgb(244, 55, 244)", 
  "Point": [
    {
      "Date": 20200831, 
      "Value" : 36.560001
    },
    {
      "Date": 20220729, 
      "Value" : 208.899994
    }
  ]
}