{
  "Color": "rgb(244, 55, 244)", 
  "Point": [
    {
      "Date": 20210922, 
      "Value" : 19.309999
    },
    {
      "Date": 20220610, 
      "Value" : 101.809998
    },
    {
      "Date": 20240729, 
      "Value" : 20.330000
    }
  ]
}