{
  "Color": "rgb(244, 55, 244)", 
  "Point": [
    {
      "Date": 20220426, 
      "Value" : 236.589996
    },
    {
      "Date": 20220907, 
      "Value" : 892.619995
    },
    {
      "Date": 20231219, 
      "Value" : 203.139999
    }
  ]
}