{
  "Color": "rgb(244, 55, 244)", 
  "Point": [
    {
      "Date": 20200831, 
      "Value" : 36.259998
    },
    {
      "Date": 20220729, 
      "Value" : 208.600006
    },
    {
      "Date": 20240924, 
      "Value" : 58.220001
    },
    {
      "Date": 20250226, 
      "Value" : 192.800003
    }
  ]
}