{
  "Color": "rgb(244, 55, 244)", 
  "Point": [
    {
      "Date": 20200723, 
      "Value" : 62.220001
    },
    {
      "Date": 20210113, 
      "Value" : 22.459999
    },
    {
      "Date": 20211202, 
      "Value" : 70.980003
    },
    {
      "Date": 20240208, 
      "Value" : 12.520000
    }
  ]
}