{
  "Color": "rgb(244, 55, 244)", 
  "Point": [
    {
      "Date": 20200715, 
      "Value" : 495.880005
    },
    {
      "Date": 20240205, 
      "Value" : 71.690002
    },
    {
      "Date": 20241223, 
      "Value" : 334.470001
    },
    {
      "Date": 20250407, 
      "Value" : 211.029999
    }
  ]
}