{
  "Color": "rgb(244, 55, 244)", 
  "Point": [
    {
      "Date": 20221011, 
      "Value" : 66.419998
    },
    {
      "Date": 20230425, 
      "Value" : 183.699997
    }
  ]
}