{
  "Color": "rgb(244, 55, 244)", 
  "Point": [
    {
      "Date": 20210226, 
      "Value" : 15.590000
    },
    {
      "Date": 20210826, 
      "Value" : 37.380001
    },
    {
      "Date": 20220427, 
      "Value" : 13.860000
    },
    {
      "Date": 20221026, 
      "Value" : 27.549999
    }
  ]
}