{
  "Color": "rgb(244, 55, 244)", 
  "Point": [
    {
      "Date": 20191204, 
      "Value" : 32.220001
    },
    {
      "Date": 20210209, 
      "Value" : 257.559998
    },
    {
      "Date": 20221012, 
      "Value" : 51.200001
    },
    {
      "Date": 20230626, 
      "Value" : 156.000000
    }
  ]
}