{
  "Color": "rgb(244, 55, 244)", 
  "Point": [
    {
      "Date": 20221012, 
      "Value" : 43.540001
    },
    {
      "Date": 20230217, 
      "Value" : 112.949997
    },
    {
      "Date": 20230724, 
      "Value" : 59.680000
    }
  ]
}