{
  "Color": "rgb(244, 55, 244)", 
  "Point": [
    {
      "Date": 20210714, 
      "Value" : 88.019997
    },
    {
      "Date": 20240206, 
      "Value" : 18.020000
    },
    {
      "Date": 20241008, 
      "Value" : 35.759998
    }
  ]
}