{
  "Color": "rgb(244, 55, 244)", 
  "Point": [
    {
      "Date": 20220420, 
      "Value" : 87.839996
    },
    {
      "Date": 20230420, 
      "Value" : 481.739990
    }
  ]
}