{
  "Color": "rgb(244, 55, 244)", 
  "Point": [
    {
      "Date": 20210616, 
      "Value" : 45.099998
    },
    {
      "Date": 20220426, 
      "Value" : 17.500000
    }
  ]
}