{
  "Color": "rgb(244, 55, 244)", 
  "Point": [
    {
      "Date": 20220823, 
      "Value" : 35.639999
    },
    {
      "Date": 20240710, 
      "Value" : 8.890000
    },
    {
      "Date": 20250221, 
      "Value" : 17.070000
    }
  ]
}