{
  "Color": "rgb(244, 55, 244)", 
  "Point": [
    {
      "Date": 20220823, 
      "Value" : 35.669998
    },
    {
      "Date": 20240710, 
      "Value" : 8.920000
    }
  ]
}