{
  "Color": "rgb(244, 55, 244)", 
  "Point": [
    {
      "Date": 20210210, 
      "Value" : 73.660004
    },
    {
      "Date": 20220426, 
      "Value" : 18.620001
    }
  ]
}