{
  "Color": "rgb(244, 55, 244)", 
  "Point": [
    {
      "Date": 20221116, 
      "Value" : 75.919998
    },
    {
      "Date": 20231024, 
      "Value" : 34.759998
    }
  ]
}