{
  "Color": "rgb(244, 55, 244)", 
  "Point": [
    {
      "Date": 20190806, 
      "Value" : 68.769997
    },
    {
      "Date": 20191125, 
      "Value" : 21.129999
    },
    {
      "Date": 20220721, 
      "Value" : 167.699997
    },
    {
      "Date": 20240205, 
      "Value" : 23.799999
    }
  ]
}