{
  "Color": "rgb(244, 55, 244)", 
  "Point": [
    {
      "Date": 20200714, 
      "Value" : 73.930000
    },
    {
      "Date": 20220427, 
      "Value" : 13.950000
    }
  ]
}