{
  "Color": "rgb(244, 55, 244)", 
  "Point": [
    {
      "Date": 20220823, 
      "Value" : 35.830002
    },
    {
      "Date": 20240206, 
      "Value" : 10.100000
    }
  ]
}