{
  "Color": "rgb(244, 55, 244)", 
  "Point": [
    {
      "Date": 20210714, 
      "Value" : 88.209999
    },
    {
      "Date": 20230612, 
      "Value" : 21.250000
    }
  ]
}