{
  "Color": "rgb(244, 55, 244)", 
  "Point": [
    {
      "Date": 20190722, 
      "Value" : 29.469999
    },
    {
      "Date": 20210830, 
      "Value" : 129.139999
    },
    {
      "Date": 20240709, 
      "Value" : 25.719999
    }
  ]
}