{
  "Color": "rgb(244, 55, 244)", 
  "Point": [
    {
      "Date": 20190806, 
      "Value" : 55.970001
    },
    {
      "Date": 20200413, 
      "Value" : 19.770000
    },
    {
      "Date": 20210813, 
      "Value" : 96.459999
    },
    {
      "Date": 20240923, 
      "Value" : 13.730000
    }
  ]
}