{
  "Color": "rgb(244, 55, 244)", 
  "Point": [
    {
      "Date": 20221107, 
      "Value" : 90.870003
    },
    {
      "Date": 20240206, 
      "Value" : 25.250000
    }
  ]
}