{
  "Color": "rgb(244, 55, 244)", 
  "Point": [
    {
      "Date": 20210512, 
      "Value" : 18.799999
    },
    {
      "Date": 20210908, 
      "Value" : 56.980000
    },
    {
      "Date": 20240611, 
      "Value" : 17.290001
    },
    {
      "Date": 20250311, 
      "Value" : 38.169998
    }
  ]
}