{
  "Color": "rgb(244, 55, 244)", 
  "Point": [
    {
      "Date": 20221021, 
      "Value" : 63.770000
    },
    {
      "Date": 20230619, 
      "Value" : 165.000000
    }
  ]
}