{
  "Color": "rgb(244, 55, 244)", 
  "Point": [
    {
      "Date": 20210226, 
      "Value" : 14.710000
    },
    {
      "Date": 20210826, 
      "Value" : 36.500000
    },
    {
      "Date": 20240206, 
      "Value" : 8.960000
    },
    {
      "Date": 20250507, 
      "Value" : 28.559999
    }
  ]
}