{
  "Color": "rgb(244, 55, 244)", 
  "Point": [
    {
      "Date": 20200615, 
      "Value" : 94.070000
    },
    {
      "Date": 20240207, 
      "Value" : 8.440000
    }
  ]
}