{
  "Color": "rgb(244, 55, 244)", 
  "Point": [
    {
      "Date": 20220426, 
      "Value" : 158.860001
    },
    {
      "Date": 20220804, 
      "Value" : 331.429993
    },
    {
      "Date": 20230726, 
      "Value" : 143.080002
    }
  ]
}