{
  "Color": "rgb(244, 55, 244)", 
  "Point": [
    {
      "Date": 20190722, 
      "Value" : 29.590000
    },
    {
      "Date": 20210830, 
      "Value" : 129.259995
    },
    {
      "Date": 20220427, 
      "Value" : 32.279999
    }
  ]
}