{
  "Color": "rgb(244, 55, 244)", 
  "Point": [
    {
      "Date": 20221011, 
      "Value" : 66.419998
    },
    {
      "Date": 20230425, 
      "Value" : 183.699997
    },
    {
      "Date": 20240205, 
      "Value" : 67.889999
    },
    {
      "Date": 20241009, 
      "Value" : 168.880005
    }
  ]
}