{
  "Color": "rgb(244, 55, 244)", 
  "Point": [
    {
      "Date": 20190806, 
      "Value" : 45.950001
    },
    {
      "Date": 20191125, 
      "Value" : 13.980000
    },
    {
      "Date": 20220721, 
      "Value" : 112.349998
    },
    {
      "Date": 20240923, 
      "Value" : 12.890000
    }
  ]
}