{
  "Color": "rgb(244, 55, 244)", 
  "Point": [
    {
      "Date": 20200226, 
      "Value" : 101.330002
    },
    {
      "Date": 20240208, 
      "Value" : 16.910000
    }
  ]
}