{
  "Color": "rgb(244, 55, 244)", 
  "Point": [
    {
      "Date": 20200812, 
      "Value" : 140.360001
    },
    {
      "Date": 20210204, 
      "Value" : 52.150002
    },
    {
      "Date": 20211231, 
      "Value" : 136.630005
    },
    {
      "Date": 20240412, 
      "Value" : 37.500000
    }
  ]
}