{
  "Color": "rgb(244, 55, 244)", 
  "Point": [
    {
      "Date": 20210601, 
      "Value" : 92.949997
    },
    {
      "Date": 20220926, 
      "Value" : 17.889999
    },
    {
      "Date": 20230927, 
      "Value" : 41.000000
    }
  ]
}