{
  "Color": "rgb(244, 55, 244)", 
  "Point": [
    {
      "Date": 20191021, 
      "Value" : 60.080002
    },
    {
      "Date": 20200714, 
      "Value" : 298.000000
    },
    {
      "Date": 20221012, 
      "Value" : 76.699997
    }
  ]
}