{
  "Color": "rgb(244, 55, 244)", 
  "Point": [
    {
      "Date": 20200428, 
      "Value" : 45.650002
    },
    {
      "Date": 20200713, 
      "Value" : 75.849998
    },
    {
      "Date": 20240206, 
      "Value" : 14.120000
    }
  ]
}