{
  "Color": "rgb(244, 55, 244)", 
  "Point": [
    {
      "Date": 20191115, 
      "Value" : 25.719999
    },
    {
      "Date": 20200714, 
      "Value" : 72.019997
    },
    {
      "Date": 20221012, 
      "Value" : 16.889999
    },
    {
      "Date": 20231030, 
      "Value" : 46.779999
    }
  ]
}