{
  "Color": "rgb(244, 55, 244)", 
  "Point": [
    {
      "Date": 20201023, 
      "Value" : 38.029999
    },
    {
      "Date": 20210209, 
      "Value" : 16.320000
    },
    {
      "Date": 20210813, 
      "Value" : 24.840000
    },
    {
      "Date": 20220427, 
      "Value" : 11.560000
    }
  ]
}