{
  "Color": "rgb(244, 55, 244)", 
  "Point": [
    {
      "Date": 20211129, 
      "Value" : 145.270004
    },
    {
      "Date": 20220428, 
      "Value" : 48.250000
    }
  ]
}