{
  "Color": "rgb(244, 55, 244)", 
  "Point": [
    {
      "Date": 20200707, 
      "Value" : 58.299999
    },
    {
      "Date": 20220428, 
      "Value" : 14.110000
    },
    {
      "Date": 20230428, 
      "Value" : 28.530001
    }
  ]
}