{
  "Color": "rgb(244, 55, 244)", 
  "Point": [
    {
      "Date": 20190906, 
      "Value" : 149.320007
    },
    {
      "Date": 20220510, 
      "Value" : 26.290001
    },
    {
      "Date": 20230413, 
      "Value" : 58.570000
    },
    {
      "Date": 20230829, 
      "Value" : 29.799999
    }
  ]
}