{
  "Color": "rgb(244, 55, 244)", 
  "Point": [
    {
      "Date": 20220805, 
      "Value" : 72.440002
    },
    {
      "Date": 20240206, 
      "Value" : 23.459999
    }
  ]
}