{
  "Color": "rgb(244, 55, 244)", 
  "Point": [
    {
      "Date": 20211125, 
      "Value" : 103.800003
    },
    {
      "Date": 20220427, 
      "Value" : 31.020000
    },
    {
      "Date": 20230406, 
      "Value" : 81.370003
    },
    {
      "Date": 20230926, 
      "Value" : 40.369999
    }
  ]
}