{
  "Color": "rgb(244, 55, 244)", 
  "Point": [
    {
      "Date": 20200428, 
      "Value" : 30.639999
    },
    {
      "Date": 20200713, 
      "Value" : 50.910000
    },
    {
      "Date": 20240206, 
      "Value" : 9.480000
    },
    {
      "Date": 20241008, 
      "Value" : 17.190001
    }
  ]
}