{
  "Color": "rgb(244, 55, 244)", 
  "Point": [
    {
      "Date": 20221031, 
      "Value" : 166.649994
    },
    {
      "Date": 20231030, 
      "Value" : 59.080002
    }
  ]
}