{
  "Color": "rgb(244, 55, 244)", 
  "Point": [
    {
      "Date": 20210630, 
      "Value" : 123.870003
    },
    {
      "Date": 20220429, 
      "Value" : 37.450001
    },
    {
      "Date": 20221017, 
      "Value" : 76.389999
    },
    {
      "Date": 20230710, 
      "Value" : 40.080002
    }
  ]
}