{
  "Color": "rgb(244, 55, 244)", 
  "Point": [
    {
      "Date": 20191112, 
      "Value" : 22.360001
    },
    {
      "Date": 20210819, 
      "Value" : 149.929993
    },
    {
      "Date": 20230922, 
      "Value" : 37.480000
    }
  ]
}