{
  "Color": "rgb(244, 55, 244)", 
  "Point": [
    {
      "Date": 20221031, 
      "Value" : 166.649994
    },
    {
      "Date": 20240206, 
      "Value" : 31.110001
    }
  ]
}