{
  "Color": "rgb(244, 55, 244)", 
  "Point": [
    {
      "Date": 20201118, 
      "Value" : 74.199997
    },
    {
      "Date": 20220427, 
      "Value" : 17.799999
    },
    {
      "Date": 20230706, 
      "Value" : 87.250000
    },
    {
      "Date": 20240208, 
      "Value" : 28.280001
    }
  ]
}