{
  "Color": "rgb(244, 55, 244)", 
  "Point": [
    {
      "Date": 20211201, 
      "Value" : 132.919998
    },
    {
      "Date": 20240208, 
      "Value" : 17.150000
    }
  ]
}