{
  "Color": "rgb(244, 55, 244)", 
  "Point": [
    {
      "Date": 20220311, 
      "Value" : 61.340000
    },
    {
      "Date": 20240206, 
      "Value" : 10.980000
    }
  ]
}