{
  "Color": "rgb(244, 55, 244)", 
  "Point": [
    {
      "Date": 20211130, 
      "Value" : 83.400002
    },
    {
      "Date": 20220427, 
      "Value" : 25.100000
    },
    {
      "Date": 20221111, 
      "Value" : 79.699997
    },
    {
      "Date": 20230515, 
      "Value" : 53.240002
    }
  ]
}