{
  "Color": "rgb(244, 55, 244)", 
  "Point": [
    {
      "Date": 20201117, 
      "Value" : 49.810001
    },
    {
      "Date": 20240923, 
      "Value" : 12.200000
    }
  ]
}