{
  "Color": "rgb(244, 55, 244)", 
  "Point": [
    {
      "Date": 20201021, 
      "Value" : 87.529999
    },
    {
      "Date": 20201230, 
      "Value" : 53.360001
    },
    {
      "Date": 20210706, 
      "Value" : 96.660004
    },
    {
      "Date": 20240206, 
      "Value" : 26.690001
    }
  ]
}