{
  "Color": "rgb(244, 55, 244)", 
  "Point": [
    {
      "Date": 20230421, 
      "Value" : 55.799999
    },
    {
      "Date": 20240206, 
      "Value" : 22.389999
    },
    {
      "Date": 20241010, 
      "Value" : 36.939999
    }
  ]
}