{
  "Color": "rgb(244, 55, 244)", 
  "Point": [
    {
      "Date": 20221102, 
      "Value" : 148.479996
    },
    {
      "Date": 20240709, 
      "Value" : 41.889999
    }
  ]
}