{
  "Color": "rgb(244, 55, 244)", 
  "Point": [
    {
      "Date": 20220315, 
      "Value" : 35.709999
    },
    {
      "Date": 20220428, 
      "Value" : 19.040001
    },
    {
      "Date": 20221128, 
      "Value" : 31.530001
    },
    {
      "Date": 20240206, 
      "Value" : 10.260000
    }
  ]
}