{
  "Color": "rgb(244, 55, 244)", 
  "Point": [
    {
      "Date": 20230209, 
      "Value" : 43.820000
    },
    {
      "Date": 20240208, 
      "Value" : 14.540000
    },
    {
      "Date": 20250317, 
      "Value" : 38.000000
    }
  ]
}