{
  "Color": "rgb(244, 55, 244)", 
  "Point": [
    {
      "Date": 20191118, 
      "Value" : 122.669998
    },
    {
      "Date": 20210125, 
      "Value" : 518.969971
    },
    {
      "Date": 20220427, 
      "Value" : 153.570007
    },
    {
      "Date": 20230403, 
      "Value" : 523.530029
    }
  ]
}