{
  "Color": "rgb(244, 55, 244)", 
  "Point": [
    {
      "Date": 20211123, 
      "Value" : 32.650002
    },
    {
      "Date": 20220427, 
      "Value" : 10.160000
    },
    {
      "Date": 20230619, 
      "Value" : 28.290001
    }
  ]
}