{
  "Color": "rgb(244, 55, 244)", 
  "Point": [
    {
      "Date": 20220427, 
      "Value" : 11.210000
    },
    {
      "Date": 20220606, 
      "Value" : 37.610001
    },
    {
      "Date": 20240205, 
      "Value" : 13.440000
    },
    {
      "Date": 20241030, 
      "Value" : 24.700001
    }
  ]
}