{
  "Color": "rgb(244, 55, 244)", 
  "Point": [
    {
      "Date": 20201215, 
      "Value" : 55.480000
    },
    {
      "Date": 20230628, 
      "Value" : 18.139999
    }
  ]
}