{
  "Color": "rgb(244, 55, 244)", 
  "Point": [
    {
      "Date": 20200921, 
      "Value" : 44.180000
    },
    {
      "Date": 20220427, 
      "Value" : 11.480000
    },
    {
      "Date": 20220819, 
      "Value" : 27.990000
    },
    {
      "Date": 20230828, 
      "Value" : 13.550000
    }
  ]
}