{
  "Color": "rgb(244, 55, 244)", 
  "Point": [
    {
      "Date": 20221121, 
      "Value" : 118.459999
    },
    {
      "Date": 20240827, 
      "Value" : 28.559999
    }
  ]
}