{
  "Color": "rgb(244, 55, 244)", 
  "Point": [
    {
      "Date": 20200218, 
      "Value" : 59.000000
    },
    {
      "Date": 20240918, 
      "Value" : 11.140000
    }
  ]
}