{
  "Color": "rgb(244, 55, 244)", 
  "Point": [
    {
      "Date": 20220427, 
      "Value" : 17.520000
    },
    {
      "Date": 20230413, 
      "Value" : 68.000000
    }
  ]
}