{
  "Color": "rgb(244, 55, 244)", 
  "Point": [
    {
      "Date": 20201103, 
      "Value" : 40.509998
    },
    {
      "Date": 20210701, 
      "Value" : 238.990005
    },
    {
      "Date": 20230630, 
      "Value" : 60.070000
    }
  ]
}