{
  "Color": "rgb(244, 55, 244)", 
  "Point": [
    {
      "Date": 20220427, 
      "Value" : 31.320000
    },
    {
      "Date": 20220818, 
      "Value" : 69.050003
    },
    {
      "Date": 20230509, 
      "Value" : 30.670000
    }
  ]
}