{
  "Color": "rgb(244, 55, 244)", 
  "Point": [
    {
      "Date": 20230413, 
      "Value" : 59.500000
    },
    {
      "Date": 20230829, 
      "Value" : 28.799999
    }
  ]
}