{
  "Color": "rgb(244, 55, 244)", 
  "Point": [
    {
      "Date": 20220330, 
      "Value" : 71.680000
    },
    {
      "Date": 20221011, 
      "Value" : 44.270000
    },
    {
      "Date": 20230310, 
      "Value" : 65.080002
    },
    {
      "Date": 20240208, 
      "Value" : 22.680000
    }
  ]
}