{
  "Color": "rgb(244, 55, 244)", 
  "Point": [
    {
      "Date": 20211215, 
      "Value" : 52.360001
    },
    {
      "Date": 20240923, 
      "Value" : 14.080000
    },
    {
      "Date": 20250318, 
      "Value" : 33.790001
    }
  ]
}