{
  "Color": "rgb(244, 55, 244)", 
  "Point": [
    {
      "Date": 20201027, 
      "Value" : 19.680000
    },
    {
      "Date": 20210701, 
      "Value" : 80.309998
    },
    {
      "Date": 20230829, 
      "Value" : 17.500000
    }
  ]
}