{
  "Color": "rgb(244, 55, 244)", 
  "Point": [
    {
      "Date": 20211215, 
      "Value" : 52.360001
    },
    {
      "Date": 20240206, 
      "Value" : 18.020000
    }
  ]
}