{
  "Color": "rgb(244, 55, 244)", 
  "Point": [
    {
      "Date": 20220606, 
      "Value" : 14.830000
    },
    {
      "Date": 20240709, 
      "Value" : 3.100000
    }
  ]
}