{
  "Color": "rgb(244, 55, 244)", 
  "Point": [
    {
      "Date": 20211215, 
      "Value" : 52.360001
    },
    {
      "Date": 20220427, 
      "Value" : 24.990000
    },
    {
      "Date": 20230410, 
      "Value" : 46.049999
    }
  ]
}