{
  "Color": "rgb(244, 55, 244)", 
  "Point": [
    {
      "Date": 20210623, 
      "Value" : 797.200012
    },
    {
      "Date": 20240823, 
      "Value" : 37.119999
    }
  ]
}