{
  "Color": "rgb(244, 55, 244)", 
  "Point": [
    {
      "Date": 20201023, 
      "Value" : 37.830002
    },
    {
      "Date": 20210209, 
      "Value" : 16.120001
    },
    {
      "Date": 20210813, 
      "Value" : 24.639999
    },
    {
      "Date": 20240208, 
      "Value" : 9.810000
    }
  ]
}