{
  "Color": "rgb(244, 55, 244)", 
  "Point": [
    {
      "Date": 20220104, 
      "Value" : 231.339996
    },
    {
      "Date": 20240923, 
      "Value" : 40.090000
    },
    {
      "Date": 20250320, 
      "Value" : 93.000000
    }
  ]
}