{
  "Color": "rgb(244, 55, 244)", 
  "Point": [
    {
      "Date": 20211123, 
      "Value" : 90.370003
    },
    {
      "Date": 20240205, 
      "Value" : 29.469999
    },
    {
      "Date": 20240822, 
      "Value" : 57.349998
    }
  ]
}