{
  "Color": "rgb(244, 55, 244)", 
  "Point": [
    {
      "Date": 20220311, 
      "Value" : 61.020000
    },
    {
      "Date": 20240206, 
      "Value" : 10.660000
    },
    {
      "Date": 20241202, 
      "Value" : 22.900000
    },
    {
      "Date": 20250409, 
      "Value" : 14.460000
    }
  ]
}