{
  "Color": "rgb(244, 55, 244)", 
  "Point": [
    {
      "Date": 20211129, 
      "Value" : 146.119995
    },
    {
      "Date": 20220428, 
      "Value" : 49.099998
    }
  ]
}