{
  "Color": "rgb(244, 55, 244)", 
  "Point": [
    {
      "Date": 20210603, 
      "Value" : 57.459999
    },
    {
      "Date": 20221010, 
      "Value" : 14.580000
    },
    {
      "Date": 20230614, 
      "Value" : 33.849998
    }
  ]
}