{
  "Color": "rgb(244, 55, 244)", 
  "Point": [
    {
      "Date": 20211123, 
      "Value" : 91.150002
    },
    {
      "Date": 20231221, 
      "Value" : 33.470001
    }
  ]
}