{
  "Color": "rgb(244, 55, 244)", 
  "Point": [
    {
      "Date": 20200420, 
      "Value" : 8.960000
    },
    {
      "Date": 20200714, 
      "Value" : 69.000000
    },
    {
      "Date": 20221011, 
      "Value" : 16.600000
    },
    {
      "Date": 20230421, 
      "Value" : 26.330000
    }
  ]
}