{
  "Color": "rgb(244, 55, 244)", 
  "Point": [
    {
      "Date": 20200213, 
      "Value" : 125.949997
    },
    {
      "Date": 20240206, 
      "Value" : 8.600000
    },
    {
      "Date": 20241029, 
      "Value" : 16.469999
    }
  ]
}