{
  "Color": "rgb(244, 55, 244)", 
  "Point": [
    {
      "Date": 20221031, 
      "Value" : 166.649994
    },
    {
      "Date": 20230628, 
      "Value" : 90.529999
    }
  ]
}