{
  "Color": "rgb(244, 55, 244)", 
  "Point": [
    {
      "Date": 20230421, 
      "Value" : 55.990002
    },
    {
      "Date": 20230825, 
      "Value" : 33.150002
    }
  ]
}