{
  "Color": "rgb(244, 55, 244)", 
  "Point": [
    {
      "Date": 20220427, 
      "Value" : 11.330000
    },
    {
      "Date": 20220606, 
      "Value" : 37.730000
    },
    {
      "Date": 20240205, 
      "Value" : 13.560000
    }
  ]
}