{
  "Color": "rgb(244, 55, 244)", 
  "Point": [
    {
      "Date": 20200922, 
      "Value" : 31.320000
    },
    {
      "Date": 20220505, 
      "Value" : 14.710000
    },
    {
      "Date": 20230215, 
      "Value" : 40.860001
    },
    {
      "Date": 20230711, 
      "Value" : 25.809999
    }
  ]
}