{
  "Color": "rgb(244, 55, 244)", 
  "Point": [
    {
      "Date": 20220315, 
      "Value" : 50.200001
    },
    {
      "Date": 20220428, 
      "Value" : 26.850000
    },
    {
      "Date": 20221128, 
      "Value" : 44.340000
    },
    {
      "Date": 20240206, 
      "Value" : 14.570000
    }
  ]
}