{
  "Color": "rgb(244, 55, 244)", 
  "Point": [
    {
      "Date": 20200921, 
      "Value" : 44.029999
    },
    {
      "Date": 20220427, 
      "Value" : 11.330000
    },
    {
      "Date": 20220819, 
      "Value" : 27.840000
    },
    {
      "Date": 20230828, 
      "Value" : 13.400000
    }
  ]
}