{
  "Color": "rgb(244, 55, 244)", 
  "Point": [
    {
      "Date": 20211123, 
      "Value" : 42.419998
    },
    {
      "Date": 20230728, 
      "Value" : 10.580000
    }
  ]
}