{
  "Color": "rgb(244, 55, 244)", 
  "Point": [
    {
      "Date": 20200330, 
      "Value" : 156.720001
    },
    {
      "Date": 20210621, 
      "Value" : 759.719971
    },
    {
      "Date": 20221031, 
      "Value" : 156.240005
    },
    {
      "Date": 20230911, 
      "Value" : 313.980011
    }
  ]
}