{
  "Color": "rgb(244, 55, 244)", 
  "Point": [
    {
      "Date": 20221121, 
      "Value" : 118.959999
    },
    {
      "Date": 20230626, 
      "Value" : 49.180000
    }
  ]
}