{
  "Color": "rgb(244, 55, 244)", 
  "Point": [
    {
      "Date": 20191203, 
      "Value" : 13.920000
    },
    {
      "Date": 20200713, 
      "Value" : 46.049999
    },
    {
      "Date": 20220427, 
      "Value" : 9.560000
    },
    {
      "Date": 20241111, 
      "Value" : 32.060001
    }
  ]
}