{
  "Color": "rgb(244, 55, 244)", 
  "Point": [
    {
      "Date": 20210524, 
      "Value" : 15.310000
    },
    {
      "Date": 20210825, 
      "Value" : 29.639999
    },
    {
      "Date": 20240208, 
      "Value" : 9.110000
    }
  ]
}