{
  "Color": "rgb(244, 55, 244)", 
  "Point": [
    {
      "Date": 20220429, 
      "Value" : 24.299999
    },
    {
      "Date": 20220819, 
      "Value" : 73.599998
    },
    {
      "Date": 20240208, 
      "Value" : 21.059999
    }
  ]
}