{
  "Color": "rgb(244, 55, 244)", 
  "Point": [
    {
      "Date": 20211129, 
      "Value" : 144.970001
    },
    {
      "Date": 20220428, 
      "Value" : 47.950001
    },
    {
      "Date": 20250319, 
      "Value" : 131.500000
    }
  ]
}