{
  "Color": "rgb(244, 55, 244)", 
  "Point": [
    {
      "Date": 20220614, 
      "Value" : 95.800003
    },
    {
      "Date": 20230425, 
      "Value" : 187.619995
    },
    {
      "Date": 20240205, 
      "Value" : 98.050003
    },
    {
      "Date": 20241112, 
      "Value" : 220.000000
    }
  ]
}