{
  "Color": "rgb(244, 55, 244)", 
  "Point": [
    {
      "Date": 20200330, 
      "Value" : 155.800003
    },
    {
      "Date": 20210621, 
      "Value" : 758.799988
    },
    {
      "Date": 20221031, 
      "Value" : 155.320007
    },
    {
      "Date": 20240307, 
      "Value" : 347.709991
    }
  ]
}