{
  "Color": "rgb(244, 55, 244)", 
  "Point": [
    {
      "Date": 20200707, 
      "Value" : 58.049999
    },
    {
      "Date": 20220428, 
      "Value" : 13.860000
    },
    {
      "Date": 20230428, 
      "Value" : 28.280001
    },
    {
      "Date": 20240923, 
      "Value" : 14.480000
    }
  ]
}