{
  "Color": "rgb(244, 55, 244)", 
  "Point": [
    {
      "Date": 20210330, 
      "Value" : 65.930000
    },
    {
      "Date": 20220428, 
      "Value" : 17.639999
    },
    {
      "Date": 20230607, 
      "Value" : 32.529999
    }
  ]
}