{
  "Color": "rgb(244, 55, 244)", 
  "Point": [
    {
      "Date": 20200707, 
      "Value" : 58.150002
    },
    {
      "Date": 20220428, 
      "Value" : 13.960000
    },
    {
      "Date": 20230428, 
      "Value" : 28.379999
    },
    {
      "Date": 20240923, 
      "Value" : 14.580000
    }
  ]
}