{
  "Color": "rgb(244, 55, 244)", 
  "Point": [
    {
      "Date": 20220316, 
      "Value" : 11.460000
    },
    {
      "Date": 20220427, 
      "Value" : 5.200000
    },
    {
      "Date": 20250414, 
      "Value" : 13.080000
    }
  ]
}