{
  "Color": "rgb(244, 55, 244)", 
  "Point": [
    {
      "Date": 20220418, 
      "Value" : 58.880001
    },
    {
      "Date": 20221012, 
      "Value" : 30.410000
    },
    {
      "Date": 20230830, 
      "Value" : 79.400002
    }
  ]
}