{
  "Color": "rgb(244, 55, 244)", 
  "Point": [
    {
      "Date": 20200213, 
      "Value" : 125.949997
    },
    {
      "Date": 20221011, 
      "Value" : 10.730000
    },
    {
      "Date": 20230406, 
      "Value" : 28.459999
    },
    {
      "Date": 20231024, 
      "Value" : 13.530000
    }
  ]
}