{
  "Color": "rgb(244, 55, 244)", 
  "Point": [
    {
      "Date": 20200121, 
      "Value" : 39.310001
    },
    {
      "Date": 20220425, 
      "Value" : 15.770000
    },
    {
      "Date": 20230620, 
      "Value" : 33.630001
    }
  ]
}