{
  "Color": "rgb(244, 55, 244)", 
  "Point": [
    {
      "Date": 20210524, 
      "Value" : 15.110000
    },
    {
      "Date": 20210825, 
      "Value" : 29.440001
    },
    {
      "Date": 20240208, 
      "Value" : 8.910000
    },
    {
      "Date": 20240527, 
      "Value" : 18.900000
    }
  ]
}