{
  "Color": "rgb(244, 55, 244)", 
  "Point": [
    {
      "Date": 20210225, 
      "Value" : 23.549999
    },
    {
      "Date": 20220427, 
      "Value" : 7.910000
    },
    {
      "Date": 20230424, 
      "Value" : 14.840000
    },
    {
      "Date": 20230829, 
      "Value" : 9.850000
    }
  ]
}