{
  "Color": "rgb(244, 55, 244)", 
  "Point": [
    {
      "Date": 20200813, 
      "Value" : 42.540001
    },
    {
      "Date": 20220427, 
      "Value" : 6.770000
    }
  ]
}