{
  "Color": "rgb(244, 55, 244)", 
  "Point": [
    {
      "Date": 20220330, 
      "Value" : 71.879997
    },
    {
      "Date": 20221011, 
      "Value" : 44.470001
    },
    {
      "Date": 20230310, 
      "Value" : 65.279999
    },
    {
      "Date": 20240208, 
      "Value" : 22.879999
    }
  ]
}