{
  "Color": "rgb(244, 55, 244)", 
  "Point": [
    {
      "Date": 20200116, 
      "Value" : 56.000000
    },
    {
      "Date": 20220429, 
      "Value" : 16.440001
    },
    {
      "Date": 20230224, 
      "Value" : 20.320000
    }
  ]
}