{
  "Color": "rgb(244, 55, 244)", 
  "Point": [
    {
      "Date": 20220121, 
      "Value" : 51.880001
    },
    {
      "Date": 20240206, 
      "Value" : 7.850000
    },
    {
      "Date": 20241121, 
      "Value" : 15.810000
    }
  ]
}