{
  "Color": "rgb(244, 55, 244)", 
  "Point": [
    {
      "Date": 20220805, 
      "Value" : 51.740002
    },
    {
      "Date": 20240918, 
      "Value" : 16.180000
    }
  ]
}