{
  "Color": "rgb(244, 55, 244)", 
  "Point": [
    {
      "Date": 20200121, 
      "Value" : 38.880001
    },
    {
      "Date": 20220425, 
      "Value" : 15.340000
    },
    {
      "Date": 20240618, 
      "Value" : 40.320000
    }
  ]
}