{
  "Color": "rgb(244, 55, 244)", 
  "Point": [
    {
      "Date": 20210630, 
      "Value" : 123.750000
    },
    {
      "Date": 20220429, 
      "Value" : 37.330002
    },
    {
      "Date": 20221017, 
      "Value" : 76.269997
    },
    {
      "Date": 20240709, 
      "Value" : 18.780001
    }
  ]
}