{
  "Color": "rgb(244, 55, 244)", 
  "Point": [
    {
      "Date": 20230413, 
      "Value" : 59.500000
    },
    {
      "Date": 20240206, 
      "Value" : 12.670000
    }
  ]
}