{
  "Color": "rgb(244, 55, 244)", 
  "Point": [
    {
      "Date": 20191115, 
      "Value" : 25.820000
    },
    {
      "Date": 20200714, 
      "Value" : 72.110001
    },
    {
      "Date": 20221012, 
      "Value" : 16.990000
    },
    {
      "Date": 20230928, 
      "Value" : 31.200001
    }
  ]
}