{
  "Color": "rgb(244, 55, 244)", 
  "Point": [
    {
      "Date": 20220107, 
      "Value" : 20.000000
    },
    {
      "Date": 20230825, 
      "Value" : 9.900000
    }
  ]
}