{
  "Color": "rgb(244, 55, 244)", 
  "Point": [
    {
      "Date": 20210804, 
      "Value" : 81.959999
    },
    {
      "Date": 20240206, 
      "Value" : 22.080000
    }
  ]
}