{
  "Color": "rgb(244, 55, 244)", 
  "Point": [
    {
      "Date": 20210630, 
      "Value" : 123.629997
    },
    {
      "Date": 20220429, 
      "Value" : 37.209999
    },
    {
      "Date": 20221017, 
      "Value" : 76.150002
    },
    {
      "Date": 20240823, 
      "Value" : 18.420000
    }
  ]
}