{
  "Color": "rgb(244, 55, 244)", 
  "Point": [
    {
      "Date": 20220606, 
      "Value" : 14.860000
    },
    {
      "Date": 20240206, 
      "Value" : 3.370000
    }
  ]
}