{
  "Color": "rgb(244, 55, 244)", 
  "Point": [
    {
      "Date": 20200420, 
      "Value" : 8.920000
    },
    {
      "Date": 20200714, 
      "Value" : 68.959999
    },
    {
      "Date": 20240425, 
      "Value" : 12.180000
    },
    {
      "Date": 20241009, 
      "Value" : 27.340000
    }
  ]
}