{
  "Color": "rgb(244, 55, 244)", 
  "Point": [
    {
      "Date": 20210813, 
      "Value" : 216.289993
    },
    {
      "Date": 20230825, 
      "Value" : 47.669998
    }
  ]
}