{
  "Color": "rgb(244, 55, 244)", 
  "Point": [
    {
      "Date": 20200218, 
      "Value" : 82.059998
    },
    {
      "Date": 20210511, 
      "Value" : 27.280001
    },
    {
      "Date": 20221117, 
      "Value" : 109.709999
    }
  ]
}