{
  "Color": "rgb(244, 55, 244)", 
  "Point": [
    {
      "Date": 20220428, 
      "Value" : 32.849998
    },
    {
      "Date": 20220829, 
      "Value" : 84.199997
    },
    {
      "Date": 20221223, 
      "Value" : 41.630001
    }
  ]
}