{
  "Color": "rgb(244, 55, 244)", 
  "Point": [
    {
      "Date": 20210524, 
      "Value" : 15.310000
    },
    {
      "Date": 20210825, 
      "Value" : 29.639999
    },
    {
      "Date": 20220427, 
      "Value" : 11.470000
    },
    {
      "Date": 20230327, 
      "Value" : 22.780001
    }
  ]
}