{
  "Color": "rgb(244, 55, 244)", 
  "Point": [
    {
      "Date": 20220427, 
      "Value" : 31.190001
    },
    {
      "Date": 20220818, 
      "Value" : 68.919998
    },
    {
      "Date": 20240208, 
      "Value" : 17.299999
    }
  ]
}