{
  "Color": "rgb(244, 55, 244)", 
  "Point": [
    {
      "Date": 20191121, 
      "Value" : 15.760000
    },
    {
      "Date": 20210826, 
      "Value" : 123.910004
    },
    {
      "Date": 20240206, 
      "Value" : 15.150000
    },
    {
      "Date": 20250227, 
      "Value" : 56.459999
    }
  ]
}