{
  "Color": "rgb(244, 55, 244)", 
  "Point": [
    {
      "Date": 20200715, 
      "Value" : 220.399994
    },
    {
      "Date": 20211109, 
      "Value" : 45.500000
    },
    {
      "Date": 20220517, 
      "Value" : 126.660004
    },
    {
      "Date": 20240205, 
      "Value" : 24.000000
    }
  ]
}