{
  "Color": "rgb(244, 55, 244)", 
  "Point": [
    {
      "Date": 20210813, 
      "Value" : 216.289993
    },
    {
      "Date": 20230629, 
      "Value" : 56.020000
    }
  ]
}