{
  "Color": "rgb(244, 55, 244)", 
  "Point": [
    {
      "Date": 20220121, 
      "Value" : 51.880001
    },
    {
      "Date": 20230927, 
      "Value" : 15.820000
    }
  ]
}