{
  "Color": "rgb(244, 55, 244)", 
  "Point": [
    {
      "Date": 20211209, 
      "Value" : 82.589996
    },
    {
      "Date": 20220427, 
      "Value" : 27.559999
    },
    {
      "Date": 20221031, 
      "Value" : 76.059998
    },
    {
      "Date": 20230724, 
      "Value" : 46.220001
    }
  ]
}