{
  "Color": "rgb(244, 55, 244)", 
  "Point": [
    {
      "Date": 20220919, 
      "Value" : 37.990002
    },
    {
      "Date": 20250514, 
      "Value" : 8.660000
    }
  ]
}