{
  "Color": "rgb(244, 55, 244)", 
  "Point": [
    {
      "Date": 20200211, 
      "Value" : 75.980003
    },
    {
      "Date": 20210209, 
      "Value" : 24.879999
    },
    {
      "Date": 20210922, 
      "Value" : 70.980003
    },
    {
      "Date": 20220429, 
      "Value" : 18.299999
    }
  ]
}