{
  "Color": "rgb(244, 55, 244)", 
  "Point": [
    {
      "Date": 20211209, 
      "Value" : 81.709999
    },
    {
      "Date": 20240718, 
      "Value" : 23.900000
    }
  ]
}