{
  "Color": "rgb(244, 55, 244)", 
  "Point": [
    {
      "Date": 20220107, 
      "Value" : 20.000000
    },
    {
      "Date": 20221011, 
      "Value" : 10.010000
    },
    {
      "Date": 20230414, 
      "Value" : 18.070000
    },
    {
      "Date": 20240208, 
      "Value" : 4.680000
    }
  ]
}