{
  "Color": "rgb(244, 55, 244)", 
  "Point": [
    {
      "Date": 20220311, 
      "Value" : 61.020000
    },
    {
      "Date": 20240206, 
      "Value" : 10.660000
    },
    {
      "Date": 20241028, 
      "Value" : 21.879999
    }
  ]
}