{
  "Color": "rgb(244, 55, 244)", 
  "Point": [
    {
      "Date": 20211125, 
      "Value" : 103.800003
    },
    {
      "Date": 20240923, 
      "Value" : 17.200001
    }
  ]
}