{
  "Color": "rgb(244, 55, 244)", 
  "Point": [
    {
      "Date": 20200714, 
      "Value" : 43.599998
    },
    {
      "Date": 20220427, 
      "Value" : 4.600000
    },
    {
      "Date": 20231031, 
      "Value" : 14.850000
    }
  ]
}