{
  "Color": "rgb(244, 55, 244)", 
  "Point": [
    {
      "Date": 20230417, 
      "Value" : 30.510000
    },
    {
      "Date": 20240206, 
      "Value" : 11.820000
    },
    {
      "Date": 20241122, 
      "Value" : 29.950001
    }
  ]
}