{
  "Color": "rgb(244, 55, 244)", 
  "Point": [
    {
      "Date": 20220428, 
      "Value" : 32.700001
    },
    {
      "Date": 20220829, 
      "Value" : 84.050003
    },
    {
      "Date": 20240206, 
      "Value" : 23.969999
    },
    {
      "Date": 20241028, 
      "Value" : 49.779999
    }
  ]
}