{
  "Color": "rgb(244, 55, 244)", 
  "Point": [
    {
      "Date": 20200116, 
      "Value" : 56.000000
    },
    {
      "Date": 20240923, 
      "Value" : 8.420000
    },
    {
      "Date": 20250512, 
      "Value" : 25.219999
    }
  ]
}