{
  "Color": "rgb(244, 55, 244)", 
  "Point": [
    {
      "Date": 20220919, 
      "Value" : 37.990002
    },
    {
      "Date": 20231023, 
      "Value" : 19.620001
    }
  ]
}