{
  "Color": "rgb(244, 55, 244)", 
  "Point": [
    {
      "Date": 20200911, 
      "Value" : 35.610001
    },
    {
      "Date": 20210809, 
      "Value" : 113.260002
    },
    {
      "Date": 20231024, 
      "Value" : 28.830000
    },
    {
      "Date": 20240315, 
      "Value" : 47.290001
    }
  ]
}