{
  "Color": "rgb(244, 55, 244)", 
  "Point": [
    {
      "Date": 20201021, 
      "Value" : 87.309998
    },
    {
      "Date": 20201230, 
      "Value" : 53.139999
    },
    {
      "Date": 20210706, 
      "Value" : 96.440002
    },
    {
      "Date": 20240206, 
      "Value" : 26.469999
    }
  ]
}