{
  "Color": "rgb(244, 55, 244)", 
  "Point": [
    {
      "Date": 20211123, 
      "Value" : 32.590000
    },
    {
      "Date": 20240206, 
      "Value" : 8.450000
    },
    {
      "Date": 20241023, 
      "Value" : 20.160000
    }
  ]
}