{
  "Color": "rgb(244, 55, 244)", 
  "Point": [
    {
      "Date": 20191121, 
      "Value" : 16.059999
    },
    {
      "Date": 20210826, 
      "Value" : 124.209999
    },
    {
      "Date": 20240206, 
      "Value" : 15.450000
    }
  ]
}