{
  "Color": "rgb(244, 55, 244)", 
  "Point": [
    {
      "Date": 20200707, 
      "Value" : 58.650002
    },
    {
      "Date": 20220428, 
      "Value" : 14.460000
    },
    {
      "Date": 20230428, 
      "Value" : 28.879999
    }
  ]
}