{
  "Color": "rgb(244, 55, 244)", 
  "Point": [
    {
      "Date": 20230417, 
      "Value" : 30.549999
    },
    {
      "Date": 20231024, 
      "Value" : 17.639999
    }
  ]
}