{
  "Color": "rgb(244, 55, 244)", 
  "Point": [
    {
      "Date": 20211210, 
      "Value" : 45.000000
    },
    {
      "Date": 20220427, 
      "Value" : 19.020000
    },
    {
      "Date": 20230417, 
      "Value" : 56.119999
    }
  ]
}