{
  "Color": "rgb(244, 55, 244)", 
  "Point": [
    {
      "Date": 20221230, 
      "Value" : 24.650000
    },
    {
      "Date": 20230704, 
      "Value" : 63.290001
    }
  ]
}