{
  "Color": "rgb(244, 55, 244)", 
  "Point": [
    {
      "Date": 20201103, 
      "Value" : 28.860001
    },
    {
      "Date": 20210701, 
      "Value" : 170.630005
    },
    {
      "Date": 20240923, 
      "Value" : 14.470000
    }
  ]
}