{
  "Color": "rgb(244, 55, 244)", 
  "Point": [
    {
      "Date": 20230421, 
      "Value" : 55.990002
    },
    {
      "Date": 20230728, 
      "Value" : 37.970001
    }
  ]
}