{
  "Color": "rgb(244, 55, 244)", 
  "Point": [
    {
      "Date": 20200218, 
      "Value" : 59.099998
    },
    {
      "Date": 20220427, 
      "Value" : 13.720000
    },
    {
      "Date": 20231120, 
      "Value" : 40.180000
    }
  ]
}