{
  "Color": "rgb(244, 55, 244)", 
  "Point": [
    {
      "Date": 20220427, 
      "Value" : 11.390000
    },
    {
      "Date": 20220606, 
      "Value" : 37.790001
    },
    {
      "Date": 20230828, 
      "Value" : 15.350000
    }
  ]
}