{
  "Color": "rgb(244, 55, 244)", 
  "Point": [
    {
      "Date": 20210524, 
      "Value" : 15.010000
    },
    {
      "Date": 20210825, 
      "Value" : 29.340000
    },
    {
      "Date": 20240208, 
      "Value" : 8.810000
    },
    {
      "Date": 20250512, 
      "Value" : 31.110001
    }
  ]
}