{
  "Color": "rgb(244, 55, 244)", 
  "Point": [
    {
      "Date": 20221230, 
      "Value" : 24.570000
    },
    {
      "Date": 20230704, 
      "Value" : 63.209999
    },
    {
      "Date": 20240923, 
      "Value" : 18.350000
    }
  ]
}