{
  "Color": "rgb(244, 55, 244)", 
  "Point": [
    {
      "Date": 20210909, 
      "Value" : 48.259998
    },
    {
      "Date": 20240208, 
      "Value" : 12.800000
    }
  ]
}