{
  "Color": "rgb(244, 55, 244)", 
  "Point": [
    {
      "Date": 20220330, 
      "Value" : 71.580002
    },
    {
      "Date": 20221011, 
      "Value" : 44.169998
    },
    {
      "Date": 20230310, 
      "Value" : 64.980003
    },
    {
      "Date": 20240208, 
      "Value" : 22.580000
    }
  ]
}