{
  "Color": "rgb(244, 55, 244)", 
  "Point": [
    {
      "Date": 20210909, 
      "Value" : 48.500000
    },
    {
      "Date": 20221011, 
      "Value" : 14.820000
    },
    {
      "Date": 20230426, 
      "Value" : 42.500000
    }
  ]
}