{
  "Color": "rgb(244, 55, 244)", 
  "Point": [
    {
      "Date": 20211222, 
      "Value" : 128.820007
    },
    {
      "Date": 20240923, 
      "Value" : 16.820000
    }
  ]
}