{
  "Color": "rgb(244, 55, 244)", 
  "Point": [
    {
      "Date": 20210623, 
      "Value" : 797.200012
    },
    {
      "Date": 20230720, 
      "Value" : 76.550003
    }
  ]
}