{
  "Color": "rgb(244, 55, 244)", 
  "Point": [
    {
      "Date": 20210208, 
      "Value" : 13.500000
    },
    {
      "Date": 20210723, 
      "Value" : 27.500000
    },
    {
      "Date": 20221011, 
      "Value" : 11.850000
    },
    {
      "Date": 20230310, 
      "Value" : 15.880000
    }
  ]
}