{
  "Color": "rgb(244, 55, 244)", 
  "Point": [
    {
      "Date": 20220805, 
      "Value" : 72.440002
    },
    {
      "Date": 20221011, 
      "Value" : 38.180000
    },
    {
      "Date": 20230417, 
      "Value" : 56.150002
    },
    {
      "Date": 20231024, 
      "Value" : 39.250000
    }
  ]
}