{
  "Color": "rgb(244, 55, 244)", 
  "Point": [
    {
      "Date": 20220104, 
      "Value" : 231.339996
    },
    {
      "Date": 20240708, 
      "Value" : 48.150002
    }
  ]
}