{
  "Color": "rgb(244, 55, 244)", 
  "Point": [
    {
      "Date": 20210909, 
      "Value" : 48.259998
    },
    {
      "Date": 20221011, 
      "Value" : 14.580000
    },
    {
      "Date": 20230426, 
      "Value" : 42.259998
    },
    {
      "Date": 20231023, 
      "Value" : 21.049999
    }
  ]
}