{
  "Color": "rgb(244, 55, 244)", 
  "Point": [
    {
      "Date": 20220104, 
      "Value" : 231.649994
    },
    {
      "Date": 20240206, 
      "Value" : 60.500000
    }
  ]
}