{
  "Color": "rgb(244, 55, 244)", 
  "Point": [
    {
      "Date": 20210630, 
      "Value" : 123.680000
    },
    {
      "Date": 20220429, 
      "Value" : 37.259998
    },
    {
      "Date": 20221017, 
      "Value" : 76.199997
    },
    {
      "Date": 20240823, 
      "Value" : 18.469999
    }
  ]
}