{
  "Color": "rgb(244, 55, 244)", 
  "Point": [
    {
      "Date": 20200211, 
      "Value" : 75.919998
    },
    {
      "Date": 20210209, 
      "Value" : 24.820000
    },
    {
      "Date": 20210922, 
      "Value" : 70.919998
    },
    {
      "Date": 20240718, 
      "Value" : 8.740000
    }
  ]
}