{
  "Color": "rgb(244, 55, 244)", 
  "Point": [
    {
      "Date": 20210804, 
      "Value" : 81.959999
    },
    {
      "Date": 20220427, 
      "Value" : 32.139999
    }
  ]
}