{
  "Color": "rgb(244, 55, 244)", 
  "Point": [
    {
      "Date": 20190806, 
      "Value" : 48.070000
    },
    {
      "Date": 20191203, 
      "Value" : 17.900000
    },
    {
      "Date": 20221020, 
      "Value" : 84.959999
    },
    {
      "Date": 20230829, 
      "Value" : 43.180000
    }
  ]
}