{
  "Color": "rgb(244, 55, 244)", 
  "Point": [
    {
      "Date": 20211209, 
      "Value" : 82.589996
    },
    {
      "Date": 20220427, 
      "Value" : 27.559999
    },
    {
      "Date": 20221027, 
      "Value" : 78.959999
    },
    {
      "Date": 20231211, 
      "Value" : 36.759998
    }
  ]
}