{
  "Color": "rgb(244, 55, 244)", 
  "Point": [
    {
      "Date": 20211209, 
      "Value" : 82.589996
    },
    {
      "Date": 20240205, 
      "Value" : 26.510000
    }
  ]
}