{
  "Color": "rgb(244, 55, 244)", 
  "Point": [
    {
      "Date": 20201215, 
      "Value" : 55.480000
    },
    {
      "Date": 20230828, 
      "Value" : 16.190001
    }
  ]
}