{
  "Color": "rgb(244, 55, 244)", 
  "Point": [
    {
      "Date": 20211123, 
      "Value" : 91.150002
    },
    {
      "Date": 20240205, 
      "Value" : 30.250000
    }
  ]
}