{
  "Color": "rgb(244, 55, 244)", 
  "Point": [
    {
      "Date": 20221011, 
      "Value" : 20.000000
    },
    {
      "Date": 20221118, 
      "Value" : 31.440001
    },
    {
      "Date": 20240206, 
      "Value" : 11.270000
    },
    {
      "Date": 20250513, 
      "Value" : 22.950001
    }
  ]
}