{
  "Color": "rgb(244, 55, 244)", 
  "Point": [
    {
      "Date": 20220127, 
      "Value" : 39.709999
    },
    {
      "Date": 20220427, 
      "Value" : 18.219999
    },
    {
      "Date": 20230419, 
      "Value" : 28.379999
    },
    {
      "Date": 20230817, 
      "Value" : 21.100000
    }
  ]
}