{
  "Color": "rgb(244, 55, 244)", 
  "Point": [
    {
      "Date": 20200116, 
      "Value" : 56.000000
    },
    {
      "Date": 20240208, 
      "Value" : 8.660000
    }
  ]
}