{
  "Color": "rgb(244, 55, 244)", 
  "Point": [
    {
      "Date": 20201117, 
      "Value" : 49.910000
    },
    {
      "Date": 20240205, 
      "Value" : 12.660000
    }
  ]
}