{
  "Color": "rgb(244, 55, 244)", 
  "Point": [
    {
      "Date": 20200911, 
      "Value" : 35.310001
    },
    {
      "Date": 20210809, 
      "Value" : 112.959999
    },
    {
      "Date": 20231024, 
      "Value" : 28.530001
    },
    {
      "Date": 20250306, 
      "Value" : 53.070000
    }
  ]
}