{
  "Color": "rgb(244, 55, 244)", 
  "Point": [
    {
      "Date": 20200218, 
      "Value" : 59.099998
    },
    {
      "Date": 20240718, 
      "Value" : 11.880000
    }
  ]
}