{
  "Color": "rgb(244, 55, 244)", 
  "Point": [
    {
      "Date": 20211206, 
      "Value" : 47.860001
    },
    {
      "Date": 20220930, 
      "Value" : 18.420000
    },
    {
      "Date": 20230327, 
      "Value" : 22.389999
    },
    {
      "Date": 20240709, 
      "Value" : 11.100000
    }
  ]
}