{
  "Color": "rgb(244, 55, 244)", 
  "Point": [
    {
      "Date": 20211125, 
      "Value" : 103.800003
    },
    {
      "Date": 20240708, 
      "Value" : 19.990000
    }
  ]
}