{
  "Color": "rgb(244, 55, 244)", 
  "Point": [
    {
      "Date": 20220121, 
      "Value" : 51.880001
    },
    {
      "Date": 20220427, 
      "Value" : 17.030001
    }
  ]
}