{
  "Color": "rgb(244, 55, 244)", 
  "Point": [
    {
      "Date": 20191112, 
      "Value" : 21.840000
    },
    {
      "Date": 20210819, 
      "Value" : 149.410004
    },
    {
      "Date": 20240923, 
      "Value" : 23.959999
    }
  ]
}