{
  "Color": "rgb(244, 55, 244)", 
  "Point": [
    {
      "Date": 20220614, 
      "Value" : 143.289993
    },
    {
      "Date": 20230425, 
      "Value" : 280.109985
    }
  ]
}