{
  "Color": "rgb(244, 55, 244)", 
  "Point": [
    {
      "Date": 20220418, 
      "Value" : 58.830002
    },
    {
      "Date": 20221012, 
      "Value" : 30.360001
    },
    {
      "Date": 20230830, 
      "Value" : 79.349998
    },
    {
      "Date": 20240709, 
      "Value" : 33.410000
    }
  ]
}