{
  "Color": "rgb(244, 55, 244)", 
  "Point": [
    {
      "Date": 20220311, 
      "Value" : 61.340000
    },
    {
      "Date": 20221011, 
      "Value" : 17.950001
    }
  ]
}