{
  "Color": "rgb(244, 55, 244)", 
  "Point": [
    {
      "Date": 20221031, 
      "Value" : 166.649994
    },
    {
      "Date": 20240718, 
      "Value" : 30.830000
    }
  ]
}