{
  "Color": "rgb(244, 55, 244)", 
  "Point": [
    {
      "Date": 20211206, 
      "Value" : 47.869999
    },
    {
      "Date": 20220930, 
      "Value" : 18.420000
    },
    {
      "Date": 20230327, 
      "Value" : 22.389999
    },
    {
      "Date": 20231026, 
      "Value" : 18.309999
    }
  ]
}