{
  "Color": "rgb(244, 55, 244)", 
  "Point": [
    {
      "Date": 20230417, 
      "Value" : 30.549999
    },
    {
      "Date": 20240206, 
      "Value" : 11.860000
    }
  ]
}