{
  "Color": "rgb(244, 55, 244)", 
  "Point": [
    {
      "Date": 20220316, 
      "Value" : 11.500000
    },
    {
      "Date": 20220427, 
      "Value" : 5.240000
    },
    {
      "Date": 20240529, 
      "Value" : 11.160000
    }
  ]
}