{
  "Color": "rgb(244, 55, 244)", 
  "Point": [
    {
      "Date": 20200911, 
      "Value" : 50.160000
    },
    {
      "Date": 20210809, 
      "Value" : 158.860001
    },
    {
      "Date": 20231024, 
      "Value" : 40.660000
    }
  ]
}