{
  "Color": "rgb(244, 55, 244)", 
  "Point": [
    {
      "Date": 20220429, 
      "Value" : 24.000000
    },
    {
      "Date": 20220819, 
      "Value" : 73.300003
    },
    {
      "Date": 20240718, 
      "Value" : 19.900000
    }
  ]
}