{
  "Color": "rgb(244, 55, 244)", 
  "Point": [
    {
      "Date": 20200813, 
      "Value" : 42.540001
    },
    {
      "Date": 20240606, 
      "Value" : 5.220000
    },
    {
      "Date": 20241112, 
      "Value" : 8.480000
    },
    {
      "Date": 20250409, 
      "Value" : 5.420000
    }
  ]
}