{
  "Color": "rgb(244, 55, 244)", 
  "Point": [
    {
      "Date": 20211222, 
      "Value" : 128.949997
    },
    {
      "Date": 20240206, 
      "Value" : 17.580000
    }
  ]
}