{
  "Color": "rgb(244, 55, 244)", 
  "Point": [
    {
      "Date": 20200303, 
      "Value" : 87.519997
    },
    {
      "Date": 20221230, 
      "Value" : 14.330000
    },
    {
      "Date": 20230706, 
      "Value" : 42.910000
    }
  ]
}