{
  "Color": "rgb(244, 55, 244)", 
  "Point": [
    {
      "Date": 20211201, 
      "Value" : 132.919998
    },
    {
      "Date": 20220427, 
      "Value" : 34.759998
    }
  ]
}