{
  "Color": "rgb(244, 55, 244)", 
  "Point": [
    {
      "Date": 20211123, 
      "Value" : 91.699997
    },
    {
      "Date": 20220426, 
      "Value" : 36.220001
    }
  ]
}