{
  "Color": "rgb(244, 55, 244)", 
  "Point": [
    {
      "Date": 20211222, 
      "Value" : 128.850006
    },
    {
      "Date": 20240206, 
      "Value" : 17.480000
    }
  ]
}