{
  "Color": "rgb(244, 55, 244)", 
  "Point": [
    {
      "Date": 20200922, 
      "Value" : 31.170000
    },
    {
      "Date": 20220505, 
      "Value" : 14.560000
    },
    {
      "Date": 20230215, 
      "Value" : 40.709999
    },
    {
      "Date": 20240923, 
      "Value" : 10.050000
    }
  ]
}