{
  "Color": "rgb(244, 55, 244)", 
  "Point": [
    {
      "Date": 20211123, 
      "Value" : 32.650002
    },
    {
      "Date": 20240206, 
      "Value" : 8.510000
    }
  ]
}