{
  "Color": "rgb(244, 55, 244)", 
  "Point": [
    {
      "Date": 20201118, 
      "Value" : 74.500000
    },
    {
      "Date": 20220427, 
      "Value" : 18.100000
    },
    {
      "Date": 20230706, 
      "Value" : 87.550003
    },
    {
      "Date": 20240208, 
      "Value" : 28.580000
    }
  ]
}