{
  "Color": "rgb(244, 55, 244)", 
  "Point": [
    {
      "Date": 20200922, 
      "Value" : 31.219999
    },
    {
      "Date": 20220505, 
      "Value" : 14.610000
    },
    {
      "Date": 20230215, 
      "Value" : 40.759998
    },
    {
      "Date": 20230804, 
      "Value" : 25.190001
    }
  ]
}