{
  "Color": "rgb(244, 55, 244)", 
  "Point": [
    {
      "Date": 20210813, 
      "Value" : 154.199997
    },
    {
      "Date": 20240705, 
      "Value" : 17.670000
    }
  ]
}