{
  "Color": "rgb(244, 55, 244)", 
  "Point": [
    {
      "Date": 20220126, 
      "Value" : 8.160000
    },
    {
      "Date": 20220817, 
      "Value" : 19.040001
    },
    {
      "Date": 20240923, 
      "Value" : 6.220000
    }
  ]
}