{
  "Color": "rgb(244, 55, 244)", 
  "Point": [
    {
      "Date": 20220429, 
      "Value" : 41.000000
    },
    {
      "Date": 20221025, 
      "Value" : 137.500000
    },
    {
      "Date": 20240205, 
      "Value" : 40.880001
    },
    {
      "Date": 20241008, 
      "Value" : 75.589996
    }
  ]
}