{
  "Color": "rgb(244, 55, 244)", 
  "Point": [
    {
      "Date": 20201119, 
      "Value" : 42.080002
    },
    {
      "Date": 20220427, 
      "Value" : 7.300000
    },
    {
      "Date": 20220825, 
      "Value" : 12.170000
    }
  ]
}