{
  "Color": "rgb(244, 55, 244)", 
  "Point": [
    {
      "Date": 20220114, 
      "Value" : 130.110001
    },
    {
      "Date": 20240920, 
      "Value" : 28.900000
    }
  ]
}