{
  "Color": "rgb(244, 55, 244)", 
  "Point": [
    {
      "Date": 20221011, 
      "Value" : 13.150000
    },
    {
      "Date": 20230413, 
      "Value" : 57.779999
    },
    {
      "Date": 20240918, 
      "Value" : 12.200000
    }
  ]
}