{
  "Color": "rgb(244, 55, 244)", 
  "Point": [
    {
      "Date": 20220107, 
      "Value" : 51.580002
    },
    {
      "Date": 20220427, 
      "Value" : 20.000000
    }
  ]
}