{
  "Color": "rgb(244, 55, 244)", 
  "Point": [
    {
      "Date": 20200714, 
      "Value" : 61.840000
    },
    {
      "Date": 20220429, 
      "Value" : 11.780000
    },
    {
      "Date": 20230323, 
      "Value" : 21.940001
    },
    {
      "Date": 20240208, 
      "Value" : 9.630000
    }
  ]
}