{
  "Color": "rgb(244, 55, 244)", 
  "Point": [
    {
      "Date": 20211230, 
      "Value" : 34.599998
    },
    {
      "Date": 20221011, 
      "Value" : 16.790001
    },
    {
      "Date": 20230314, 
      "Value" : 36.880001
    },
    {
      "Date": 20230828, 
      "Value" : 19.700001
    }
  ]
}