{
  "Color": "rgb(244, 55, 244)", 
  "Point": [
    {
      "Date": 20220119, 
      "Value" : 80.269997
    },
    {
      "Date": 20240206, 
      "Value" : 24.990000
    },
    {
      "Date": 20250325, 
      "Value" : 54.599998
    }
  ]
}