{
  "Color": "rgb(244, 55, 244)", 
  "Point": [
    {
      "Date": 20211123, 
      "Value" : 23.350000
    },
    {
      "Date": 20240208, 
      "Value" : 3.650000
    }
  ]
}