{
  "Color": "rgb(244, 55, 244)", 
  "Point": [
    {
      "Date": 20220901, 
      "Value" : 41.330002
    },
    {
      "Date": 20230619, 
      "Value" : 102.820000
    },
    {
      "Date": 20240206, 
      "Value" : 31.780001
    }
  ]
}