{
  "Color": "rgb(244, 55, 244)", 
  "Point": [
    {
      "Date": 20220901, 
      "Value" : 33.990002
    },
    {
      "Date": 20230619, 
      "Value" : 85.230003
    },
    {
      "Date": 20240805, 
      "Value" : 23.900000
    }
  ]
}