{
  "Color": "rgb(244, 55, 244)", 
  "Point": [
    {
      "Date": 20220816, 
      "Value" : 23.709999
    },
    {
      "Date": 20240208, 
      "Value" : 7.770000
    }
  ]
}