{
  "Color": "rgb(244, 55, 244)", 
  "Point": [
    {
      "Date": 20200828, 
      "Value" : 102.279999
    },
    {
      "Date": 20230626, 
      "Value" : 16.400000
    }
  ]
}