{
  "Color": "rgb(244, 55, 244)", 
  "Point": [
    {
      "Date": 20211228, 
      "Value" : 81.610001
    },
    {
      "Date": 20240625, 
      "Value" : 20.070000
    }
  ]
}