{
  "Color": "rgb(244, 55, 244)", 
  "Point": [
    {
      "Date": 20220427, 
      "Value" : 25.959999
    },
    {
      "Date": 20221103, 
      "Value" : 52.619999
    },
    {
      "Date": 20230921, 
      "Value" : 29.700001
    }
  ]
}