{
  "Color": "rgb(244, 55, 244)", 
  "Point": [
    {
      "Date": 20220429, 
      "Value" : 22.889999
    },
    {
      "Date": 20220915, 
      "Value" : 88.589996
    },
    {
      "Date": 20240924, 
      "Value" : 24.680000
    },
    {
      "Date": 20250306, 
      "Value" : 74.500000
    }
  ]
}