{
  "Color": "rgb(244, 55, 244)", 
  "Point": [
    {
      "Date": 20230419, 
      "Value" : 29.490000
    },
    {
      "Date": 20240208, 
      "Value" : 10.190000
    }
  ]
}