{
  "Color": "rgb(244, 55, 244)", 
  "Point": [
    {
      "Date": 20220427, 
      "Value" : 10.400000
    },
    {
      "Date": 20230110, 
      "Value" : 32.759998
    },
    {
      "Date": 20230825, 
      "Value" : 15.350000
    }
  ]
}