{
  "Color": "rgb(244, 55, 244)", 
  "Point": [
    {
      "Date": 20200810, 
      "Value" : 249.589996
    },
    {
      "Date": 20220428, 
      "Value" : 32.950001
    },
    {
      "Date": 20230216, 
      "Value" : 73.309998
    }
  ]
}