{
  "Color": "rgb(244, 55, 244)", 
  "Point": [
    {
      "Date": 20220119, 
      "Value" : 80.419998
    },
    {
      "Date": 20240206, 
      "Value" : 25.139999
    },
    {
      "Date": 20241021, 
      "Value" : 44.060001
    }
  ]
}