{
  "Color": "rgb(244, 55, 244)", 
  "Point": [
    {
      "Date": 20200221, 
      "Value" : 95.239998
    },
    {
      "Date": 20210208, 
      "Value" : 30.690001
    },
    {
      "Date": 20210813, 
      "Value" : 104.480003
    },
    {
      "Date": 20230828, 
      "Value" : 25.400000
    }
  ]
}