{
  "Color": "rgb(244, 55, 244)", 
  "Point": [
    {
      "Date": 20200828, 
      "Value" : 101.820000
    },
    {
      "Date": 20231024, 
      "Value" : 14.260000
    },
    {
      "Date": 20240305, 
      "Value" : 21.690001
    }
  ]
}