{
  "Color": "rgb(244, 55, 244)", 
  "Point": [
    {
      "Date": 20220425, 
      "Value" : 30.100000
    },
    {
      "Date": 20221031, 
      "Value" : 110.410004
    },
    {
      "Date": 20230829, 
      "Value" : 44.250000
    }
  ]
}