{
  "Color": "rgb(244, 55, 244)", 
  "Point": [
    {
      "Date": 20211227, 
      "Value" : 26.150000
    },
    {
      "Date": 20220427, 
      "Value" : 9.980000
    },
    {
      "Date": 20231114, 
      "Value" : 28.660000
    },
    {
      "Date": 20250409, 
      "Value" : 14.390000
    }
  ]
}