{
  "Color": "rgb(244, 55, 244)", 
  "Point": [
    {
      "Date": 20211117, 
      "Value" : 31.809999
    },
    {
      "Date": 20221019, 
      "Value" : 82.199997
    },
    {
      "Date": 20240123, 
      "Value" : 46.060001
    }
  ]
}