{
  "Color": "rgb(244, 55, 244)", 
  "Point": [
    {
      "Date": 20220429, 
      "Value" : 23.049999
    },
    {
      "Date": 20220915, 
      "Value" : 88.750000
    }
  ]
}