{
  "Color": "rgb(244, 55, 244)", 
  "Point": [
    {
      "Date": 20220803, 
      "Value" : 60.070000
    },
    {
      "Date": 20221010, 
      "Value" : 42.450001
    },
    {
      "Date": 20230327, 
      "Value" : 62.240002
    },
    {
      "Date": 20230825, 
      "Value" : 45.799999
    }
  ]
}