{
  "Color": "rgb(244, 55, 244)", 
  "Point": [
    {
      "Date": 20220119, 
      "Value" : 112.849998
    },
    {
      "Date": 20240206, 
      "Value" : 35.459999
    }
  ]
}