{
  "Color": "rgb(244, 55, 244)", 
  "Point": [
    {
      "Date": 20221014, 
      "Value" : 217.800003
    },
    {
      "Date": 20230608, 
      "Value" : 129.800003
    }
  ]
}