{
  "Color": "rgb(244, 55, 244)", 
  "Point": [
    {
      "Date": 20220428, 
      "Value" : 17.360001
    },
    {
      "Date": 20220701, 
      "Value" : 30.950001
    },
    {
      "Date": 20240823, 
      "Value" : 9.650000
    }
  ]
}