{
  "Color": "rgb(244, 55, 244)", 
  "Point": [
    {
      "Date": 20220209, 
      "Value" : 41.389999
    },
    {
      "Date": 20221012, 
      "Value" : 16.000000
    },
    {
      "Date": 20230414, 
      "Value" : 28.780001
    }
  ]
}