{
  "Color": "rgb(244, 55, 244)", 
  "Point": [
    {
      "Date": 20200319, 
      "Value" : 28.129999
    },
    {
      "Date": 20200701, 
      "Value" : 81.139999
    },
    {
      "Date": 20220427, 
      "Value" : 21.010000
    },
    {
      "Date": 20231214, 
      "Value" : 55.529999
    }
  ]
}