{
  "Color": "rgb(244, 55, 244)", 
  "Point": [
    {
      "Date": 20200327, 
      "Value" : 103.629997
    },
    {
      "Date": 20220427, 
      "Value" : 26.000000
    },
    {
      "Date": 20230615, 
      "Value" : 74.889999
    },
    {
      "Date": 20240206, 
      "Value" : 29.200001
    }
  ]
}