{
  "Color": "rgb(244, 55, 244)", 
  "Point": [
    {
      "Date": 20220119, 
      "Value" : 112.849998
    },
    {
      "Date": 20230515, 
      "Value" : 51.200001
    }
  ]
}