{
  "Color": "rgb(244, 55, 244)", 
  "Point": [
    {
      "Date": 20211026, 
      "Value" : 89.400002
    },
    {
      "Date": 20220427, 
      "Value" : 31.200001
    }
  ]
}