{
  "Color": "rgb(244, 55, 244)", 
  "Point": [
    {
      "Date": 20210705, 
      "Value" : 34.910000
    },
    {
      "Date": 20221031, 
      "Value" : 95.389999
    },
    {
      "Date": 20240206, 
      "Value" : 25.850000
    }
  ]
}