{
  "Color": "rgb(244, 55, 244)", 
  "Point": [
    {
      "Date": 20221011, 
      "Value" : 20.540001
    },
    {
      "Date": 20221212, 
      "Value" : 40.270000
    }
  ]
}