{
  "Color": "rgb(244, 55, 244)", 
  "Point": [
    {
      "Date": 20220929, 
      "Value" : 173.289993
    },
    {
      "Date": 20230921, 
      "Value" : 67.349998
    }
  ]
}