{
  "Color": "rgb(244, 55, 244)", 
  "Point": [
    {
      "Date": 20220211, 
      "Value" : 85.209999
    },
    {
      "Date": 20220805, 
      "Value" : 233.229996
    },
    {
      "Date": 20240206, 
      "Value" : 46.000000
    }
  ]
}