{
  "Color": "rgb(244, 55, 244)", 
  "Point": [
    {
      "Date": 20210625, 
      "Value" : 135.479996
    },
    {
      "Date": 20220428, 
      "Value" : 34.450001
    },
    {
      "Date": 20221209, 
      "Value" : 78.089996
    },
    {
      "Date": 20240628, 
      "Value" : 28.270000
    }
  ]
}