{
  "Color": "rgb(244, 55, 244)", 
  "Point": [
    {
      "Date": 20200327, 
      "Value" : 103.440002
    },
    {
      "Date": 20220427, 
      "Value" : 25.809999
    },
    {
      "Date": 20230615, 
      "Value" : 74.699997
    },
    {
      "Date": 20240918, 
      "Value" : 26.980000
    }
  ]
}