{
  "Color": "rgb(244, 55, 244)", 
  "Point": [
    {
      "Date": 20220929, 
      "Value" : 173.289993
    },
    {
      "Date": 20240823, 
      "Value" : 24.330000
    }
  ]
}