{
  "Color": "rgb(244, 55, 244)", 
  "Point": [
    {
      "Date": 20220427, 
      "Value" : 22.930000
    },
    {
      "Date": 20221027, 
      "Value" : 77.480003
    },
    {
      "Date": 20240206, 
      "Value" : 31.180000
    }
  ]
}