{
  "Color": "rgb(244, 55, 244)", 
  "Point": [
    {
      "Date": 20211228, 
      "Value" : 81.610001
    },
    {
      "Date": 20240909, 
      "Value" : 19.600000
    }
  ]
}