{
  "Color": "rgb(244, 55, 244)", 
  "Point": [
    {
      "Date": 20210825, 
      "Value" : 57.060001
    },
    {
      "Date": 20240206, 
      "Value" : 7.090000
    }
  ]
}