{
  "Color": "rgb(244, 55, 244)", 
  "Point": [
    {
      "Date": 20201028, 
      "Value" : 35.529999
    },
    {
      "Date": 20240923, 
      "Value" : 4.550000
    },
    {
      "Date": 20250213, 
      "Value" : 10.540000
    }
  ]
}