{
  "Color": "rgb(244, 55, 244)", 
  "Point": [
    {
      "Date": 20220803, 
      "Value" : 46.619999
    },
    {
      "Date": 20231023, 
      "Value" : 20.610001
    }
  ]
}