{
  "Color": "rgb(244, 55, 244)", 
  "Point": [
    {
      "Date": 20221014, 
      "Value" : 217.550003
    },
    {
      "Date": 20231010, 
      "Value" : 101.110001
    }
  ]
}