{
  "Color": "rgb(244, 55, 244)", 
  "Point": [
    {
      "Date": 20211201, 
      "Value" : 111.000000
    },
    {
      "Date": 20220427, 
      "Value" : 35.490002
    }
  ]
}