{
  "Color": "rgb(244, 55, 244)", 
  "Point": [
    {
      "Date": 20220301, 
      "Value" : 50.009998
    },
    {
      "Date": 20240206, 
      "Value" : 12.220000
    }
  ]
}