{
  "Color": "rgb(244, 55, 244)", 
  "Point": [
    {
      "Date": 20211020, 
      "Value" : 12.870000
    },
    {
      "Date": 20220427, 
      "Value" : 6.960000
    },
    {
      "Date": 20230421, 
      "Value" : 11.380000
    }
  ]
}