{
  "Color": "rgb(244, 55, 244)", 
  "Point": [
    {
      "Date": 20220119, 
      "Value" : 112.849998
    },
    {
      "Date": 20240708, 
      "Value" : 35.000000
    }
  ]
}