{
  "Color": "rgb(244, 55, 244)", 
  "Point": [
    {
      "Date": 20200714, 
      "Value" : 141.600006
    },
    {
      "Date": 20220427, 
      "Value" : 11.200000
    },
    {
      "Date": 20230620, 
      "Value" : 19.780001
    }
  ]
}