{
  "Color": "rgb(244, 55, 244)", 
  "Point": [
    {
      "Date": 20210625, 
      "Value" : 135.630005
    },
    {
      "Date": 20220428, 
      "Value" : 34.599998
    },
    {
      "Date": 20221209, 
      "Value" : 78.239998
    },
    {
      "Date": 20230403, 
      "Value" : 52.500000
    }
  ]
}