{
  "Color": "rgb(244, 55, 244)", 
  "Point": [
    {
      "Date": 20211230, 
      "Value" : 29.250000
    },
    {
      "Date": 20220427, 
      "Value" : 14.310000
    },
    {
      "Date": 20230410, 
      "Value" : 37.740002
    },
    {
      "Date": 20240920, 
      "Value" : 10.410000
    }
  ]
}