{
  "Color": "rgb(244, 55, 244)", 
  "Point": [
    {
      "Date": 20220301, 
      "Value" : 50.209999
    },
    {
      "Date": 20230626, 
      "Value" : 20.090000
    }
  ]
}