{
  "Color": "rgb(244, 55, 244)", 
  "Point": [
    {
      "Date": 20211201, 
      "Value" : 111.000000
    },
    {
      "Date": 20240206, 
      "Value" : 21.549999
    }
  ]
}