{
  "Color": "rgb(244, 55, 244)", 
  "Point": [
    {
      "Date": 20211026, 
      "Value" : 89.400002
    },
    {
      "Date": 20240205, 
      "Value" : 25.600000
    }
  ]
}