{
  "Color": "rgb(244, 55, 244)", 
  "Point": [
    {
      "Date": 20211117, 
      "Value" : 31.510000
    },
    {
      "Date": 20221019, 
      "Value" : 81.900002
    },
    {
      "Date": 20240709, 
      "Value" : 37.410000
    }
  ]
}