{
  "Color": "rgb(244, 55, 244)", 
  "Point": [
    {
      "Date": 20220107, 
      "Value" : 36.500000
    },
    {
      "Date": 20240206, 
      "Value" : 11.950000
    }
  ]
}