{
  "Color": "rgb(244, 55, 244)", 
  "Point": [
    {
      "Date": 20200903, 
      "Value" : 183.789993
    },
    {
      "Date": 20221011, 
      "Value" : 30.830000
    },
    {
      "Date": 20230412, 
      "Value" : 78.000000
    },
    {
      "Date": 20230922, 
      "Value" : 39.770000
    }
  ]
}