{
  "Color": "rgb(244, 55, 244)", 
  "Point": [
    {
      "Date": 20200903, 
      "Value" : 183.789993
    },
    {
      "Date": 20240207, 
      "Value" : 20.180000
    },
    {
      "Date": 20250217, 
      "Value" : 79.949997
    }
  ]
}