{
  "Color": "rgb(244, 55, 244)", 
  "Point": [
    {
      "Date": 20221011, 
      "Value" : 20.139999
    },
    {
      "Date": 20221212, 
      "Value" : 39.869999
    },
    {
      "Date": 20230829, 
      "Value" : 18.809999
    },
    {
      "Date": 20241008, 
      "Value" : 52.689999
    }
  ]
}