{
  "Color": "rgb(244, 55, 244)", 
  "Point": [
    {
      "Date": 20220427, 
      "Value" : 31.760000
    },
    {
      "Date": 20230508, 
      "Value" : 72.629997
    }
  ]
}