{
  "Color": "rgb(244, 55, 244)", 
  "Point": [
    {
      "Date": 20221012, 
      "Value" : 9.510000
    },
    {
      "Date": 20221213, 
      "Value" : 27.870001
    },
    {
      "Date": 20240208, 
      "Value" : 6.230000
    },
    {
      "Date": 20241113, 
      "Value" : 14.000000
    }
  ]
}