{
  "Color": "rgb(244, 55, 244)", 
  "Point": [
    {
      "Date": 20211201, 
      "Value" : 110.400002
    },
    {
      "Date": 20240206, 
      "Value" : 20.950001
    },
    {
      "Date": 20240620, 
      "Value" : 41.430000
    }
  ]
}