{
  "Color": "rgb(244, 55, 244)", 
  "Point": [
    {
      "Date": 20220428, 
      "Value" : 12.220000
    },
    {
      "Date": 20220711, 
      "Value" : 27.309999
    },
    {
      "Date": 20240709, 
      "Value" : 4.150000
    }
  ]
}