{
  "Color": "rgb(244, 55, 244)", 
  "Point": [
    {
      "Date": 20201028, 
      "Value" : 35.529999
    },
    {
      "Date": 20240208, 
      "Value" : 5.180000
    }
  ]
}