{
  "Color": "rgb(244, 55, 244)", 
  "Point": [
    {
      "Date": 20200714, 
      "Value" : 141.600006
    },
    {
      "Date": 20240206, 
      "Value" : 7.500000
    }
  ]
}