{
  "Color": "rgb(244, 55, 244)", 
  "Point": [
    {
      "Date": 20221021, 
      "Value" : 34.369999
    },
    {
      "Date": 20230717, 
      "Value" : 104.580002
    },
    {
      "Date": 20240206, 
      "Value" : 26.719999
    }
  ]
}