{
  "Color": "rgb(244, 55, 244)", 
  "Point": [
    {
      "Date": 20220301, 
      "Value" : 50.209999
    },
    {
      "Date": 20230926, 
      "Value" : 19.559999
    }
  ]
}