{
  "Color": "rgb(244, 55, 244)", 
  "Point": [
    {
      "Date": 20211230, 
      "Value" : 29.610001
    },
    {
      "Date": 20220427, 
      "Value" : 14.670000
    },
    {
      "Date": 20230410, 
      "Value" : 38.099998
    }
  ]
}