{
  "Color": "rgb(244, 55, 244)", 
  "Point": [
    {
      "Date": 20220307, 
      "Value" : 79.779999
    },
    {
      "Date": 20221031, 
      "Value" : 163.770004
    },
    {
      "Date": 20240205, 
      "Value" : 64.059998
    },
    {
      "Date": 20240510, 
      "Value" : 105.190002
    }
  ]
}