{
  "Color": "rgb(244, 55, 244)", 
  "Point": [
    {
      "Date": 20220427, 
      "Value" : 15.660000
    },
    {
      "Date": 20221027, 
      "Value" : 53.279999
    },
    {
      "Date": 20240715, 
      "Value" : 18.730000
    }
  ]
}