{
  "Color": "rgb(244, 55, 244)", 
  "Point": [
    {
      "Date": 20211020, 
      "Value" : 12.770000
    },
    {
      "Date": 20220427, 
      "Value" : 6.860000
    },
    {
      "Date": 20230421, 
      "Value" : 11.280000
    },
    {
      "Date": 20240206, 
      "Value" : 5.380000
    }
  ]
}