{
  "Color": "rgb(244, 55, 244)", 
  "Point": [
    {
      "Date": 20211201, 
      "Value" : 110.400002
    },
    {
      "Date": 20240206, 
      "Value" : 20.950001
    },
    {
      "Date": 20241112, 
      "Value" : 60.540001
    },
    {
      "Date": 20250409, 
      "Value" : 35.349998
    }
  ]
}