{
  "Color": "rgb(244, 55, 244)", 
  "Point": [
    {
      "Date": 20210422, 
      "Value" : 11.130000
    },
    {
      "Date": 20230206, 
      "Value" : 31.450001
    },
    {
      "Date": 20240208, 
      "Value" : 5.980000
    }
  ]
}