{
  "Color": "rgb(244, 55, 244)", 
  "Point": [
    {
      "Date": 20201028, 
      "Value" : 35.529999
    },
    {
      "Date": 20230626, 
      "Value" : 10.130000
    }
  ]
}