{
  "Color": "rgb(244, 55, 244)", 
  "Point": [
    {
      "Date": 20220427, 
      "Value" : 48.930000
    },
    {
      "Date": 20230707, 
      "Value" : 135.089996
    },
    {
      "Date": 20240205, 
      "Value" : 72.599998
    }
  ]
}