{
  "Color": "rgb(244, 55, 244)", 
  "Point": [
    {
      "Date": 20221014, 
      "Value" : 217.800003
    },
    {
      "Date": 20230922, 
      "Value" : 102.000000
    }
  ]
}