{
  "Color": "rgb(244, 55, 244)", 
  "Point": [
    {
      "Date": 20211125, 
      "Value" : 68.400002
    },
    {
      "Date": 20230425, 
      "Value" : 17.559999
    }
  ]
}