{
  "Color": "rgb(244, 55, 244)", 
  "Point": [
    {
      "Date": 20220118, 
      "Value" : 65.500000
    },
    {
      "Date": 20220427, 
      "Value" : 31.450001
    },
    {
      "Date": 20230414, 
      "Value" : 71.900002
    },
    {
      "Date": 20231102, 
      "Value" : 32.810001
    }
  ]
}