{
  "Color": "rgb(244, 55, 244)", 
  "Point": [
    {
      "Date": 20220427, 
      "Value" : 10.160000
    },
    {
      "Date": 20230110, 
      "Value" : 32.529999
    },
    {
      "Date": 20240206, 
      "Value" : 8.960000
    },
    {
      "Date": 20250319, 
      "Value" : 45.000000
    }
  ]
}