{
  "Color": "rgb(244, 55, 244)", 
  "Point": [
    {
      "Date": 20200428, 
      "Value" : 28.070000
    },
    {
      "Date": 20200715, 
      "Value" : 64.209999
    },
    {
      "Date": 20240208, 
      "Value" : 9.700000
    }
  ]
}