{
  "Color": "rgb(244, 55, 244)", 
  "Point": [
    {
      "Date": 20211228, 
      "Value" : 81.739998
    },
    {
      "Date": 20230829, 
      "Value" : 35.639999
    }
  ]
}