{
  "Color": "rgb(244, 55, 244)", 
  "Point": [
    {
      "Date": 20220811, 
      "Value" : 48.680000
    },
    {
      "Date": 20220927, 
      "Value" : 26.100000
    },
    {
      "Date": 20230426, 
      "Value" : 47.930000
    },
    {
      "Date": 20240206, 
      "Value" : 17.040001
    }
  ]
}