{
  "Color": "rgb(244, 55, 244)", 
  "Point": [
    {
      "Date": 20211227, 
      "Value" : 26.650000
    },
    {
      "Date": 20220427, 
      "Value" : 10.480000
    },
    {
      "Date": 20231106, 
      "Value" : 29.000000
    }
  ]
}