{
  "Color": "rgb(244, 55, 244)", 
  "Point": [
    {
      "Date": 20221014, 
      "Value" : 217.429993
    },
    {
      "Date": 20240918, 
      "Value" : 91.879997
    }
  ]
}