{
  "Color": "rgb(244, 55, 244)", 
  "Point": [
    {
      "Date": 20220425, 
      "Value" : 21.379999
    },
    {
      "Date": 20221031, 
      "Value" : 78.750000
    },
    {
      "Date": 20240918, 
      "Value" : 19.040001
    },
    {
      "Date": 20250512, 
      "Value" : 51.439999
    }
  ]
}