{
  "Color": "rgb(244, 55, 244)", 
  "Point": [
    {
      "Date": 20220901, 
      "Value" : 34.189999
    },
    {
      "Date": 20230619, 
      "Value" : 85.430000
    },
    {
      "Date": 20240709, 
      "Value" : 25.950001
    }
  ]
}