{
  "Color": "rgb(244, 55, 244)", 
  "Point": [
    {
      "Date": 20220427, 
      "Value" : 25.850000
    },
    {
      "Date": 20221103, 
      "Value" : 52.509998
    },
    {
      "Date": 20240718, 
      "Value" : 19.049999
    }
  ]
}