{
  "Color": "rgb(244, 55, 244)", 
  "Point": [
    {
      "Date": 20220929, 
      "Value" : 173.289993
    },
    {
      "Date": 20230628, 
      "Value" : 85.050003
    }
  ]
}