{
  "Color": "rgb(244, 55, 244)", 
  "Point": [
    {
      "Date": 20220923, 
      "Value" : 97.699997
    },
    {
      "Date": 20240710, 
      "Value" : 26.299999
    }
  ]
}