{
  "Color": "rgb(244, 55, 244)", 
  "Point": [
    {
      "Date": 20220803, 
      "Value" : 46.500000
    },
    {
      "Date": 20240918, 
      "Value" : 11.090000
    }
  ]
}