{
  "Color": "rgb(244, 55, 244)", 
  "Point": [
    {
      "Date": 20221223, 
      "Value" : 25.400000
    },
    {
      "Date": 20230718, 
      "Value" : 45.849998
    },
    {
      "Date": 20240206, 
      "Value" : 13.900000
    }
  ]
}