{
  "Color": "rgb(244, 55, 244)", 
  "Point": [
    {
      "Date": 20220923, 
      "Value" : 97.480003
    },
    {
      "Date": 20240924, 
      "Value" : 24.500000
    }
  ]
}