{
  "Color": "rgb(244, 55, 244)", 
  "Point": [
    {
      "Date": 20220209, 
      "Value" : 41.389999
    },
    {
      "Date": 20231024, 
      "Value" : 15.990000
    }
  ]
}