{
  "Color": "rgb(244, 55, 244)", 
  "Point": [
    {
      "Date": 20220901, 
      "Value" : 41.529999
    },
    {
      "Date": 20230619, 
      "Value" : 103.019997
    }
  ]
}