{
  "Color": "rgb(244, 55, 244)", 
  "Point": [
    {
      "Date": 20200319, 
      "Value" : 27.719999
    },
    {
      "Date": 20200701, 
      "Value" : 80.730003
    },
    {
      "Date": 20220427, 
      "Value" : 20.600000
    },
    {
      "Date": 20240318, 
      "Value" : 69.559998
    }
  ]
}