{
  "Color": "rgb(244, 55, 244)", 
  "Point": [
    {
      "Date": 20200828, 
      "Value" : 101.570000
    },
    {
      "Date": 20231024, 
      "Value" : 14.010000
    },
    {
      "Date": 20241008, 
      "Value" : 25.580000
    }
  ]
}