{
  "Color": "rgb(244, 55, 244)", 
  "Point": [
    {
      "Date": 20220307, 
      "Value" : 112.040001
    },
    {
      "Date": 20221031, 
      "Value" : 229.619995
    },
    {
      "Date": 20240205, 
      "Value" : 90.019997
    }
  ]
}