{
  "Color": "rgb(244, 55, 244)", 
  "Point": [
    {
      "Date": 20220107, 
      "Value" : 51.580002
    },
    {
      "Date": 20240206, 
      "Value" : 17.209999
    }
  ]
}