{
  "Color": "rgb(244, 55, 244)", 
  "Point": [
    {
      "Date": 20221012, 
      "Value" : 9.580000
    },
    {
      "Date": 20221213, 
      "Value" : 27.940001
    },
    {
      "Date": 20231023, 
      "Value" : 10.320000
    }
  ]
}