{
  "Color": "rgb(244, 55, 244)", 
  "Point": [
    {
      "Date": 20220427, 
      "Value" : 15.400000
    },
    {
      "Date": 20220809, 
      "Value" : 44.490002
    }
  ]
}