{
  "Color": "rgb(244, 55, 244)", 
  "Point": [
    {
      "Date": 20220602, 
      "Value" : 13.350000
    },
    {
      "Date": 20240709, 
      "Value" : 4.240000
    }
  ]
}