{
  "Color": "rgb(244, 55, 244)", 
  "Point": [
    {
      "Date": 20201119, 
      "Value" : 42.099998
    },
    {
      "Date": 20220427, 
      "Value" : 7.320000
    },
    {
      "Date": 20220825, 
      "Value" : 12.190000
    }
  ]
}