{
  "Color": "rgb(244, 55, 244)", 
  "Point": [
    {
      "Date": 20211228, 
      "Value" : 56.110001
    },
    {
      "Date": 20220427, 
      "Value" : 18.080000
    }
  ]
}