{
  "Color": "rgb(244, 55, 244)", 
  "Point": [
    {
      "Date": 20220812, 
      "Value" : 79.440002
    },
    {
      "Date": 20240918, 
      "Value" : 15.020000
    }
  ]
}