{
  "Color": "rgb(244, 55, 244)", 
  "Point": [
    {
      "Date": 20230505, 
      "Value" : 23.860001
    },
    {
      "Date": 20240206, 
      "Value" : 11.730000
    },
    {
      "Date": 20241206, 
      "Value" : 29.540001
    },
    {
      "Date": 20250409, 
      "Value" : 18.600000
    }
  ]
}