{
  "Color": "rgb(244, 55, 244)", 
  "Point": [
    {
      "Date": 20221012, 
      "Value" : 9.540000
    },
    {
      "Date": 20221213, 
      "Value" : 27.900000
    },
    {
      "Date": 20240208, 
      "Value" : 6.260000
    }
  ]
}