{
  "Color": "rgb(244, 55, 244)", 
  "Point": [
    {
      "Date": 20220803, 
      "Value" : 46.330002
    },
    {
      "Date": 20240918, 
      "Value" : 10.920000
    },
    {
      "Date": 20250512, 
      "Value" : 16.990000
    }
  ]
}