{
  "Color": "rgb(244, 55, 244)", 
  "Point": [
    {
      "Date": 20220923, 
      "Value" : 98.139999
    },
    {
      "Date": 20230717, 
      "Value" : 43.310001
    }
  ]
}