{
  "Color": "rgb(244, 55, 244)", 
  "Point": [
    {
      "Date": 20220126, 
      "Value" : 8.390000
    },
    {
      "Date": 20220817, 
      "Value" : 19.260000
    },
    {
      "Date": 20240205, 
      "Value" : 7.280000
    }
  ]
}