{
  "Color": "rgb(244, 55, 244)", 
  "Point": [
    {
      "Date": 20200828, 
      "Value" : 102.019997
    },
    {
      "Date": 20231024, 
      "Value" : 14.460000
    }
  ]
}