{
  "Color": "rgb(244, 55, 244)", 
  "Point": [
    {
      "Date": 20200714, 
      "Value" : 61.889999
    },
    {
      "Date": 20220429, 
      "Value" : 11.830000
    },
    {
      "Date": 20230323, 
      "Value" : 21.990000
    },
    {
      "Date": 20230712, 
      "Value" : 14.690000
    }
  ]
}