{
  "Color": "rgb(244, 55, 244)", 
  "Point": [
    {
      "Date": 20220803, 
      "Value" : 46.500000
    },
    {
      "Date": 20240709, 
      "Value" : 12.440000
    }
  ]
}