{
  "Color": "rgb(244, 55, 244)", 
  "Point": [
    {
      "Date": 20211228, 
      "Value" : 56.110001
    },
    {
      "Date": 20240205, 
      "Value" : 12.100000
    },
    {
      "Date": 20241009, 
      "Value" : 22.400000
    }
  ]
}