{
  "Color": "rgb(244, 55, 244)", 
  "Point": [
    {
      "Date": 20220606, 
      "Value" : 44.549999
    },
    {
      "Date": 20240208, 
      "Value" : 9.700000
    },
    {
      "Date": 20250320, 
      "Value" : 25.030001
    }
  ]
}