{
  "Color": "rgb(244, 55, 244)", 
  "Point": [
    {
      "Date": 20220929, 
      "Value" : 173.289993
    },
    {
      "Date": 20240709, 
      "Value" : 26.930000
    }
  ]
}