{
  "Color": "rgb(244, 55, 244)", 
  "Point": [
    {
      "Date": 20220811, 
      "Value" : 49.279999
    },
    {
      "Date": 20220927, 
      "Value" : 26.700001
    },
    {
      "Date": 20230426, 
      "Value" : 48.529999
    },
    {
      "Date": 20240206, 
      "Value" : 17.639999
    }
  ]
}