{
  "Color": "rgb(244, 55, 244)", 
  "Point": [
    {
      "Date": 20220606, 
      "Value" : 64.900002
    },
    {
      "Date": 20230426, 
      "Value" : 24.799999
    }
  ]
}