{
  "Color": "rgb(244, 55, 244)", 
  "Point": [
    {
      "Date": 20220428, 
      "Value" : 9.660000
    },
    {
      "Date": 20220805, 
      "Value" : 40.709999
    }
  ]
}