{
  "Color": "rgb(244, 55, 244)", 
  "Point": [
    {
      "Date": 20220812, 
      "Value" : 79.779999
    },
    {
      "Date": 20230425, 
      "Value" : 41.900002
    }
  ]
}