{
  "Color": "rgb(244, 55, 244)", 
  "Point": [
    {
      "Date": 20220427, 
      "Value" : 15.250000
    },
    {
      "Date": 20220809, 
      "Value" : 44.340000
    },
    {
      "Date": 20240208, 
      "Value" : 12.900000
    }
  ]
}