{
  "Color": "rgb(244, 55, 244)", 
  "Point": [
    {
      "Date": 20210422, 
      "Value" : 16.500000
    },
    {
      "Date": 20230206, 
      "Value" : 46.570000
    },
    {
      "Date": 20240208, 
      "Value" : 8.880000
    }
  ]
}