{
  "Color": "rgb(244, 55, 244)", 
  "Point": [
    {
      "Date": 20211020, 
      "Value" : 12.790000
    },
    {
      "Date": 20220427, 
      "Value" : 6.880000
    },
    {
      "Date": 20230421, 
      "Value" : 11.300000
    },
    {
      "Date": 20240206, 
      "Value" : 5.400000
    }
  ]
}