{
  "Color": "rgb(244, 55, 244)", 
  "Point": [
    {
      "Date": 20211214, 
      "Value" : 47.480000
    },
    {
      "Date": 20220427, 
      "Value" : 18.260000
    },
    {
      "Date": 20230407, 
      "Value" : 53.880001
    }
  ]
}