{
  "Color": "rgb(244, 55, 244)", 
  "Point": [
    {
      "Date": 20211123, 
      "Value" : 23.350000
    },
    {
      "Date": 20220427, 
      "Value" : 7.100000
    }
  ]
}