{
  "Color": "rgb(244, 55, 244)", 
  "Point": [
    {
      "Date": 20210705, 
      "Value" : 35.119999
    },
    {
      "Date": 20221031, 
      "Value" : 95.599998
    },
    {
      "Date": 20230614, 
      "Value" : 58.599998
    }
  ]
}