{
  "Color": "rgb(244, 55, 244)", 
  "Point": [
    {
      "Date": 20210602, 
      "Value" : 133.490005
    },
    {
      "Date": 20231023, 
      "Value" : 34.020000
    }
  ]
}