{
  "Color": "rgb(244, 55, 244)", 
  "Point": [
    {
      "Date": 20220211, 
      "Value" : 65.410004
    },
    {
      "Date": 20220805, 
      "Value" : 179.270004
    },
    {
      "Date": 20240705, 
      "Value" : 35.230000
    }
  ]
}