{
  "Color": "rgb(244, 55, 244)", 
  "Point": [
    {
      "Date": 20221223, 
      "Value" : 25.500000
    },
    {
      "Date": 20230718, 
      "Value" : 45.950001
    },
    {
      "Date": 20240206, 
      "Value" : 14.000000
    }
  ]
}