{
  "Color": "rgb(244, 55, 244)", 
  "Point": [
    {
      "Date": 20220429, 
      "Value" : 22.940001
    },
    {
      "Date": 20220915, 
      "Value" : 88.639999
    },
    {
      "Date": 20240924, 
      "Value" : 24.730000
    }
  ]
}