{
  "Color": "rgb(244, 55, 244)", 
  "Point": [
    {
      "Date": 20191209, 
      "Value" : 26.629999
    },
    {
      "Date": 20210924, 
      "Value" : 407.190002
    },
    {
      "Date": 20240918, 
      "Value" : 23.299999
    }
  ]
}