{
  "Color": "rgb(244, 55, 244)", 
  "Point": [
    {
      "Date": 20211215, 
      "Value" : 176.960007
    },
    {
      "Date": 20220427, 
      "Value" : 82.000000
    },
    {
      "Date": 20230419, 
      "Value" : 167.600006
    }
  ]
}