{
  "Color": "rgb(244, 55, 244)", 
  "Point": [
    {
      "Date": 20201119, 
      "Value" : 42.080002
    },
    {
      "Date": 20240206, 
      "Value" : 6.260000
    }
  ]
}