{
  "Color": "rgb(244, 55, 244)", 
  "Point": [
    {
      "Date": 20220606, 
      "Value" : 44.610001
    },
    {
      "Date": 20240208, 
      "Value" : 9.760000
    },
    {
      "Date": 20241008, 
      "Value" : 20.450001
    }
  ]
}