{
  "Color": "rgb(244, 55, 244)", 
  "Point": [
    {
      "Date": 20220429, 
      "Value" : 41.000000
    },
    {
      "Date": 20221025, 
      "Value" : 137.500000
    },
    {
      "Date": 20231023, 
      "Value" : 49.090000
    }
  ]
}