{
  "Color": "rgb(244, 55, 244)", 
  "Point": [
    {
      "Date": 20220107, 
      "Value" : 36.560001
    },
    {
      "Date": 20240206, 
      "Value" : 12.010000
    }
  ]
}