{
  "Color": "rgb(244, 55, 244)", 
  "Point": [
    {
      "Date": 20220317, 
      "Value" : 28.969999
    },
    {
      "Date": 20220427, 
      "Value" : 14.510000
    },
    {
      "Date": 20230404, 
      "Value" : 38.779999
    },
    {
      "Date": 20230825, 
      "Value" : 18.980000
    }
  ]
}