{
  "Color": "rgb(244, 55, 244)", 
  "Point": [
    {
      "Date": 20201119, 
      "Value" : 41.980000
    },
    {
      "Date": 20240206, 
      "Value" : 6.160000
    },
    {
      "Date": 20250226, 
      "Value" : 15.510000
    }
  ]
}