{
  "Color": "rgb(244, 55, 244)", 
  "Point": [
    {
      "Date": 20221021, 
      "Value" : 23.070000
    },
    {
      "Date": 20230717, 
      "Value" : 70.510002
    },
    {
      "Date": 20240206, 
      "Value" : 17.900000
    },
    {
      "Date": 20250312, 
      "Value" : 64.000000
    }
  ]
}