{
  "Color": "rgb(244, 55, 244)", 
  "Point": [
    {
      "Date": 20230419, 
      "Value" : 29.430000
    },
    {
      "Date": 20240208, 
      "Value" : 10.130000
    },
    {
      "Date": 20241021, 
      "Value" : 28.480000
    }
  ]
}