{
  "Color": "rgb(244, 55, 244)", 
  "Point": [
    {
      "Date": 20220602, 
      "Value" : 13.410000
    },
    {
      "Date": 20221011, 
      "Value" : 9.160000
    },
    {
      "Date": 20230703, 
      "Value" : 12.420000
    }
  ]
}