{
  "Color": "rgb(244, 55, 244)", 
  "Point": [
    {
      "Date": 20200723, 
      "Value" : 297.769989
    },
    {
      "Date": 20220427, 
      "Value" : 46.590000
    },
    {
      "Date": 20230620, 
      "Value" : 269.500000
    },
    {
      "Date": 20240205, 
      "Value" : 95.849998
    }
  ]
}