{
  "Color": "rgb(244, 55, 244)", 
  "Point": [
    {
      "Date": 20211228, 
      "Value" : 81.739998
    },
    {
      "Date": 20230630, 
      "Value" : 37.070000
    }
  ]
}