{
  "Color": "rgb(244, 55, 244)", 
  "Point": [
    {
      "Date": 20220816, 
      "Value" : 23.629999
    },
    {
      "Date": 20240208, 
      "Value" : 7.690000
    },
    {
      "Date": 20241008, 
      "Value" : 11.810000
    }
  ]
}