{
  "Color": "rgb(244, 55, 244)", 
  "Point": [
    {
      "Date": 20220427, 
      "Value" : 12.160000
    },
    {
      "Date": 20221027, 
      "Value" : 75.739998
    },
    {
      "Date": 20240206, 
      "Value" : 16.830000
    },
    {
      "Date": 20240617, 
      "Value" : 32.419998
    }
  ]
}