{
  "Color": "rgb(244, 55, 244)", 
  "Point": [
    {
      "Date": 20200324, 
      "Value" : 27.740000
    },
    {
      "Date": 20220114, 
      "Value" : 239.669998
    },
    {
      "Date": 20230629, 
      "Value" : 37.369999
    }
  ]
}