{
  "Color": "rgb(244, 55, 244)", 
  "Point": [
    {
      "Date": 20220428, 
      "Value" : 9.310000
    },
    {
      "Date": 20220805, 
      "Value" : 40.360001
    },
    {
      "Date": 20240206, 
      "Value" : 12.050000
    },
    {
      "Date": 20241210, 
      "Value" : 30.190001
    }
  ]
}