{
  "Color": "rgb(244, 55, 244)", 
  "Point": [
    {
      "Date": 20220427, 
      "Value" : 48.320000
    },
    {
      "Date": 20230707, 
      "Value" : 134.479996
    },
    {
      "Date": 20240205, 
      "Value" : 71.989998
    },
    {
      "Date": 20241021, 
      "Value" : 169.820007
    }
  ]
}