{
  "Color": "rgb(244, 55, 244)", 
  "Point": [
    {
      "Date": 20220923, 
      "Value" : 97.930000
    },
    {
      "Date": 20240205, 
      "Value" : 31.020000
    }
  ]
}