{
  "Color": "rgb(244, 55, 244)", 
  "Point": [
    {
      "Date": 20210623, 
      "Value" : 80.239998
    },
    {
      "Date": 20220427, 
      "Value" : 20.360001
    },
    {
      "Date": 20220810, 
      "Value" : 45.000000
    },
    {
      "Date": 20230828, 
      "Value" : 21.690001
    }
  ]
}