{
  "Color": "rgb(244, 55, 244)", 
  "Point": [
    {
      "Date": 20211227, 
      "Value" : 26.350000
    },
    {
      "Date": 20220427, 
      "Value" : 10.180000
    },
    {
      "Date": 20231114, 
      "Value" : 28.860001
    }
  ]
}