{
  "Color": "rgb(244, 55, 244)", 
  "Point": [
    {
      "Date": 20220606, 
      "Value" : 64.900002
    },
    {
      "Date": 20240208, 
      "Value" : 14.370000
    }
  ]
}