{
  "Color": "rgb(244, 55, 244)", 
  "Point": [
    {
      "Date": 20210825, 
      "Value" : 57.060001
    },
    {
      "Date": 20230515, 
      "Value" : 16.290001
    }
  ]
}