{
  "Color": "rgb(244, 55, 244)", 
  "Point": [
    {
      "Date": 20220428, 
      "Value" : 17.389999
    },
    {
      "Date": 20220701, 
      "Value" : 30.980000
    },
    {
      "Date": 20240206, 
      "Value" : 10.810000
    }
  ]
}