{
  "Color": "rgb(244, 55, 244)", 
  "Point": [
    {
      "Date": 20220812, 
      "Value" : 79.779999
    },
    {
      "Date": 20231221, 
      "Value" : 36.049999
    }
  ]
}