{
  "Color": "rgb(244, 55, 244)", 
  "Point": [
    {
      "Date": 20200317, 
      "Value" : 49.500000
    },
    {
      "Date": 20200804, 
      "Value" : 128.919998
    },
    {
      "Date": 20220427, 
      "Value" : 21.680000
    },
    {
      "Date": 20230414, 
      "Value" : 61.349998
    }
  ]
}