{
  "Color": "rgb(244, 55, 244)", 
  "Point": [
    {
      "Date": 20220427, 
      "Value" : 18.820000
    },
    {
      "Date": 20230406, 
      "Value" : 57.549999
    }
  ]
}