{
  "Color": "rgb(244, 55, 244)", 
  "Point": [
    {
      "Date": 20201028, 
      "Value" : 35.529999
    },
    {
      "Date": 20230825, 
      "Value" : 9.630000
    }
  ]
}