{
  "Color": "rgb(244, 55, 244)", 
  "Point": [
    {
      "Date": 20220805, 
      "Value" : 65.199997
    },
    {
      "Date": 20221012, 
      "Value" : 34.000000
    },
    {
      "Date": 20230411, 
      "Value" : 76.599998
    }
  ]
}