{
  "Color": "rgb(244, 55, 244)", 
  "Point": [
    {
      "Date": 20221011, 
      "Value" : 13.270000
    },
    {
      "Date": 20230413, 
      "Value" : 57.900002
    }
  ]
}