{
  "Color": "rgb(244, 55, 244)", 
  "Point": [
    {
      "Date": 20220602, 
      "Value" : 13.410000
    },
    {
      "Date": 20240206, 
      "Value" : 6.130000
    }
  ]
}