{
  "Color": "rgb(244, 55, 244)", 
  "Point": [
    {
      "Date": 20210406, 
      "Value" : 31.870001
    },
    {
      "Date": 20220427, 
      "Value" : 11.310000
    },
    {
      "Date": 20220824, 
      "Value" : 25.020000
    }
  ]
}