{
  "Color": "rgb(244, 55, 244)", 
  "Point": [
    {
      "Date": 20211026, 
      "Value" : 89.320000
    },
    {
      "Date": 20240709, 
      "Value" : 23.000000
    }
  ]
}