{
  "Color": "rgb(244, 55, 244)", 
  "Point": [
    {
      "Date": 20220427, 
      "Value" : 12.330000
    },
    {
      "Date": 20221027, 
      "Value" : 75.919998
    },
    {
      "Date": 20230921, 
      "Value" : 26.719999
    }
  ]
}