{
  "Color": "rgb(244, 55, 244)", 
  "Point": [
    {
      "Date": 20220805, 
      "Value" : 60.130001
    },
    {
      "Date": 20231024, 
      "Value" : 21.770000
    }
  ]
}