{
  "Color": "rgb(244, 55, 244)", 
  "Point": [
    {
      "Date": 20191203, 
      "Value" : 12.330000
    },
    {
      "Date": 20230407, 
      "Value" : 64.300003
    },
    {
      "Date": 20230828, 
      "Value" : 38.410000
    },
    {
      "Date": 20231120, 
      "Value" : 66.500000
    }
  ]
}