{
  "Color": "rgb(244, 55, 244)", 
  "Point": [
    {
      "Date": 20210601, 
      "Value" : 94.209999
    },
    {
      "Date": 20240206, 
      "Value" : 16.559999
    },
    {
      "Date": 20241008, 
      "Value" : 33.000000
    }
  ]
}