{
  "Color": "rgb(244, 55, 244)", 
  "Point": [
    {
      "Date": 20220119, 
      "Value" : 30.809999
    },
    {
      "Date": 20240208, 
      "Value" : 8.990000
    },
    {
      "Date": 20241008, 
      "Value" : 16.700001
    }
  ]
}