{
  "Color": "rgb(244, 55, 244)", 
  "Point": [
    {
      "Date": 20220916, 
      "Value" : 80.000000
    },
    {
      "Date": 20240206, 
      "Value" : 17.389999
    },
    {
      "Date": 20241008, 
      "Value" : 42.880001
    }
  ]
}