{
  "Color": "rgb(244, 55, 244)", 
  "Point": [
    {
      "Date": 20210201, 
      "Value" : 41.169998
    },
    {
      "Date": 20220427, 
      "Value" : 13.870000
    },
    {
      "Date": 20230324, 
      "Value" : 23.610001
    }
  ]
}