{
  "Color": "rgb(244, 55, 244)", 
  "Point": [
    {
      "Date": 20220119, 
      "Value" : 30.910000
    },
    {
      "Date": 20240208, 
      "Value" : 9.090000
    }
  ]
}