{
  "Color": "rgb(244, 55, 244)", 
  "Point": [
    {
      "Date": 20200820, 
      "Value" : 73.160004
    },
    {
      "Date": 20220427, 
      "Value" : 18.049999
    },
    {
      "Date": 20230630, 
      "Value" : 34.330002
    },
    {
      "Date": 20240208, 
      "Value" : 12.680000
    }
  ]
}