{
  "Color": "rgb(244, 55, 244)", 
  "Point": [
    {
      "Date": 20210830, 
      "Value" : 91.800003
    },
    {
      "Date": 20231221, 
      "Value" : 27.400000
    }
  ]
}