{
  "Color": "rgb(244, 55, 244)", 
  "Point": [
    {
      "Date": 20200903, 
      "Value" : 38.830002
    },
    {
      "Date": 20220427, 
      "Value" : 13.360000
    },
    {
      "Date": 20230705, 
      "Value" : 37.430000
    },
    {
      "Date": 20240206, 
      "Value" : 15.000000
    }
  ]
}