{
  "Color": "rgb(244, 55, 244)", 
  "Point": [
    {
      "Date": 20220214, 
      "Value" : 34.700001
    },
    {
      "Date": 20221025, 
      "Value" : 99.769997
    },
    {
      "Date": 20240205, 
      "Value" : 23.080000
    },
    {
      "Date": 20241021, 
      "Value" : 52.310001
    }
  ]
}