{
  "Color": "rgb(244, 55, 244)", 
  "Point": [
    {
      "Date": 20220505, 
      "Value" : 17.870001
    },
    {
      "Date": 20220803, 
      "Value" : 79.110001
    },
    {
      "Date": 20240206, 
      "Value" : 21.120001
    }
  ]
}