{
  "Color": "rgb(244, 55, 244)", 
  "Point": [
    {
      "Date": 20210824, 
      "Value" : 161.500000
    },
    {
      "Date": 20220427, 
      "Value" : 50.279999
    },
    {
      "Date": 20221121, 
      "Value" : 125.580002
    },
    {
      "Date": 20231026, 
      "Value" : 65.650002
    }
  ]
}