{
  "Color": "rgb(244, 55, 244)", 
  "Point": [
    {
      "Date": 20230420, 
      "Value" : 18.930000
    },
    {
      "Date": 20231023, 
      "Value" : 11.100000
    }
  ]
}