{
  "Color": "rgb(244, 55, 244)", 
  "Point": [
    {
      "Date": 20230807, 
      "Value" : 59.730000
    },
    {
      "Date": 20240918, 
      "Value" : 26.600000
    },
    {
      "Date": 20250224, 
      "Value" : 61.939999
    }
  ]
}