{
  "Color": "rgb(244, 55, 244)", 
  "Point": [
    {
      "Date": 20220812, 
      "Value" : 40.349998
    },
    {
      "Date": 20240730, 
      "Value" : 8.630000
    },
    {
      "Date": 20241023, 
      "Value" : 17.000000
    }
  ]
}