{
  "Color": "rgb(244, 55, 244)", 
  "Point": [
    {
      "Date": 20200824, 
      "Value" : 37.700001
    },
    {
      "Date": 20220427, 
      "Value" : 11.300000
    },
    {
      "Date": 20230522, 
      "Value" : 17.889999
    },
    {
      "Date": 20240207, 
      "Value" : 6.920000
    }
  ]
}