{
  "Color": "rgb(244, 55, 244)", 
  "Point": [
    {
      "Date": 20221118, 
      "Value" : 43.450001
    },
    {
      "Date": 20240718, 
      "Value" : 26.959999
    }
  ]
}