{
  "Color": "rgb(244, 55, 244)", 
  "Point": [
    {
      "Date": 20190722, 
      "Value" : 23.740000
    },
    {
      "Date": 20211101, 
      "Value" : 126.320000
    },
    {
      "Date": 20240205, 
      "Value" : 13.310000
    }
  ]
}