{
  "Color": "rgb(244, 55, 244)", 
  "Point": [
    {
      "Date": 20200909, 
      "Value" : 35.669998
    },
    {
      "Date": 20220823, 
      "Value" : 234.360001
    },
    {
      "Date": 20240924, 
      "Value" : 40.200001
    }
  ]
}