{
  "Color": "rgb(244, 55, 244)", 
  "Point": [
    {
      "Date": 20200708, 
      "Value" : 41.529999
    },
    {
      "Date": 20211029, 
      "Value" : 14.150000
    },
    {
      "Date": 20220915, 
      "Value" : 45.939999
    },
    {
      "Date": 20230621, 
      "Value" : 23.010000
    }
  ]
}