{
  "Color": "rgb(244, 55, 244)", 
  "Point": [
    {
      "Date": 20200819, 
      "Value" : 56.970001
    },
    {
      "Date": 20220427, 
      "Value" : 13.290000
    },
    {
      "Date": 20220818, 
      "Value" : 23.400000
    },
    {
      "Date": 20240206, 
      "Value" : 10.600000
    }
  ]
}