{
  "Color": "rgb(244, 55, 244)", 
  "Point": [
    {
      "Date": 20220707, 
      "Value" : 48.900002
    },
    {
      "Date": 20221230, 
      "Value" : 21.520000
    },
    {
      "Date": 20230601, 
      "Value" : 58.500000
    },
    {
      "Date": 20240206, 
      "Value" : 18.830000
    }
  ]
}