{
  "Color": "rgb(244, 55, 244)", 
  "Point": [
    {
      "Date": 20200723, 
      "Value" : 57.470001
    },
    {
      "Date": 20221012, 
      "Value" : 11.900000
    },
    {
      "Date": 20240320, 
      "Value" : 26.730000
    },
    {
      "Date": 20240709, 
      "Value" : 18.629999
    }
  ]
}