{
  "Color": "rgb(244, 55, 244)", 
  "Point": [
    {
      "Date": 20200911, 
      "Value" : 73.919998
    },
    {
      "Date": 20211213, 
      "Value" : 401.260010
    },
    {
      "Date": 20230829, 
      "Value" : 86.470001
    }
  ]
}