{
  "Color": "rgb(244, 55, 244)", 
  "Point": [
    {
      "Date": 20230807, 
      "Value" : 59.880001
    },
    {
      "Date": 20240207, 
      "Value" : 27.900000
    }
  ]
}