{
  "Color": "rgb(244, 55, 244)", 
  "Point": [
    {
      "Date": 20221012, 
      "Value" : 42.830002
    },
    {
      "Date": 20230519, 
      "Value" : 89.620003
    },
    {
      "Date": 20240416, 
      "Value" : 49.310001
    }
  ]
}