{
  "Color": "rgb(244, 55, 244)", 
  "Point": [
    {
      "Date": 20210309, 
      "Value" : 56.040001
    },
    {
      "Date": 20240207, 
      "Value" : 14.210000
    }
  ]
}