{
  "Color": "rgb(244, 55, 244)", 
  "Point": [
    {
      "Date": 20200824, 
      "Value" : 55.180000
    },
    {
      "Date": 20220427, 
      "Value" : 16.900000
    },
    {
      "Date": 20230522, 
      "Value" : 26.450001
    }
  ]
}