{
  "Color": "rgb(244, 55, 244)", 
  "Point": [
    {
      "Date": 20221026, 
      "Value" : 60.880001
    },
    {
      "Date": 20230703, 
      "Value" : 121.500000
    }
  ]
}