{
  "Color": "rgb(244, 55, 244)", 
  "Point": [
    {
      "Date": 20200708, 
      "Value" : 153.949997
    },
    {
      "Date": 20220427, 
      "Value" : 32.500000
    },
    {
      "Date": 20241009, 
      "Value" : 222.990005
    }
  ]
}