{
  "Color": "rgb(244, 55, 244)", 
  "Point": [
    {
      "Date": 20210428, 
      "Value" : 21.080000
    },
    {
      "Date": 20210901, 
      "Value" : 42.849998
    },
    {
      "Date": 20240725, 
      "Value" : 9.060000
    }
  ]
}