{
  "Color": "rgb(244, 55, 244)", 
  "Point": [
    {
      "Date": 20220427, 
      "Value" : 37.869999
    },
    {
      "Date": 20220805, 
      "Value" : 69.980003
    },
    {
      "Date": 20230825, 
      "Value" : 34.959999
    }
  ]
}