{
  "Color": "rgb(244, 55, 244)", 
  "Point": [
    {
      "Date": 20211220, 
      "Value" : 86.000000
    },
    {
      "Date": 20240206, 
      "Value" : 22.299999
    }
  ]
}