{
  "Color": "rgb(244, 55, 244)", 
  "Point": [
    {
      "Date": 20200211, 
      "Value" : 52.770000
    },
    {
      "Date": 20220427, 
      "Value" : 10.750000
    },
    {
      "Date": 20230718, 
      "Value" : 25.990000
    },
    {
      "Date": 20240923, 
      "Value" : 11.360000
    }
  ]
}