{
  "Color": "rgb(244, 55, 244)", 
  "Point": [
    {
      "Date": 20220715, 
      "Value" : 88.410004
    },
    {
      "Date": 20231221, 
      "Value" : 25.530001
    }
  ]
}