{
  "Color": "rgb(244, 55, 244)", 
  "Point": [
    {
      "Date": 20200428, 
      "Value" : 31.290001
    },
    {
      "Date": 20210727, 
      "Value" : 104.099998
    },
    {
      "Date": 20220427, 
      "Value" : 43.230000
    },
    {
      "Date": 20230412, 
      "Value" : 63.720001
    }
  ]
}