{
  "Color": "rgb(244, 55, 244)", 
  "Point": [
    {
      "Date": 20201030, 
      "Value" : 52.830002
    },
    {
      "Date": 20210816, 
      "Value" : 127.019997
    },
    {
      "Date": 20250409, 
      "Value" : 18.540001
    }
  ]
}