{
  "Color": "rgb(244, 55, 244)", 
  "Point": [
    {
      "Date": 20220926, 
      "Value" : 11.710000
    },
    {
      "Date": 20221026, 
      "Value" : 30.360001
    },
    {
      "Date": 20230823, 
      "Value" : 15.440000
    },
    {
      "Date": 20240319, 
      "Value" : 28.750000
    }
  ]
}