{
  "Color": "rgb(244, 55, 244)", 
  "Point": [
    {
      "Date": 20230404, 
      "Value" : 127.000000
    },
    {
      "Date": 20240913, 
      "Value" : 19.870001
    },
    {
      "Date": 20250228, 
      "Value" : 85.199997
    }
  ]
}