{
  "Color": "rgb(244, 55, 244)", 
  "Point": [
    {
      "Date": 20220829, 
      "Value" : 368.829987
    },
    {
      "Date": 20240828, 
      "Value" : 37.750000
    }
  ]
}