{
  "Color": "rgb(244, 55, 244)", 
  "Point": [
    {
      "Date": 20220829, 
      "Value" : 368.829987
    },
    {
      "Date": 20240705, 
      "Value" : 38.080002
    }
  ]
}