{
  "Color": "rgb(244, 55, 244)", 
  "Point": [
    {
      "Date": 20230404, 
      "Value" : 127.000000
    },
    {
      "Date": 20240206, 
      "Value" : 27.990000
    }
  ]
}