{
  "Color": "rgb(244, 55, 244)", 
  "Point": [
    {
      "Date": 20220412, 
      "Value" : 22.930000
    },
    {
      "Date": 20221024, 
      "Value" : 80.699997
    },
    {
      "Date": 20240709, 
      "Value" : 22.040001
    }
  ]
}