{
  "Color": "rgb(244, 55, 244)", 
  "Point": [
    {
      "Date": 20230901, 
      "Value" : 92.349998
    },
    {
      "Date": 20240205, 
      "Value" : 45.980000
    },
    {
      "Date": 20241009, 
      "Value" : 79.660004
    }
  ]
}