{
  "Color": "rgb(244, 55, 244)", 
  "Point": [
    {
      "Date": 20220926, 
      "Value" : 4.900000
    },
    {
      "Date": 20230421, 
      "Value" : 9.660000
    },
    {
      "Date": 20240725, 
      "Value" : 4.770000
    }
  ]
}