{
  "Color": "rgb(244, 55, 244)", 
  "Point": [
    {
      "Date": 20210708, 
      "Value" : 80.000000
    },
    {
      "Date": 20240206, 
      "Value" : 11.300000
    }
  ]
}