{
  "Color": "rgb(244, 55, 244)", 
  "Point": [
    {
      "Date": 20200714, 
      "Value" : 97.269997
    },
    {
      "Date": 20220426, 
      "Value" : 9.130000
    },
    {
      "Date": 20230926, 
      "Value" : 24.350000
    }
  ]
}