{
  "Color": "rgb(244, 55, 244)", 
  "Point": [
    {
      "Date": 20200604, 
      "Value" : 79.690002
    },
    {
      "Date": 20221011, 
      "Value" : 7.150000
    },
    {
      "Date": 20230327, 
      "Value" : 24.889999
    },
    {
      "Date": 20231024, 
      "Value" : 9.980000
    }
  ]
}