{
  "Color": "rgb(244, 55, 244)", 
  "Point": [
    {
      "Date": 20220829, 
      "Value" : 517.359985
    },
    {
      "Date": 20240205, 
      "Value" : 67.070000
    }
  ]
}