{
  "Color": "rgb(244, 55, 244)", 
  "Point": [
    {
      "Date": 20210125, 
      "Value" : 89.639999
    },
    {
      "Date": 20230825, 
      "Value" : 21.270000
    }
  ]
}