{
  "Color": "rgb(244, 55, 244)", 
  "Point": [
    {
      "Date": 20210125, 
      "Value" : 89.529999
    },
    {
      "Date": 20240206, 
      "Value" : 12.470000
    },
    {
      "Date": 20241008, 
      "Value" : 21.370001
    }
  ]
}