{
  "Color": "rgb(244, 55, 244)", 
  "Point": [
    {
      "Date": 20220825, 
      "Value" : 36.750000
    },
    {
      "Date": 20231211, 
      "Value" : 24.209999
    }
  ]
}