{
  "Color": "rgb(244, 55, 244)", 
  "Point": [
    {
      "Date": 20210125, 
      "Value" : 89.639999
    },
    {
      "Date": 20240206, 
      "Value" : 12.580000
    }
  ]
}