{
  "Color": "rgb(244, 55, 244)", 
  "Point": [
    {
      "Date": 20200708, 
      "Value" : 41.299999
    },
    {
      "Date": 20211029, 
      "Value" : 13.920000
    },
    {
      "Date": 20220915, 
      "Value" : 45.709999
    },
    {
      "Date": 20240913, 
      "Value" : 9.960000
    }
  ]
}