{
  "Color": "rgb(244, 55, 244)", 
  "Point": [
    {
      "Date": 20210601, 
      "Value" : 94.529999
    },
    {
      "Date": 20240206, 
      "Value" : 16.879999
    }
  ]
}