{
  "Color": "rgb(244, 55, 244)", 
  "Point": [
    {
      "Date": 20221110, 
      "Value" : 132.559998
    },
    {
      "Date": 20230425, 
      "Value" : 72.139999
    }
  ]
}