{
  "Color": "rgb(244, 55, 244)", 
  "Point": [
    {
      "Date": 20210521, 
      "Value" : 27.110001
    },
    {
      "Date": 20210824, 
      "Value" : 69.830002
    },
    {
      "Date": 20220429, 
      "Value" : 28.870001
    },
    {
      "Date": 20221111, 
      "Value" : 102.800003
    }
  ]
}