{
  "Color": "rgb(244, 55, 244)", 
  "Point": [
    {
      "Date": 20191205, 
      "Value" : 25.860001
    },
    {
      "Date": 20211130, 
      "Value" : 170.210007
    },
    {
      "Date": 20221028, 
      "Value" : 51.340000
    },
    {
      "Date": 20230223, 
      "Value" : 91.139999
    }
  ]
}