{
  "Color": "rgb(244, 55, 244)", 
  "Point": [
    {
      "Date": 20220812, 
      "Value" : 40.349998
    },
    {
      "Date": 20231024, 
      "Value" : 15.180000
    }
  ]
}