{
  "Color": "rgb(244, 55, 244)", 
  "Point": [
    {
      "Date": 20210602, 
      "Value" : 106.190002
    },
    {
      "Date": 20221012, 
      "Value" : 25.660000
    },
    {
      "Date": 20230403, 
      "Value" : 78.290001
    },
    {
      "Date": 20240918, 
      "Value" : 22.410000
    }
  ]
}