{
  "Color": "rgb(244, 55, 244)", 
  "Point": [
    {
      "Date": 20210611, 
      "Value" : 101.400002
    },
    {
      "Date": 20240923, 
      "Value" : 12.920000
    }
  ]
}