{
  "Color": "rgb(244, 55, 244)", 
  "Point": [
    {
      "Date": 20221012, 
      "Value" : 41.830002
    },
    {
      "Date": 20241219, 
      "Value" : 164.880005
    }
  ]
}