{
  "Color": "rgb(244, 55, 244)", 
  "Point": [
    {
      "Date": 20220810, 
      "Value" : 127.379997
    },
    {
      "Date": 20240205, 
      "Value" : 50.650002
    }
  ]
}