{
  "Color": "rgb(244, 55, 244)", 
  "Point": [
    {
      "Date": 20220505, 
      "Value" : 17.760000
    },
    {
      "Date": 20220803, 
      "Value" : 79.000000
    },
    {
      "Date": 20240729, 
      "Value" : 19.110001
    },
    {
      "Date": 20250224, 
      "Value" : 58.889999
    }
  ]
}