{
  "Color": "rgb(244, 55, 244)", 
  "Point": [
    {
      "Date": 20210806, 
      "Value" : 69.669998
    },
    {
      "Date": 20240709, 
      "Value" : 9.940000
    }
  ]
}