{
  "Color": "rgb(244, 55, 244)", 
  "Point": [
    {
      "Date": 20210204, 
      "Value" : 15.290000
    },
    {
      "Date": 20210827, 
      "Value" : 68.570000
    },
    {
      "Date": 20240205, 
      "Value" : 15.820000
    }
  ]
}