{
  "Color": "rgb(244, 55, 244)", 
  "Point": [
    {
      "Date": 20220805, 
      "Value" : 59.880001
    },
    {
      "Date": 20240206, 
      "Value" : 12.470000
    }
  ]
}