{
  "Color": "rgb(244, 55, 244)", 
  "Point": [
    {
      "Date": 20200806, 
      "Value" : 142.380005
    },
    {
      "Date": 20221012, 
      "Value" : 21.600000
    },
    {
      "Date": 20230428, 
      "Value" : 45.180000
    }
  ]
}