{
  "Color": "rgb(244, 55, 244)", 
  "Point": [
    {
      "Date": 20200820, 
      "Value" : 73.309998
    },
    {
      "Date": 20220427, 
      "Value" : 18.200001
    },
    {
      "Date": 20230630, 
      "Value" : 34.480000
    }
  ]
}