{
  "Color": "rgb(244, 55, 244)", 
  "Point": [
    {
      "Date": 20201015, 
      "Value" : 83.080002
    },
    {
      "Date": 20210204, 
      "Value" : 45.990002
    },
    {
      "Date": 20211124, 
      "Value" : 105.150002
    },
    {
      "Date": 20240206, 
      "Value" : 18.230000
    }
  ]
}