{
  "Color": "rgb(244, 55, 244)", 
  "Point": [
    {
      "Date": 20210708, 
      "Value" : 80.000000
    },
    {
      "Date": 20220427, 
      "Value" : 20.590000
    },
    {
      "Date": 20221118, 
      "Value" : 50.049999
    },
    {
      "Date": 20230724, 
      "Value" : 28.020000
    }
  ]
}