{
  "Color": "rgb(244, 55, 244)", 
  "Point": [
    {
      "Date": 20200714, 
      "Value" : 97.360001
    },
    {
      "Date": 20220426, 
      "Value" : 9.230000
    },
    {
      "Date": 20230504, 
      "Value" : 24.230000
    }
  ]
}