{
  "Color": "rgb(244, 55, 244)", 
  "Point": [
    {
      "Date": 20200723, 
      "Value" : 57.520000
    },
    {
      "Date": 20221012, 
      "Value" : 11.950000
    },
    {
      "Date": 20231201, 
      "Value" : 25.480000
    }
  ]
}