{
  "Color": "rgb(244, 55, 244)", 
  "Point": [
    {
      "Date": 20220916, 
      "Value" : 116.790001
    },
    {
      "Date": 20240206, 
      "Value" : 26.010000
    }
  ]
}