{
  "Color": "rgb(244, 55, 244)", 
  "Point": [
    {
      "Date": 20200603, 
      "Value" : 55.610001
    },
    {
      "Date": 20220427, 
      "Value" : 14.960000
    },
    {
      "Date": 20230629, 
      "Value" : 22.600000
    }
  ]
}