{
  "Color": "rgb(244, 55, 244)", 
  "Point": [
    {
      "Date": 20221110, 
      "Value" : 132.360001
    },
    {
      "Date": 20240709, 
      "Value" : 34.849998
    }
  ]
}