{
  "Color": "rgb(244, 55, 244)", 
  "Point": [
    {
      "Date": 20230901, 
      "Value" : 92.489998
    },
    {
      "Date": 20240205, 
      "Value" : 46.119999
    }
  ]
}