{
  "Color": "rgb(244, 55, 244)", 
  "Point": [
    {
      "Date": 20200708, 
      "Value" : 216.479996
    },
    {
      "Date": 20220427, 
      "Value" : 46.459999
    },
    {
      "Date": 20230804, 
      "Value" : 184.899994
    }
  ]
}