{
  "Color": "rgb(244, 55, 244)", 
  "Point": [
    {
      "Date": 20220427, 
      "Value" : 28.230000
    },
    {
      "Date": 20230504, 
      "Value" : 78.769997
    },
    {
      "Date": 20240705, 
      "Value" : 22.600000
    },
    {
      "Date": 20250514, 
      "Value" : 56.599998
    }
  ]
}