{
  "Color": "rgb(244, 55, 244)", 
  "Point": [
    {
      "Date": 20210806, 
      "Value" : 69.709999
    },
    {
      "Date": 20220527, 
      "Value" : 17.799999
    },
    {
      "Date": 20230420, 
      "Value" : 40.160000
    }
  ]
}