{
  "Color": "rgb(244, 55, 244)", 
  "Point": [
    {
      "Date": 20211220, 
      "Value" : 86.500000
    },
    {
      "Date": 20220427, 
      "Value" : 28.090000
    },
    {
      "Date": 20230113, 
      "Value" : 70.440002
    }
  ]
}