{
  "Color": "rgb(244, 55, 244)", 
  "Point": [
    {
      "Date": 20200812, 
      "Value" : 46.889999
    },
    {
      "Date": 20220427, 
      "Value" : 7.800000
    },
    {
      "Date": 20230619, 
      "Value" : 21.340000
    }
  ]
}