{
  "Color": "rgb(244, 55, 244)", 
  "Point": [
    {
      "Date": 20191111, 
      "Value" : 54.930000
    },
    {
      "Date": 20210729, 
      "Value" : 576.000000
    },
    {
      "Date": 20221011, 
      "Value" : 79.750000
    },
    {
      "Date": 20230324, 
      "Value" : 192.990005
    }
  ]
}