{
  "Color": "rgb(244, 55, 244)", 
  "Point": [
    {
      "Date": 20220810, 
      "Value" : 85.489998
    },
    {
      "Date": 20240205, 
      "Value" : 33.990002
    }
  ]
}