{
  "Color": "rgb(244, 55, 244)", 
  "Point": [
    {
      "Date": 20200211, 
      "Value" : 76.989998
    },
    {
      "Date": 20220427, 
      "Value" : 16.059999
    },
    {
      "Date": 20230718, 
      "Value" : 38.160000
    },
    {
      "Date": 20240220, 
      "Value" : 27.910000
    }
  ]
}