{
  "Color": "rgb(244, 55, 244)", 
  "Point": [
    {
      "Date": 20230103, 
      "Value" : 21.500000
    },
    {
      "Date": 20230417, 
      "Value" : 46.490002
    },
    {
      "Date": 20231024, 
      "Value" : 26.290001
    }
  ]
}