{
  "Color": "rgb(244, 55, 244)", 
  "Point": [
    {
      "Date": 20221230, 
      "Value" : 10.840000
    },
    {
      "Date": 20230404, 
      "Value" : 44.139999
    },
    {
      "Date": 20240918, 
      "Value" : 7.250000
    }
  ]
}