{
  "Color": "rgb(244, 55, 244)", 
  "Point": [
    {
      "Date": 20210806, 
      "Value" : 69.709999
    },
    {
      "Date": 20240206, 
      "Value" : 12.170000
    }
  ]
}