{
  "Color": "rgb(244, 55, 244)", 
  "Point": [
    {
      "Date": 20220117, 
      "Value" : 40.299999
    },
    {
      "Date": 20220427, 
      "Value" : 14.130000
    },
    {
      "Date": 20221124, 
      "Value" : 41.540001
    },
    {
      "Date": 20230829, 
      "Value" : 20.180000
    }
  ]
}