{
  "Color": "rgb(244, 55, 244)", 
  "Point": [
    {
      "Date": 20200603, 
      "Value" : 39.549999
    },
    {
      "Date": 20240206, 
      "Value" : 8.410000
    },
    {
      "Date": 20241008, 
      "Value" : 17.980000
    }
  ]
}