{
  "Color": "rgb(244, 55, 244)", 
  "Point": [
    {
      "Date": 20210830, 
      "Value" : 91.379997
    },
    {
      "Date": 20240709, 
      "Value" : 18.129999
    }
  ]
}