{
  "Color": "rgb(244, 55, 244)", 
  "Point": [
    {
      "Date": 20220810, 
      "Value" : 127.379997
    },
    {
      "Date": 20230609, 
      "Value" : 70.660004
    }
  ]
}