{
  "Color": "rgb(244, 55, 244)", 
  "Point": [
    {
      "Date": 20230404, 
      "Value" : 127.000000
    },
    {
      "Date": 20230728, 
      "Value" : 54.860001
    }
  ]
}