{
  "Color": "rgb(244, 55, 244)", 
  "Point": [
    {
      "Date": 20220812, 
      "Value" : 40.349998
    },
    {
      "Date": 20240208, 
      "Value" : 8.750000
    }
  ]
}