{
  "Color": "rgb(244, 55, 244)", 
  "Point": [
    {
      "Date": 20220825, 
      "Value" : 36.389999
    },
    {
      "Date": 20221229, 
      "Value" : 24.430000
    },
    {
      "Date": 20230731, 
      "Value" : 27.820000
    },
    {
      "Date": 20240709, 
      "Value" : 15.200000
    }
  ]
}