{
  "Color": "rgb(244, 55, 244)", 
  "Point": [
    {
      "Date": 20220829, 
      "Value" : 517.359985
    },
    {
      "Date": 20231103, 
      "Value" : 116.910004
    }
  ]
}