{
  "Color": "rgb(244, 55, 244)", 
  "Point": [
    {
      "Date": 20220825, 
      "Value" : 36.750000
    },
    {
      "Date": 20221229, 
      "Value" : 24.790001
    }
  ]
}