{
  "Color": "rgb(244, 55, 244)", 
  "Point": [
    {
      "Date": 20230216, 
      "Value" : 54.270000
    },
    {
      "Date": 20240207, 
      "Value" : 13.560000
    },
    {
      "Date": 20250225, 
      "Value" : 33.150002
    }
  ]
}