{
  "Color": "rgb(244, 55, 244)", 
  "Point": [
    {
      "Date": 20210602, 
      "Value" : 106.190002
    },
    {
      "Date": 20240208, 
      "Value" : 25.559999
    }
  ]
}