{
  "Color": "rgb(244, 55, 244)", 
  "Point": [
    {
      "Date": 20210611, 
      "Value" : 101.400002
    },
    {
      "Date": 20231221, 
      "Value" : 28.709999
    }
  ]
}