{
  "Color": "rgb(244, 55, 244)", 
  "Point": [
    {
      "Date": 20200723, 
      "Value" : 57.439999
    },
    {
      "Date": 20221012, 
      "Value" : 11.870000
    },
    {
      "Date": 20240320, 
      "Value" : 26.700001
    },
    {
      "Date": 20240823, 
      "Value" : 15.190000
    }
  ]
}