{
  "Color": "rgb(244, 55, 244)", 
  "Point": [
    {
      "Date": 20230216, 
      "Value" : 54.619999
    },
    {
      "Date": 20240207, 
      "Value" : 13.910000
    },
    {
      "Date": 20241008, 
      "Value" : 26.440001
    }
  ]
}