{
  "Color": "rgb(244, 55, 244)", 
  "Point": [
    {
      "Date": 20220719, 
      "Value" : 56.139999
    },
    {
      "Date": 20240205, 
      "Value" : 22.150000
    }
  ]
}