{
  "Color": "rgb(244, 55, 244)", 
  "Point": [
    {
      "Date": 20190722, 
      "Value" : 23.719999
    },
    {
      "Date": 20211101, 
      "Value" : 126.300003
    },
    {
      "Date": 20240918, 
      "Value" : 8.150000
    }
  ]
}