{
  "Color": "rgb(244, 55, 244)", 
  "Point": [
    {
      "Date": 20200604, 
      "Value" : 79.690002
    },
    {
      "Date": 20240207, 
      "Value" : 5.230000
    }
  ]
}