{
  "Color": "rgb(244, 55, 244)", 
  "Point": [
    {
      "Date": 20230420, 
      "Value" : 18.780001
    },
    {
      "Date": 20240923, 
      "Value" : 8.210000
    }
  ]
}