{
  "Color": "rgb(244, 55, 244)", 
  "Point": [
    {
      "Date": 20230905, 
      "Value" : 136.639999
    },
    {
      "Date": 20240709, 
      "Value" : 34.400002
    },
    {
      "Date": 20250304, 
      "Value" : 97.029999
    }
  ]
}