{
  "Color": "rgb(244, 55, 244)", 
  "Point": [
    {
      "Date": 20230216, 
      "Value" : 54.720001
    },
    {
      "Date": 20240207, 
      "Value" : 14.010000
    }
  ]
}