{
  "Color": "rgb(244, 55, 244)", 
  "Point": [
    {
      "Date": 20210428, 
      "Value" : 47.000000
    },
    {
      "Date": 20210729, 
      "Value" : 201.199997
    },
    {
      "Date": 20240709, 
      "Value" : 42.619999
    }
  ]
}