{
  "Color": "rgb(244, 55, 244)", 
  "Point": [
    {
      "Date": 20221110, 
      "Value" : 132.360001
    },
    {
      "Date": 20240923, 
      "Value" : 27.780001
    },
    {
      "Date": 20250319, 
      "Value" : 61.500000
    }
  ]
}