{
  "Color": "rgb(244, 55, 244)", 
  "Point": [
    {
      "Date": 20210309, 
      "Value" : 55.939999
    },
    {
      "Date": 20240827, 
      "Value" : 11.330000
    }
  ]
}