{
  "Color": "rgb(244, 55, 244)", 
  "Point": [
    {
      "Date": 20220715, 
      "Value" : 88.110001
    },
    {
      "Date": 20240823, 
      "Value" : 14.150000
    }
  ]
}