{
  "Color": "rgb(244, 55, 244)", 
  "Point": [
    {
      "Date": 20201015, 
      "Value" : 83.430000
    },
    {
      "Date": 20210204, 
      "Value" : 46.340000
    },
    {
      "Date": 20211124, 
      "Value" : 105.500000
    },
    {
      "Date": 20230512, 
      "Value" : 32.750000
    }
  ]
}