{
  "Color": "rgb(244, 55, 244)", 
  "Point": [
    {
      "Date": 20210201, 
      "Value" : 40.919998
    },
    {
      "Date": 20240206, 
      "Value" : 9.070000
    },
    {
      "Date": 20241211, 
      "Value" : 15.740000
    }
  ]
}