{
  "Color": "rgb(244, 55, 244)", 
  "Point": [
    {
      "Date": 20210601, 
      "Value" : 93.849998
    },
    {
      "Date": 20240206, 
      "Value" : 16.200001
    },
    {
      "Date": 20250508, 
      "Value" : 35.320000
    }
  ]
}