{
  "Color": "rgb(244, 55, 244)", 
  "Point": [
    {
      "Date": 20221118, 
      "Value" : 43.750000
    },
    {
      "Date": 20240205, 
      "Value" : 27.299999
    }
  ]
}