{
  "Color": "rgb(244, 55, 244)", 
  "Point": [
    {
      "Date": 20220427, 
      "Value" : 28.180000
    },
    {
      "Date": 20230202, 
      "Value" : 95.500000
    },
    {
      "Date": 20240923, 
      "Value" : 22.370001
    }
  ]
}