{
  "Color": "rgb(244, 55, 244)", 
  "Point": [
    {
      "Date": 20210608, 
      "Value" : 48.660000
    },
    {
      "Date": 20221012, 
      "Value" : 13.090000
    },
    {
      "Date": 20230606, 
      "Value" : 25.000000
    },
    {
      "Date": 20240208, 
      "Value" : 7.300000
    }
  ]
}