{
  "Color": "rgb(244, 55, 244)", 
  "Point": [
    {
      "Date": 20200319, 
      "Value" : 72.879997
    },
    {
      "Date": 20210705, 
      "Value" : 313.100006
    },
    {
      "Date": 20240918, 
      "Value" : 44.720001
    }
  ]
}