{
  "Color": "rgb(244, 55, 244)", 
  "Point": [
    {
      "Date": 20221118, 
      "Value" : 43.750000
    },
    {
      "Date": 20221223, 
      "Value" : 29.440001
    }
  ]
}