{
  "Color": "rgb(244, 55, 244)", 
  "Point": [
    {
      "Date": 20210429, 
      "Value" : 41.459999
    },
    {
      "Date": 20220427, 
      "Value" : 15.120000
    },
    {
      "Date": 20220819, 
      "Value" : 30.420000
    },
    {
      "Date": 20240208, 
      "Value" : 11.760000
    }
  ]
}