{
  "Color": "rgb(244, 55, 244)", 
  "Point": [
    {
      "Date": 20220412, 
      "Value" : 23.430000
    },
    {
      "Date": 20221024, 
      "Value" : 81.199997
    },
    {
      "Date": 20231026, 
      "Value" : 38.000000
    }
  ]
}