{
  "Color": "rgb(244, 55, 244)", 
  "Point": [
    {
      "Date": 20200608, 
      "Value" : 67.699997
    },
    {
      "Date": 20210209, 
      "Value" : 19.620001
    },
    {
      "Date": 20210810, 
      "Value" : 29.879999
    },
    {
      "Date": 20240208, 
      "Value" : 12.100000
    }
  ]
}