{
  "Color": "rgb(244, 55, 244)", 
  "Point": [
    {
      "Date": 20220427, 
      "Value" : 37.669998
    },
    {
      "Date": 20220805, 
      "Value" : 69.779999
    },
    {
      "Date": 20240206, 
      "Value" : 18.180000
    }
  ]
}