{
  "Color": "rgb(244, 55, 244)", 
  "Point": [
    {
      "Date": 20200428, 
      "Value" : 21.559999
    },
    {
      "Date": 20210823, 
      "Value" : 128.520004
    },
    {
      "Date": 20220427, 
      "Value" : 60.389999
    },
    {
      "Date": 20230718, 
      "Value" : 137.479996
    }
  ]
}