{
  "Color": "rgb(244, 55, 244)", 
  "Point": [
    {
      "Date": 20200603, 
      "Value" : 55.610001
    },
    {
      "Date": 20240206, 
      "Value" : 12.030000
    }
  ]
}