{
  "Color": "rgb(244, 55, 244)", 
  "Point": [
    {
      "Date": 20240812, 
      "Value" : 24.250000
    },
    {
      "Date": 20241111, 
      "Value" : 45.980000
    }
  ]
}