{
  "Color": "rgb(244, 55, 244)", 
  "Point": [
    {
      "Date": 20220719, 
      "Value" : 55.549999
    },
    {
      "Date": 20240823, 
      "Value" : 21.299999
    }
  ]
}