{
  "Color": "rgb(244, 55, 244)", 
  "Point": [
    {
      "Date": 20210708, 
      "Value" : 79.849998
    },
    {
      "Date": 20240206, 
      "Value" : 11.150000
    }
  ]
}