{
  "Color": "rgb(244, 55, 244)", 
  "Point": [
    {
      "Date": 20220810, 
      "Value" : 84.980003
    },
    {
      "Date": 20240918, 
      "Value" : 31.620001
    }
  ]
}