{
  "Color": "rgb(244, 55, 244)", 
  "Point": [
    {
      "Date": 20201030, 
      "Value" : 73.959999
    },
    {
      "Date": 20210816, 
      "Value" : 177.830002
    },
    {
      "Date": 20240709, 
      "Value" : 26.750000
    }
  ]
}