{
  "Color": "rgb(244, 55, 244)", 
  "Point": [
    {
      "Date": 20200319, 
      "Value" : 73.260002
    },
    {
      "Date": 20210705, 
      "Value" : 313.480011
    },
    {
      "Date": 20231221, 
      "Value" : 63.029999
    }
  ]
}