{
  "Color": "rgb(244, 55, 244)", 
  "Point": [
    {
      "Date": 20200903, 
      "Value" : 55.160000
    },
    {
      "Date": 20220427, 
      "Value" : 19.510000
    },
    {
      "Date": 20230705, 
      "Value" : 53.200001
    },
    {
      "Date": 20240206, 
      "Value" : 21.799999
    }
  ]
}