{
  "Color": "rgb(244, 55, 244)", 
  "Point": [
    {
      "Date": 20221012, 
      "Value" : 10.120000
    },
    {
      "Date": 20230410, 
      "Value" : 23.799999
    },
    {
      "Date": 20240709, 
      "Value" : 6.500000
    },
    {
      "Date": 20250428, 
      "Value" : 23.500000
    }
  ]
}