{
  "Color": "rgb(244, 55, 244)", 
  "Point": [
    {
      "Date": 20220214, 
      "Value" : 34.799999
    },
    {
      "Date": 20221025, 
      "Value" : 99.870003
    },
    {
      "Date": 20240205, 
      "Value" : 23.180000
    }
  ]
}