{
  "Color": "rgb(244, 55, 244)", 
  "Point": [
    {
      "Date": 20191203, 
      "Value" : 12.830000
    },
    {
      "Date": 20230407, 
      "Value" : 64.800003
    },
    {
      "Date": 20230828, 
      "Value" : 38.910000
    },
    {
      "Date": 20231120, 
      "Value" : 67.000000
    }
  ]
}