{
  "Color": "rgb(244, 55, 244)", 
  "Point": [
    {
      "Date": 20220427, 
      "Value" : 80.500000
    },
    {
      "Date": 20220803, 
      "Value" : 251.000000
    },
    {
      "Date": 20231031, 
      "Value" : 110.849998
    }
  ]
}