{
  "Color": "rgb(244, 55, 244)", 
  "Point": [
    {
      "Date": 20220119, 
      "Value" : 30.910000
    },
    {
      "Date": 20221011, 
      "Value" : 15.030000
    },
    {
      "Date": 20230302, 
      "Value" : 18.969999
    }
  ]
}