{
  "Color": "rgb(244, 55, 244)", 
  "Point": [
    {
      "Date": 20221012, 
      "Value" : 43.660000
    },
    {
      "Date": 20230519, 
      "Value" : 90.449997
    }
  ]
}