{
  "Color": "rgb(244, 55, 244)", 
  "Point": [
    {
      "Date": 20230807, 
      "Value" : 59.880001
    },
    {
      "Date": 20231130, 
      "Value" : 42.410000
    }
  ]
}