{
  "Color": "rgb(244, 55, 244)", 
  "Point": [
    {
      "Date": 20230619, 
      "Value" : 23.000000
    },
    {
      "Date": 20230728, 
      "Value" : 16.620001
    }
  ]
}