{
  "Color": "rgb(244, 55, 244)", 
  "Point": [
    {
      "Date": 20191111, 
      "Value" : 39.240002
    },
    {
      "Date": 20210729, 
      "Value" : 411.429993
    },
    {
      "Date": 20240206, 
      "Value" : 37.380001
    },
    {
      "Date": 20241021, 
      "Value" : 113.599998
    }
  ]
}