{
  "Color": "rgb(244, 55, 244)", 
  "Point": [
    {
      "Date": 20191205, 
      "Value" : 20.950001
    },
    {
      "Date": 20211130, 
      "Value" : 141.250000
    },
    {
      "Date": 20240829, 
      "Value" : 18.190001
    },
    {
      "Date": 20250312, 
      "Value" : 30.490000
    }
  ]
}