{
  "Color": "rgb(244, 55, 244)", 
  "Point": [
    {
      "Date": 20200211, 
      "Value" : 52.820000
    },
    {
      "Date": 20220427, 
      "Value" : 10.800000
    },
    {
      "Date": 20230718, 
      "Value" : 26.040001
    },
    {
      "Date": 20240718, 
      "Value" : 14.810000
    }
  ]
}