{
  "Color": "rgb(244, 55, 244)", 
  "Point": [
    {
      "Date": 20220427, 
      "Value" : 80.500000
    },
    {
      "Date": 20220803, 
      "Value" : 251.000000
    },
    {
      "Date": 20240422, 
      "Value" : 54.759998
    },
    {
      "Date": 20241009, 
      "Value" : 114.879997
    }
  ]
}