{
  "Color": "rgb(244, 55, 244)", 
  "Point": [
    {
      "Date": 20230619, 
      "Value" : 22.740000
    },
    {
      "Date": 20240205, 
      "Value" : 12.760000
    },
    {
      "Date": 20241008, 
      "Value" : 20.870001
    }
  ]
}