{
  "Color": "rgb(244, 55, 244)", 
  "Point": [
    {
      "Date": 20220805, 
      "Value" : 14.200000
    },
    {
      "Date": 20230824, 
      "Value" : 6.170000
    }
  ]
}