{
  "Color": "rgb(244, 55, 244)", 
  "Point": [
    {
      "Date": 20210201, 
      "Value" : 41.169998
    },
    {
      "Date": 20240206, 
      "Value" : 9.320000
    }
  ]
}