{
  "Color": "rgb(244, 55, 244)", 
  "Point": [
    {
      "Date": 20220810, 
      "Value" : 128.000000
    },
    {
      "Date": 20230609, 
      "Value" : 71.279999
    }
  ]
}