{
  "Color": "rgb(244, 55, 244)", 
  "Point": [
    {
      "Date": 20210824, 
      "Value" : 161.250000
    },
    {
      "Date": 20220427, 
      "Value" : 50.029999
    },
    {
      "Date": 20221121, 
      "Value" : 125.330002
    },
    {
      "Date": 20240828, 
      "Value" : 54.689999
    }
  ]
}