{
  "Color": "rgb(244, 55, 244)", 
  "Point": [
    {
      "Date": 20220117, 
      "Value" : 39.900002
    },
    {
      "Date": 20220427, 
      "Value" : 13.730000
    },
    {
      "Date": 20221124, 
      "Value" : 41.139999
    },
    {
      "Date": 20240206, 
      "Value" : 10.110000
    }
  ]
}