{
  "Color": "rgb(244, 55, 244)", 
  "Point": [
    {
      "Date": 20200909, 
      "Value" : 50.689999
    },
    {
      "Date": 20220823, 
      "Value" : 328.859985
    },
    {
      "Date": 20231102, 
      "Value" : 107.889999
    }
  ]
}