{
  "Color": "rgb(244, 55, 244)", 
  "Point": [
    {
      "Date": 20220823, 
      "Value" : 55.240002
    },
    {
      "Date": 20231026, 
      "Value" : 23.450001
    }
  ]
}