{
  "Color": "rgb(244, 55, 244)", 
  "Point": [
    {
      "Date": 20220805, 
      "Value" : 60.130001
    },
    {
      "Date": 20230825, 
      "Value" : 22.660000
    }
  ]
}