{
  "Color": "rgb(244, 55, 244)", 
  "Point": [
    {
      "Date": 20210309, 
      "Value" : 56.040001
    },
    {
      "Date": 20220427, 
      "Value" : 17.190001
    },
    {
      "Date": 20220817, 
      "Value" : 39.669998
    }
  ]
}