{
  "Color": "rgb(244, 55, 244)", 
  "Point": [
    {
      "Date": 20191205, 
      "Value" : 21.049999
    },
    {
      "Date": 20211130, 
      "Value" : 141.350006
    },
    {
      "Date": 20240829, 
      "Value" : 18.290001
    }
  ]
}