{
  "Color": "rgb(244, 55, 244)", 
  "Point": [
    {
      "Date": 20200930, 
      "Value" : 98.510002
    },
    {
      "Date": 20211210, 
      "Value" : 400.320007
    },
    {
      "Date": 20231024, 
      "Value" : 199.559998
    }
  ]
}