{
  "Color": "rgb(244, 55, 244)", 
  "Point": [
    {
      "Date": 20200824, 
      "Value" : 38.049999
    },
    {
      "Date": 20220427, 
      "Value" : 11.650000
    },
    {
      "Date": 20230522, 
      "Value" : 18.240000
    },
    {
      "Date": 20231101, 
      "Value" : 12.630000
    }
  ]
}