{
  "Color": "rgb(244, 55, 244)", 
  "Point": [
    {
      "Date": 20230905, 
      "Value" : 136.960007
    },
    {
      "Date": 20240206, 
      "Value" : 39.180000
    }
  ]
}