{
  "Color": "rgb(244, 55, 244)", 
  "Point": [
    {
      "Date": 20200911, 
      "Value" : 73.349998
    },
    {
      "Date": 20211213, 
      "Value" : 400.690002
    },
    {
      "Date": 20240709, 
      "Value" : 55.160000
    }
  ]
}