{
  "Color": "rgb(244, 55, 244)", 
  "Point": [
    {
      "Date": 20220805, 
      "Value" : 14.200000
    },
    {
      "Date": 20240206, 
      "Value" : 3.230000
    },
    {
      "Date": 20241206, 
      "Value" : 6.690000
    }
  ]
}