{
  "Color": "rgb(244, 55, 244)", 
  "Point": [
    {
      "Date": 20220823, 
      "Value" : 55.090000
    },
    {
      "Date": 20240206, 
      "Value" : 13.070000
    }
  ]
}