{
  "Color": "rgb(244, 55, 244)", 
  "Point": [
    {
      "Date": 20220829, 
      "Value" : 517.359985
    },
    {
      "Date": 20230911, 
      "Value" : 121.000000
    }
  ]
}