{
  "Color": "rgb(244, 55, 244)", 
  "Point": [
    {
      "Date": 20210601, 
      "Value" : 94.529999
    },
    {
      "Date": 20220427, 
      "Value" : 23.610001
    },
    {
      "Date": 20230530, 
      "Value" : 43.900002
    }
  ]
}