{
  "Color": "rgb(244, 55, 244)", 
  "Point": [
    {
      "Date": 20221110, 
      "Value" : 132.559998
    },
    {
      "Date": 20240206, 
      "Value" : 39.330002
    }
  ]
}