{
  "Color": "rgb(244, 55, 244)", 
  "Point": [
    {
      "Date": 20191111, 
      "Value" : 38.740002
    },
    {
      "Date": 20210729, 
      "Value" : 410.929993
    },
    {
      "Date": 20240206, 
      "Value" : 36.880001
    },
    {
      "Date": 20241106, 
      "Value" : 125.279999
    }
  ]
}