{
  "Color": "rgb(244, 55, 244)", 
  "Point": [
    {
      "Date": 20210204, 
      "Value" : 14.940000
    },
    {
      "Date": 20210827, 
      "Value" : 68.220001
    },
    {
      "Date": 20240205, 
      "Value" : 15.470000
    }
  ]
}