{
  "Color": "rgb(244, 55, 244)", 
  "Point": [
    {
      "Date": 20220805, 
      "Value" : 60.130001
    },
    {
      "Date": 20221011, 
      "Value" : 24.090000
    }
  ]
}