{
  "Color": "rgb(244, 55, 244)", 
  "Point": [
    {
      "Date": 20210806, 
      "Value" : 69.669998
    },
    {
      "Date": 20240920, 
      "Value" : 9.030000
    }
  ]
}