{
  "Color": "rgb(244, 55, 244)", 
  "Point": [
    {
      "Date": 20200708, 
      "Value" : 154.059998
    },
    {
      "Date": 20220427, 
      "Value" : 32.610001
    },
    {
      "Date": 20230804, 
      "Value" : 131.500000
    }
  ]
}