{
  "Color": "rgb(244, 55, 244)", 
  "Point": [
    {
      "Date": 20200930, 
      "Value" : 68.940002
    },
    {
      "Date": 20211210, 
      "Value" : 284.519989
    },
    {
      "Date": 20240923, 
      "Value" : 82.510002
    }
  ]
}