{
  "Color": "rgb(244, 55, 244)", 
  "Point": [
    {
      "Date": 20191209, 
      "Value" : 29.500000
    },
    {
      "Date": 20200713, 
      "Value" : 459.760010
    },
    {
      "Date": 20231026, 
      "Value" : 47.160000
    },
    {
      "Date": 20240529, 
      "Value" : 80.580002
    }
  ]
}