{
  "Color": "rgb(244, 55, 244)", 
  "Point": [
    {
      "Date": 20191203, 
      "Value" : 12.330000
    },
    {
      "Date": 20250121, 
      "Value" : 71.870003
    }
  ]
}