{
  "Color": "rgb(244, 55, 244)", 
  "Point": [
    {
      "Date": 20191206, 
      "Value" : 14.290000
    },
    {
      "Date": 20200714, 
      "Value" : 40.369999
    },
    {
      "Date": 20220427, 
      "Value" : 11.610000
    },
    {
      "Date": 20230410, 
      "Value" : 30.330000
    }
  ]
}