{
  "Color": "rgb(244, 55, 244)", 
  "Point": [
    {
      "Date": 20191111, 
      "Value" : 54.930000
    },
    {
      "Date": 20210729, 
      "Value" : 576.000000
    },
    {
      "Date": 20240206, 
      "Value" : 52.330002
    }
  ]
}