{
  "Color": "rgb(244, 55, 244)", 
  "Point": [
    {
      "Date": 20210830, 
      "Value" : 91.379997
    },
    {
      "Date": 20240827, 
      "Value" : 16.680000
    }
  ]
}