{
  "Color": "rgb(244, 55, 244)", 
  "Point": [
    {
      "Date": 20220427, 
      "Value" : 4.010000
    },
    {
      "Date": 20220812, 
      "Value" : 7.490000
    },
    {
      "Date": 20240206, 
      "Value" : 2.970000
    }
  ]
}