{
  "Color": "rgb(244, 55, 244)", 
  "Point": [
    {
      "Date": 20200828, 
      "Value" : 74.440002
    },
    {
      "Date": 20210730, 
      "Value" : 274.079987
    },
    {
      "Date": 20220427, 
      "Value" : 45.770000
    }
  ]
}