{
  "Color": "rgb(244, 55, 244)", 
  "Point": [
    {
      "Date": 20220817, 
      "Value" : 41.230000
    },
    {
      "Date": 20221011, 
      "Value" : 21.860001
    },
    {
      "Date": 20230628, 
      "Value" : 40.799999
    }
  ]
}