{
  "Color": "rgb(244, 55, 244)", 
  "Point": [
    {
      "Date": 20221031, 
      "Value" : 148.589996
    },
    {
      "Date": 20240718, 
      "Value" : 54.200001
    }
  ]
}