{
  "Color": "rgb(244, 55, 244)", 
  "Point": [
    {
      "Date": 20220819, 
      "Value" : 19.080000
    },
    {
      "Date": 20240923, 
      "Value" : 6.460000
    }
  ]
}