{
  "Color": "rgb(244, 55, 244)", 
  "Point": [
    {
      "Date": 20230103, 
      "Value" : 11.040000
    },
    {
      "Date": 20230504, 
      "Value" : 28.120001
    },
    {
      "Date": 20240923, 
      "Value" : 7.730000
    }
  ]
}