{
  "Color": "rgb(244, 55, 244)", 
  "Point": [
    {
      "Date": 20230428, 
      "Value" : 62.630001
    },
    {
      "Date": 20240206, 
      "Value" : 24.280001
    }
  ]
}