{
  "Color": "rgb(244, 55, 244)", 
  "Point": [
    {
      "Date": 20230425, 
      "Value" : 23.340000
    },
    {
      "Date": 20230718, 
      "Value" : 43.830002
    },
    {
      "Date": 20240918, 
      "Value" : 14.090000
    }
  ]
}