{
  "Color": "rgb(244, 55, 244)", 
  "Point": [
    {
      "Date": 20230830, 
      "Value" : 106.800003
    },
    {
      "Date": 20240205, 
      "Value" : 35.369999
    }
  ]
}