{
  "Color": "rgb(244, 55, 244)", 
  "Point": [
    {
      "Date": 20230417, 
      "Value" : 22.280001
    },
    {
      "Date": 20240206, 
      "Value" : 7.440000
    }
  ]
}