{
  "Color": "rgb(244, 55, 244)", 
  "Point": [
    {
      "Date": 20230406, 
      "Value" : 133.000000
    },
    {
      "Date": 20230724, 
      "Value" : 65.470001
    }
  ]
}