{
  "Color": "rgb(244, 55, 244)", 
  "Point": [
    {
      "Date": 20221230, 
      "Value" : 21.389999
    },
    {
      "Date": 20230310, 
      "Value" : 35.369999
    }
  ]
}