{
  "Color": "rgb(244, 55, 244)", 
  "Point": [
    {
      "Date": 20221025, 
      "Value" : 103.360001
    },
    {
      "Date": 20240205, 
      "Value" : 27.920000
    },
    {
      "Date": 20241009, 
      "Value" : 59.869999
    }
  ]
}