{
  "Color": "rgb(244, 55, 244)", 
  "Point": [
    {
      "Date": 20230417, 
      "Value" : 22.290001
    },
    {
      "Date": 20231023, 
      "Value" : 12.500000
    }
  ]
}