{
  "Color": "rgb(244, 55, 244)", 
  "Point": [
    {
      "Date": 20210409, 
      "Value" : 31.129999
    },
    {
      "Date": 20220926, 
      "Value" : 8.740000
    },
    {
      "Date": 20230214, 
      "Value" : 14.210000
    },
    {
      "Date": 20240918, 
      "Value" : 5.280000
    }
  ]
}