{
  "Color": "rgb(244, 55, 244)", 
  "Point": [
    {
      "Date": 20230103, 
      "Value" : 25.010000
    },
    {
      "Date": 20230504, 
      "Value" : 62.930000
    }
  ]
}