{
  "Color": "rgb(244, 55, 244)", 
  "Point": [
    {
      "Date": 20210622, 
      "Value" : 11.860000
    },
    {
      "Date": 20220427, 
      "Value" : 3.470000
    },
    {
      "Date": 20230425, 
      "Value" : 6.330000
    },
    {
      "Date": 20240918, 
      "Value" : 3.320000
    }
  ]
}