{
  "Color": "rgb(244, 55, 244)", 
  "Point": [
    {
      "Date": 20230428, 
      "Value" : 62.430000
    },
    {
      "Date": 20240923, 
      "Value" : 21.020000
    }
  ]
}