{
  "Color": "rgb(244, 55, 244)", 
  "Point": [
    {
      "Date": 20210317, 
      "Value" : 44.410000
    },
    {
      "Date": 20220427, 
      "Value" : 18.660000
    },
    {
      "Date": 20230719, 
      "Value" : 40.139999
    },
    {
      "Date": 20240206, 
      "Value" : 16.330000
    }
  ]
}