{
  "Color": "rgb(244, 55, 244)", 
  "Point": [
    {
      "Date": 20200731, 
      "Value" : 45.209999
    },
    {
      "Date": 20240920, 
      "Value" : 6.580000
    },
    {
      "Date": 20250414, 
      "Value" : 12.610000
    }
  ]
}