{
  "Color": "rgb(244, 55, 244)", 
  "Point": [
    {
      "Date": 20230510, 
      "Value" : 6.960000
    },
    {
      "Date": 20230724, 
      "Value" : 5.590000
    }
  ]
}