{
  "Color": "rgb(244, 55, 244)", 
  "Point": [
    {
      "Date": 20220915, 
      "Value" : 24.719999
    },
    {
      "Date": 20231023, 
      "Value" : 11.810000
    }
  ]
}