{
  "Color": "rgb(244, 55, 244)", 
  "Point": [
    {
      "Date": 20230818, 
      "Value" : 55.040001
    },
    {
      "Date": 20240918, 
      "Value" : 16.680000
    }
  ]
}