{
  "Color": "rgb(244, 55, 244)", 
  "Point": [
    {
      "Date": 20230410, 
      "Value" : 125.370003
    },
    {
      "Date": 20240205, 
      "Value" : 62.490002
    }
  ]
}