{
  "Color": "rgb(244, 55, 244)", 
  "Point": [
    {
      "Date": 20230425, 
      "Value" : 23.389999
    },
    {
      "Date": 20230718, 
      "Value" : 43.880001
    },
    {
      "Date": 20240208, 
      "Value" : 16.430000
    }
  ]
}