{
  "Color": "rgb(244, 55, 244)", 
  "Point": [
    {
      "Date": 20221107, 
      "Value" : 53.900002
    },
    {
      "Date": 20240206, 
      "Value" : 15.610000
    },
    {
      "Date": 20240620, 
      "Value" : 35.259998
    }
  ]
}