{
  "Color": "rgb(244, 55, 244)", 
  "Point": [
    {
      "Date": 20230118, 
      "Value" : 22.320000
    },
    {
      "Date": 20240709, 
      "Value" : 6.870000
    }
  ]
}