{
  "Color": "rgb(244, 55, 244)", 
  "Point": [
    {
      "Date": 20230619, 
      "Value" : 339.500000
    },
    {
      "Date": 20240909, 
      "Value" : 78.300003
    }
  ]
}