{
  "Color": "rgb(244, 55, 244)", 
  "Point": [
    {
      "Date": 20221025, 
      "Value" : 153.770004
    },
    {
      "Date": 20240205, 
      "Value" : 42.119999
    }
  ]
}