{
  "Color": "rgb(244, 55, 244)", 
  "Point": [
    {
      "Date": 20230406, 
      "Value" : 133.000000
    },
    {
      "Date": 20230921, 
      "Value" : 58.020000
    }
  ]
}