{
  "Color": "rgb(244, 55, 244)", 
  "Point": [
    {
      "Date": 20230103, 
      "Value" : 16.650000
    },
    {
      "Date": 20230504, 
      "Value" : 42.099998
    }
  ]
}