{
  "Color": "rgb(244, 55, 244)", 
  "Point": [
    {
      "Date": 20220819, 
      "Value" : 19.180000
    },
    {
      "Date": 20231023, 
      "Value" : 9.090000
    }
  ]
}