{
  "Color": "rgb(244, 55, 244)", 
  "Point": [
    {
      "Date": 20200828, 
      "Value" : 49.369999
    },
    {
      "Date": 20210730, 
      "Value" : 183.360001
    },
    {
      "Date": 20220427, 
      "Value" : 30.129999
    }
  ]
}