{
  "Color": "rgb(244, 55, 244)", 
  "Point": [
    {
      "Date": 20210622, 
      "Value" : 11.950000
    },
    {
      "Date": 20220427, 
      "Value" : 3.560000
    },
    {
      "Date": 20230425, 
      "Value" : 6.420000
    },
    {
      "Date": 20231221, 
      "Value" : 3.840000
    }
  ]
}