{
  "Color": "rgb(244, 55, 244)", 
  "Point": [
    {
      "Date": 20200731, 
      "Value" : 45.209999
    },
    {
      "Date": 20220427, 
      "Value" : 8.430000
    },
    {
      "Date": 20230428, 
      "Value" : 15.950000
    }
  ]
}