{
  "Color": "rgb(244, 55, 244)", 
  "Point": [
    {
      "Date": 20230428, 
      "Value" : 62.630001
    },
    {
      "Date": 20231024, 
      "Value" : 38.180000
    }
  ]
}