{
  "Color": "rgb(244, 55, 244)", 
  "Point": [
    {
      "Date": 20210622, 
      "Value" : 12.050000
    },
    {
      "Date": 20220427, 
      "Value" : 3.660000
    },
    {
      "Date": 20230425, 
      "Value" : 6.520000
    }
  ]
}