{
  "Color": "rgb(244, 55, 244)", 
  "Point": [
    {
      "Date": 20230407, 
      "Value" : 64.519997
    },
    {
      "Date": 20240206, 
      "Value" : 21.820000
    }
  ]
}