{
  "Color": "rgb(244, 55, 244)", 
  "Point": [
    {
      "Date": 20230413, 
      "Value" : 104.440002
    },
    {
      "Date": 20240206, 
      "Value" : 24.500000
    }
  ]
}