{
  "Color": "rgb(244, 55, 244)", 
  "Point": [
    {
      "Date": 20240102, 
      "Value" : 24.879999
    },
    {
      "Date": 20240718, 
      "Value" : 7.650000
    }
  ]
}