{
  "Color": "rgb(244, 55, 244)", 
  "Point": [
    {
      "Date": 20230410, 
      "Value" : 63.889999
    },
    {
      "Date": 20240923, 
      "Value" : 29.790001
    }
  ]
}