{
  "Color": "rgb(244, 55, 244)", 
  "Point": [
    {
      "Date": 20230118, 
      "Value" : 22.370001
    },
    {
      "Date": 20240206, 
      "Value" : 7.210000
    }
  ]
}