{
  "Color": "rgb(244, 55, 244)", 
  "Point": [
    {
      "Date": 20221229, 
      "Value" : 23.469999
    },
    {
      "Date": 20230420, 
      "Value" : 57.480000
    }
  ]
}