{
  "Color": "rgb(244, 55, 244)", 
  "Point": [
    {
      "Date": 20230724, 
      "Value" : 45.779999
    },
    {
      "Date": 20230725, 
      "Value" : 52.880001
    }
  ]
}