{
  "Color": "rgb(244, 55, 244)", 
  "Point": [
    {
      "Date": 20230413, 
      "Value" : 104.239998
    },
    {
      "Date": 20240828, 
      "Value" : 20.549999
    }
  ]
}