{
  "Color": "rgb(244, 55, 244)", 
  "Point": [
    {
      "Date": 20230629, 
      "Value" : 33.500000
    },
    {
      "Date": 20240206, 
      "Value" : 13.110000
    }
  ]
}