{
  "Color": "rgb(244, 55, 244)", 
  "Point": [
    {
      "Date": 20200724, 
      "Value" : 61.430000
    },
    {
      "Date": 20220427, 
      "Value" : 7.700000
    },
    {
      "Date": 20230518, 
      "Value" : 25.459999
    }
  ]
}