{
  "Color": "rgb(244, 55, 244)", 
  "Point": [
    {
      "Date": 20221110, 
      "Value" : 47.320000
    },
    {
      "Date": 20240208, 
      "Value" : 14.020000
    },
    {
      "Date": 20250115, 
      "Value" : 32.060001
    }
  ]
}