{
  "Color": "rgb(244, 55, 244)", 
  "Point": [
    {
      "Date": 20230103, 
      "Value" : 37.919998
    },
    {
      "Date": 20230531, 
      "Value" : 99.709999
    },
    {
      "Date": 20240208, 
      "Value" : 25.059999
    }
  ]
}