{
  "Color": "rgb(244, 55, 244)", 
  "Point": [
    {
      "Date": 20240611, 
      "Value" : 11.750000
    },
    {
      "Date": 20241112, 
      "Value" : 37.299999
    },
    {
      "Date": 20250407, 
      "Value" : 11.490000
    }
  ]
}