{
  "Color": "rgb(244, 55, 244)", 
  "Point": [
    {
      "Date": 20230818, 
      "Value" : 55.259998
    },
    {
      "Date": 20231023, 
      "Value" : 37.680000
    }
  ]
}