{
  "Color": "rgb(244, 55, 244)", 
  "Point": [
    {
      "Date": 20221230, 
      "Value" : 21.389999
    },
    {
      "Date": 20231109, 
      "Value" : 38.180000
    }
  ]
}