{
  "Color": "rgb(244, 55, 244)", 
  "Point": [
    {
      "Date": 20230629, 
      "Value" : 33.459999
    },
    {
      "Date": 20240611, 
      "Value" : 11.750000
    }
  ]
}