{
  "Color": "rgb(244, 55, 244)", 
  "Point": [
    {
      "Date": 20200731, 
      "Value" : 45.209999
    },
    {
      "Date": 20220427, 
      "Value" : 8.430000
    },
    {
      "Date": 20240314, 
      "Value" : 17.400000
    },
    {
      "Date": 20240709, 
      "Value" : 9.330000
    }
  ]
}