{
  "Color": "rgb(244, 55, 244)", 
  "Point": [
    {
      "Date": 20220819, 
      "Value" : 19.180000
    },
    {
      "Date": 20240205, 
      "Value" : 6.840000
    }
  ]
}