{
  "Color": "rgb(244, 55, 244)", 
  "Point": [
    {
      "Date": 20221031, 
      "Value" : 148.589996
    },
    {
      "Date": 20240918, 
      "Value" : 41.580002
    }
  ]
}