{
  "Color": "rgb(244, 55, 244)", 
  "Point": [
    {
      "Date": 20221025, 
      "Value" : 103.360001
    },
    {
      "Date": 20240205, 
      "Value" : 27.920000
    },
    {
      "Date": 20241108, 
      "Value" : 78.000000
    },
    {
      "Date": 20250430, 
      "Value" : 46.759998
    }
  ]
}