{
  "Color": "rgb(244, 55, 244)", 
  "Point": [
    {
      "Date": 20221228, 
      "Value" : 8.330000
    },
    {
      "Date": 20240102, 
      "Value" : 24.879999
    }
  ]
}