{
  "Color": "rgb(244, 55, 244)", 
  "Point": [
    {
      "Date": 20221230, 
      "Value" : 20.889999
    },
    {
      "Date": 20231128, 
      "Value" : 44.169998
    }
  ]
}