{
  "Color": "rgb(244, 55, 244)", 
  "Point": [
    {
      "Date": 20230619, 
      "Value" : 339.399994
    },
    {
      "Date": 20240909, 
      "Value" : 78.199997
    }
  ]
}