{
  "Color": "rgb(244, 55, 244)", 
  "Point": [
    {
      "Date": 20230830, 
      "Value" : 76.209999
    },
    {
      "Date": 20240708, 
      "Value" : 23.500000
    }
  ]
}