{
  "Color": "rgb(244, 55, 244)", 
  "Point": [
    {
      "Date": 20221012, 
      "Value" : 8.660000
    },
    {
      "Date": 20230320, 
      "Value" : 10.880000
    },
    {
      "Date": 20240206, 
      "Value" : 6.950000
    },
    {
      "Date": 20241009, 
      "Value" : 12.650000
    }
  ]
}