{
  "Color": "rgb(244, 55, 244)", 
  "Point": [
    {
      "Date": 20220921, 
      "Value" : 31.670000
    },
    {
      "Date": 20221011, 
      "Value" : 23.190001
    },
    {
      "Date": 20230907, 
      "Value" : 37.869999
    }
  ]
}