{
  "Color": "rgb(244, 55, 244)", 
  "Point": [
    {
      "Date": 20221025, 
      "Value" : 103.559998
    },
    {
      "Date": 20240205, 
      "Value" : 28.120001
    }
  ]
}