{
  "Color": "rgb(244, 55, 244)", 
  "Point": [
    {
      "Date": 20221010, 
      "Value" : 8.710000
    },
    {
      "Date": 20230203, 
      "Value" : 16.990000
    },
    {
      "Date": 20230922, 
      "Value" : 9.520000
    }
  ]
}