{
  "Color": "rgb(244, 55, 244)", 
  "Point": [
    {
      "Date": 20230629, 
      "Value" : 33.500000
    },
    {
      "Date": 20230728, 
      "Value" : 23.959999
    }
  ]
}