{
  "Color": "rgb(244, 55, 244)", 
  "Point": [
    {
      "Date": 20221031, 
      "Value" : 149.289993
    },
    {
      "Date": 20231023, 
      "Value" : 79.190002
    }
  ]
}