{
  "Color": "rgb(244, 55, 244)", 
  "Point": [
    {
      "Date": 20230830, 
      "Value" : 76.209999
    },
    {
      "Date": 20240918, 
      "Value" : 20.000000
    },
    {
      "Date": 20250512, 
      "Value" : 43.119999
    }
  ]
}