{
  "Color": "rgb(244, 55, 244)", 
  "Point": [
    {
      "Date": 20220817, 
      "Value" : 40.990002
    },
    {
      "Date": 20221011, 
      "Value" : 21.620001
    },
    {
      "Date": 20230628, 
      "Value" : 40.570000
    },
    {
      "Date": 20240828, 
      "Value" : 18.190001
    }
  ]
}