{
  "Color": "rgb(244, 55, 244)", 
  "Point": [
    {
      "Date": 20230118, 
      "Value" : 22.370001
    },
    {
      "Date": 20231024, 
      "Value" : 13.330000
    }
  ]
}