{
  "Color": "rgb(244, 55, 244)", 
  "Point": [
    {
      "Date": 20221229, 
      "Value" : 16.410000
    },
    {
      "Date": 20240611, 
      "Value" : 41.439999
    }
  ]
}