{
  "Color": "rgb(244, 55, 244)", 
  "Point": [
    {
      "Date": 20230417, 
      "Value" : 22.290001
    },
    {
      "Date": 20231221, 
      "Value" : 11.860000
    }
  ]
}