{
  "Color": "rgb(244, 55, 244)", 
  "Point": [
    {
      "Date": 20221012, 
      "Value" : 21.440001
    },
    {
      "Date": 20230413, 
      "Value" : 46.029999
    },
    {
      "Date": 20240730, 
      "Value" : 13.780000
    }
  ]
}