{
  "Color": "rgb(244, 55, 244)", 
  "Point": [
    {
      "Date": 20230203, 
      "Value" : 16.990000
    },
    {
      "Date": 20240619, 
      "Value" : 7.280000
    }
  ]
}