{
  "Color": "rgb(244, 55, 244)", 
  "Point": [
    {
      "Date": 20230626, 
      "Value" : 24.160000
    },
    {
      "Date": 20231102, 
      "Value" : 38.560001
    }
  ]
}