{
  "Color": "rgb(244, 55, 244)", 
  "Point": [
    {
      "Date": 20220921, 
      "Value" : 31.219999
    },
    {
      "Date": 20221011, 
      "Value" : 22.740000
    },
    {
      "Date": 20231115, 
      "Value" : 44.209999
    },
    {
      "Date": 20240923, 
      "Value" : 15.300000
    }
  ]
}