{
  "Color": "rgb(244, 55, 244)", 
  "Point": [
    {
      "Date": 20230412, 
      "Value" : 54.900002
    },
    {
      "Date": 20240918, 
      "Value" : 17.650000
    }
  ]
}