{
  "Color": "rgb(244, 55, 244)", 
  "Point": [
    {
      "Date": 20221025, 
      "Value" : 153.770004
    },
    {
      "Date": 20231027, 
      "Value" : 74.099998
    }
  ]
}