{
  "Color": "rgb(244, 55, 244)", 
  "Point": [
    {
      "Date": 20221223, 
      "Value" : 12.940000
    },
    {
      "Date": 20230417, 
      "Value" : 22.350000
    }
  ]
}