{
  "Color": "rgb(244, 55, 244)", 
  "Point": [
    {
      "Date": 20230515, 
      "Value" : 27.500000
    },
    {
      "Date": 20230620, 
      "Value" : 35.660000
    }
  ]
}