{
  "Color": "rgb(244, 55, 244)", 
  "Point": [
    {
      "Date": 20220819, 
      "Value" : 18.990000
    },
    {
      "Date": 20240923, 
      "Value" : 6.370000
    },
    {
      "Date": 20250306, 
      "Value" : 10.590000
    }
  ]
}