{
  "Color": "rgb(244, 55, 244)", 
  "Point": [
    {
      "Date": 20210806, 
      "Value" : 272.130005
    },
    {
      "Date": 20240206, 
      "Value" : 21.219999
    }
  ]
}