{
  "Color": "rgb(244, 55, 244)", 
  "Point": [
    {
      "Date": 20230818, 
      "Value" : 55.259998
    },
    {
      "Date": 20240206, 
      "Value" : 18.680000
    }
  ]
}