{
  "Color": "rgb(244, 55, 244)", 
  "Point": [
    {
      "Date": 20230407, 
      "Value" : 64.800003
    },
    {
      "Date": 20240206, 
      "Value" : 22.100000
    }
  ]
}