{
  "Color": "rgb(244, 55, 244)", 
  "Point": [
    {
      "Date": 20230627, 
      "Value" : 20.670000
    },
    {
      "Date": 20240731, 
      "Value" : 8.840000
    }
  ]
}