{
  "Color": "rgb(244, 55, 244)", 
  "Point": [
    {
      "Date": 20230424, 
      "Value" : 39.750000
    },
    {
      "Date": 20230428, 
      "Value" : 62.630001
    }
  ]
}