{
  "Color": "rgb(244, 55, 244)", 
  "Point": [
    {
      "Date": 20220915, 
      "Value" : 24.719999
    },
    {
      "Date": 20240206, 
      "Value" : 7.290000
    },
    {
      "Date": 20241128, 
      "Value" : 12.590000
    }
  ]
}