{
  "Color": "rgb(244, 55, 244)", 
  "Point": [
    {
      "Date": 20210806, 
      "Value" : 272.130005
    },
    {
      "Date": 20231221, 
      "Value" : 34.880001
    }
  ]
}