{
  "Color": "rgb(244, 55, 244)", 
  "Point": [
    {
      "Date": 20230626, 
      "Value" : 24.160000
    },
    {
      "Date": 20240514, 
      "Value" : 45.509998
    },
    {
      "Date": 20240924, 
      "Value" : 22.110001
    }
  ]
}