{
  "Color": "rgb(244, 55, 244)", 
  "Point": [
    {
      "Date": 20221012, 
      "Value" : 21.490000
    },
    {
      "Date": 20230413, 
      "Value" : 46.080002
    },
    {
      "Date": 20231023, 
      "Value" : 21.690001
    }
  ]
}