{
  "Color": "rgb(244, 55, 244)", 
  "Point": [
    {
      "Date": 20230412, 
      "Value" : 55.200001
    },
    {
      "Date": 20230824, 
      "Value" : 28.020000
    }
  ]
}