{
  "Color": "rgb(244, 55, 244)", 
  "Point": [
    {
      "Date": 20221025, 
      "Value" : 153.770004
    },
    {
      "Date": 20230829, 
      "Value" : 77.510002
    }
  ]
}