{
  "Color": "rgb(244, 55, 244)", 
  "Point": [
    {
      "Date": 20210806, 
      "Value" : 272.130005
    },
    {
      "Date": 20230825, 
      "Value" : 42.820000
    }
  ]
}