{
  "Color": "rgb(244, 55, 244)", 
  "Point": [
    {
      "Date": 20221107, 
      "Value" : 54.200001
    },
    {
      "Date": 20240206, 
      "Value" : 15.910000
    }
  ]
}