{
  "Color": "rgb(244, 55, 244)", 
  "Point": [
    {
      "Date": 20230627, 
      "Value" : 20.790001
    },
    {
      "Date": 20231219, 
      "Value" : 11.050000
    }
  ]
}