{
  "Color": "rgb(244, 55, 244)", 
  "Point": [
    {
      "Date": 20230510, 
      "Value" : 6.960000
    },
    {
      "Date": 20240918, 
      "Value" : 3.330000
    }
  ]
}