{
  "Color": "rgb(244, 55, 244)", 
  "Point": [
    {
      "Date": 20230413, 
      "Value" : 104.239998
    },
    {
      "Date": 20240718, 
      "Value" : 23.799999
    }
  ]
}