{
  "Color": "rgb(244, 55, 244)", 
  "Point": [
    {
      "Date": 20230410, 
      "Value" : 83.760002
    },
    {
      "Date": 20240205, 
      "Value" : 41.279999
    }
  ]
}