{
  "Color": "rgb(244, 55, 244)", 
  "Point": [
    {
      "Date": 20220819, 
      "Value" : 19.180000
    },
    {
      "Date": 20221011, 
      "Value" : 9.460000
    },
    {
      "Date": 20230522, 
      "Value" : 14.540000
    }
  ]
}