{
  "Color": "rgb(244, 55, 244)", 
  "Point": [
    {
      "Date": 20230406, 
      "Value" : 133.000000
    },
    {
      "Date": 20231103, 
      "Value" : 57.049999
    }
  ]
}