{
  "Color": "rgb(244, 55, 244)", 
  "Point": [
    {
      "Date": 20230410, 
      "Value" : 125.370003
    },
    {
      "Date": 20230508, 
      "Value" : 74.699997
    }
  ]
}