{
  "Color": "rgb(244, 55, 244)", 
  "Point": [
    {
      "Date": 20221110, 
      "Value" : 47.320000
    },
    {
      "Date": 20231103, 
      "Value" : 25.820000
    }
  ]
}