{
  "Color": "rgb(244, 55, 244)", 
  "Point": [
    {
      "Date": 20230407, 
      "Value" : 64.419998
    },
    {
      "Date": 20240206, 
      "Value" : 21.719999
    }
  ]
}