{
  "Color": "rgb(244, 55, 244)", 
  "Point": [
    {
      "Date": 20250127, 
      "Value" : 57.000000
    },
    {
      "Date": 20250312, 
      "Value" : 92.839996
    }
  ]
}