{
  "Color": "rgb(244, 55, 244)", 
  "Point": [
    {
      "Date": 20230620, 
      "Value" : 35.660000
    },
    {
      "Date": 20240206, 
      "Value" : 13.500000
    }
  ]
}