{
  "Color": "rgb(244, 55, 244)", 
  "Point": [
    {
      "Date": 20230628, 
      "Value" : 47.669998
    },
    {
      "Date": 20230703, 
      "Value" : 62.490002
    }
  ]
}