{
  "Color": "rgb(244, 55, 244)", 
  "Point": [
    {
      "Date": 20230602, 
      "Value" : 35.720001
    },
    {
      "Date": 20230825, 
      "Value" : 22.160000
    }
  ]
}