{
  "Color": "rgb(244, 55, 244)", 
  "Point": [
    {
      "Date": 20240614, 
      "Value" : 27.900000
    },
    {
      "Date": 20240918, 
      "Value" : 13.630000
    }
  ]
}