{
  "Color": "rgb(244, 55, 244)", 
  "Point": [
    {
      "Date": 20210511, 
      "Value" : 7.380000
    },
    {
      "Date": 20220824, 
      "Value" : 74.699997
    },
    {
      "Date": 20240205, 
      "Value" : 23.299999
    }
  ]
}