{
  "Color": "rgb(244, 55, 244)", 
  "Point": [
    {
      "Date": 20201202, 
      "Value" : 42.849998
    },
    {
      "Date": 20220427, 
      "Value" : 14.160000
    },
    {
      "Date": 20250402, 
      "Value" : 91.870003
    }
  ]
}