{
  "Color": "rgb(244, 55, 244)", 
  "Point": [
    {
      "Date": 20230818, 
      "Value" : 67.660004
    },
    {
      "Date": 20231023, 
      "Value" : 29.500000
    }
  ]
}