{
  "Color": "rgb(244, 55, 244)", 
  "Point": [
    {
      "Date": 20200928, 
      "Value" : 20.580000
    },
    {
      "Date": 20220427, 
      "Value" : 6.270000
    },
    {
      "Date": 20220818, 
      "Value" : 11.950000
    },
    {
      "Date": 20240208, 
      "Value" : 4.200000
    }
  ]
}