{
  "Color": "rgb(244, 55, 244)", 
  "Point": [
    {
      "Date": 20200902, 
      "Value" : 58.349998
    },
    {
      "Date": 20210511, 
      "Value" : 26.959999
    },
    {
      "Date": 20221024, 
      "Value" : 44.040001
    },
    {
      "Date": 20240205, 
      "Value" : 29.139999
    }
  ]
}