{
  "Color": "rgb(244, 55, 244)", 
  "Point": [
    {
      "Date": 20230601, 
      "Value" : 23.559999
    },
    {
      "Date": 20240206, 
      "Value" : 7.700000
    },
    {
      "Date": 20241111, 
      "Value" : 25.490000
    },
    {
      "Date": 20250409, 
      "Value" : 13.630000
    }
  ]
}