{
  "Color": "rgb(244, 55, 244)", 
  "Point": [
    {
      "Date": 20230106, 
      "Value" : 28.750000
    },
    {
      "Date": 20241009, 
      "Value" : 238.800003
    }
  ]
}