{
  "Color": "rgb(244, 55, 244)", 
  "Point": [
    {
      "Date": 20210716, 
      "Value" : 23.480000
    },
    {
      "Date": 20220427, 
      "Value" : 9.380000
    },
    {
      "Date": 20221110, 
      "Value" : 28.570000
    },
    {
      "Date": 20240206, 
      "Value" : 9.900000
    }
  ]
}