{
  "Color": "rgb(244, 55, 244)", 
  "Point": [
    {
      "Date": 20200630, 
      "Value" : 46.700001
    },
    {
      "Date": 20201230, 
      "Value" : 23.809999
    },
    {
      "Date": 20210830, 
      "Value" : 67.199997
    },
    {
      "Date": 20240206, 
      "Value" : 15.940000
    }
  ]
}