{
  "Color": "rgb(244, 55, 244)", 
  "Point": [
    {
      "Date": 20240206, 
      "Value" : 27.680000
    },
    {
      "Date": 20250512, 
      "Value" : 63.630001
    }
  ]
}