{
  "Color": "rgb(244, 55, 244)", 
  "Point": [
    {
      "Date": 20230612, 
      "Value" : 35.250000
    },
    {
      "Date": 20240206, 
      "Value" : 14.200000
    }
  ]
}