{
  "Color": "rgb(244, 55, 244)", 
  "Point": [
    {
      "Date": 20230612, 
      "Value" : 35.209999
    },
    {
      "Date": 20240918, 
      "Value" : 11.880000
    }
  ]
}