{
  "Color": "rgb(244, 55, 244)", 
  "Point": [
    {
      "Date": 20201207, 
      "Value" : 25.549999
    },
    {
      "Date": 20220427, 
      "Value" : 8.430000
    },
    {
      "Date": 20230719, 
      "Value" : 27.379999
    }
  ]
}