{
  "Color": "rgb(244, 55, 244)", 
  "Point": [
    {
      "Date": 20210517, 
      "Value" : 51.980000
    },
    {
      "Date": 20230512, 
      "Value" : 15.580000
    }
  ]
}