{
  "Color": "rgb(244, 55, 244)", 
  "Point": [
    {
      "Date": 20230523, 
      "Value" : 136.839996
    },
    {
      "Date": 20230825, 
      "Value" : 92.830002
    }
  ]
}