{
  "Color": "rgb(244, 55, 244)", 
  "Point": [
    {
      "Date": 20201109, 
      "Value" : 78.970001
    },
    {
      "Date": 20240718, 
      "Value" : 11.780000
    }
  ]
}