{
  "Color": "rgb(244, 55, 244)", 
  "Point": [
    {
      "Date": 20200928, 
      "Value" : 20.559999
    },
    {
      "Date": 20220427, 
      "Value" : 6.250000
    },
    {
      "Date": 20220818, 
      "Value" : 11.930000
    },
    {
      "Date": 20240208, 
      "Value" : 4.180000
    }
  ]
}