{
  "Color": "rgb(244, 55, 244)", 
  "Point": [
    {
      "Date": 20231120, 
      "Value" : 130.869995
    },
    {
      "Date": 20240923, 
      "Value" : 46.580002
    }
  ]
}