{
  "Color": "rgb(244, 55, 244)", 
  "Point": [
    {
      "Date": 20210513, 
      "Value" : 20.139999
    },
    {
      "Date": 20220427, 
      "Value" : 8.110000
    },
    {
      "Date": 20220826, 
      "Value" : 19.309999
    },
    {
      "Date": 20240208, 
      "Value" : 3.820000
    }
  ]
}