{
  "Color": "rgb(244, 55, 244)", 
  "Point": [
    {
      "Date": 20201109, 
      "Value" : 79.089996
    },
    {
      "Date": 20240206, 
      "Value" : 13.910000
    }
  ]
}