{
  "Color": "rgb(244, 55, 244)", 
  "Point": [
    {
      "Date": 20200921, 
      "Value" : 134.809998
    },
    {
      "Date": 20211215, 
      "Value" : 621.520020
    },
    {
      "Date": 20240517, 
      "Value" : 81.559998
    }
  ]
}