{
  "Color": "rgb(244, 55, 244)", 
  "Point": [
    {
      "Date": 20230815, 
      "Value" : 17.799999
    },
    {
      "Date": 20240205, 
      "Value" : 8.620000
    }
  ]
}