{
  "Color": "rgb(244, 55, 244)", 
  "Point": [
    {
      "Date": 20230619, 
      "Value" : 25.500000
    },
    {
      "Date": 20240918, 
      "Value" : 6.160000
    }
  ]
}