{
  "Color": "rgb(244, 55, 244)", 
  "Point": [
    {
      "Date": 20200519, 
      "Value" : 53.270000
    },
    {
      "Date": 20220427, 
      "Value" : 14.000000
    },
    {
      "Date": 20230705, 
      "Value" : 39.740002
    },
    {
      "Date": 20240206, 
      "Value" : 17.230000
    }
  ]
}