{
  "Color": "rgb(244, 55, 244)", 
  "Point": [
    {
      "Date": 20210330, 
      "Value" : 33.130001
    },
    {
      "Date": 20211213, 
      "Value" : 107.709999
    },
    {
      "Date": 20230628, 
      "Value" : 29.959999
    }
  ]
}