{
  "Color": "rgb(244, 55, 244)", 
  "Point": [
    {
      "Date": 20230830, 
      "Value" : 49.430000
    },
    {
      "Date": 20231024, 
      "Value" : 28.219999
    }
  ]
}