{
  "Color": "rgb(244, 55, 244)", 
  "Point": [
    {
      "Date": 20210802, 
      "Value" : 121.379997
    },
    {
      "Date": 20240708, 
      "Value" : 14.620000
    }
  ]
}