{
  "Color": "rgb(244, 55, 244)", 
  "Point": [
    {
      "Date": 20230606, 
      "Value" : 200.000000
    },
    {
      "Date": 20240827, 
      "Value" : 48.599998
    }
  ]
}