{
  "Color": "rgb(244, 55, 244)", 
  "Point": [
    {
      "Date": 20200709, 
      "Value" : 42.070000
    },
    {
      "Date": 20240709, 
      "Value" : 6.020000
    }
  ]
}