{
  "Color": "rgb(244, 55, 244)", 
  "Point": [
    {
      "Date": 20221209, 
      "Value" : 111.120003
    },
    {
      "Date": 20240205, 
      "Value" : 35.299999
    }
  ]
}