{
  "Color": "rgb(244, 55, 244)", 
  "Point": [
    {
      "Date": 20210730, 
      "Value" : 12.770000
    },
    {
      "Date": 20221011, 
      "Value" : 3.970000
    },
    {
      "Date": 20230410, 
      "Value" : 5.540000
    }
  ]
}