{
  "Color": "rgb(244, 55, 244)", 
  "Point": [
    {
      "Date": 20200709, 
      "Value" : 42.160000
    },
    {
      "Date": 20240206, 
      "Value" : 6.240000
    }
  ]
}