{
  "Color": "rgb(244, 55, 244)", 
  "Point": [
    {
      "Date": 20210511, 
      "Value" : 3.950000
    },
    {
      "Date": 20220824, 
      "Value" : 46.029999
    },
    {
      "Date": 20240923, 
      "Value" : 9.070000
    }
  ]
}