{
  "Color": "rgb(244, 55, 244)", 
  "Point": [
    {
      "Date": 20221209, 
      "Value" : 74.320000
    },
    {
      "Date": 20240205, 
      "Value" : 23.090000
    },
    {
      "Date": 20241112, 
      "Value" : 74.300003
    },
    {
      "Date": 20250409, 
      "Value" : 28.510000
    }
  ]
}