{
  "Color": "rgb(244, 55, 244)", 
  "Point": [
    {
      "Date": 20201202, 
      "Value" : 43.099998
    },
    {
      "Date": 20220427, 
      "Value" : 14.410000
    },
    {
      "Date": 20240507, 
      "Value" : 68.470001
    }
  ]
}