{
  "Color": "rgb(244, 55, 244)", 
  "Point": [
    {
      "Date": 20230106, 
      "Value" : 28.750000
    },
    {
      "Date": 20240611, 
      "Value" : 215.710007
    }
  ]
}