{
  "Color": "rgb(244, 55, 244)", 
  "Point": [
    {
      "Date": 20230310, 
      "Value" : 58.540001
    },
    {
      "Date": 20240206, 
      "Value" : 21.000000
    }
  ]
}