{
  "Color": "rgb(244, 55, 244)", 
  "Point": [
    {
      "Date": 20231120, 
      "Value" : 131.270004
    },
    {
      "Date": 20240206, 
      "Value" : 47.029999
    }
  ]
}