{
  "Color": "rgb(244, 55, 244)", 
  "Point": [
    {
      "Date": 20200922, 
      "Value" : 28.110001
    },
    {
      "Date": 20201124, 
      "Value" : 50.439999
    },
    {
      "Date": 20240206, 
      "Value" : 13.920000
    }
  ]
}