{
  "Color": "rgb(244, 55, 244)", 
  "Point": [
    {
      "Date": 20201109, 
      "Value" : 79.089996
    },
    {
      "Date": 20220427, 
      "Value" : 16.780001
    }
  ]
}