{
  "Color": "rgb(244, 55, 244)", 
  "Point": [
    {
      "Date": 20230830, 
      "Value" : 49.360001
    },
    {
      "Date": 20240918, 
      "Value" : 15.120000
    }
  ]
}