{
  "Color": "rgb(244, 55, 244)", 
  "Point": [
    {
      "Date": 20230818, 
      "Value" : 92.879997
    },
    {
      "Date": 20240206, 
      "Value" : 25.879999
    }
  ]
}