{
  "Color": "rgb(244, 55, 244)", 
  "Point": [
    {
      "Date": 20240228, 
      "Value" : 22.719999
    },
    {
      "Date": 20240918, 
      "Value" : 12.630000
    }
  ]
}