{
  "Color": "rgb(244, 55, 244)", 
  "Point": [
    {
      "Date": 20211222, 
      "Value" : 19.830000
    },
    {
      "Date": 20220427, 
      "Value" : 6.320000
    }
  ]
}