{
  "Color": "rgb(244, 55, 244)", 
  "Point": [
    {
      "Date": 20201211, 
      "Value" : 13.180000
    },
    {
      "Date": 20220316, 
      "Value" : 5.560000
    },
    {
      "Date": 20231026, 
      "Value" : 7.650000
    }
  ]
}