{
  "Color": "rgb(244, 55, 244)", 
  "Point": [
    {
      "Date": 20200714, 
      "Value" : 103.989998
    },
    {
      "Date": 20210415, 
      "Value" : 38.900002
    },
    {
      "Date": 20221121, 
      "Value" : 97.209999
    },
    {
      "Date": 20231026, 
      "Value" : 44.459999
    }
  ]
}