{
  "Color": "rgb(244, 55, 244)", 
  "Point": [
    {
      "Date": 20230421, 
      "Value" : 203.809998
    },
    {
      "Date": 20240205, 
      "Value" : 72.199997
    }
  ]
}