{
  "Color": "rgb(244, 55, 244)", 
  "Point": [
    {
      "Date": 20200805, 
      "Value" : 233.960007
    },
    {
      "Date": 20220428, 
      "Value" : 40.310001
    },
    {
      "Date": 20230427, 
      "Value" : 82.110001
    },
    {
      "Date": 20240206, 
      "Value" : 36.660000
    }
  ]
}