{
  "Color": "rgb(244, 55, 244)", 
  "Point": [
    {
      "Date": 20200902, 
      "Value" : 73.199997
    },
    {
      "Date": 20210208, 
      "Value" : 36.130001
    },
    {
      "Date": 20210913, 
      "Value" : 68.989998
    },
    {
      "Date": 20240206, 
      "Value" : 28.780001
    }
  ]
}