{
  "Color": "rgb(244, 55, 244)", 
  "Point": [
    {
      "Date": 20230602, 
      "Value" : 35.520000
    },
    {
      "Date": 20240205, 
      "Value" : 14.000000
    },
    {
      "Date": 20240510, 
      "Value" : 25.070000
    }
  ]
}