{
  "Color": "rgb(244, 55, 244)", 
  "Point": [
    {
      "Date": 20200715, 
      "Value" : 72.080002
    },
    {
      "Date": 20201228, 
      "Value" : 27.280001
    },
    {
      "Date": 20230621, 
      "Value" : 62.130001
    }
  ]
}