{
  "Color": "rgb(244, 55, 244)", 
  "Point": [
    {
      "Date": 20230331, 
      "Value" : 240.809998
    },
    {
      "Date": 20231221, 
      "Value" : 92.290001
    }
  ]
}