{
  "Color": "rgb(244, 55, 244)", 
  "Point": [
    {
      "Date": 20200715, 
      "Value" : 48.240002
    },
    {
      "Date": 20201228, 
      "Value" : 18.180000
    },
    {
      "Date": 20230621, 
      "Value" : 41.570000
    },
    {
      "Date": 20240205, 
      "Value" : 22.370001
    }
  ]
}