{
  "Color": "rgb(244, 55, 244)", 
  "Point": [
    {
      "Date": 20211026, 
      "Value" : 42.139999
    },
    {
      "Date": 20231023, 
      "Value" : 13.520000
    }
  ]
}