{
  "Color": "rgb(244, 55, 244)", 
  "Point": [
    {
      "Date": 20230719, 
      "Value" : 69.519997
    },
    {
      "Date": 20240205, 
      "Value" : 40.240002
    }
  ]
}