{
  "Color": "rgb(244, 55, 244)", 
  "Point": [
    {
      "Date": 20210517, 
      "Value" : 51.709999
    },
    {
      "Date": 20250429, 
      "Value" : 14.060000
    }
  ]
}