{
  "Color": "rgb(244, 55, 244)", 
  "Point": [
    {
      "Date": 20201202, 
      "Value" : 75.930000
    },
    {
      "Date": 20211103, 
      "Value" : 23.590000
    },
    {
      "Date": 20230607, 
      "Value" : 41.910000
    }
  ]
}