{
  "Color": "rgb(244, 55, 244)", 
  "Point": [
    {
      "Date": 20200630, 
      "Value" : 46.200001
    },
    {
      "Date": 20201230, 
      "Value" : 23.309999
    },
    {
      "Date": 20210830, 
      "Value" : 66.699997
    },
    {
      "Date": 20240206, 
      "Value" : 15.440000
    }
  ]
}