{
  "Color": "rgb(244, 55, 244)", 
  "Point": [
    {
      "Date": 20240206, 
      "Value" : 27.680000
    },
    {
      "Date": 20241028, 
      "Value" : 62.290001
    }
  ]
}