{
  "Color": "rgb(244, 55, 244)", 
  "Point": [
    {
      "Date": 20200716, 
      "Value" : 120.900002
    },
    {
      "Date": 20230509, 
      "Value" : 14.030000
    },
    {
      "Date": 20241008, 
      "Value" : 40.000000
    }
  ]
}