{
  "Color": "rgb(244, 55, 244)", 
  "Point": [
    {
      "Date": 20231120, 
      "Value" : 130.970001
    },
    {
      "Date": 20240206, 
      "Value" : 46.730000
    }
  ]
}