{
  "Color": "rgb(244, 55, 244)", 
  "Point": [
    {
      "Date": 20211029, 
      "Value" : 14.750000
    },
    {
      "Date": 20220729, 
      "Value" : 87.510002
    },
    {
      "Date": 20240206, 
      "Value" : 21.040001
    }
  ]
}