{
  "Color": "rgb(244, 55, 244)", 
  "Point": [
    {
      "Date": 20240614, 
      "Value" : 27.940001
    },
    {
      "Date": 20240718, 
      "Value" : 18.530001
    }
  ]
}