{
  "Color": "rgb(244, 55, 244)", 
  "Point": [
    {
      "Date": 20230830, 
      "Value" : 49.430000
    },
    {
      "Date": 20240206, 
      "Value" : 15.730000
    }
  ]
}