{
  "Color": "rgb(244, 55, 244)", 
  "Point": [
    {
      "Date": 20201202, 
      "Value" : 53.910000
    },
    {
      "Date": 20211103, 
      "Value" : 16.520000
    },
    {
      "Date": 20230607, 
      "Value" : 29.610001
    },
    {
      "Date": 20240709, 
      "Value" : 14.580000
    }
  ]
}