{
  "Color": "rgb(244, 55, 244)", 
  "Point": [
    {
      "Date": 20230309, 
      "Value" : 152.300003
    },
    {
      "Date": 20230410, 
      "Value" : 287.299988
    },
    {
      "Date": 20240206, 
      "Value" : 85.589996
    }
  ]
}