{
  "Color": "rgb(244, 55, 244)", 
  "Point": [
    {
      "Date": 20201216, 
      "Value" : 45.200001
    },
    {
      "Date": 20210513, 
      "Value" : 19.500000
    },
    {
      "Date": 20210830, 
      "Value" : 37.930000
    },
    {
      "Date": 20240206, 
      "Value" : 10.010000
    }
  ]
}