{
  "Color": "rgb(244, 55, 244)", 
  "Point": [
    {
      "Date": 20200902, 
      "Value" : 55.959999
    },
    {
      "Date": 20210208, 
      "Value" : 27.440001
    },
    {
      "Date": 20210913, 
      "Value" : 52.720001
    },
    {
      "Date": 20240718, 
      "Value" : 21.450001
    }
  ]
}