{
  "Color": "rgb(244, 55, 244)", 
  "Point": [
    {
      "Date": 20200714, 
      "Value" : 53.799999
    },
    {
      "Date": 20240709, 
      "Value" : 6.130000
    }
  ]
}