{
  "Color": "rgb(244, 55, 244)", 
  "Point": [
    {
      "Date": 20221230, 
      "Value" : 15.000000
    },
    {
      "Date": 20230601, 
      "Value" : 116.660004
    },
    {
      "Date": 20240208, 
      "Value" : 27.100000
    },
    {
      "Date": 20250318, 
      "Value" : 85.989998
    }
  ]
}