{
  "Color": "rgb(244, 55, 244)", 
  "Point": [
    {
      "Date": 20201109, 
      "Value" : 78.970001
    },
    {
      "Date": 20240828, 
      "Value" : 10.630000
    },
    {
      "Date": 20250311, 
      "Value" : 25.440001
    }
  ]
}