{
  "Color": "rgb(244, 55, 244)", 
  "Point": [
    {
      "Date": 20200831, 
      "Value" : 39.139999
    },
    {
      "Date": 20220427, 
      "Value" : 13.460000
    },
    {
      "Date": 20230803, 
      "Value" : 55.790001
    }
  ]
}