{
  "Color": "rgb(244, 55, 244)", 
  "Point": [
    {
      "Date": 20230605, 
      "Value" : 36.200001
    },
    {
      "Date": 20240709, 
      "Value" : 18.180000
    }
  ]
}