{
  "Color": "rgb(244, 55, 244)", 
  "Point": [
    {
      "Date": 20200624, 
      "Value" : 30.490000
    },
    {
      "Date": 20210209, 
      "Value" : 11.130000
    },
    {
      "Date": 20211215, 
      "Value" : 55.389999
    },
    {
      "Date": 20240206, 
      "Value" : 10.920000
    }
  ]
}