{
  "Color": "rgb(244, 55, 244)", 
  "Point": [
    {
      "Date": 20211222, 
      "Value" : 19.780001
    },
    {
      "Date": 20240206, 
      "Value" : 4.900000
    },
    {
      "Date": 20241008, 
      "Value" : 11.100000
    }
  ]
}