{
  "Color": "rgb(244, 55, 244)", 
  "Point": [
    {
      "Date": 20230515, 
      "Value" : 48.939999
    },
    {
      "Date": 20230714, 
      "Value" : 125.989998
    }
  ]
}