{
  "Color": "rgb(244, 55, 244)", 
  "Point": [
    {
      "Date": 20230630, 
      "Value" : 53.290001
    },
    {
      "Date": 20240206, 
      "Value" : 21.480000
    },
    {
      "Date": 20241008, 
      "Value" : 49.930000
    }
  ]
}