{
  "Color": "rgb(244, 55, 244)", 
  "Point": [
    {
      "Date": 20201211, 
      "Value" : 13.180000
    },
    {
      "Date": 20220427, 
      "Value" : 4.710000
    },
    {
      "Date": 20231121, 
      "Value" : 7.650000
    }
  ]
}