{
  "Color": "rgb(244, 55, 244)", 
  "Point": [
    {
      "Date": 20201211, 
      "Value" : 13.030000
    },
    {
      "Date": 20240208, 
      "Value" : 4.200000
    }
  ]
}