{
  "Color": "rgb(244, 55, 244)", 
  "Point": [
    {
      "Date": 20230703, 
      "Value" : 33.049999
    },
    {
      "Date": 20240206, 
      "Value" : 20.760000
    },
    {
      "Date": 20240531, 
      "Value" : 33.700001
    }
  ]
}