{
  "Color": "rgb(244, 55, 244)", 
  "Point": [
    {
      "Date": 20230525, 
      "Value" : 28.309999
    },
    {
      "Date": 20230829, 
      "Value" : 21.510000
    }
  ]
}