{
  "Color": "rgb(244, 55, 244)", 
  "Point": [
    {
      "Date": 20230421, 
      "Value" : 139.339996
    },
    {
      "Date": 20240718, 
      "Value" : 42.180000
    }
  ]
}