{
  "Color": "rgb(244, 55, 244)", 
  "Point": [
    {
      "Date": 20230630, 
      "Value" : 53.070000
    },
    {
      "Date": 20240206, 
      "Value" : 21.260000
    },
    {
      "Date": 20250224, 
      "Value" : 72.949997
    }
  ]
}