{
  "Color": "rgb(244, 55, 244)", 
  "Point": [
    {
      "Date": 20200827, 
      "Value" : 22.400000
    },
    {
      "Date": 20210104, 
      "Value" : 50.200001
    },
    {
      "Date": 20220427, 
      "Value" : 16.379999
    }
  ]
}