{
  "Color": "rgb(244, 55, 244)", 
  "Point": [
    {
      "Date": 20230818, 
      "Value" : 93.000000
    },
    {
      "Date": 20230829, 
      "Value" : 54.020000
    }
  ]
}