{
  "Color": "rgb(244, 55, 244)", 
  "Point": [
    {
      "Date": 20201202, 
      "Value" : 43.500000
    },
    {
      "Date": 20220427, 
      "Value" : 14.810000
    },
    {
      "Date": 20230927, 
      "Value" : 40.189999
    }
  ]
}