{
  "Color": "rgb(244, 55, 244)", 
  "Point": [
    {
      "Date": 20230523, 
      "Value" : 96.709999
    },
    {
      "Date": 20240206, 
      "Value" : 41.889999
    },
    {
      "Date": 20241008, 
      "Value" : 74.879997
    }
  ]
}