{
  "Color": "rgb(244, 55, 244)", 
  "Point": [
    {
      "Date": 20240918, 
      "Value" : 12.630000
    },
    {
      "Date": 20241112, 
      "Value" : 26.959999
    }
  ]
}