{
  "Color": "rgb(244, 55, 244)", 
  "Point": [
    {
      "Date": 20250122, 
      "Value" : 33.349998
    },
    {
      "Date": 20250409, 
      "Value" : 24.200001
    }
  ]
}