{
  "Color": "rgb(244, 55, 244)", 
  "Point": [
    {
      "Date": 20200803, 
      "Value" : 26.709999
    },
    {
      "Date": 20220427, 
      "Value" : 8.090000
    },
    {
      "Date": 20230626, 
      "Value" : 14.470000
    },
    {
      "Date": 20240205, 
      "Value" : 7.260000
    }
  ]
}