{
  "Color": "rgb(244, 55, 244)", 
  "Point": [
    {
      "Date": 20200714, 
      "Value" : 54.000000
    },
    {
      "Date": 20220427, 
      "Value" : 8.300000
    },
    {
      "Date": 20230327, 
      "Value" : 20.299999
    },
    {
      "Date": 20230922, 
      "Value" : 12.130000
    }
  ]
}