{
  "Color": "rgb(244, 55, 244)", 
  "Point": [
    {
      "Date": 20230606, 
      "Value" : 201.000000
    },
    {
      "Date": 20240625, 
      "Value" : 55.549999
    }
  ]
}