{
  "Color": "rgb(244, 55, 244)", 
  "Point": [
    {
      "Date": 20230210, 
      "Value" : 268.000000
    },
    {
      "Date": 20230524, 
      "Value" : 138.080002
    }
  ]
}