{
  "Color": "rgb(244, 55, 244)", 
  "Point": [
    {
      "Date": 20250225, 
      "Value" : 128.169998
    },
    {
      "Date": 20250409, 
      "Value" : 88.000000
    }
  ]
}