{
  "Color": "rgb(244, 55, 244)", 
  "Point": [
    {
      "Date": 20200820, 
      "Value" : 39.759998
    },
    {
      "Date": 20220427, 
      "Value" : 12.850000
    },
    {
      "Date": 20221104, 
      "Value" : 48.799999
    }
  ]
}