{
  "Color": "rgb(244, 55, 244)", 
  "Point": [
    {
      "Date": 20230421, 
      "Value" : 139.270004
    },
    {
      "Date": 20240828, 
      "Value" : 38.150002
    },
    {
      "Date": 20250320, 
      "Value" : 102.099998
    }
  ]
}