{
  "Color": "rgb(244, 55, 244)", 
  "Point": [
    {
      "Date": 20210511, 
      "Value" : 4.330000
    },
    {
      "Date": 20220824, 
      "Value" : 46.410000
    },
    {
      "Date": 20240709, 
      "Value" : 10.610000
    }
  ]
}