{
  "Color": "rgb(244, 55, 244)", 
  "Point": [
    {
      "Date": 20240228, 
      "Value" : 23.020000
    },
    {
      "Date": 20240718, 
      "Value" : 15.150000
    }
  ]
}