{
  "Color": "rgb(244, 55, 244)", 
  "Point": [
    {
      "Date": 20200525, 
      "Value" : 50.990002
    },
    {
      "Date": 20210831, 
      "Value" : 285.809998
    },
    {
      "Date": 20231221, 
      "Value" : 59.020000
    }
  ]
}