{
  "Color": "rgb(244, 55, 244)", 
  "Point": [
    {
      "Date": 20230309, 
      "Value" : 151.649994
    },
    {
      "Date": 20230410, 
      "Value" : 286.649994
    },
    {
      "Date": 20240923, 
      "Value" : 70.099998
    }
  ]
}