{
  "Color": "rgb(244, 55, 244)", 
  "Point": [
    {
      "Date": 20210802, 
      "Value" : 121.379997
    },
    {
      "Date": 20221012, 
      "Value" : 25.540001
    }
  ]
}