{
  "Color": "rgb(244, 55, 244)", 
  "Point": [
    {
      "Date": 20200525, 
      "Value" : 34.220001
    },
    {
      "Date": 20210831, 
      "Value" : 191.820007
    },
    {
      "Date": 20240920, 
      "Value" : 14.640000
    }
  ]
}