{
  "Color": "rgb(244, 55, 244)", 
  "Point": [
    {
      "Date": 20230830, 
      "Value" : 49.430000
    },
    {
      "Date": 20231221, 
      "Value" : 27.840000
    }
  ]
}