{
  "Color": "rgb(244, 55, 244)", 
  "Point": [
    {
      "Date": 20230630, 
      "Value" : 53.480000
    },
    {
      "Date": 20230825, 
      "Value" : 33.840000
    }
  ]
}