{
  "Color": "rgb(244, 55, 244)", 
  "Point": [
    {
      "Date": 20230908, 
      "Value" : 15.540000
    },
    {
      "Date": 20240918, 
      "Value" : 4.960000
    }
  ]
}