{
  "Color": "rgb(244, 55, 244)", 
  "Point": [
    {
      "Date": 20200902, 
      "Value" : 58.349998
    },
    {
      "Date": 20210511, 
      "Value" : 26.959999
    },
    {
      "Date": 20241008, 
      "Value" : 46.840000
    }
  ]
}