{
  "Color": "rgb(244, 55, 244)", 
  "Point": [
    {
      "Date": 20211029, 
      "Value" : 15.060000
    },
    {
      "Date": 20220729, 
      "Value" : 87.820000
    },
    {
      "Date": 20230425, 
      "Value" : 36.430000
    }
  ]
}