{
  "Color": "rgb(244, 55, 244)", 
  "Point": [
    {
      "Date": 20240206, 
      "Value" : 21.000000
    },
    {
      "Date": 20250512, 
      "Value" : 75.480003
    }
  ]
}