{
  "Color": "rgb(244, 55, 244)", 
  "Point": [
    {
      "Date": 20210802, 
      "Value" : 93.080002
    },
    {
      "Date": 20240918, 
      "Value" : 9.400000
    }
  ]
}