{
  "Color": "rgb(244, 55, 244)", 
  "Point": [
    {
      "Date": 20200519, 
      "Value" : 53.529999
    },
    {
      "Date": 20220427, 
      "Value" : 14.260000
    },
    {
      "Date": 20230705, 
      "Value" : 40.000000
    }
  ]
}