{
  "Color": "rgb(244, 55, 244)", 
  "Point": [
    {
      "Date": 20200831, 
      "Value" : 38.689999
    },
    {
      "Date": 20220427, 
      "Value" : 13.010000
    },
    {
      "Date": 20230803, 
      "Value" : 55.340000
    },
    {
      "Date": 20240718, 
      "Value" : 18.520000
    }
  ]
}