{
  "Color": "rgb(244, 55, 244)", 
  "Point": [
    {
      "Date": 20230719, 
      "Value" : 69.040001
    },
    {
      "Date": 20240205, 
      "Value" : 39.750000
    },
    {
      "Date": 20241106, 
      "Value" : 63.040001
    }
  ]
}