{
  "Color": "rgb(244, 55, 244)", 
  "Point": [
    {
      "Date": 20240208, 
      "Value" : 17.799999
    },
    {
      "Date": 20240228, 
      "Value" : 23.020000
    }
  ]
}