{
  "Color": "rgb(244, 55, 244)", 
  "Point": [
    {
      "Date": 20200805, 
      "Value" : 166.039993
    },
    {
      "Date": 20220428, 
      "Value" : 27.719999
    },
    {
      "Date": 20230427, 
      "Value" : 57.580002
    },
    {
      "Date": 20240923, 
      "Value" : 20.700001
    }
  ]
}