{
  "Color": "rgb(244, 55, 244)", 
  "Point": [
    {
      "Date": 20230719, 
      "Value" : 70.000000
    },
    {
      "Date": 20230817, 
      "Value" : 57.220001
    }
  ]
}