{
  "Color": "rgb(244, 55, 244)", 
  "Point": [
    {
      "Date": 20200902, 
      "Value" : 86.360001
    },
    {
      "Date": 20210511, 
      "Value" : 40.209999
    },
    {
      "Date": 20221024, 
      "Value" : 65.320000
    },
    {
      "Date": 20230828, 
      "Value" : 45.299999
    }
  ]
}