{
  "Color": "rgb(244, 55, 244)", 
  "Point": [
    {
      "Date": 20230815, 
      "Value" : 17.680000
    },
    {
      "Date": 20240909, 
      "Value" : 6.960000
    },
    {
      "Date": 20241213, 
      "Value" : 11.890000
    }
  ]
}