{
  "Color": "rgb(244, 55, 244)", 
  "Point": [
    {
      "Date": 20230719, 
      "Value" : 69.339996
    },
    {
      "Date": 20240205, 
      "Value" : 40.060001
    },
    {
      "Date": 20241028, 
      "Value" : 61.380001
    }
  ]
}