{
  "Color": "rgb(244, 55, 244)", 
  "Point": [
    {
      "Date": 20230421, 
      "Value" : 203.809998
    },
    {
      "Date": 20231024, 
      "Value" : 100.809998
    }
  ]
}