{
  "Color": "rgb(244, 55, 244)", 
  "Point": [
    {
      "Date": 20200820, 
      "Value" : 39.470001
    },
    {
      "Date": 20220427, 
      "Value" : 12.560000
    },
    {
      "Date": 20221104, 
      "Value" : 48.509998
    },
    {
      "Date": 20240924, 
      "Value" : 23.719999
    }
  ]
}