{
  "Color": "rgb(244, 55, 244)", 
  "Point": [
    {
      "Date": 20211222, 
      "Value" : 19.830000
    },
    {
      "Date": 20240206, 
      "Value" : 4.950000
    }
  ]
}