{
  "Color": "rgb(244, 55, 244)", 
  "Point": [
    {
      "Date": 20210511, 
      "Value" : 8.380000
    },
    {
      "Date": 20220824, 
      "Value" : 75.699997
    },
    {
      "Date": 20230615, 
      "Value" : 40.680000
    }
  ]
}