{
  "Color": "rgb(244, 55, 244)", 
  "Point": [
    {
      "Date": 20200723, 
      "Value" : 142.660004
    },
    {
      "Date": 20240709, 
      "Value" : 21.330000
    }
  ]
}