{
  "Color": "rgb(244, 55, 244)", 
  "Point": [
    {
      "Date": 20230703, 
      "Value" : 46.669998
    },
    {
      "Date": 20240206, 
      "Value" : 29.469999
    }
  ]
}