{
  "Color": "rgb(244, 55, 244)", 
  "Point": [
    {
      "Date": 20200519, 
      "Value" : 53.009998
    },
    {
      "Date": 20220427, 
      "Value" : 13.740000
    },
    {
      "Date": 20230705, 
      "Value" : 39.480000
    },
    {
      "Date": 20240206, 
      "Value" : 16.969999
    }
  ]
}