{
  "Color": "rgb(244, 55, 244)", 
  "Point": [
    {
      "Date": 20200709, 
      "Value" : 42.160000
    },
    {
      "Date": 20221011, 
      "Value" : 7.750000
    },
    {
      "Date": 20230414, 
      "Value" : 11.340000
    }
  ]
}