{
  "Color": "rgb(244, 55, 244)", 
  "Point": [
    {
      "Date": 20200803, 
      "Value" : 26.840000
    },
    {
      "Date": 20220427, 
      "Value" : 8.220000
    },
    {
      "Date": 20230626, 
      "Value" : 14.600000
    },
    {
      "Date": 20231026, 
      "Value" : 11.010000
    }
  ]
}