{
  "Color": "rgb(244, 55, 244)", 
  "Point": [
    {
      "Date": 20210517, 
      "Value" : 51.709999
    },
    {
      "Date": 20230824, 
      "Value" : 15.040000
    },
    {
      "Date": 20241008, 
      "Value" : 28.270000
    }
  ]
}