{
  "Color": "rgb(244, 55, 244)", 
  "Point": [
    {
      "Date": 20230331, 
      "Value" : 165.320007
    },
    {
      "Date": 20240823, 
      "Value" : 35.540001
    }
  ]
}