{
  "Color": "rgb(244, 55, 244)", 
  "Point": [
    {
      "Date": 20230331, 
      "Value" : 240.809998
    },
    {
      "Date": 20230825, 
      "Value" : 119.570000
    }
  ]
}