{
  "Color": "rgb(244, 55, 244)", 
  "Point": [
    {
      "Date": 20230703, 
      "Value" : 51.410000
    },
    {
      "Date": 20240206, 
      "Value" : 27.680000
    }
  ]
}