{
  "Color": "rgb(244, 55, 244)", 
  "Point": [
    {
      "Date": 20211026, 
      "Value" : 42.139999
    },
    {
      "Date": 20240206, 
      "Value" : 9.450000
    }
  ]
}