{
  "Color": "rgb(244, 55, 244)", 
  "Point": [
    {
      "Date": 20230601, 
      "Value" : 23.559999
    },
    {
      "Date": 20240206, 
      "Value" : 7.700000
    },
    {
      "Date": 20241021, 
      "Value" : 21.700001
    }
  ]
}