{
  "Color": "rgb(244, 55, 244)", 
  "Point": [
    {
      "Date": 20200714, 
      "Value" : 54.000000
    },
    {
      "Date": 20240206, 
      "Value" : 7.100000
    }
  ]
}