{
  "Color": "rgb(244, 55, 244)", 
  "Point": [
    {
      "Date": 20230310, 
      "Value" : 82.099998
    },
    {
      "Date": 20230512, 
      "Value" : 48.480000
    }
  ]
}