{
  "Color": "rgb(244, 55, 244)", 
  "Point": [
    {
      "Date": 20201216, 
      "Value" : 45.400002
    },
    {
      "Date": 20210513, 
      "Value" : 19.700001
    },
    {
      "Date": 20210830, 
      "Value" : 38.130001
    },
    {
      "Date": 20220427, 
      "Value" : 11.410000
    }
  ]
}