{
  "Color": "rgb(244, 55, 244)", 
  "Point": [
    {
      "Date": 20210618, 
      "Value" : 18.680000
    },
    {
      "Date": 20220427, 
      "Value" : 8.690000
    },
    {
      "Date": 20230516, 
      "Value" : 27.850000
    }
  ]
}