{
  "Color": "rgb(244, 55, 244)", 
  "Point": [
    {
      "Date": 20200922, 
      "Value" : 27.680000
    },
    {
      "Date": 20201124, 
      "Value" : 50.009998
    },
    {
      "Date": 20240716, 
      "Value" : 12.900000
    }
  ]
}