{
  "Color": "rgb(244, 55, 244)", 
  "Point": [
    {
      "Date": 20210528, 
      "Value" : 5.140000
    },
    {
      "Date": 20220427, 
      "Value" : 2.360000
    }
  ]
}