{
  "Color": "rgb(244, 55, 244)", 
  "Point": [
    {
      "Date": 20210528, 
      "Value" : 5.140000
    },
    {
      "Date": 20240205, 
      "Value" : 1.930000
    }
  ]
}