{
  "Color": "rgb(244, 55, 244)", 
  "Point": [
    {
      "Date": 20230310, 
      "Value" : 82.099998
    },
    {
      "Date": 20240206, 
      "Value" : 29.549999
    }
  ]
}