{
  "Color": "rgb(244, 55, 244)", 
  "Point": [
    {
      "Date": 20210517, 
      "Value" : 51.709999
    },
    {
      "Date": 20230824, 
      "Value" : 15.040000
    },
    {
      "Date": 20240306, 
      "Value" : 26.010000
    }
  ]
}