{
  "Color": "rgb(244, 55, 244)", 
  "Point": [
    {
      "Date": 20200624, 
      "Value" : 30.639999
    },
    {
      "Date": 20210209, 
      "Value" : 11.280000
    },
    {
      "Date": 20211215, 
      "Value" : 55.540001
    }
  ]
}