{
  "Color": "rgb(244, 55, 244)", 
  "Point": [
    {
      "Date": 20230525, 
      "Value" : 28.219999
    },
    {
      "Date": 20240206, 
      "Value" : 14.330000
    }
  ]
}