{
  "Color": "rgb(244, 55, 244)", 
  "Point": [
    {
      "Date": 20230210, 
      "Value" : 268.000000
    },
    {
      "Date": 20240206, 
      "Value" : 46.580002
    }
  ]
}