{
  "Color": "rgb(244, 55, 244)", 
  "Point": [
    {
      "Date": 20210730, 
      "Value" : 12.760000
    },
    {
      "Date": 20221011, 
      "Value" : 3.960000
    },
    {
      "Date": 20230830, 
      "Value" : 5.550000
    }
  ]
}