{
  "Color": "rgb(244, 55, 244)", 
  "Point": [
    {
      "Date": 20230818, 
      "Value" : 67.459999
    },
    {
      "Date": 20240924, 
      "Value" : 12.690000
    },
    {
      "Date": 20250303, 
      "Value" : 26.000000
    }
  ]
}