{
  "Color": "rgb(244, 55, 244)", 
  "Point": [
    {
      "Date": 20230815, 
      "Value" : 17.719999
    },
    {
      "Date": 20240709, 
      "Value" : 8.340000
    }
  ]
}