{
  "Color": "rgb(244, 55, 244)", 
  "Point": [
    {
      "Date": 20211026, 
      "Value" : 41.930000
    },
    {
      "Date": 20240206, 
      "Value" : 9.240000
    },
    {
      "Date": 20240513, 
      "Value" : 14.460000
    }
  ]
}