{
  "Color": "rgb(244, 55, 244)", 
  "Point": [
    {
      "Date": 20230818, 
      "Value" : 67.459999
    },
    {
      "Date": 20240206, 
      "Value" : 12.960000
    }
  ]
}