{
  "Color": "rgb(244, 55, 244)", 
  "Point": [
    {
      "Date": 20200827, 
      "Value" : 22.400000
    },
    {
      "Date": 20210104, 
      "Value" : 50.200001
    },
    {
      "Date": 20240823, 
      "Value" : 8.280000
    },
    {
      "Date": 20241029, 
      "Value" : 13.170000
    }
  ]
}