{
  "Color": "rgb(244, 55, 244)", 
  "Point": [
    {
      "Date": 20200723, 
      "Value" : 142.660004
    },
    {
      "Date": 20240205, 
      "Value" : 25.900000
    }
  ]
}