{
  "Color": "rgb(244, 55, 244)", 
  "Point": [
    {
      "Date": 20211026, 
      "Value" : 41.930000
    },
    {
      "Date": 20240206, 
      "Value" : 9.240000
    },
    {
      "Date": 20241029, 
      "Value" : 16.549999
    }
  ]
}