{
  "Color": "rgb(244, 55, 244)", 
  "Point": [
    {
      "Date": 20230331, 
      "Value" : 165.520004
    },
    {
      "Date": 20240206, 
      "Value" : 37.759998
    }
  ]
}