{
  "Color": "rgb(244, 55, 244)", 
  "Point": [
    {
      "Date": 20210728, 
      "Value" : 49.689999
    },
    {
      "Date": 20211008, 
      "Value" : 133.500000
    },
    {
      "Date": 20240709, 
      "Value" : 39.000000
    }
  ]
}