{
  "Color": "rgb(244, 55, 244)", 
  "Point": [
    {
      "Date": 20210209, 
      "Value" : 30.110001
    },
    {
      "Date": 20211130, 
      "Value" : 134.259995
    },
    {
      "Date": 20240829, 
      "Value" : 21.910000
    },
    {
      "Date": 20250220, 
      "Value" : 45.799999
    }
  ]
}