{
  "Color": "rgb(244, 55, 244)", 
  "Point": [
    {
      "Date": 20210601, 
      "Value" : 137.470001
    },
    {
      "Date": 20240206, 
      "Value" : 12.440000
    }
  ]
}