{
  "Color": "rgb(244, 55, 244)", 
  "Point": [
    {
      "Date": 20240208, 
      "Value" : 14.650000
    },
    {
      "Date": 20240524, 
      "Value" : 38.459999
    },
    {
      "Date": 20240919, 
      "Value" : 17.400000
    },
    {
      "Date": 20250227, 
      "Value" : 72.860001
    }
  ]
}