{
  "Color": "rgb(244, 55, 244)", 
  "Point": [
    {
      "Date": 20231227, 
      "Value" : 63.930000
    },
    {
      "Date": 20240924, 
      "Value" : 34.009998
    }
  ]
}