{
  "Color": "rgb(244, 55, 244)", 
  "Point": [
    {
      "Date": 20230901, 
      "Value" : 18.170000
    },
    {
      "Date": 20240918, 
      "Value" : 5.780000
    }
  ]
}