{
  "Color": "rgb(244, 55, 244)", 
  "Point": [
    {
      "Date": 20231227, 
      "Value" : 64.000000
    },
    {
      "Date": 20240205, 
      "Value" : 35.110001
    }
  ]
}