{
  "Color": "rgb(244, 55, 244)", 
  "Point": [
    {
      "Date": 20210601, 
      "Value" : 137.410004
    },
    {
      "Date": 20240709, 
      "Value" : 11.580000
    },
    {
      "Date": 20241213, 
      "Value" : 20.660000
    }
  ]
}