{
  "Color": "rgb(244, 55, 244)", 
  "Point": [
    {
      "Date": 20201231, 
      "Value" : 132.380005
    },
    {
      "Date": 20210701, 
      "Value" : 323.519989
    },
    {
      "Date": 20240709, 
      "Value" : 55.000000
    }
  ]
}