{
  "Color": "rgb(244, 55, 244)", 
  "Point": [
    {
      "Date": 20201225, 
      "Value" : 22.370001
    },
    {
      "Date": 20220506, 
      "Value" : 8.930000
    },
    {
      "Date": 20230602, 
      "Value" : 16.400000
    }
  ]
}