{
  "Color": "rgb(244, 55, 244)", 
  "Point": [
    {
      "Date": 20230628, 
      "Value" : 12.690000
    },
    {
      "Date": 20230718, 
      "Value" : 17.110001
    }
  ]
}