{
  "Color": "rgb(244, 55, 244)", 
  "Point": [
    {
      "Date": 20240926, 
      "Value" : 88.930000
    },
    {
      "Date": 20241008, 
      "Value" : 507.000000
    }
  ]
}