{
  "Color": "rgb(244, 55, 244)", 
  "Point": [
    {
      "Date": 20210201, 
      "Value" : 72.419998
    },
    {
      "Date": 20220426, 
      "Value" : 19.530001
    },
    {
      "Date": 20230508, 
      "Value" : 49.419998
    },
    {
      "Date": 20240206, 
      "Value" : 26.100000
    }
  ]
}