{
  "Color": "rgb(244, 55, 244)", 
  "Point": [
    {
      "Date": 20210810, 
      "Value" : 102.599998
    },
    {
      "Date": 20240206, 
      "Value" : 29.180000
    }
  ]
}