{
  "Color": "rgb(244, 55, 244)", 
  "Point": [
    {
      "Date": 20211117, 
      "Value" : 35.599998
    },
    {
      "Date": 20220427, 
      "Value" : 12.250000
    }
  ]
}