{
  "Color": "rgb(244, 55, 244)", 
  "Point": [
    {
      "Date": 20230714, 
      "Value" : 103.470001
    },
    {
      "Date": 20240206, 
      "Value" : 30.809999
    },
    {
      "Date": 20240620, 
      "Value" : 63.060001
    }
  ]
}