{
  "Color": "rgb(244, 55, 244)", 
  "Point": [
    {
      "Date": 20230719, 
      "Value" : 74.010002
    },
    {
      "Date": 20240206, 
      "Value" : 23.490000
    }
  ]
}