{
  "Color": "rgb(244, 55, 244)", 
  "Point": [
    {
      "Date": 20230825, 
      "Value" : 10.120000
    },
    {
      "Date": 20230901, 
      "Value" : 18.240000
    }
  ]
}