{
  "Color": "rgb(244, 55, 244)", 
  "Point": [
    {
      "Date": 20240208, 
      "Value" : 14.650000
    },
    {
      "Date": 20240524, 
      "Value" : 38.459999
    }
  ]
}