{
  "Color": "rgb(244, 55, 244)", 
  "Point": [
    {
      "Date": 20210628, 
      "Value" : 123.720001
    },
    {
      "Date": 20220428, 
      "Value" : 24.049999
    },
    {
      "Date": 20231207, 
      "Value" : 57.900002
    },
    {
      "Date": 20240717, 
      "Value" : 27.299999
    }
  ]
}