{
  "Color": "rgb(244, 55, 244)", 
  "Point": [
    {
      "Date": 20210624, 
      "Value" : 128.710007
    },
    {
      "Date": 20240205, 
      "Value" : 17.600000
    }
  ]
}