{
  "Color": "rgb(244, 55, 244)", 
  "Point": [
    {
      "Date": 20210318, 
      "Value" : 23.139999
    },
    {
      "Date": 20220427, 
      "Value" : 8.220000
    },
    {
      "Date": 20230215, 
      "Value" : 13.460000
    }
  ]
}