{
  "Color": "rgb(244, 55, 244)", 
  "Point": [
    {
      "Date": 20231106, 
      "Value" : 95.190002
    },
    {
      "Date": 20240206, 
      "Value" : 54.099998
    }
  ]
}