{
  "Color": "rgb(244, 55, 244)", 
  "Point": [
    {
      "Date": 20210125, 
      "Value" : 45.230000
    },
    {
      "Date": 20210901, 
      "Value" : 22.990000
    },
    {
      "Date": 20220105, 
      "Value" : 36.930000
    },
    {
      "Date": 20240709, 
      "Value" : 9.830000
    }
  ]
}