{
  "Color": "rgb(244, 55, 244)", 
  "Point": [
    {
      "Date": 20230728, 
      "Value" : 61.540001
    },
    {
      "Date": 20240206, 
      "Value" : 20.740000
    },
    {
      "Date": 20250318, 
      "Value" : 44.590000
    }
  ]
}