{
  "Color": "rgb(244, 55, 244)", 
  "Point": [
    {
      "Date": 20210315, 
      "Value" : 120.930000
    },
    {
      "Date": 20210802, 
      "Value" : 320.079987
    },
    {
      "Date": 20220427, 
      "Value" : 94.699997
    },
    {
      "Date": 20241008, 
      "Value" : 480.000000
    }
  ]
}