{
  "Color": "rgb(244, 55, 244)", 
  "Point": [
    {
      "Date": 20210910, 
      "Value" : 65.400002
    },
    {
      "Date": 20240206, 
      "Value" : 25.450001
    },
    {
      "Date": 20240509, 
      "Value" : 40.950001
    }
  ]
}