{
  "Color": "rgb(244, 55, 244)", 
  "Point": [
    {
      "Date": 20230809, 
      "Value" : 179.000000
    },
    {
      "Date": 20231219, 
      "Value" : 34.540001
    }
  ]
}