{
  "Color": "rgb(244, 55, 244)", 
  "Point": [
    {
      "Date": 20241225, 
      "Value" : 88.000000
    },
    {
      "Date": 20250516, 
      "Value" : 58.480000
    }
  ]
}