{
  "Color": "rgb(244, 55, 244)", 
  "Point": [
    {
      "Date": 20210204, 
      "Value" : 13.470000
    },
    {
      "Date": 20211124, 
      "Value" : 32.299999
    },
    {
      "Date": 20220427, 
      "Value" : 12.900000
    },
    {
      "Date": 20230629, 
      "Value" : 43.310001
    }
  ]
}