{
  "Color": "rgb(244, 55, 244)", 
  "Point": [
    {
      "Date": 20210430, 
      "Value" : 13.550000
    },
    {
      "Date": 20220824, 
      "Value" : 31.790001
    },
    {
      "Date": 20240207, 
      "Value" : 11.200000
    }
  ]
}