{
  "Color": "rgb(244, 55, 244)", 
  "Point": [
    {
      "Date": 20210910, 
      "Value" : 65.050003
    },
    {
      "Date": 20240206, 
      "Value" : 25.100000
    },
    {
      "Date": 20250417, 
      "Value" : 54.959999
    }
  ]
}