{
  "Color": "rgb(244, 55, 244)", 
  "Point": [
    {
      "Date": 20230901, 
      "Value" : 85.000000
    },
    {
      "Date": 20240206, 
      "Value" : 22.139999
    }
  ]
}