{
  "Color": "rgb(244, 55, 244)", 
  "Point": [
    {
      "Date": 20210223, 
      "Value" : 42.090000
    },
    {
      "Date": 20240208, 
      "Value" : 5.860000
    }
  ]
}