{
  "Color": "rgb(244, 55, 244)", 
  "Point": [
    {
      "Date": 20210428, 
      "Value" : 17.480000
    },
    {
      "Date": 20211112, 
      "Value" : 70.080002
    },
    {
      "Date": 20240206, 
      "Value" : 15.400000
    },
    {
      "Date": 20240513, 
      "Value" : 28.370001
    }
  ]
}