{
  "Color": "rgb(244, 55, 244)", 
  "Point": [
    {
      "Date": 20210628, 
      "Value" : 626.979980
    },
    {
      "Date": 20231024, 
      "Value" : 107.080002
    }
  ]
}