{
  "Color": "rgb(244, 55, 244)", 
  "Point": [
    {
      "Date": 20210726, 
      "Value" : 30.160000
    },
    {
      "Date": 20220427, 
      "Value" : 12.030000
    },
    {
      "Date": 20240328, 
      "Value" : 38.400002
    },
    {
      "Date": 20240705, 
      "Value" : 21.299999
    }
  ]
}