{
  "Color": "rgb(244, 55, 244)", 
  "Point": [
    {
      "Date": 20231117, 
      "Value" : 29.260000
    },
    {
      "Date": 20231221, 
      "Value" : 18.180000
    }
  ]
}