{
  "Color": "rgb(244, 55, 244)", 
  "Point": [
    {
      "Date": 20231129, 
      "Value" : 62.000000
    },
    {
      "Date": 20231201, 
      "Value" : 49.299999
    }
  ]
}