{
  "Color": "rgb(244, 55, 244)", 
  "Point": [
    {
      "Date": 20231031, 
      "Value" : 112.800003
    },
    {
      "Date": 20240206, 
      "Value" : 38.049999
    }
  ]
}