{
  "Color": "rgb(244, 55, 244)", 
  "Point": [
    {
      "Date": 20230901, 
      "Value" : 18.170000
    },
    {
      "Date": 20240208, 
      "Value" : 6.450000
    }
  ]
}