{
  "Color": "rgb(244, 55, 244)", 
  "Point": [
    {
      "Date": 20210208, 
      "Value" : 69.400002
    },
    {
      "Date": 20221011, 
      "Value" : 14.560000
    },
    {
      "Date": 20231206, 
      "Value" : 37.630001
    }
  ]
}