{
  "Color": "rgb(244, 55, 244)", 
  "Point": [
    {
      "Date": 20240712, 
      "Value" : 188.429993
    },
    {
      "Date": 20241108, 
      "Value" : 463.899994
    },
    {
      "Date": 20250324, 
      "Value" : 310.079987
    }
  ]
}