{
  "Color": "rgb(244, 55, 244)", 
  "Point": [
    {
      "Date": 20230718, 
      "Value" : 17.110001
    },
    {
      "Date": 20231222, 
      "Value" : 11.380000
    }
  ]
}