{
  "Color": "rgb(244, 55, 244)", 
  "Point": [
    {
      "Date": 20210208, 
      "Value" : 69.400002
    },
    {
      "Date": 20221011, 
      "Value" : 14.560000
    },
    {
      "Date": 20230414, 
      "Value" : 33.099998
    }
  ]
}