{
  "Color": "rgb(244, 55, 244)", 
  "Point": [
    {
      "Date": 20210624, 
      "Value" : 128.710007
    },
    {
      "Date": 20231221, 
      "Value" : 25.809999
    }
  ]
}