{
  "Color": "rgb(244, 55, 244)", 
  "Point": [
    {
      "Date": 20210601, 
      "Value" : 137.470001
    },
    {
      "Date": 20220926, 
      "Value" : 21.209999
    }
  ]
}