{
  "Color": "rgb(244, 55, 244)", 
  "Point": [
    {
      "Date": 20210318, 
      "Value" : 19.030001
    },
    {
      "Date": 20240206, 
      "Value" : 5.270000
    },
    {
      "Date": 20241210, 
      "Value" : 12.390000
    }
  ]
}