{
  "Color": "rgb(244, 55, 244)", 
  "Point": [
    {
      "Date": 20231018, 
      "Value" : 32.230000
    },
    {
      "Date": 20240208, 
      "Value" : 14.700000
    }
  ]
}