{
  "Color": "rgb(244, 55, 244)", 
  "Point": [
    {
      "Date": 20210125, 
      "Value" : 45.430000
    },
    {
      "Date": 20220427, 
      "Value" : 14.940000
    }
  ]
}