{
  "Color": "rgb(244, 55, 244)", 
  "Point": [
    {
      "Date": 20230809, 
      "Value" : 178.910004
    },
    {
      "Date": 20240918, 
      "Value" : 13.810000
    }
  ]
}