{
  "Color": "rgb(244, 55, 244)", 
  "Point": [
    {
      "Date": 20210120, 
      "Value" : 417.179993
    },
    {
      "Date": 20221011, 
      "Value" : 89.010002
    },
    {
      "Date": 20230412, 
      "Value" : 177.000000
    },
    {
      "Date": 20240205, 
      "Value" : 98.379997
    }
  ]
}