{
  "Color": "rgb(244, 55, 244)", 
  "Point": [
    {
      "Date": 20210810, 
      "Value" : 102.000000
    },
    {
      "Date": 20240206, 
      "Value" : 28.580000
    },
    {
      "Date": 20241121, 
      "Value" : 63.000000
    },
    {
      "Date": 20250409, 
      "Value" : 31.700001
    }
  ]
}