{
  "Color": "rgb(244, 55, 244)", 
  "Point": [
    {
      "Date": 20210910, 
      "Value" : 66.150002
    },
    {
      "Date": 20240206, 
      "Value" : 26.200001
    }
  ]
}