{
  "Color": "rgb(244, 55, 244)", 
  "Point": [
    {
      "Date": 20210315, 
      "Value" : 177.350006
    },
    {
      "Date": 20210722, 
      "Value" : 466.119995
    },
    {
      "Date": 20220427, 
      "Value" : 139.320007
    },
    {
      "Date": 20230522, 
      "Value" : 398.049988
    }
  ]
}