{
  "Color": "rgb(244, 55, 244)", 
  "Point": [
    {
      "Date": 20230726, 
      "Value" : 62.000000
    },
    {
      "Date": 20230728, 
      "Value" : 50.110001
    }
  ]
}