{
  "Color": "rgb(244, 55, 244)", 
  "Point": [
    {
      "Date": 20230728, 
      "Value" : 61.669998
    },
    {
      "Date": 20240206, 
      "Value" : 20.870001
    }
  ]
}