{
  "Color": "rgb(244, 55, 244)", 
  "Point": [
    {
      "Date": 20210628, 
      "Value" : 626.979980
    },
    {
      "Date": 20230922, 
      "Value" : 118.010002
    }
  ]
}