{
  "Color": "rgb(244, 55, 244)", 
  "Point": [
    {
      "Date": 20211029, 
      "Value" : 57.130001
    },
    {
      "Date": 20220117, 
      "Value" : 149.940002
    },
    {
      "Date": 20230825, 
      "Value" : 46.020000
    }
  ]
}