{
  "Color": "rgb(244, 55, 244)", 
  "Point": [
    {
      "Date": 20230719, 
      "Value" : 73.809998
    },
    {
      "Date": 20240206, 
      "Value" : 23.290001
    },
    {
      "Date": 20241008, 
      "Value" : 41.709999
    }
  ]
}