{
  "Color": "rgb(244, 55, 244)", 
  "Point": [
    {
      "Date": 20240924, 
      "Value" : 34.009998
    },
    {
      "Date": 20241114, 
      "Value" : 70.690002
    }
  ]
}