{
  "Color": "rgb(244, 55, 244)", 
  "Point": [
    {
      "Date": 20210428, 
      "Value" : 17.980000
    },
    {
      "Date": 20211112, 
      "Value" : 70.580002
    },
    {
      "Date": 20240206, 
      "Value" : 15.900000
    }
  ]
}