{
  "Color": "rgb(244, 55, 244)", 
  "Point": [
    {
      "Date": 20230608, 
      "Value" : 120.000000
    },
    {
      "Date": 20230728, 
      "Value" : 86.830002
    }
  ]
}