{
  "Color": "rgb(244, 55, 244)", 
  "Point": [
    {
      "Date": 20210315, 
      "Value" : 21.260000
    },
    {
      "Date": 20211123, 
      "Value" : 58.310001
    },
    {
      "Date": 20221012, 
      "Value" : 21.370001
    },
    {
      "Date": 20230412, 
      "Value" : 30.660000
    }
  ]
}