{
  "Color": "rgb(244, 55, 244)", 
  "Point": [
    {
      "Date": 20230818, 
      "Value" : 96.989998
    },
    {
      "Date": 20230922, 
      "Value" : 51.980000
    }
  ]
}