{
  "Color": "rgb(244, 55, 244)", 
  "Point": [
    {
      "Date": 20210401, 
      "Value" : 38.009998
    },
    {
      "Date": 20211206, 
      "Value" : 96.000000
    },
    {
      "Date": 20220427, 
      "Value" : 36.230000
    }
  ]
}