{
  "Color": "rgb(244, 55, 244)", 
  "Point": [
    {
      "Date": 20211117, 
      "Value" : 25.209999
    },
    {
      "Date": 20240208, 
      "Value" : 7.420000
    }
  ]
}