{
  "Color": "rgb(244, 55, 244)", 
  "Point": [
    {
      "Date": 20210208, 
      "Value" : 22.309999
    },
    {
      "Date": 20230620, 
      "Value" : 123.120003
    },
    {
      "Date": 20231103, 
      "Value" : 42.980000
    }
  ]
}