{
  "Color": "rgb(244, 55, 244)", 
  "Point": [
    {
      "Date": 20230901, 
      "Value" : 84.940002
    },
    {
      "Date": 20240206, 
      "Value" : 22.080000
    }
  ]
}