{
  "Color": "rgb(244, 55, 244)", 
  "Point": [
    {
      "Date": 20210430, 
      "Value" : 45.700001
    },
    {
      "Date": 20210830, 
      "Value" : 122.540001
    },
    {
      "Date": 20240205, 
      "Value" : 32.389999
    }
  ]
}