{
  "Color": "rgb(244, 55, 244)", 
  "Point": [
    {
      "Date": 20230608, 
      "Value" : 118.419998
    },
    {
      "Date": 20240206, 
      "Value" : 48.740002
    }
  ]
}