{
  "Color": "rgb(244, 55, 244)", 
  "Point": [
    {
      "Date": 20210628, 
      "Value" : 124.250000
    },
    {
      "Date": 20220428, 
      "Value" : 24.580000
    },
    {
      "Date": 20230724, 
      "Value" : 51.480000
    }
  ]
}