{
  "Color": "rgb(244, 55, 244)", 
  "Point": [
    {
      "Date": 20210331, 
      "Value" : 21.730000
    },
    {
      "Date": 20220427, 
      "Value" : 8.070000
    },
    {
      "Date": 20221122, 
      "Value" : 29.139999
    },
    {
      "Date": 20240828, 
      "Value" : 4.900000
    }
  ]
}