{
  "Color": "rgb(244, 55, 244)", 
  "Point": [
    {
      "Date": 20210315, 
      "Value" : 21.260000
    },
    {
      "Date": 20211123, 
      "Value" : 58.310001
    },
    {
      "Date": 20240206, 
      "Value" : 13.210000
    }
  ]
}