{
  "Color": "rgb(244, 55, 244)", 
  "Point": [
    {
      "Date": 20201231, 
      "Value" : 132.250000
    },
    {
      "Date": 20210701, 
      "Value" : 323.390015
    },
    {
      "Date": 20240923, 
      "Value" : 42.630001
    },
    {
      "Date": 20250311, 
      "Value" : 107.970001
    }
  ]
}