{
  "Color": "rgb(244, 55, 244)", 
  "Point": [
    {
      "Date": 20210616, 
      "Value" : 30.020000
    },
    {
      "Date": 20220427, 
      "Value" : 10.810000
    },
    {
      "Date": 20230302, 
      "Value" : 19.889999
    },
    {
      "Date": 20240207, 
      "Value" : 7.250000
    }
  ]
}