{
  "Color": "rgb(244, 55, 244)", 
  "Point": [
    {
      "Date": 20210201, 
      "Value" : 71.220001
    },
    {
      "Date": 20220426, 
      "Value" : 18.330000
    },
    {
      "Date": 20230508, 
      "Value" : 48.220001
    },
    {
      "Date": 20240206, 
      "Value" : 24.900000
    }
  ]
}