{
  "Color": "rgb(244, 55, 244)", 
  "Point": [
    {
      "Date": 20210204, 
      "Value" : 13.050000
    },
    {
      "Date": 20211124, 
      "Value" : 31.870001
    },
    {
      "Date": 20220427, 
      "Value" : 12.470000
    },
    {
      "Date": 20250226, 
      "Value" : 72.629997
    }
  ]
}