{
  "Color": "rgb(244, 55, 244)", 
  "Point": [
    {
      "Date": 20230714, 
      "Value" : 71.360001
    },
    {
      "Date": 20240206, 
      "Value" : 21.250000
    },
    {
      "Date": 20241114, 
      "Value" : 101.230003
    },
    {
      "Date": 20250409, 
      "Value" : 53.700001
    }
  ]
}