{
  "Color": "rgb(244, 55, 244)", 
  "Point": [
    {
      "Date": 20230901, 
      "Value" : 84.940002
    },
    {
      "Date": 20240206, 
      "Value" : 22.080000
    },
    {
      "Date": 20241108, 
      "Value" : 54.480000
    },
    {
      "Date": 20250409, 
      "Value" : 28.400000
    }
  ]
}