{
  "Color": "rgb(244, 55, 244)", 
  "Point": [
    {
      "Date": 20210719, 
      "Value" : 83.309998
    },
    {
      "Date": 20211224, 
      "Value" : 199.570007
    },
    {
      "Date": 20240918, 
      "Value" : 29.809999
    }
  ]
}