{
  "Color": "rgb(244, 55, 244)", 
  "Point": [
    {
      "Date": 20211029, 
      "Value" : 55.630001
    },
    {
      "Date": 20220117, 
      "Value" : 148.440002
    },
    {
      "Date": 20230825, 
      "Value" : 44.520000
    }
  ]
}