{
  "Color": "rgb(244, 55, 244)", 
  "Point": [
    {
      "Date": 20210416, 
      "Value" : 101.959999
    },
    {
      "Date": 20211119, 
      "Value" : 361.359985
    },
    {
      "Date": 20240923, 
      "Value" : 23.000000
    },
    {
      "Date": 20250318, 
      "Value" : 49.880001
    }
  ]
}