{
  "Color": "rgb(244, 55, 244)", 
  "Point": [
    {
      "Date": 20210209, 
      "Value" : 43.919998
    },
    {
      "Date": 20211130, 
      "Value" : 192.850006
    },
    {
      "Date": 20230828, 
      "Value" : 67.500000
    }
  ]
}