{
  "Color": "rgb(244, 55, 244)", 
  "Point": [
    {
      "Date": 20210804, 
      "Value" : 78.919998
    },
    {
      "Date": 20220428, 
      "Value" : 23.110001
    },
    {
      "Date": 20230616, 
      "Value" : 51.500000
    }
  ]
}