{
  "Color": "rgb(244, 55, 244)", 
  "Point": [
    {
      "Date": 20231106, 
      "Value" : 63.810001
    },
    {
      "Date": 20240918, 
      "Value" : 26.950001
    }
  ]
}