{
  "Color": "rgb(244, 55, 244)", 
  "Point": [
    {
      "Date": 20231106, 
      "Value" : 64.510002
    },
    {
      "Date": 20240918, 
      "Value" : 27.650000
    }
  ]
}