{
  "Color": "rgb(244, 55, 244)", 
  "Point": [
    {
      "Date": 20201230, 
      "Value" : 38.560001
    },
    {
      "Date": 20220427, 
      "Value" : 13.920000
    },
    {
      "Date": 20231011, 
      "Value" : 52.380001
    }
  ]
}