{
  "Color": "rgb(244, 55, 244)", 
  "Point": [
    {
      "Date": 20220427, 
      "Value" : 12.600000
    },
    {
      "Date": 20221026, 
      "Value" : 44.290001
    },
    {
      "Date": 20230609, 
      "Value" : 26.299999
    },
    {
      "Date": 20240528, 
      "Value" : 64.129997
    }
  ]
}