{
  "Color": "rgb(244, 55, 244)", 
  "Point": [
    {
      "Date": 20210204, 
      "Value" : 13.190000
    },
    {
      "Date": 20211124, 
      "Value" : 32.020000
    },
    {
      "Date": 20220427, 
      "Value" : 12.620000
    },
    {
      "Date": 20231120, 
      "Value" : 44.720001
    }
  ]
}