{
  "Color": "rgb(244, 55, 244)", 
  "Point": [
    {
      "Date": 20210810, 
      "Value" : 102.599998
    },
    {
      "Date": 20221226, 
      "Value" : 37.259998
    }
  ]
}