{
  "Color": "rgb(244, 55, 244)", 
  "Point": [
    {
      "Date": 20200710, 
      "Value" : 39.950001
    },
    {
      "Date": 20220427, 
      "Value" : 9.760000
    },
    {
      "Date": 20221019, 
      "Value" : 36.790001
    },
    {
      "Date": 20231026, 
      "Value" : 17.070000
    }
  ]
}