{
  "Color": "rgb(244, 55, 244)", 
  "Point": [
    {
      "Date": 20210315, 
      "Value" : 21.059999
    },
    {
      "Date": 20211123, 
      "Value" : 58.110001
    },
    {
      "Date": 20240206, 
      "Value" : 13.010000
    },
    {
      "Date": 20241112, 
      "Value" : 27.389999
    }
  ]
}