{
  "Color": "rgb(244, 55, 244)", 
  "Point": [
    {
      "Date": 20210702, 
      "Value" : 8.450000
    },
    {
      "Date": 20211104, 
      "Value" : 15.550000
    },
    {
      "Date": 20240718, 
      "Value" : 2.770000
    }
  ]
}