{
  "Color": "rgb(244, 55, 244)", 
  "Point": [
    {
      "Date": 20210510, 
      "Value" : 25.320000
    },
    {
      "Date": 20211125, 
      "Value" : 73.180000
    },
    {
      "Date": 20231026, 
      "Value" : 29.650000
    }
  ]
}