{
  "Color": "rgb(244, 55, 244)", 
  "Point": [
    {
      "Date": 20210401, 
      "Value" : 38.810001
    },
    {
      "Date": 20211206, 
      "Value" : 96.800003
    },
    {
      "Date": 20220427, 
      "Value" : 37.029999
    }
  ]
}