{
  "Color": "rgb(244, 55, 244)", 
  "Point": [
    {
      "Date": 20230728, 
      "Value" : 62.000000
    },
    {
      "Date": 20231221, 
      "Value" : 35.150002
    }
  ]
}