{
  "Color": "rgb(244, 55, 244)", 
  "Point": [
    {
      "Date": 20230726, 
      "Value" : 61.139999
    },
    {
      "Date": 20240924, 
      "Value" : 17.420000
    },
    {
      "Date": 20250312, 
      "Value" : 33.790001
    }
  ]
}