{
  "Color": "rgb(244, 55, 244)", 
  "Point": [
    {
      "Date": 20240416, 
      "Value" : 43.900002
    },
    {
      "Date": 20240613, 
      "Value" : 66.500000
    }
  ]
}