{
  "Color": "rgb(244, 55, 244)", 
  "Point": [
    {
      "Date": 20230726, 
      "Value" : 61.400002
    },
    {
      "Date": 20240924, 
      "Value" : 17.680000
    }
  ]
}