{
  "Color": "rgb(244, 55, 244)", 
  "Point": [
    {
      "Date": 20210628, 
      "Value" : 626.979980
    },
    {
      "Date": 20231221, 
      "Value" : 105.010002
    }
  ]
}