{
  "Color": "rgb(244, 55, 244)", 
  "Point": [
    {
      "Date": 20210719, 
      "Value" : 83.589996
    },
    {
      "Date": 20211224, 
      "Value" : 199.850006
    },
    {
      "Date": 20230426, 
      "Value" : 63.900002
    },
    {
      "Date": 20231108, 
      "Value" : 105.699997
    }
  ]
}