{
  "Color": "rgb(244, 55, 244)", 
  "Point": [
    {
      "Date": 20240712, 
      "Value" : 188.929993
    },
    {
      "Date": 20241008, 
      "Value" : 375.100006
    }
  ]
}