{
  "Color": "rgb(244, 55, 244)", 
  "Point": [
    {
      "Date": 20210330, 
      "Value" : 24.129999
    },
    {
      "Date": 20211124, 
      "Value" : 99.080002
    },
    {
      "Date": 20240208, 
      "Value" : 18.180000
    },
    {
      "Date": 20250224, 
      "Value" : 60.959999
    }
  ]
}