{
  "Color": "rgb(244, 55, 244)", 
  "Point": [
    {
      "Date": 20210628, 
      "Value" : 123.720001
    },
    {
      "Date": 20240923, 
      "Value" : 21.709999
    }
  ]
}