{
  "Color": "rgb(244, 55, 244)", 
  "Point": [
    {
      "Date": 20210416, 
      "Value" : 102.080002
    },
    {
      "Date": 20211119, 
      "Value" : 361.480011
    },
    {
      "Date": 20231219, 
      "Value" : 52.340000
    }
  ]
}