{
  "Color": "rgb(244, 55, 244)", 
  "Point": [
    {
      "Date": 20201225, 
      "Value" : 22.290001
    },
    {
      "Date": 20240718, 
      "Value" : 6.180000
    }
  ]
}