{
  "Color": "rgb(244, 55, 244)", 
  "Point": [
    {
      "Date": 20210810, 
      "Value" : 102.000000
    },
    {
      "Date": 20240206, 
      "Value" : 28.580000
    },
    {
      "Date": 20241009, 
      "Value" : 55.810001
    }
  ]
}