{
  "Color": "rgb(244, 55, 244)", 
  "Point": [
    {
      "Date": 20210301, 
      "Value" : 101.449997
    },
    {
      "Date": 20240208, 
      "Value" : 18.230000
    }
  ]
}