{
  "Color": "rgb(244, 55, 244)", 
  "Point": [
    {
      "Date": 20211117, 
      "Value" : 35.599998
    },
    {
      "Date": 20240208, 
      "Value" : 10.690000
    }
  ]
}