{
  "Color": "rgb(244, 55, 244)", 
  "Point": [
    {
      "Date": 20210330, 
      "Value" : 31.450001
    },
    {
      "Date": 20211124, 
      "Value" : 128.889999
    }
  ]
}