{
  "Color": "rgb(244, 55, 244)", 
  "Point": [
    {
      "Date": 20210430, 
      "Value" : 13.490000
    },
    {
      "Date": 20220824, 
      "Value" : 31.730000
    },
    {
      "Date": 20240207, 
      "Value" : 11.140000
    }
  ]
}