{
  "Color": "rgb(244, 55, 244)", 
  "Point": [
    {
      "Date": 20201231, 
      "Value" : 132.910004
    },
    {
      "Date": 20210701, 
      "Value" : 324.049988
    },
    {
      "Date": 20220427, 
      "Value" : 82.980003
    }
  ]
}