{
  "Color": "rgb(244, 55, 244)", 
  "Point": [
    {
      "Date": 20240612, 
      "Value" : 313.329987
    },
    {
      "Date": 20240712, 
      "Value" : 190.029999
    }
  ]
}