{
  "Color": "rgb(244, 55, 244)", 
  "Point": [
    {
      "Date": 20210917, 
      "Value" : 28.790001
    },
    {
      "Date": 20220427, 
      "Value" : 9.670000
    },
    {
      "Date": 20230208, 
      "Value" : 31.389999
    },
    {
      "Date": 20231221, 
      "Value" : 18.030001
    }
  ]
}