{
  "Color": "rgb(244, 55, 244)", 
  "Point": [
    {
      "Date": 20211029, 
      "Value" : 54.130001
    },
    {
      "Date": 20220117, 
      "Value" : 146.940002
    },
    {
      "Date": 20230825, 
      "Value" : 43.020000
    },
    {
      "Date": 20250306, 
      "Value" : 84.720001
    }
  ]
}