{
  "Color": "rgb(244, 55, 244)", 
  "Point": [
    {
      "Date": 20210726, 
      "Value" : 39.290001
    },
    {
      "Date": 20220427, 
      "Value" : 15.710000
    }
  ]
}