{
  "Color": "rgb(244, 55, 244)", 
  "Point": [
    {
      "Date": 20231031, 
      "Value" : 112.430000
    },
    {
      "Date": 20240709, 
      "Value" : 37.000000
    }
  ]
}