{
  "Color": "rgb(244, 55, 244)", 
  "Point": [
    {
      "Date": 20220427, 
      "Value" : 13.050000
    },
    {
      "Date": 20221026, 
      "Value" : 44.740002
    },
    {
      "Date": 20230609, 
      "Value" : 26.750000
    }
  ]
}