{
  "Color": "rgb(244, 55, 244)", 
  "Point": [
    {
      "Date": 20210511, 
      "Value" : 27.180000
    },
    {
      "Date": 20220428, 
      "Value" : 9.820000
    },
    {
      "Date": 20230619, 
      "Value" : 19.299999
    }
  ]
}