{
  "Color": "rgb(244, 55, 244)", 
  "Point": [
    {
      "Date": 20210201, 
      "Value" : 84.589996
    },
    {
      "Date": 20220526, 
      "Value" : 17.270000
    }
  ]
}