{
  "Color": "rgb(244, 55, 244)", 
  "Point": [
    {
      "Date": 20210507, 
      "Value" : 37.029999
    },
    {
      "Date": 20210804, 
      "Value" : 101.410004
    },
    {
      "Date": 20240208, 
      "Value" : 21.559999
    }
  ]
}