{
  "Color": "rgb(244, 55, 244)", 
  "Point": [
    {
      "Date": 20210430, 
      "Value" : 45.700001
    },
    {
      "Date": 20210830, 
      "Value" : 122.540001
    },
    {
      "Date": 20230615, 
      "Value" : 43.000000
    },
    {
      "Date": 20231121, 
      "Value" : 65.389999
    }
  ]
}