{
  "Color": "rgb(244, 55, 244)", 
  "Point": [
    {
      "Date": 20210624, 
      "Value" : 128.660004
    },
    {
      "Date": 20240920, 
      "Value" : 13.230000
    }
  ]
}