{
  "Color": "rgb(244, 55, 244)", 
  "Point": [
    {
      "Date": 20210507, 
      "Value" : 36.950001
    },
    {
      "Date": 20210804, 
      "Value" : 101.330002
    },
    {
      "Date": 20240208, 
      "Value" : 21.480000
    }
  ]
}