{
  "Color": "rgb(244, 55, 244)", 
  "Point": [
    {
      "Date": 20210318, 
      "Value" : 23.139999
    },
    {
      "Date": 20240206, 
      "Value" : 6.620000
    }
  ]
}