{
  "Color": "rgb(244, 55, 244)", 
  "Point": [
    {
      "Date": 20210628, 
      "Value" : 626.679993
    },
    {
      "Date": 20240829, 
      "Value" : 50.709999
    }
  ]
}