{
  "Color": "rgb(244, 55, 244)", 
  "Point": [
    {
      "Date": 20210201, 
      "Value" : 71.519997
    },
    {
      "Date": 20220426, 
      "Value" : 18.629999
    },
    {
      "Date": 20230508, 
      "Value" : 48.520000
    },
    {
      "Date": 20240206, 
      "Value" : 25.200001
    }
  ]
}