{
  "Color": "rgb(244, 55, 244)", 
  "Point": [
    {
      "Date": 20230818, 
      "Value" : 96.820000
    },
    {
      "Date": 20240416, 
      "Value" : 20.330000
    }
  ]
}