{
  "Color": "rgb(244, 55, 244)", 
  "Point": [
    {
      "Date": 20240208, 
      "Value" : 14.650000
    },
    {
      "Date": 20241021, 
      "Value" : 43.799999
    }
  ]
}