{
  "Color": "rgb(244, 55, 244)", 
  "Point": [
    {
      "Date": 20201230, 
      "Value" : 57.590000
    },
    {
      "Date": 20220427, 
      "Value" : 21.110001
    },
    {
      "Date": 20230328, 
      "Value" : 76.800003
    }
  ]
}