{
  "Color": "rgb(244, 55, 244)", 
  "Point": [
    {
      "Date": 20210120, 
      "Value" : 417.019989
    },
    {
      "Date": 20221011, 
      "Value" : 88.849998
    },
    {
      "Date": 20230412, 
      "Value" : 176.839996
    },
    {
      "Date": 20240205, 
      "Value" : 98.220001
    }
  ]
}