{
  "Color": "rgb(244, 55, 244)", 
  "Point": [
    {
      "Date": 20210507, 
      "Value" : 37.150002
    },
    {
      "Date": 20210804, 
      "Value" : 101.529999
    },
    {
      "Date": 20220427, 
      "Value" : 38.810001
    },
    {
      "Date": 20220816, 
      "Value" : 75.459999
    }
  ]
}