{
  "Color": "rgb(244, 55, 244)", 
  "Point": [
    {
      "Date": 20230608, 
      "Value" : 118.160004
    },
    {
      "Date": 20240913, 
      "Value" : 44.910000
    }
  ]
}