{
  "Color": "rgb(244, 55, 244)", 
  "Point": [
    {
      "Date": 20201230, 
      "Value" : 32.830002
    },
    {
      "Date": 20210702, 
      "Value" : 275.029999
    },
    {
      "Date": 20221011, 
      "Value" : 41.709999
    },
    {
      "Date": 20230406, 
      "Value" : 75.800003
    }
  ]
}