{
  "Color": "rgb(244, 55, 244)", 
  "Point": [
    {
      "Date": 20230809, 
      "Value" : 179.000000
    },
    {
      "Date": 20230817, 
      "Value" : 38.330002
    }
  ]
}