{
  "Color": "rgb(244, 55, 244)", 
  "Point": [
    {
      "Date": 20210125, 
      "Value" : 45.430000
    },
    {
      "Date": 20210901, 
      "Value" : 23.190001
    },
    {
      "Date": 20220105, 
      "Value" : 37.130001
    },
    {
      "Date": 20240208, 
      "Value" : 10.330000
    }
  ]
}