{
  "Color": "rgb(244, 55, 244)", 
  "Point": [
    {
      "Date": 20231024, 
      "Value" : 76.790001
    },
    {
      "Date": 20231106, 
      "Value" : 95.190002
    }
  ]
}