{
  "Color": "rgb(244, 55, 244)", 
  "Point": [
    {
      "Date": 20210208, 
      "Value" : 15.580000
    },
    {
      "Date": 20230620, 
      "Value" : 87.589996
    },
    {
      "Date": 20240205, 
      "Value" : 19.370001
    },
    {
      "Date": 20250123, 
      "Value" : 62.660000
    }
  ]
}