{
  "Color": "rgb(244, 55, 244)", 
  "Point": [
    {
      "Date": 20210507, 
      "Value" : 37.150002
    },
    {
      "Date": 20210804, 
      "Value" : 101.529999
    },
    {
      "Date": 20240208, 
      "Value" : 21.680000
    }
  ]
}