{
  "Color": "rgb(244, 55, 244)", 
  "Point": [
    {
      "Date": 20231115, 
      "Value" : 41.830002
    },
    {
      "Date": 20231222, 
      "Value" : 26.170000
    }
  ]
}