{
  "Color": "rgb(244, 55, 244)", 
  "Point": [
    {
      "Date": 20210910, 
      "Value" : 66.750000
    },
    {
      "Date": 20220426, 
      "Value" : 30.430000
    },
    {
      "Date": 20220914, 
      "Value" : 60.849998
    },
    {
      "Date": 20230627, 
      "Value" : 35.840000
    }
  ]
}