{
  "Color": "rgb(244, 55, 244)", 
  "Point": [
    {
      "Date": 20210913, 
      "Value" : 97.870003
    },
    {
      "Date": 20220428, 
      "Value" : 23.809999
    }
  ]
}