{
  "Color": "rgb(244, 55, 244)", 
  "Point": [
    {
      "Date": 20230712, 
      "Value" : 84.199997
    },
    {
      "Date": 20240206, 
      "Value" : 34.070000
    }
  ]
}