{
  "Color": "rgb(244, 55, 244)", 
  "Point": [
    {
      "Date": 20201230, 
      "Value" : 32.830002
    },
    {
      "Date": 20210702, 
      "Value" : 275.029999
    },
    {
      "Date": 20230829, 
      "Value" : 36.560001
    }
  ]
}