{
  "Color": "rgb(244, 55, 244)", 
  "Point": [
    {
      "Date": 20240313, 
      "Value" : 54.759998
    },
    {
      "Date": 20240918, 
      "Value" : 22.879999
    }
  ]
}