{
  "Color": "rgb(244, 55, 244)", 
  "Point": [
    {
      "Date": 20210521, 
      "Value" : 8.140000
    },
    {
      "Date": 20210624, 
      "Value" : 21.480000
    },
    {
      "Date": 20220427, 
      "Value" : 6.480000
    },
    {
      "Date": 20230620, 
      "Value" : 12.330000
    }
  ]
}