{
  "Color": "rgb(244, 55, 244)", 
  "Point": [
    {
      "Date": 20231115, 
      "Value" : 41.669998
    },
    {
      "Date": 20240206, 
      "Value" : 18.980000
    }
  ]
}