{
  "Color": "rgb(244, 55, 244)", 
  "Point": [
    {
      "Date": 20230712, 
      "Value" : 60.040001
    },
    {
      "Date": 20240206, 
      "Value" : 24.240000
    }
  ]
}