{
  "Color": "rgb(244, 55, 244)", 
  "Point": [
    {
      "Date": 20240313, 
      "Value" : 54.759998
    },
    {
      "Date": 20240718, 
      "Value" : 28.910000
    }
  ]
}