{
  "Color": "rgb(244, 55, 244)", 
  "Point": [
    {
      "Date": 20210301, 
      "Value" : 101.849998
    },
    {
      "Date": 20220427, 
      "Value" : 27.719999
    },
    {
      "Date": 20230301, 
      "Value" : 45.209999
    },
    {
      "Date": 20230817, 
      "Value" : 32.060001
    }
  ]
}