{
  "Color": "rgb(244, 55, 244)", 
  "Point": [
    {
      "Date": 20210804, 
      "Value" : 78.919998
    },
    {
      "Date": 20240718, 
      "Value" : 10.800000
    }
  ]
}