{
  "Color": "rgb(244, 55, 244)", 
  "Point": [
    {
      "Date": 20210913, 
      "Value" : 97.870003
    },
    {
      "Date": 20240709, 
      "Value" : 14.230000
    },
    {
      "Date": 20250402, 
      "Value" : 103.459999
    }
  ]
}