{
  "Color": "rgb(244, 55, 244)", 
  "Point": [
    {
      "Date": 20210209, 
      "Value" : 30.110001
    },
    {
      "Date": 20211130, 
      "Value" : 134.259995
    },
    {
      "Date": 20240718, 
      "Value" : 24.410000
    }
  ]
}