{
  "Color": "rgb(244, 55, 244)", 
  "Point": [
    {
      "Date": 20210917, 
      "Value" : 28.190001
    },
    {
      "Date": 20220427, 
      "Value" : 9.070000
    },
    {
      "Date": 20230208, 
      "Value" : 30.790001
    },
    {
      "Date": 20240205, 
      "Value" : 11.210000
    }
  ]
}