{
  "Color": "rgb(244, 55, 244)", 
  "Point": [
    {
      "Date": 20230728, 
      "Value" : 62.000000
    },
    {
      "Date": 20240206, 
      "Value" : 21.200001
    }
  ]
}