{
  "Color": "rgb(244, 55, 244)", 
  "Point": [
    {
      "Date": 20230714, 
      "Value" : 103.809998
    },
    {
      "Date": 20230825, 
      "Value" : 63.980000
    }
  ]
}