{
  "Color": "rgb(244, 55, 244)", 
  "Point": [
    {
      "Date": 20210201, 
      "Value" : 84.540001
    },
    {
      "Date": 20240207, 
      "Value" : 9.660000
    }
  ]
}