{
  "Color": "rgb(244, 55, 244)", 
  "Point": [
    {
      "Date": 20230718, 
      "Value" : 17.110001
    },
    {
      "Date": 20240206, 
      "Value" : 6.550000
    }
  ]
}