{
  "Color": "rgb(244, 55, 244)", 
  "Point": [
    {
      "Date": 20240206, 
      "Value" : 20.469999
    },
    {
      "Date": 20241025, 
      "Value" : 127.970001
    }
  ]
}