{
  "Color": "rgb(244, 55, 244)", 
  "Point": [
    {
      "Date": 20210804, 
      "Value" : 78.919998
    },
    {
      "Date": 20240923, 
      "Value" : 9.410000
    }
  ]
}