{
  "Color": "rgb(244, 55, 244)", 
  "Point": [
    {
      "Date": 20210826, 
      "Value" : 98.709999
    },
    {
      "Date": 20220427, 
      "Value" : 35.200001
    },
    {
      "Date": 20230417, 
      "Value" : 104.250000
    },
    {
      "Date": 20240206, 
      "Value" : 17.299999
    }
  ]
}