{
  "Color": "rgb(244, 55, 244)", 
  "Point": [
    {
      "Date": 20240918, 
      "Value" : 22.520000
    },
    {
      "Date": 20241009, 
      "Value" : 45.980000
    }
  ]
}