{
  "Color": "rgb(244, 55, 244)", 
  "Point": [
    {
      "Date": 20231220, 
      "Value" : 52.570000
    },
    {
      "Date": 20240718, 
      "Value" : 17.959999
    }
  ]
}