{
  "Color": "rgb(244, 55, 244)", 
  "Point": [
    {
      "Date": 20211130, 
      "Value" : 227.630005
    },
    {
      "Date": 20240205, 
      "Value" : 71.519997
    }
  ]
}