{
  "Color": "rgb(244, 55, 244)", 
  "Point": [
    {
      "Date": 20210615, 
      "Value" : 14.350000
    },
    {
      "Date": 20221109, 
      "Value" : 94.010002
    },
    {
      "Date": 20240923, 
      "Value" : 16.990000
    },
    {
      "Date": 20250317, 
      "Value" : 46.560001
    }
  ]
}