{
  "Color": "rgb(244, 55, 244)", 
  "Point": [
    {
      "Date": 20210830, 
      "Value" : 108.900002
    },
    {
      "Date": 20240206, 
      "Value" : 14.430000
    }
  ]
}