{
  "Color": "rgb(244, 55, 244)", 
  "Point": [
    {
      "Date": 20240112, 
      "Value" : 124.059998
    },
    {
      "Date": 20240704, 
      "Value" : 39.060001
    }
  ]
}