{
  "Color": "rgb(244, 55, 244)", 
  "Point": [
    {
      "Date": 20241029, 
      "Value" : 100.000000
    },
    {
      "Date": 20241030, 
      "Value" : 61.610001
    }
  ]
}