{
  "Color": "rgb(244, 55, 244)", 
  "Point": [
    {
      "Date": 20220922, 
      "Value" : 189.220001
    },
    {
      "Date": 20240205, 
      "Value" : 50.650002
    }
  ]
}