{
  "Color": "rgb(244, 55, 244)", 
  "Point": [
    {
      "Date": 20220114, 
      "Value" : 146.500000
    },
    {
      "Date": 20240206, 
      "Value" : 21.430000
    },
    {
      "Date": 20241008, 
      "Value" : 35.110001
    }
  ]
}