{
  "Color": "rgb(244, 55, 244)", 
  "Point": [
    {
      "Date": 20210816, 
      "Value" : 200.139999
    },
    {
      "Date": 20221031, 
      "Value" : 55.000000
    },
    {
      "Date": 20230407, 
      "Value" : 98.489998
    },
    {
      "Date": 20240206, 
      "Value" : 45.000000
    }
  ]
}