{
  "Color": "rgb(244, 55, 244)", 
  "Point": [
    {
      "Date": 20210927, 
      "Value" : 33.110001
    },
    {
      "Date": 20220719, 
      "Value" : 82.180000
    },
    {
      "Date": 20240206, 
      "Value" : 11.460000
    }
  ]
}