{
  "Color": "rgb(244, 55, 244)", 
  "Point": [
    {
      "Date": 20220425, 
      "Value" : 9.550000
    },
    {
      "Date": 20221124, 
      "Value" : 22.660000
    },
    {
      "Date": 20230926, 
      "Value" : 13.700000
    }
  ]
}