{
  "Color": "rgb(244, 55, 244)", 
  "Point": [
    {
      "Date": 20220922, 
      "Value" : 189.220001
    },
    {
      "Date": 20230825, 
      "Value" : 62.430000
    }
  ]
}