{
  "Color": "rgb(244, 55, 244)", 
  "Point": [
    {
      "Date": 20231023, 
      "Value" : 23.840000
    },
    {
      "Date": 20231220, 
      "Value" : 52.770000
    }
  ]
}