{
  "Color": "rgb(244, 55, 244)", 
  "Point": [
    {
      "Date": 20211124, 
      "Value" : 115.040001
    },
    {
      "Date": 20240206, 
      "Value" : 21.850000
    }
  ]
}