{
  "Color": "rgb(244, 55, 244)", 
  "Point": [
    {
      "Date": 20211022, 
      "Value" : 50.139999
    },
    {
      "Date": 20220428, 
      "Value" : 20.090000
    },
    {
      "Date": 20231030, 
      "Value" : 37.860001
    }
  ]
}