{
  "Color": "rgb(244, 55, 244)", 
  "Point": [
    {
      "Date": 20210830, 
      "Value" : 108.800003
    },
    {
      "Date": 20240709, 
      "Value" : 13.220000
    }
  ]
}