{
  "Color": "rgb(244, 55, 244)", 
  "Point": [
    {
      "Date": 20210916, 
      "Value" : 19.809999
    },
    {
      "Date": 20230424, 
      "Value" : 7.850000
    }
  ]
}