{
  "Color": "rgb(244, 55, 244)", 
  "Point": [
    {
      "Date": 20211028, 
      "Value" : 87.989998
    },
    {
      "Date": 20240205, 
      "Value" : 24.610001
    }
  ]
}