{
  "Color": "rgb(244, 55, 244)", 
  "Point": [
    {
      "Date": 20231212, 
      "Value" : 69.709999
    },
    {
      "Date": 20240208, 
      "Value" : 23.330000
    },
    {
      "Date": 20241111, 
      "Value" : 62.770000
    },
    {
      "Date": 20250409, 
      "Value" : 31.000000
    }
  ]
}