{
  "Color": "rgb(244, 55, 244)", 
  "Point": [
    {
      "Date": 20231208, 
      "Value" : 55.180000
    },
    {
      "Date": 20231212, 
      "Value" : 69.900002
    }
  ]
}