{
  "Color": "rgb(244, 55, 244)", 
  "Point": [
    {
      "Date": 20210715, 
      "Value" : 131.779999
    },
    {
      "Date": 20220926, 
      "Value" : 24.049999
    },
    {
      "Date": 20230731, 
      "Value" : 46.230000
    },
    {
      "Date": 20240206, 
      "Value" : 21.000000
    }
  ]
}