{
  "Color": "rgb(244, 55, 244)", 
  "Point": [
    {
      "Date": 20211022, 
      "Value" : 50.139999
    },
    {
      "Date": 20240709, 
      "Value" : 14.500000
    }
  ]
}