{
  "Color": "rgb(244, 55, 244)", 
  "Point": [
    {
      "Date": 20210830, 
      "Value" : 108.900002
    },
    {
      "Date": 20230609, 
      "Value" : 28.530001
    }
  ]
}