{
  "Color": "rgb(244, 55, 244)", 
  "Point": [
    {
      "Date": 20220427, 
      "Value" : 19.340000
    },
    {
      "Date": 20220803, 
      "Value" : 59.869999
    },
    {
      "Date": 20240205, 
      "Value" : 20.840000
    }
  ]
}