{
  "Color": "rgb(244, 55, 244)", 
  "Point": [
    {
      "Date": 20210825, 
      "Value" : 256.429993
    },
    {
      "Date": 20240206, 
      "Value" : 58.500000
    }
  ]
}