{
  "Color": "rgb(244, 55, 244)", 
  "Point": [
    {
      "Date": 20211130, 
      "Value" : 227.630005
    },
    {
      "Date": 20230615, 
      "Value" : 80.349998
    }
  ]
}