{
  "Color": "rgb(244, 55, 244)", 
  "Point": [
    {
      "Date": 20240208, 
      "Value" : 17.900000
    },
    {
      "Date": 20240226, 
      "Value" : 27.000000
    }
  ]
}