{
  "Color": "rgb(244, 55, 244)", 
  "Point": [
    {
      "Date": 20210827, 
      "Value" : 34.090000
    },
    {
      "Date": 20230927, 
      "Value" : 8.540000
    }
  ]
}