{
  "Color": "rgb(244, 55, 244)", 
  "Point": [
    {
      "Date": 20211119, 
      "Value" : 64.330002
    },
    {
      "Date": 20240206, 
      "Value" : 11.130000
    }
  ]
}