{
  "Color": "rgb(244, 55, 244)", 
  "Point": [
    {
      "Date": 20220427, 
      "Value" : 27.680000
    },
    {
      "Date": 20220803, 
      "Value" : 84.419998
    },
    {
      "Date": 20240205, 
      "Value" : 29.780001
    }
  ]
}