{
  "Color": "rgb(244, 55, 244)", 
  "Point": [
    {
      "Date": 20210615, 
      "Value" : 18.910000
    },
    {
      "Date": 20221109, 
      "Value" : 122.459999
    },
    {
      "Date": 20240206, 
      "Value" : 27.110001
    }
  ]
}