{
  "Color": "rgb(244, 55, 244)", 
  "Point": [
    {
      "Date": 20211022, 
      "Value" : 50.139999
    },
    {
      "Date": 20240923, 
      "Value" : 11.940000
    }
  ]
}