{
  "Color": "rgb(244, 55, 244)", 
  "Point": [
    {
      "Date": 20231212, 
      "Value" : 69.750000
    },
    {
      "Date": 20240208, 
      "Value" : 23.370001
    }
  ]
}