{
  "Color": "rgb(244, 55, 244)", 
  "Point": [
    {
      "Date": 20230920, 
      "Value" : 35.990002
    },
    {
      "Date": 20230928, 
      "Value" : 27.600000
    }
  ]
}