{
  "Color": "rgb(244, 55, 244)", 
  "Point": [
    {
      "Date": 20220114, 
      "Value" : 147.300003
    },
    {
      "Date": 20240206, 
      "Value" : 22.230000
    }
  ]
}