{
  "Color": "rgb(244, 55, 244)", 
  "Point": [
    {
      "Date": 20241029, 
      "Value" : 100.000000
    },
    {
      "Date": 20250409, 
      "Value" : 34.099998
    }
  ]
}