{
  "Color": "rgb(244, 55, 244)", 
  "Point": [
    {
      "Date": 20220922, 
      "Value" : 189.020004
    },
    {
      "Date": 20240718, 
      "Value" : 44.060001
    }
  ]
}