{
  "Color": "rgb(244, 55, 244)", 
  "Point": [
    {
      "Date": 20211124, 
      "Value" : 82.110001
    },
    {
      "Date": 20240923, 
      "Value" : 11.720000
    }
  ]
}