{
  "Color": "rgb(244, 55, 244)", 
  "Point": [
    {
      "Date": 20210802, 
      "Value" : 49.180000
    },
    {
      "Date": 20240918, 
      "Value" : 7.420000
    }
  ]
}