{
  "Color": "rgb(244, 55, 244)", 
  "Point": [
    {
      "Date": 20211119, 
      "Value" : 64.059998
    },
    {
      "Date": 20240206, 
      "Value" : 10.860000
    },
    {
      "Date": 20241112, 
      "Value" : 19.000000
    },
    {
      "Date": 20250409, 
      "Value" : 11.450000
    }
  ]
}