{
  "Color": "rgb(244, 55, 244)", 
  "Point": [
    {
      "Date": 20240923, 
      "Value" : 24.719999
    },
    {
      "Date": 20241021, 
      "Value" : 63.700001
    }
  ]
}