{
  "Color": "rgb(244, 55, 244)", 
  "Point": [
    {
      "Date": 20210825, 
      "Value" : 183.160004
    },
    {
      "Date": 20240206, 
      "Value" : 41.790001
    },
    {
      "Date": 20240624, 
      "Value" : 101.220001
    }
  ]
}