{
  "Color": "rgb(244, 55, 244)", 
  "Point": [
    {
      "Date": 20210818, 
      "Value" : 41.000000
    },
    {
      "Date": 20230510, 
      "Value" : 14.860000
    }
  ]
}