{
  "Color": "rgb(244, 55, 244)", 
  "Point": [
    {
      "Date": 20240918, 
      "Value" : 13.360000
    },
    {
      "Date": 20250312, 
      "Value" : 41.560001
    }
  ]
}