{
  "Color": "rgb(244, 55, 244)", 
  "Point": [
    {
      "Date": 20211028, 
      "Value" : 87.989998
    },
    {
      "Date": 20221031, 
      "Value" : 28.879999
    }
  ]
}