{
  "Color": "rgb(244, 55, 244)", 
  "Point": [
    {
      "Date": 20210825, 
      "Value" : 256.429993
    },
    {
      "Date": 20221012, 
      "Value" : 74.500000
    },
    {
      "Date": 20230417, 
      "Value" : 143.619995
    }
  ]
}