{
  "Color": "rgb(244, 55, 244)", 
  "Point": [
    {
      "Date": 20220427, 
      "Value" : 19.340000
    },
    {
      "Date": 20220803, 
      "Value" : 59.869999
    },
    {
      "Date": 20240919, 
      "Value" : 18.350000
    },
    {
      "Date": 20250226, 
      "Value" : 29.500000
    }
  ]
}