{
  "Color": "rgb(244, 55, 244)", 
  "Point": [
    {
      "Date": 20220114, 
      "Value" : 147.300003
    },
    {
      "Date": 20230825, 
      "Value" : 25.299999
    },
    {
      "Date": 20231205, 
      "Value" : 36.700001
    }
  ]
}