{
  "Color": "rgb(244, 55, 244)", 
  "Point": [
    {
      "Date": 20220114, 
      "Value" : 147.300003
    },
    {
      "Date": 20230628, 
      "Value" : 27.200001
    }
  ]
}