{
  "Color": "rgb(244, 55, 244)", 
  "Point": [
    {
      "Date": 20230928, 
      "Value" : 53.480000
    },
    {
      "Date": 20240718, 
      "Value" : 23.150000
    }
  ]
}