{
  "Color": "rgb(244, 55, 244)", 
  "Point": [
    {
      "Date": 20210714, 
      "Value" : 69.279999
    },
    {
      "Date": 20220427, 
      "Value" : 27.610001
    },
    {
      "Date": 20230803, 
      "Value" : 43.500000
    }
  ]
}