{
  "Color": "rgb(244, 55, 244)", 
  "Point": [
    {
      "Date": 20210818, 
      "Value" : 40.959999
    },
    {
      "Date": 20240910, 
      "Value" : 10.110000
    }
  ]
}