{
  "Color": "rgb(244, 55, 244)", 
  "Point": [
    {
      "Date": 20240923, 
      "Value" : 24.320000
    },
    {
      "Date": 20241111, 
      "Value" : 74.639999
    },
    {
      "Date": 20250429, 
      "Value" : 42.369999
    }
  ]
}