{
  "Color": "rgb(244, 55, 244)", 
  "Point": [
    {
      "Date": 20230928, 
      "Value" : 75.389999
    },
    {
      "Date": 20240205, 
      "Value" : 38.900002
    }
  ]
}