{
  "Color": "rgb(244, 55, 244)", 
  "Point": [
    {
      "Date": 20210825, 
      "Value" : 182.970001
    },
    {
      "Date": 20240206, 
      "Value" : 41.599998
    },
    {
      "Date": 20250227, 
      "Value" : 133.000000
    }
  ]
}