{
  "Color": "rgb(244, 55, 244)", 
  "Point": [
    {
      "Date": 20210714, 
      "Value" : 68.379997
    },
    {
      "Date": 20220427, 
      "Value" : 26.709999
    },
    {
      "Date": 20240403, 
      "Value" : 52.970001
    },
    {
      "Date": 20240709, 
      "Value" : 38.560001
    }
  ]
}