{
  "Color": "rgb(244, 55, 244)", 
  "Point": [
    {
      "Date": 20220425, 
      "Value" : 10.000000
    },
    {
      "Date": 20221124, 
      "Value" : 23.110001
    }
  ]
}