{
  "Color": "rgb(244, 55, 244)", 
  "Point": [
    {
      "Date": 20210818, 
      "Value" : 40.970001
    },
    {
      "Date": 20240705, 
      "Value" : 11.300000
    }
  ]
}