{
  "Color": "rgb(244, 55, 244)", 
  "Point": [
    {
      "Date": 20220427, 
      "Value" : 39.450001
    },
    {
      "Date": 20220721, 
      "Value" : 119.639999
    },
    {
      "Date": 20230829, 
      "Value" : 39.070000
    }
  ]
}