{
  "Color": "rgb(244, 55, 244)", 
  "Point": [
    {
      "Date": 20210802, 
      "Value" : 49.299999
    },
    {
      "Date": 20220427, 
      "Value" : 12.020000
    },
    {
      "Date": 20221109, 
      "Value" : 29.430000
    },
    {
      "Date": 20231023, 
      "Value" : 13.970000
    }
  ]
}