{
  "Color": "rgb(244, 55, 244)", 
  "Point": [
    {
      "Date": 20220427, 
      "Value" : 28.280001
    },
    {
      "Date": 20220803, 
      "Value" : 85.019997
    },
    {
      "Date": 20221228, 
      "Value" : 40.790001
    }
  ]
}