{
  "Color": "rgb(244, 55, 244)", 
  "Point": [
    {
      "Date": 20211130, 
      "Value" : 152.240005
    },
    {
      "Date": 20240205, 
      "Value" : 47.459999
    },
    {
      "Date": 20241008, 
      "Value" : 91.870003
    }
  ]
}