{
  "Color": "rgb(244, 55, 244)", 
  "Point": [
    {
      "Date": 20210927, 
      "Value" : 33.060001
    },
    {
      "Date": 20220719, 
      "Value" : 82.129997
    },
    {
      "Date": 20240718, 
      "Value" : 8.500000
    }
  ]
}