{
  "Color": "rgb(244, 55, 244)", 
  "Point": [
    {
      "Date": 20210802, 
      "Value" : 49.299999
    },
    {
      "Date": 20240208, 
      "Value" : 7.910000
    }
  ]
}