{
  "Color": "rgb(244, 55, 244)", 
  "Point": [
    {
      "Date": 20240226, 
      "Value" : 27.000000
    },
    {
      "Date": 20240918, 
      "Value" : 13.360000
    }
  ]
}