{
  "Color": "rgb(244, 55, 244)", 
  "Point": [
    {
      "Date": 20211028, 
      "Value" : 87.190002
    },
    {
      "Date": 20240923, 
      "Value" : 22.350000
    }
  ]
}