{
  "Color": "rgb(244, 55, 244)", 
  "Point": [
    {
      "Date": 20211130, 
      "Value" : 152.440002
    },
    {
      "Date": 20240205, 
      "Value" : 47.660000
    }
  ]
}