{
  "Color": "rgb(244, 55, 244)", 
  "Point": [
    {
      "Date": 20210826, 
      "Value" : 98.830002
    },
    {
      "Date": 20220427, 
      "Value" : 35.310001
    },
    {
      "Date": 20230417, 
      "Value" : 104.360001
    },
    {
      "Date": 20231221, 
      "Value" : 34.500000
    }
  ]
}