{
  "Color": "rgb(244, 55, 244)", 
  "Point": [
    {
      "Date": 20220427, 
      "Value" : 38.750000
    },
    {
      "Date": 20220721, 
      "Value" : 118.940002
    },
    {
      "Date": 20240205, 
      "Value" : 24.620001
    },
    {
      "Date": 20241111, 
      "Value" : 61.389999
    }
  ]
}