{
  "Color": "rgb(244, 55, 244)", 
  "Point": [
    {
      "Date": 20230928, 
      "Value" : 53.459999
    },
    {
      "Date": 20240918, 
      "Value" : 20.010000
    }
  ]
}