{
  "Color": "rgb(244, 55, 244)", 
  "Point": [
    {
      "Date": 20220425, 
      "Value" : 9.460000
    },
    {
      "Date": 20221124, 
      "Value" : 22.570000
    },
    {
      "Date": 20240918, 
      "Value" : 9.570000
    }
  ]
}