{
  "Color": "rgb(244, 55, 244)", 
  "Point": [
    {
      "Date": 20220114, 
      "Value" : 146.000000
    },
    {
      "Date": 20240206, 
      "Value" : 20.930000
    },
    {
      "Date": 20250515, 
      "Value" : 44.480000
    }
  ]
}