{
  "Color": "rgb(244, 55, 244)", 
  "Point": [
    {
      "Date": 20240112, 
      "Value" : 125.000000
    },
    {
      "Date": 20240206, 
      "Value" : 68.529999
    }
  ]
}