{
  "Color": "rgb(244, 55, 244)", 
  "Point": [
    {
      "Date": 20210813, 
      "Value" : 122.529999
    },
    {
      "Date": 20220427, 
      "Value" : 24.860001
    },
    {
      "Date": 20230404, 
      "Value" : 177.380005
    },
    {
      "Date": 20230726, 
      "Value" : 84.000000
    }
  ]
}