{
  "Color": "rgb(244, 55, 244)", 
  "Point": [
    {
      "Date": 20230914, 
      "Value" : 72.000000
    },
    {
      "Date": 20240206, 
      "Value" : 27.040001
    },
    {
      "Date": 20241031, 
      "Value" : 60.500000
    }
  ]
}