{
  "Color": "rgb(244, 55, 244)", 
  "Point": [
    {
      "Date": 20220922, 
      "Value" : 188.839996
    },
    {
      "Date": 20240924, 
      "Value" : 35.770000
    },
    {
      "Date": 20250402, 
      "Value" : 104.279999
    }
  ]
}