{
  "Color": "rgb(244, 55, 244)", 
  "Point": [
    {
      "Date": 20210816, 
      "Value" : 200.089996
    },
    {
      "Date": 20221031, 
      "Value" : 54.950001
    },
    {
      "Date": 20230407, 
      "Value" : 98.440002
    },
    {
      "Date": 20240206, 
      "Value" : 44.950001
    }
  ]
}