{
  "Color": "rgb(244, 55, 244)", 
  "Point": [
    {
      "Date": 20210714, 
      "Value" : 67.480003
    },
    {
      "Date": 20220427, 
      "Value" : 25.809999
    },
    {
      "Date": 20241022, 
      "Value" : 55.099998
    },
    {
      "Date": 20250411, 
      "Value" : 35.119999
    }
  ]
}