{
  "Color": "rgb(244, 55, 244)", 
  "Point": [
    {
      "Date": 20201127, 
      "Value" : 89.129997
    },
    {
      "Date": 20220427, 
      "Value" : 39.270000
    },
    {
      "Date": 20230411, 
      "Value" : 75.480003
    }
  ]
}