{
  "Color": "rgb(244, 55, 244)", 
  "Point": [
    {
      "Date": 20211124, 
      "Value" : 115.040001
    },
    {
      "Date": 20220427, 
      "Value" : 35.040001
    },
    {
      "Date": 20221214, 
      "Value" : 93.400002
    },
    {
      "Date": 20231026, 
      "Value" : 44.799999
    }
  ]
}