{
  "Color": "rgb(244, 55, 244)", 
  "Point": [
    {
      "Date": 20210118, 
      "Value" : 77.709999
    },
    {
      "Date": 20220427, 
      "Value" : 21.139999
    }
  ]
}