{
  "Color": "rgb(244, 55, 244)", 
  "Point": [
    {
      "Date": 20210929, 
      "Value" : 47.189999
    },
    {
      "Date": 20220823, 
      "Value" : 117.339996
    },
    {
      "Date": 20240206, 
      "Value" : 19.200001
    }
  ]
}