{
  "Color": "rgb(244, 55, 244)", 
  "Point": [
    {
      "Date": 20210118, 
      "Value" : 78.360001
    },
    {
      "Date": 20220427, 
      "Value" : 21.790001
    }
  ]
}