{
  "Color": "rgb(244, 55, 244)", 
  "Point": [
    {
      "Date": 20210929, 
      "Value" : 47.090000
    },
    {
      "Date": 20220823, 
      "Value" : 117.239998
    },
    {
      "Date": 20240206, 
      "Value" : 19.100000
    },
    {
      "Date": 20250123, 
      "Value" : 79.540001
    }
  ]
}