{
  "Color": "rgb(244, 55, 244)", 
  "Point": [
    {
      "Date": 20210118, 
      "Value" : 77.709999
    },
    {
      "Date": 20240823, 
      "Value" : 21.110001
    }
  ]
}