{
  "Color": "rgb(244, 55, 244)", 
  "Point": [
    {
      "Date": 20231024, 
      "Value" : 20.980000
    },
    {
      "Date": 20240105, 
      "Value" : 36.900002
    },
    {
      "Date": 20240709, 
      "Value" : 18.299999
    }
  ]
}