{
  "Color": "rgb(244, 55, 244)", 
  "Point": [
    {
      "Date": 20231024, 
      "Value" : 21.879999
    },
    {
      "Date": 20240105, 
      "Value" : 37.799999
    }
  ]
}