{
  "Color": "rgb(244, 55, 244)", 
  "Point": [
    {
      "Date": 20231024, 
      "Value" : 13.910000
    },
    {
      "Date": 20240105, 
      "Value" : 25.290001
    },
    {
      "Date": 20240923, 
      "Value" : 11.010000
    },
    {
      "Date": 20250304, 
      "Value" : 60.000000
    }
  ]
}