{
  "Color": "rgb(244, 55, 244)", 
  "Point": [
    {
      "Date": 20231024, 
      "Value" : 6.790000
    },
    {
      "Date": 20241022, 
      "Value" : 107.000000
    }
  ]
}