{
  "Color": "rgb(244, 55, 244)", 
  "Point": [
    {
      "Date": 20231024, 
      "Value" : 20.480000
    },
    {
      "Date": 20240105, 
      "Value" : 36.400002
    },
    {
      "Date": 20240923, 
      "Value" : 16.420000
    }
  ]
}