{
  "Color": "rgb(244, 55, 244)", 
  "Point": [
    {
      "Date": 20231024, 
      "Value" : 6.990000
    },
    {
      "Date": 20240124, 
      "Value" : 16.440001
    }
  ]
}