{
  "Color": "rgb(244, 55, 244)", 
  "Point": [
    {
      "Date": 20231024, 
      "Value" : 6.400000
    },
    {
      "Date": 20240104, 
      "Value" : 14.600000
    },
    {
      "Date": 20240715, 
      "Value" : 8.590000
    },
    {
      "Date": 20250321, 
      "Value" : 40.000000
    }
  ]
}