{
  "Color": "rgb(244, 55, 244)", 
  "Point": [
    {
      "Date": 20231023, 
      "Value" : 3.700000
    },
    {
      "Date": 20231220, 
      "Value" : 13.530000
    },
    {
      "Date": 20240709, 
      "Value" : 6.070000
    },
    {
      "Date": 20250310, 
      "Value" : 26.660000
    }
  ]
}