{
  "Color": "rgb(244, 55, 244)", 
  "Point": [
    {
      "Date": 20231023, 
      "Value" : 2.990000
    },
    {
      "Date": 20240102, 
      "Value" : 7.450000
    },
    {
      "Date": 20240709, 
      "Value" : 3.710000
    }
  ]
}