{
  "Color": "rgb(244, 55, 244)", 
  "Point": [
    {
      "Date": 20231023, 
      "Value" : 4.680000
    },
    {
      "Date": 20240104, 
      "Value" : 10.520000
    },
    {
      "Date": 20240716, 
      "Value" : 5.570000
    },
    {
      "Date": 20250310, 
      "Value" : 18.230000
    }
  ]
}