{
  "Color": "rgb(244, 55, 244)", 
  "Point": [
    {
      "Date": 20231023, 
      "Value" : 2.910000
    },
    {
      "Date": 20241202, 
      "Value" : 9.550000
    }
  ]
}