{
  "Color": "rgb(244, 55, 244)", 
  "Point": [
    {
      "Date": 20231023, 
      "Value" : 6.270000
    },
    {
      "Date": 20240104, 
      "Value" : 13.270000
    }
  ]
}