{
  "Color": "rgb(244, 55, 244)", 
  "Point": [
    {
      "Date": 20231023, 
      "Value" : 6.020000
    },
    {
      "Date": 20240104, 
      "Value" : 13.020000
    },
    {
      "Date": 20240716, 
      "Value" : 7.080000
    }
  ]
}