{
  "Color": "rgb(244, 55, 244)", 
  "Point": [
    {
      "Date": 20230711, 
      "Value" : 8.640000
    },
    {
      "Date": 20240923, 
      "Value" : 3.120000
    }
  ]
}