{
  "Color": "rgb(244, 55, 244)", 
  "Point": [
    {
      "Date": 20231023, 
      "Value" : 2.910000
    },
    {
      "Date": 20240102, 
      "Value" : 7.370000
    },
    {
      "Date": 20240709, 
      "Value" : 3.630000
    }
  ]
}