{
  "Color": "rgb(244, 55, 244)", 
  "Point": [
    {
      "Date": 20231023, 
      "Value" : 5.870000
    },
    {
      "Date": 20241030, 
      "Value" : 14.200000
    }
  ]
}