{
  "Color": "rgb(244, 55, 244)", 
  "Point": [
    {
      "Date": 20240910, 
      "Value" : 2.630000
    },
    {
      "Date": 20241101, 
      "Value" : 15.900000
    }
  ]
}