{
  "Color": "rgb(244, 55, 244)", 
  "Point": [
    {
      "Date": 20231024, 
      "Value" : 2.650000
    },
    {
      "Date": 20231221, 
      "Value" : 4.800000
    },
    {
      "Date": 20240709, 
      "Value" : 2.650000
    }
  ]
}