{
  "Color": "rgb(244, 55, 244)", 
  "Point": [
    {
      "Date": 20231127, 
      "Value" : 11.820000
    },
    {
      "Date": 20240709, 
      "Value" : 5.740000
    },
    {
      "Date": 20241112, 
      "Value" : 14.770000
    }
  ]
}