{
  "Color": "rgb(244, 55, 244)", 
  "Point": [
    {
      "Date": 20231221, 
      "Value" : 4.800000
    },
    {
      "Date": 20240910, 
      "Value" : 2.630000
    }
  ]
}