{
  "Color": "rgb(244, 55, 244)", 
  "Point": [
    {
      "Date": 20231027, 
      "Value" : 4.400000
    },
    {
      "Date": 20240102, 
      "Value" : 11.470000
    }
  ]
}