{
  "Color": "rgb(244, 55, 244)", 
  "Point": [
    {
      "Date": 20231127, 
      "Value" : 11.980000
    },
    {
      "Date": 20240205, 
      "Value" : 5.980000
    }
  ]
}