{
  "Color": "rgb(244, 55, 244)", 
  "Point": [
    {
      "Date": 20231024, 
      "Value" : 2.700000
    },
    {
      "Date": 20231221, 
      "Value" : 4.850000
    }
  ]
}