{
  "Color": "rgb(244, 55, 244)", 
  "Point": [
    {
      "Date": 20231023, 
      "Value" : 5.810000
    },
    {
      "Date": 20231221, 
      "Value" : 15.090000
    },
    {
      "Date": 20240913, 
      "Value" : 5.120000
    },
    {
      "Date": 20250410, 
      "Value" : 32.439999
    }
  ]
}