{
  "Color": "rgb(244, 55, 244)", 
  "Point": [
    {
      "Date": 20231024, 
      "Value" : 3.120000
    },
    {
      "Date": 20231215, 
      "Value" : 7.330000
    },
    {
      "Date": 20240709, 
      "Value" : 3.510000
    }
  ]
}