{
  "Color": "rgb(244, 55, 244)", 
  "Point": [
    {
      "Date": 20231023, 
      "Value" : 6.010000
    },
    {
      "Date": 20231221, 
      "Value" : 15.290000
    }
  ]
}