{
  "Color": "rgb(244, 55, 244)", 
  "Point": [
    {
      "Date": 20231214, 
      "Value" : 31.299999
    },
    {
      "Date": 20240709, 
      "Value" : 9.880000
    }
  ]
}