{
  "Color": "rgb(244, 55, 244)", 
  "Point": [
    {
      "Date": 20230713, 
      "Value" : 25.920000
    },
    {
      "Date": 20240827, 
      "Value" : 7.500000
    },
    {
      "Date": 20250318, 
      "Value" : 28.770000
    }
  ]
}