{
  "Color": "rgb(244, 55, 244)", 
  "Point": [
    {
      "Date": 20231027, 
      "Value" : 8.980000
    },
    {
      "Date": 20231221, 
      "Value" : 17.389999
    }
  ]
}