{
  "Color": "rgb(244, 55, 244)", 
  "Point": [
    {
      "Date": 20231128, 
      "Value" : 19.750000
    },
    {
      "Date": 20240913, 
      "Value" : 6.440000
    }
  ]
}