{
  "Color": "rgb(244, 55, 244)", 
  "Point": [
    {
      "Date": 20231027, 
      "Value" : 8.780000
    },
    {
      "Date": 20231229, 
      "Value" : 21.299999
    }
  ]
}