{
  "Color": "rgb(244, 55, 244)", 
  "Point": [
    {
      "Date": 20231027, 
      "Value" : 8.780000
    },
    {
      "Date": 20250305, 
      "Value" : 41.990002
    }
  ]
}