{
  "Color": "rgb(244, 55, 244)", 
  "Point": [
    {
      "Date": 20231214, 
      "Value" : 31.490000
    },
    {
      "Date": 20231222, 
      "Value" : 18.980000
    }
  ]
}