{
  "Color": "rgb(244, 55, 244)", 
  "Point": [
    {
      "Date": 20230713, 
      "Value" : 25.920000
    },
    {
      "Date": 20240710, 
      "Value" : 7.970000
    }
  ]
}