{
  "Color": "rgb(244, 55, 244)", 
  "Point": [
    {
      "Date": 20231214, 
      "Value" : 31.299999
    },
    {
      "Date": 20240913, 
      "Value" : 8.470000
    },
    {
      "Date": 20250312, 
      "Value" : 30.830000
    }
  ]
}