{
  "Color": "rgb(244, 55, 244)", 
  "Point": [
    {
      "Date": 20230822, 
      "Value" : 7.590000
    },
    {
      "Date": 20231128, 
      "Value" : 19.900000
    }
  ]
}