{
  "Color": "rgb(244, 55, 244)", 
  "Point": [
    {
      "Date": 20231024, 
      "Value" : 2.580000
    },
    {
      "Date": 20250320, 
      "Value" : 19.980000
    }
  ]
}