{
  "Color": "rgb(244, 55, 244)", 
  "Point": [
    {
      "Date": 20231024, 
      "Value" : 2.580000
    },
    {
      "Date": 20231219, 
      "Value" : 7.380000
    }
  ]
}