{
  "Color": "rgb(244, 55, 244)", 
  "Point": [
    {
      "Date": 20231101, 
      "Value" : 3.910000
    },
    {
      "Date": 20240103, 
      "Value" : 11.660000
    }
  ]
}