{
  "Color": "rgb(244, 55, 244)", 
  "Point": [
    {
      "Date": 20230711, 
      "Value" : 8.290000
    },
    {
      "Date": 20250318, 
      "Value" : 29.690001
    }
  ]
}