{
  "Color": "rgb(244, 55, 244)", 
  "Point": [
    {
      "Date": 20231101, 
      "Value" : 3.710000
    },
    {
      "Date": 20250327, 
      "Value" : 22.299999
    }
  ]
}