{
  "Color": "rgb(244, 55, 244)", 
  "Point": [
    {
      "Date": 20240918, 
      "Value" : 4.010000
    },
    {
      "Date": 20241105, 
      "Value" : 17.610001
    }
  ]
}