{
  "Color": "rgb(244, 55, 244)", 
  "Point": [
    {
      "Date": 20231101, 
      "Value" : 3.710000
    },
    {
      "Date": 20241028, 
      "Value" : 13.230000
    }
  ]
}