{
  "Color": "rgb(244, 55, 244)", 
  "Point": [
    {
      "Date": 20231127, 
      "Value" : 4.080000
    },
    {
      "Date": 20240205, 
      "Value" : 2.090000
    }
  ]
}