{
  "Color": "rgb(244, 55, 244)", 
  "Point": [
    {
      "Date": 20240126, 
      "Value" : 9.280000
    },
    {
      "Date": 20240202, 
      "Value" : 5.110000
    }
  ]
}