{
  "Color": "rgb(244, 55, 244)", 
  "Point": [
    {
      "Date": 20230711, 
      "Value" : 8.450000
    },
    {
      "Date": 20231127, 
      "Value" : 12.980000
    }
  ]
}