{
  "Color": "rgb(244, 55, 244)", 
  "Point": [
    {
      "Date": 20240126, 
      "Value" : 9.080000
    },
    {
      "Date": 20240709, 
      "Value" : 4.660000
    }
  ]
}