{
  "Color": "rgb(244, 55, 244)", 
  "Point": [
    {
      "Date": 20240617, 
      "Value" : 1.680000
    },
    {
      "Date": 20241107, 
      "Value" : 6.360000
    }
  ]
}