{
  "Color": "rgb(244, 55, 244)", 
  "Point": [
    {
      "Date": 20231101, 
      "Value" : 3.910000
    },
    {
      "Date": 20231127, 
      "Value" : 7.570000
    }
  ]
}