{
  "Color": "rgb(244, 55, 244)", 
  "Point": [
    {
      "Date": 20231023, 
      "Value" : 3.360000
    },
    {
      "Date": 20231226, 
      "Value" : 9.150000
    },
    {
      "Date": 20240709, 
      "Value" : 3.910000
    }
  ]
}