{
  "Color": "rgb(244, 55, 244)", 
  "Point": [
    {
      "Date": 20231023, 
      "Value" : 3.510000
    },
    {
      "Date": 20231226, 
      "Value" : 9.300000
    }
  ]
}