{
  "Color": "rgb(244, 55, 244)", 
  "Point": [
    {
      "Date": 20231024, 
      "Value" : 4.050000
    },
    {
      "Date": 20231206, 
      "Value" : 36.759998
    }
  ]
}