{
  "Color": "rgb(244, 55, 244)", 
  "Point": [
    {
      "Date": 20230824, 
      "Value" : 7.280000
    },
    {
      "Date": 20241030, 
      "Value" : 21.299999
    }
  ]
}