{
  "Color": "rgb(244, 55, 244)", 
  "Point": [
    {
      "Date": 20231026, 
      "Value" : 4.850000
    },
    {
      "Date": 20240117, 
      "Value" : 19.570000
    },
    {
      "Date": 20240709, 
      "Value" : 6.810000
    }
  ]
}