{
  "Color": "rgb(244, 55, 244)", 
  "Point": [
    {
      "Date": 20231026, 
      "Value" : 5.150000
    },
    {
      "Date": 20231207, 
      "Value" : 13.730000
    }
  ]
}