{
  "Color": "rgb(244, 55, 244)", 
  "Point": [
    {
      "Date": 20231026, 
      "Value" : 5.150000
    },
    {
      "Date": 20240117, 
      "Value" : 19.870001
    }
  ]
}