{
  "Color": "rgb(244, 55, 244)", 
  "Point": [
    {
      "Date": 20231103, 
      "Value" : 5.930000
    },
    {
      "Date": 20231228, 
      "Value" : 14.960000
    }
  ]
}