{
  "Color": "rgb(244, 55, 244)", 
  "Point": [
    {
      "Date": 20231026, 
      "Value" : 4.850000
    },
    {
      "Date": 20241025, 
      "Value" : 24.520000
    }
  ]
}