{
  "Color": "rgb(244, 55, 244)", 
  "Point": [
    {
      "Date": 20230824, 
      "Value" : 7.280000
    },
    {
      "Date": 20250326, 
      "Value" : 68.000000
    }
  ]
}