{
  "Color": "rgb(244, 55, 244)", 
  "Point": [
    {
      "Date": 20230824, 
      "Value" : 7.780000
    },
    {
      "Date": 20240102, 
      "Value" : 18.980000
    }
  ]
}