{
  "Color": "rgb(244, 55, 244)", 
  "Point": [
    {
      "Date": 20231026, 
      "Value" : 6.650000
    },
    {
      "Date": 20240105, 
      "Value" : 14.090000
    },
    {
      "Date": 20240624, 
      "Value" : 7.010000
    },
    {
      "Date": 20241107, 
      "Value" : 33.750000
    }
  ]
}