{
  "Color": "rgb(244, 55, 244)", 
  "Point": [
    {
      "Date": 20231024, 
      "Value" : 3.830000
    },
    {
      "Date": 20231221, 
      "Value" : 6.620000
    }
  ]
}