{
  "Color": "rgb(244, 55, 244)", 
  "Point": [
    {
      "Date": 20231026, 
      "Value" : 6.800000
    },
    {
      "Date": 20240105, 
      "Value" : 14.240000
    },
    {
      "Date": 20240624, 
      "Value" : 7.160000
    }
  ]
}