{
  "Color": "rgb(244, 55, 244)", 
  "Point": [
    {
      "Date": 20230824, 
      "Value" : 2.910000
    },
    {
      "Date": 20231220, 
      "Value" : 9.030000
    },
    {
      "Date": 20240709, 
      "Value" : 4.180000
    }
  ]
}