{
  "Color": "rgb(244, 55, 244)", 
  "Point": [
    {
      "Date": 20240105, 
      "Value" : 9.170000
    },
    {
      "Date": 20240606, 
      "Value" : 3.990000
    },
    {
      "Date": 20250307, 
      "Value" : 39.900002
    }
  ]
}