{
  "Color": "rgb(244, 55, 244)", 
  "Point": [
    {
      "Date": 20231023, 
      "Value" : 6.020000
    },
    {
      "Date": 20241128, 
      "Value" : 35.150002
    }
  ]
}