{
  "Color": "rgb(244, 55, 244)", 
  "Point": [
    {
      "Date": 20231023, 
      "Value" : 6.020000
    },
    {
      "Date": 20231221, 
      "Value" : 15.400000
    },
    {
      "Date": 20240709, 
      "Value" : 7.000000
    }
  ]
}