{
  "Color": "rgb(244, 55, 244)", 
  "Point": [
    {
      "Date": 20231024, 
      "Value" : 9.850000
    },
    {
      "Date": 20231129, 
      "Value" : 21.240000
    }
  ]
}