{
  "Color": "rgb(244, 55, 244)", 
  "Point": [
    {
      "Date": 20231024, 
      "Value" : 9.650000
    },
    {
      "Date": 20241120, 
      "Value" : 42.240002
    }
  ]
}