{
  "Color": "rgb(244, 55, 244)", 
  "Point": [
    {
      "Date": 20230824, 
      "Value" : 2.810000
    },
    {
      "Date": 20231220, 
      "Value" : 8.930000
    },
    {
      "Date": 20240709, 
      "Value" : 4.080000
    },
    {
      "Date": 20250327, 
      "Value" : 13.880000
    }
  ]
}