{
  "Color": "rgb(244, 55, 244)", 
  "Point": [
    {
      "Date": 20231031, 
      "Value" : 4.500000
    },
    {
      "Date": 20240105, 
      "Value" : 9.170000
    }
  ]
}