{
  "Color": "rgb(244, 55, 244)", 
  "Point": [
    {
      "Date": 20230824, 
      "Value" : 3.160000
    },
    {
      "Date": 20231220, 
      "Value" : 9.280000
    }
  ]
}