{
  "Color": "rgb(244, 55, 244)", 
  "Point": [
    {
      "Date": 20231024, 
      "Value" : 9.650000
    },
    {
      "Date": 20231129, 
      "Value" : 21.040001
    },
    {
      "Date": 20240709, 
      "Value" : 9.950000
    }
  ]
}