{
  "Color": "rgb(244, 55, 244)", 
  "Point": [
    {
      "Date": 20231031, 
      "Value" : 4.500000
    },
    {
      "Date": 20231221, 
      "Value" : 8.200000
    }
  ]
}