{
  "Color": "rgb(244, 55, 244)", 
  "Point": [
    {
      "Date": 20230829, 
      "Value" : 5.900000
    },
    {
      "Date": 20240103, 
      "Value" : 15.940000
    },
    {
      "Date": 20240709, 
      "Value" : 8.230000
    }
  ]
}