{
  "Color": "rgb(244, 55, 244)", 
  "Point": [
    {
      "Date": 20230829, 
      "Value" : 5.950000
    },
    {
      "Date": 20240103, 
      "Value" : 15.990000
    }
  ]
}