{
  "Color": "rgb(244, 55, 244)", 
  "Point": [
    {
      "Date": 20231023, 
      "Value" : 9.010000
    },
    {
      "Date": 20240109, 
      "Value" : 27.469999
    },
    {
      "Date": 20240709, 
      "Value" : 9.100000
    },
    {
      "Date": 20241029, 
      "Value" : 22.000000
    }
  ]
}