{
  "Color": "rgb(244, 55, 244)", 
  "Point": [
    {
      "Date": 20231023, 
      "Value" : 9.100000
    },
    {
      "Date": 20231128, 
      "Value" : 25.500000
    }
  ]
}