{
  "Color": "rgb(244, 55, 244)", 
  "Point": [
    {
      "Date": 20231023, 
      "Value" : 4.650000
    },
    {
      "Date": 20241105, 
      "Value" : 38.220001
    }
  ]
}