{
  "Color": "rgb(244, 55, 244)", 
  "Point": [
    {
      "Date": 20240624, 
      "Value" : 2.220000
    },
    {
      "Date": 20241030, 
      "Value" : 5.160000
    }
  ]
}