{
  "Color": "rgb(244, 55, 244)", 
  "Point": [
    {
      "Date": 20230822, 
      "Value" : 6.500000
    },
    {
      "Date": 20231220, 
      "Value" : 13.880000
    }
  ]
}