{
  "Color": "rgb(244, 55, 244)", 
  "Point": [
    {
      "Date": 20231023, 
      "Value" : 4.730000
    },
    {
      "Date": 20241101, 
      "Value" : 26.049999
    }
  ]
}