{
  "Color": "rgb(244, 55, 244)", 
  "Point": [
    {
      "Date": 20240103, 
      "Value" : 13.060000
    },
    {
      "Date": 20240205, 
      "Value" : 7.570000
    }
  ]
}