{
  "Color": "rgb(244, 55, 244)", 
  "Point": [
    {
      "Date": 20231023, 
      "Value" : 11.560000
    },
    {
      "Date": 20231229, 
      "Value" : 22.690001
    },
    {
      "Date": 20240416, 
      "Value" : 14.510000
    }
  ]
}