{
  "Color": "rgb(244, 55, 244)", 
  "Point": [
    {
      "Date": 20230825, 
      "Value" : 3.790000
    },
    {
      "Date": 20240102, 
      "Value" : 7.950000
    }
  ]
}