{
  "Color": "rgb(244, 55, 244)", 
  "Point": [
    {
      "Date": 20231024, 
      "Value" : 4.310000
    },
    {
      "Date": 20241030, 
      "Value" : 18.660000
    }
  ]
}