{
  "Color": "rgb(244, 55, 244)", 
  "Point": [
    {
      "Date": 20230825, 
      "Value" : 7.800000
    },
    {
      "Date": 20231221, 
      "Value" : 12.570000
    }
  ]
}