{
  "Color": "rgb(244, 55, 244)", 
  "Point": [
    {
      "Date": 20231020, 
      "Value" : 3.420000
    },
    {
      "Date": 20231127, 
      "Value" : 14.950000
    },
    {
      "Date": 20240913, 
      "Value" : 5.400000
    },
    {
      "Date": 20250227, 
      "Value" : 36.000000
    }
  ]
}