{
  "Color": "rgb(244, 55, 244)", 
  "Point": [
    {
      "Date": 20231024, 
      "Value" : 4.310000
    },
    {
      "Date": 20250318, 
      "Value" : 25.900000
    }
  ]
}