{
  "Color": "rgb(244, 55, 244)", 
  "Point": [
    {
      "Date": 20231023, 
      "Value" : 12.360000
    },
    {
      "Date": 20231229, 
      "Value" : 23.490000
    }
  ]
}