{
  "Color": "rgb(244, 55, 244)", 
  "Point": [
    {
      "Date": 20240918, 
      "Value" : 5.410000
    },
    {
      "Date": 20241121, 
      "Value" : 20.870001
    }
  ]
}