{
  "Color": "rgb(244, 55, 244)", 
  "Point": [
    {
      "Date": 20231023, 
      "Value" : 11.560000
    },
    {
      "Date": 20231229, 
      "Value" : 22.690001
    },
    {
      "Date": 20240822, 
      "Value" : 14.430000
    },
    {
      "Date": 20250318, 
      "Value" : 51.580002
    }
  ]
}