{
  "Color": "rgb(244, 55, 244)", 
  "Point": [
    {
      "Date": 20230825, 
      "Value" : 3.790000
    },
    {
      "Date": 20231128, 
      "Value" : 7.300000
    }
  ]
}