{
  "Color": "rgb(244, 55, 244)", 
  "Point": [
    {
      "Date": 20231020, 
      "Value" : 3.420000
    },
    {
      "Date": 20241009, 
      "Value" : 16.160000
    }
  ]
}