{
  "Color": "rgb(244, 55, 244)", 
  "Point": [
    {
      "Date": 20230711, 
      "Value" : 7.820000
    },
    {
      "Date": 20231220, 
      "Value" : 20.680000
    },
    {
      "Date": 20240715, 
      "Value" : 8.000000
    }
  ]
}