{
  "Color": "rgb(244, 55, 244)", 
  "Point": [
    {
      "Date": 20231025, 
      "Value" : 4.300000
    },
    {
      "Date": 20231127, 
      "Value" : 10.380000
    }
  ]
}