{
  "Color": "rgb(244, 55, 244)", 
  "Point": [
    {
      "Date": 20231025, 
      "Value" : 4.200000
    },
    {
      "Date": 20231127, 
      "Value" : 10.280000
    },
    {
      "Date": 20240923, 
      "Value" : 4.200000
    },
    {
      "Date": 20250217, 
      "Value" : 12.880000
    }
  ]
}