{
  "Color": "rgb(244, 55, 244)", 
  "Point": [
    {
      "Date": 20230824, 
      "Value" : 8.850000
    },
    {
      "Date": 20231128, 
      "Value" : 21.879999
    },
    {
      "Date": 20240709, 
      "Value" : 10.640000
    },
    {
      "Date": 20250226, 
      "Value" : 42.500000
    }
  ]
}