{
  "Color": "rgb(244, 55, 244)", 
  "Point": [
    {
      "Date": 20231020, 
      "Value" : 5.260000
    },
    {
      "Date": 20231220, 
      "Value" : 19.900000
    }
  ]
}