{
  "Color": "rgb(244, 55, 244)", 
  "Point": [
    {
      "Date": 20230824, 
      "Value" : 9.050000
    },
    {
      "Date": 20231128, 
      "Value" : 22.080000
    }
  ]
}