{
  "Color": "rgb(244, 55, 244)", 
  "Point": [
    {
      "Date": 20231024, 
      "Value" : 6.340000
    },
    {
      "Date": 20250424, 
      "Value" : 25.440001
    }
  ]
}