{
  "Color": "rgb(244, 55, 244)", 
  "Point": [
    {
      "Date": 20230824, 
      "Value" : 8.850000
    },
    {
      "Date": 20241029, 
      "Value" : 27.480000
    }
  ]
}