{
  "Color": "rgb(244, 55, 244)", 
  "Point": [
    {
      "Date": 20231024, 
      "Value" : 5.910000
    },
    {
      "Date": 20241030, 
      "Value" : 19.299999
    }
  ]
}