{
  "Color": "rgb(244, 55, 244)", 
  "Point": [
    {
      "Date": 20231020, 
      "Value" : 3.930000
    },
    {
      "Date": 20241210, 
      "Value" : 20.500000
    }
  ]
}