{
  "Color": "rgb(244, 55, 244)", 
  "Point": [
    {
      "Date": 20231024, 
      "Value" : 5.910000
    },
    {
      "Date": 20240104, 
      "Value" : 15.340000
    }
  ]
}