{
  "Color": "rgb(244, 55, 244)", 
  "Point": [
    {
      "Date": 20230829, 
      "Value" : 5.370000
    },
    {
      "Date": 20241112, 
      "Value" : 14.780000
    }
  ]
}