{
  "Color": "rgb(244, 55, 244)", 
  "Point": [
    {
      "Date": 20231128, 
      "Value" : 20.990000
    },
    {
      "Date": 20240709, 
      "Value" : 11.300000
    }
  ]
}