{
  "Color": "rgb(244, 55, 244)", 
  "Point": [
    {
      "Date": 20240709, 
      "Value" : 11.300000
    },
    {
      "Date": 20241114, 
      "Value" : 81.370003
    }
  ]
}