{
  "Color": "rgb(244, 55, 244)", 
  "Point": [
    {
      "Date": 20230829, 
      "Value" : 5.720000
    },
    {
      "Date": 20231127, 
      "Value" : 10.900000
    }
  ]
}