{
  "Color": "rgb(244, 55, 244)", 
  "Point": [
    {
      "Date": 20231128, 
      "Value" : 25.490000
    },
    {
      "Date": 20240205, 
      "Value" : 14.320000
    }
  ]
}