{
  "Color": "rgb(244, 55, 244)", 
  "Point": [
    {
      "Date": 20231025, 
      "Value" : 7.200000
    },
    {
      "Date": 20241025, 
      "Value" : 21.500000
    }
  ]
}