{
  "Color": "rgb(244, 55, 244)", 
  "Point": [
    {
      "Date": 20231025, 
      "Value" : 7.430000
    },
    {
      "Date": 20240102, 
      "Value" : 19.730000
    }
  ]
}