{
  "Color": "rgb(244, 55, 244)", 
  "Point": [
    {
      "Date": 20230823, 
      "Value" : 10.000000
    },
    {
      "Date": 20231127, 
      "Value" : 20.330000
    }
  ]
}