{
  "Color": "rgb(244, 55, 244)", 
  "Point": [
    {
      "Date": 20231025, 
      "Value" : 7.200000
    },
    {
      "Date": 20240102, 
      "Value" : 19.500000
    },
    {
      "Date": 20240913, 
      "Value" : 8.180000
    },
    {
      "Date": 20250318, 
      "Value" : 36.200001
    }
  ]
}