{
  "Color": "rgb(244, 55, 244)", 
  "Point": [
    {
      "Date": 20230823, 
      "Value" : 10.000000
    },
    {
      "Date": 20240102, 
      "Value" : 21.000000
    }
  ]
}