{
  "Color": "rgb(244, 55, 244)", 
  "Point": [
    {
      "Date": 20231025, 
      "Value" : 7.200000
    },
    {
      "Date": 20240102, 
      "Value" : 19.500000
    },
    {
      "Date": 20240709, 
      "Value" : 8.230000
    }
  ]
}