{
  "Color": "rgb(244, 55, 244)", 
  "Point": [
    {
      "Date": 20230823, 
      "Value" : 9.300000
    },
    {
      "Date": 20250318, 
      "Value" : 37.380001
    }
  ]
}