{
  "Color": "rgb(244, 55, 244)", 
  "Point": [
    {
      "Date": 20231020, 
      "Value" : 3.800000
    },
    {
      "Date": 20241029, 
      "Value" : 10.580000
    }
  ]
}