{
  "Color": "rgb(244, 55, 244)", 
  "Point": [
    {
      "Date": 20230718, 
      "Value" : 21.340000
    },
    {
      "Date": 20231129, 
      "Value" : 36.830002
    }
  ]
}