{
  "Color": "rgb(244, 55, 244)", 
  "Point": [
    {
      "Date": 20231020, 
      "Value" : 4.000000
    },
    {
      "Date": 20231206, 
      "Value" : 9.270000
    }
  ]
}