{
  "Color": "rgb(244, 55, 244)", 
  "Point": [
    {
      "Date": 20231026, 
      "Value" : 3.490000
    },
    {
      "Date": 20241023, 
      "Value" : 19.780001
    }
  ]
}