{
  "Color": "rgb(244, 55, 244)", 
  "Point": [
    {
      "Date": 20231023, 
      "Value" : 5.470000
    },
    {
      "Date": 20241129, 
      "Value" : 26.670000
    }
  ]
}