{
  "Color": "rgb(244, 55, 244)", 
  "Point": [
    {
      "Date": 20231103, 
      "Value" : 6.000000
    },
    {
      "Date": 20231212, 
      "Value" : 17.770000
    }
  ]
}