{
  "Color": "rgb(244, 55, 244)", 
  "Point": [
    {
      "Date": 20231103, 
      "Value" : 6.000000
    },
    {
      "Date": 20240103, 
      "Value" : 22.490000
    }
  ]
}