{
  "Color": "rgb(244, 55, 244)", 
  "Point": [
    {
      "Date": 20231103, 
      "Value" : 5.950000
    },
    {
      "Date": 20250509, 
      "Value" : 45.830002
    }
  ]
}