{
  "Color": "rgb(244, 55, 244)", 
  "Point": [
    {
      "Date": 20231103, 
      "Value" : 5.950000
    },
    {
      "Date": 20241025, 
      "Value" : 31.799999
    }
  ]
}