{
  "Color": "rgb(244, 55, 244)", 
  "Point": [
    {
      "Date": 20231026, 
      "Value" : 3.490000
    },
    {
      "Date": 20231221, 
      "Value" : 11.070000
    },
    {
      "Date": 20240709, 
      "Value" : 4.660000
    },
    {
      "Date": 20250512, 
      "Value" : 22.980000
    }
  ]
}