{
  "Color": "rgb(244, 55, 244)", 
  "Point": [
    {
      "Date": 20230720, 
      "Value" : 87.309998
    },
    {
      "Date": 20231115, 
      "Value" : 231.789993
    }
  ]
}