{
  "Color": "rgb(244, 55, 244)", 
  "Point": [
    {
      "Date": 20231009, 
      "Value" : 6.690000
    },
    {
      "Date": 20231128, 
      "Value" : 17.730000
    },
    {
      "Date": 20240923, 
      "Value" : 8.090000
    }
  ]
}