{
  "Color": "rgb(244, 55, 244)", 
  "Point": [
    {
      "Date": 20230720, 
      "Value" : 86.309998
    },
    {
      "Date": 20250515, 
      "Value" : 496.000000
    }
  ]
}