{
  "Color": "rgb(244, 55, 244)", 
  "Point": [
    {
      "Date": 20230824, 
      "Value" : 6.920000
    },
    {
      "Date": 20241030, 
      "Value" : 34.110001
    }
  ]
}