{
  "Color": "rgb(244, 55, 244)", 
  "Point": [
    {
      "Date": 20230824, 
      "Value" : 7.380000
    },
    {
      "Date": 20231226, 
      "Value" : 19.700001
    }
  ]
}