{
  "Color": "rgb(244, 55, 244)", 
  "Point": [
    {
      "Date": 20230824, 
      "Value" : 6.920000
    },
    {
      "Date": 20241202, 
      "Value" : 48.270000
    }
  ]
}