{
  "Color": "rgb(244, 55, 244)", 
  "Point": [
    {
      "Date": 20231102, 
      "Value" : 22.660000
    },
    {
      "Date": 20240606, 
      "Value" : 7.210000
    },
    {
      "Date": 20241025, 
      "Value" : 21.450001
    }
  ]
}