{
  "Color": "rgb(244, 55, 244)", 
  "Point": [
    {
      "Date": 20231102, 
      "Value" : 22.860001
    },
    {
      "Date": 20240206, 
      "Value" : 8.250000
    }
  ]
}