{
  "Color": "rgb(244, 55, 244)", 
  "Point": [
    {
      "Date": 20231023, 
      "Value" : 3.310000
    },
    {
      "Date": 20231226, 
      "Value" : 6.990000
    },
    {
      "Date": 20240913, 
      "Value" : 3.390000
    },
    {
      "Date": 20250515, 
      "Value" : 15.440000
    }
  ]
}