{
  "Color": "rgb(244, 55, 244)", 
  "Point": [
    {
      "Date": 20231023, 
      "Value" : 3.310000
    },
    {
      "Date": 20241029, 
      "Value" : 7.820000
    }
  ]
}