{
  "Color": "rgb(244, 55, 244)", 
  "Point": [
    {
      "Date": 20231024, 
      "Value" : 8.010000
    },
    {
      "Date": 20231226, 
      "Value" : 17.100000
    }
  ]
}