{
  "Color": "rgb(244, 55, 244)", 
  "Point": [
    {
      "Date": 20231024, 
      "Value" : 8.010000
    },
    {
      "Date": 20241024, 
      "Value" : 25.299999
    }
  ]
}