{
  "Color": "rgb(244, 55, 244)", 
  "Point": [
    {
      "Date": 20240923, 
      "Value" : 5.010000
    },
    {
      "Date": 20250306, 
      "Value" : 33.700001
    }
  ]
}