{
  "Color": "rgb(244, 55, 244)", 
  "Point": [
    {
      "Date": 20231219, 
      "Value" : 18.879999
    },
    {
      "Date": 20231220, 
      "Value" : 12.610000
    }
  ]
}