{
  "Color": "rgb(244, 55, 244)", 
  "Point": [
    {
      "Date": 20231024, 
      "Value" : 8.010000
    },
    {
      "Date": 20250403, 
      "Value" : 29.959999
    }
  ]
}