{
  "Color": "rgb(244, 55, 244)", 
  "Point": [
    {
      "Date": 20231027, 
      "Value" : 5.850000
    },
    {
      "Date": 20240109, 
      "Value" : 15.360000
    },
    {
      "Date": 20240924, 
      "Value" : 7.180000
    }
  ]
}