{
  "Color": "rgb(244, 55, 244)", 
  "Point": [
    {
      "Date": 20231023, 
      "Value" : 10.920000
    },
    {
      "Date": 20231220, 
      "Value" : 22.000000
    }
  ]
}