{
  "Color": "rgb(244, 55, 244)", 
  "Point": [
    {
      "Date": 20231024, 
      "Value" : 5.780000
    },
    {
      "Date": 20231129, 
      "Value" : 18.570000
    }
  ]
}