{
  "Color": "rgb(244, 55, 244)", 
  "Point": [
    {
      "Date": 20231024, 
      "Value" : 5.780000
    },
    {
      "Date": 20241031, 
      "Value" : 31.770000
    }
  ]
}