{
  "Color": "rgb(244, 55, 244)", 
  "Point": [
    {
      "Date": 20231023, 
      "Value" : 10.720000
    },
    {
      "Date": 20231220, 
      "Value" : 21.799999
    },
    {
      "Date": 20240709, 
      "Value" : 12.310000
    }
  ]
}