{
  "Color": "rgb(244, 55, 244)", 
  "Point": [
    {
      "Date": 20231023, 
      "Value" : 10.720000
    },
    {
      "Date": 20241025, 
      "Value" : 31.070000
    }
  ]
}