{
  "Color": "rgb(244, 55, 244)", 
  "Point": [
    {
      "Date": 20231023, 
      "Value" : 10.520000
    },
    {
      "Date": 20231220, 
      "Value" : 21.600000
    },
    {
      "Date": 20240909, 
      "Value" : 10.800000
    },
    {
      "Date": 20250418, 
      "Value" : 56.639999
    }
  ]
}