{
  "Color": "rgb(244, 55, 244)", 
  "Point": [
    {
      "Date": 20231023, 
      "Value" : 4.650000
    },
    {
      "Date": 20240223, 
      "Value" : 12.650000
    },
    {
      "Date": 20240614, 
      "Value" : 7.020000
    },
    {
      "Date": 20250310, 
      "Value" : 19.559999
    }
  ]
}