{
  "Color": "rgb(244, 55, 244)", 
  "Point": [
    {
      "Date": 20231023, 
      "Value" : 4.930000
    },
    {
      "Date": 20231215, 
      "Value" : 9.580000
    }
  ]
}