{
  "Color": "rgb(244, 55, 244)", 
  "Point": [
    {
      "Date": 20230828, 
      "Value" : 6.060000
    },
    {
      "Date": 20241008, 
      "Value" : 16.260000
    }
  ]
}