{
  "Color": "rgb(244, 55, 244)", 
  "Point": [
    {
      "Date": 20231023, 
      "Value" : 4.500000
    },
    {
      "Date": 20241031, 
      "Value" : 19.000000
    }
  ]
}