{
  "Color": "rgb(244, 55, 244)", 
  "Point": [
    {
      "Date": 20231023, 
      "Value" : 2.380000
    },
    {
      "Date": 20241106, 
      "Value" : 13.870000
    }
  ]
}