{
  "Color": "rgb(244, 55, 244)", 
  "Point": [
    {
      "Date": 20231023, 
      "Value" : 4.650000
    },
    {
      "Date": 20241008, 
      "Value" : 12.860000
    }
  ]
}