{
  "Color": "rgb(244, 55, 244)", 
  "Point": [
    {
      "Date": 20231023, 
      "Value" : 4.500000
    },
    {
      "Date": 20250319, 
      "Value" : 23.000000
    }
  ]
}