{
  "Color": "rgb(244, 55, 244)", 
  "Point": [
    {
      "Date": 20230828, 
      "Value" : 6.260000
    },
    {
      "Date": 20231219, 
      "Value" : 13.870000
    }
  ]
}