{
  "Color": "rgb(244, 55, 244)", 
  "Point": [
    {
      "Date": 20231023, 
      "Value" : 11.450000
    },
    {
      "Date": 20231221, 
      "Value" : 23.799999
    }
  ]
}