{
  "Color": "rgb(244, 55, 244)", 
  "Point": [
    {
      "Date": 20231227, 
      "Value" : 31.600000
    },
    {
      "Date": 20250407, 
      "Value" : 13.900000
    }
  ]
}