{
  "Color": "rgb(244, 55, 244)", 
  "Point": [
    {
      "Date": 20231023, 
      "Value" : 6.510000
    },
    {
      "Date": 20231207, 
      "Value" : 14.220000
    }
  ]
}