{
  "Color": "rgb(244, 55, 244)", 
  "Point": [
    {
      "Date": 20231023, 
      "Value" : 5.250000
    },
    {
      "Date": 20240104, 
      "Value" : 12.640000
    }
  ]
}