{
  "Color": "rgb(244, 55, 244)", 
  "Point": [
    {
      "Date": 20231023, 
      "Value" : 6.510000
    },
    {
      "Date": 20241115, 
      "Value" : 32.299999
    }
  ]
}