{
  "Color": "rgb(244, 55, 244)", 
  "Point": [
    {
      "Date": 20231023, 
      "Value" : 8.660000
    },
    {
      "Date": 20231207, 
      "Value" : 18.690001
    }
  ]
}