{
  "Color": "rgb(244, 55, 244)", 
  "Point": [
    {
      "Date": 20231227, 
      "Value" : 31.600000
    },
    {
      "Date": 20240205, 
      "Value" : 14.500000
    },
    {
      "Date": 20240814, 
      "Value" : 24.870001
    }
  ]
}