{
  "Color": "rgb(244, 55, 244)", 
  "Point": [
    {
      "Date": 20231023, 
      "Value" : 6.510000
    },
    {
      "Date": 20241030, 
      "Value" : 28.000000
    }
  ]
}