{
  "Color": "rgb(244, 55, 244)", 
  "Point": [
    {
      "Date": 20231221, 
      "Value" : 23.700001
    },
    {
      "Date": 20240709, 
      "Value" : 10.940000
    }
  ]
}