{
  "Color": "rgb(244, 55, 244)", 
  "Point": [
    {
      "Date": 20230711, 
      "Value" : 14.900000
    },
    {
      "Date": 20231127, 
      "Value" : 20.500000
    }
  ]
}