{
  "Color": "rgb(244, 55, 244)", 
  "Point": [
    {
      "Date": 20231024, 
      "Value" : 3.450000
    },
    {
      "Date": 20241025, 
      "Value" : 11.290000
    }
  ]
}