{
  "Color": "rgb(244, 55, 244)", 
  "Point": [
    {
      "Date": 20231024, 
      "Value" : 3.450000
    },
    {
      "Date": 20231219, 
      "Value" : 9.760000
    }
  ]
}