{
  "Color": "rgb(244, 55, 244)", 
  "Point": [
    {
      "Date": 20231024, 
      "Value" : 3.450000
    },
    {
      "Date": 20241111, 
      "Value" : 20.799999
    }
  ]
}