{
  "Color": "rgb(244, 55, 244)", 
  "Point": [
    {
      "Date": 20231023, 
      "Value" : 5.250000
    },
    {
      "Date": 20241030, 
      "Value" : 23.580000
    }
  ]
}