{
  "Color": "rgb(244, 55, 244)", 
  "Point": [
    {
      "Date": 20240828, 
      "Value" : 8.080000
    },
    {
      "Date": 20250226, 
      "Value" : 73.000000
    }
  ]
}