{
  "Color": "rgb(244, 55, 244)", 
  "Point": [
    {
      "Date": 20231023, 
      "Value" : 5.250000
    },
    {
      "Date": 20250402, 
      "Value" : 34.020000
    }
  ]
}