{
  "Color": "rgb(244, 55, 244)", 
  "Point": [
    {
      "Date": 20231023, 
      "Value" : 4.420000
    },
    {
      "Date": 20231214, 
      "Value" : 11.570000
    }
  ]
}