{
  "Color": "rgb(244, 55, 244)", 
  "Point": [
    {
      "Date": 20231027, 
      "Value" : 3.680000
    },
    {
      "Date": 20241029, 
      "Value" : 9.500000
    }
  ]
}