{
  "Color": "rgb(244, 55, 244)", 
  "Point": [
    {
      "Date": 20231027, 
      "Value" : 3.680000
    },
    {
      "Date": 20240102, 
      "Value" : 8.270000
    },
    {
      "Date": 20240709, 
      "Value" : 3.800000
    }
  ]
}