{
  "Color": "rgb(244, 55, 244)", 
  "Point": [
    {
      "Date": 20231023, 
      "Value" : 4.120000
    },
    {
      "Date": 20241107, 
      "Value" : 19.969999
    }
  ]
}