{
  "Color": "rgb(244, 55, 244)", 
  "Point": [
    {
      "Date": 20231023, 
      "Value" : 4.120000
    },
    {
      "Date": 20240301, 
      "Value" : 14.190000
    }
  ]
}