{
  "Color": "rgb(244, 55, 244)", 
  "Point": [
    {
      "Date": 20231127, 
      "Value" : 5.100000
    },
    {
      "Date": 20240913, 
      "Value" : 1.990000
    }
  ]
}