{
  "Color": "rgb(244, 55, 244)", 
  "Point": [
    {
      "Date": 20231023, 
      "Value" : 2.780000
    },
    {
      "Date": 20231215, 
      "Value" : 5.390000
    },
    {
      "Date": 20240709, 
      "Value" : 2.690000
    },
    {
      "Date": 20241107, 
      "Value" : 8.850000
    }
  ]
}