{
  "Color": "rgb(244, 55, 244)", 
  "Point": [
    {
      "Date": 20231026, 
      "Value" : 3.660000
    },
    {
      "Date": 20231127, 
      "Value" : 5.200000
    }
  ]
}