{
  "Color": "rgb(244, 55, 244)", 
  "Point": [
    {
      "Date": 20231017, 
      "Value" : 6.500000
    },
    {
      "Date": 20231225, 
      "Value" : 17.620001
    }
  ]
}