{
  "Color": "rgb(244, 55, 244)", 
  "Point": [
    {
      "Date": 20240102, 
      "Value" : 13.940000
    },
    {
      "Date": 20240205, 
      "Value" : 7.250000
    },
    {
      "Date": 20241025, 
      "Value" : 14.660000
    }
  ]
}