{
  "Color": "rgb(244, 55, 244)", 
  "Point": [
    {
      "Date": 20231017, 
      "Value" : 6.300000
    },
    {
      "Date": 20250317, 
      "Value" : 25.000000
    }
  ]
}