{
  "Color": "rgb(244, 55, 244)", 
  "Point": [
    {
      "Date": 20231017, 
      "Value" : 6.300000
    },
    {
      "Date": 20241021, 
      "Value" : 21.260000
    }
  ]
}