{
  "Color": "rgb(244, 55, 244)", 
  "Point": [
    {
      "Date": 20240104, 
      "Value" : 12.610000
    },
    {
      "Date": 20240625, 
      "Value" : 6.450000
    },
    {
      "Date": 20241125, 
      "Value" : 16.799999
    }
  ]
}