{
  "Color": "rgb(244, 55, 244)", 
  "Point": [
    {
      "Date": 20231102, 
      "Value" : 3.910000
    },
    {
      "Date": 20240117, 
      "Value" : 8.890000
    },
    {
      "Date": 20240909, 
      "Value" : 4.410000
    }
  ]
}