{
  "Color": "rgb(244, 55, 244)", 
  "Point": [
    {
      "Date": 20231027, 
      "Value" : 8.710000
    },
    {
      "Date": 20240118, 
      "Value" : 31.309999
    }
  ]
}