{
  "Color": "rgb(244, 55, 244)", 
  "Point": [
    {
      "Date": 20231027, 
      "Value" : 8.350000
    },
    {
      "Date": 20241216, 
      "Value" : 45.439999
    }
  ]
}