{
  "Color": "rgb(244, 55, 244)", 
  "Point": [
    {
      "Date": 20231024, 
      "Value" : 20.080000
    },
    {
      "Date": 20231221, 
      "Value" : 38.689999
    },
    {
      "Date": 20240624, 
      "Value" : 14.370000
    }
  ]
}