{
  "Color": "rgb(244, 55, 244)", 
  "Point": [
    {
      "Date": 20231023, 
      "Value" : 2.330000
    },
    {
      "Date": 20241029, 
      "Value" : 11.000000
    }
  ]
}