{
  "Color": "rgb(244, 55, 244)", 
  "Point": [
    {
      "Date": 20231023, 
      "Value" : 2.350000
    },
    {
      "Date": 20231219, 
      "Value" : 6.860000
    }
  ]
}