{
  "Color": "rgb(244, 55, 244)", 
  "Point": [
    {
      "Date": 20231023, 
      "Value" : 2.330000
    },
    {
      "Date": 20231219, 
      "Value" : 6.840000
    },
    {
      "Date": 20240606, 
      "Value" : 2.840000
    }
  ]
}