{
  "Color": "rgb(244, 55, 244)", 
  "Point": [
    {
      "Date": 20231102, 
      "Value" : 4.010000
    },
    {
      "Date": 20231127, 
      "Value" : 7.030000
    }
  ]
}