{
  "Color": "rgb(244, 55, 244)", 
  "Point": [
    {
      "Date": 20231027, 
      "Value" : 9.600000
    },
    {
      "Date": 20240118, 
      "Value" : 32.200001
    }
  ]
}