{
  "Color": "rgb(244, 55, 244)", 
  "Point": [
    {
      "Date": 20231027, 
      "Value" : 8.710000
    },
    {
      "Date": 20241031, 
      "Value" : 34.000000
    }
  ]
}