{
  "Color": "rgb(244, 55, 244)", 
  "Point": [
    {
      "Date": 20231030, 
      "Value" : 5.080000
    },
    {
      "Date": 20231221, 
      "Value" : 10.200000
    },
    {
      "Date": 20240606, 
      "Value" : 6.400000
    }
  ]
}