{
  "Color": "rgb(244, 55, 244)", 
  "Point": [
    {
      "Date": 20231030, 
      "Value" : 5.080000
    },
    {
      "Date": 20241008, 
      "Value" : 11.220000
    }
  ]
}