{
  "Color": "rgb(244, 55, 244)", 
  "Point": [
    {
      "Date": 20231030, 
      "Value" : 5.380000
    },
    {
      "Date": 20231221, 
      "Value" : 10.500000
    }
  ]
}