{
  "Color": "rgb(244, 55, 244)", 
  "Point": [
    {
      "Date": 20231024, 
      "Value" : 4.540000
    },
    {
      "Date": 20231129, 
      "Value" : 16.680000
    }
  ]
}