{
  "Color": "rgb(244, 55, 244)", 
  "Point": [
    {
      "Date": 20231023, 
      "Value" : 5.610000
    },
    {
      "Date": 20241121, 
      "Value" : 39.000000
    }
  ]
}