{
  "Color": "rgb(244, 55, 244)", 
  "Point": [
    {
      "Date": 20231023, 
      "Value" : 3.500000
    },
    {
      "Date": 20241025, 
      "Value" : 35.000000
    }
  ]
}