{
  "Color": "rgb(244, 55, 244)", 
  "Point": [
    {
      "Date": 20231023, 
      "Value" : 5.730000
    },
    {
      "Date": 20240105, 
      "Value" : 13.950000
    }
  ]
}