{
  "Color": "rgb(244, 55, 244)", 
  "Point": [
    {
      "Date": 20231024, 
      "Value" : 4.540000
    },
    {
      "Date": 20241122, 
      "Value" : 36.599998
    }
  ]
}