{
  "Color": "rgb(244, 55, 244)", 
  "Point": [
    {
      "Date": 20231023, 
      "Value" : 3.500000
    },
    {
      "Date": 20240418, 
      "Value" : 10.830000
    }
  ]
}