{
  "Color": "rgb(244, 55, 244)", 
  "Point": [
    {
      "Date": 20230727, 
      "Value" : 6.420000
    },
    {
      "Date": 20231128, 
      "Value" : 11.280000
    },
    {
      "Date": 20240709, 
      "Value" : 7.230000
    },
    {
      "Date": 20250418, 
      "Value" : 22.959999
    }
  ]
}