{
  "Color": "rgb(244, 55, 244)", 
  "Point": [
    {
      "Date": 20231023, 
      "Value" : 3.360000
    },
    {
      "Date": 20240103, 
      "Value" : 6.300000
    },
    {
      "Date": 20240709, 
      "Value" : 3.640000
    }
  ]
}