{
  "Color": "rgb(244, 55, 244)", 
  "Point": [
    {
      "Date": 20231023, 
      "Value" : 3.360000
    },
    {
      "Date": 20241030, 
      "Value" : 7.770000
    }
  ]
}