{
  "Color": "rgb(244, 55, 244)", 
  "Point": [
    {
      "Date": 20230719, 
      "Value" : 3.560000
    },
    {
      "Date": 20231221, 
      "Value" : 7.230000
    }
  ]
}