{
  "Color": "rgb(244, 55, 244)", 
  "Point": [
    {
      "Date": 20230719, 
      "Value" : 3.560000
    },
    {
      "Date": 20241030, 
      "Value" : 9.650000
    }
  ]
}