{
  "Color": "rgb(244, 55, 244)", 
  "Point": [
    {
      "Date": 20230719, 
      "Value" : 5.030000
    },
    {
      "Date": 20231221, 
      "Value" : 9.800000
    }
  ]
}