{
  "Color": "rgb(244, 55, 244)", 
  "Point": [
    {
      "Date": 20231023, 
      "Value" : 4.610000
    },
    {
      "Date": 20231228, 
      "Value" : 12.420000
    }
  ]
}