{
  "Color": "rgb(244, 55, 244)", 
  "Point": [
    {
      "Date": 20231031, 
      "Value" : 4.730000
    },
    {
      "Date": 20240104, 
      "Value" : 9.690000
    },
    {
      "Date": 20240422, 
      "Value" : 5.590000
    },
    {
      "Date": 20250102, 
      "Value" : 35.799999
    }
  ]
}