{
  "Color": "rgb(244, 55, 244)", 
  "Point": [
    {
      "Date": 20231024, 
      "Value" : 7.700000
    },
    {
      "Date": 20231127, 
      "Value" : 18.490000
    }
  ]
}