{
  "Color": "rgb(244, 55, 244)", 
  "Point": [
    {
      "Date": 20231024, 
      "Value" : 7.700000
    },
    {
      "Date": 20250318, 
      "Value" : 25.980000
    }
  ]
}