{
  "Color": "rgb(244, 55, 244)", 
  "Point": [
    {
      "Date": 20240910, 
      "Value" : 13.450000
    },
    {
      "Date": 20241112, 
      "Value" : 30.000000
    },
    {
      "Date": 20250409, 
      "Value" : 17.200001
    }
  ]
}