{
  "Color": "rgb(244, 55, 244)", 
  "Point": [
    {
      "Date": 20230728, 
      "Value" : 7.910000
    },
    {
      "Date": 20231221, 
      "Value" : 20.860001
    }
  ]
}