{
  "Color": "rgb(244, 55, 244)", 
  "Point": [
    {
      "Date": 20231127, 
      "Value" : 28.500000
    },
    {
      "Date": 20240205, 
      "Value" : 15.220000
    }
  ]
}