{
  "Color": "rgb(244, 55, 244)", 
  "Point": [
    {
      "Date": 20230711, 
      "Value" : 3.950000
    },
    {
      "Date": 20240102, 
      "Value" : 10.760000
    }
  ]
}