{
  "Color": "rgb(244, 55, 244)", 
  "Point": [
    {
      "Date": 20231023, 
      "Value" : 14.170000
    },
    {
      "Date": 20231128, 
      "Value" : 23.410000
    }
  ]
}