{
  "Color": "rgb(244, 55, 244)", 
  "Point": [
    {
      "Date": 20230728, 
      "Value" : 7.610000
    },
    {
      "Date": 20241030, 
      "Value" : 28.770000
    }
  ]
}