{
  "Color": "rgb(244, 55, 244)", 
  "Point": [
    {
      "Date": 20230711, 
      "Value" : 3.950000
    },
    {
      "Date": 20241025, 
      "Value" : 16.500000
    }
  ]
}