{
  "Color": "rgb(244, 55, 244)", 
  "Point": [
    {
      "Date": 20230728, 
      "Value" : 7.910000
    },
    {
      "Date": 20240125, 
      "Value" : 25.730000
    }
  ]
}