{
  "Color": "rgb(244, 55, 244)", 
  "Point": [
    {
      "Date": 20230728, 
      "Value" : 7.610000
    },
    {
      "Date": 20241211, 
      "Value" : 46.110001
    }
  ]
}