{
  "Color": "rgb(244, 55, 244)", 
  "Point": [
    {
      "Date": 20231025, 
      "Value" : 9.200000
    },
    {
      "Date": 20231215, 
      "Value" : 19.299999
    }
  ]
}