{
  "Color": "rgb(244, 55, 244)", 
  "Point": [
    {
      "Date": 20231025, 
      "Value" : 6.850000
    },
    {
      "Date": 20241115, 
      "Value" : 45.000000
    }
  ]
}