{
  "Color": "rgb(244, 55, 244)", 
  "Point": [
    {
      "Date": 20231025, 
      "Value" : 6.850000
    },
    {
      "Date": 20241030, 
      "Value" : 26.360001
    }
  ]
}