{
  "Color": "rgb(244, 55, 244)", 
  "Point": [
    {
      "Date": 20231102, 
      "Value" : 4.810000
    },
    {
      "Date": 20240102, 
      "Value" : 16.360001
    },
    {
      "Date": 20240611, 
      "Value" : 5.950000
    },
    {
      "Date": 20250304, 
      "Value" : 37.950001
    }
  ]
}