{
  "Color": "rgb(244, 55, 244)", 
  "Point": [
    {
      "Date": 20231025, 
      "Value" : 6.850000
    },
    {
      "Date": 20231215, 
      "Value" : 14.620000
    }
  ]
}