{
  "Color": "rgb(244, 55, 244)", 
  "Point": [
    {
      "Date": 20231102, 
      "Value" : 4.910000
    },
    {
      "Date": 20240102, 
      "Value" : 16.459999
    }
  ]
}