{
  "Color": "rgb(244, 55, 244)", 
  "Point": [
    {
      "Date": 20231127, 
      "Value" : 21.000000
    },
    {
      "Date": 20240205, 
      "Value" : 9.200000
    }
  ]
}