{
  "Color": "rgb(244, 55, 244)", 
  "Point": [
    {
      "Date": 20230721, 
      "Value" : 50.689999
    },
    {
      "Date": 20240709, 
      "Value" : 23.240000
    }
  ]
}