{
  "Color": "rgb(244, 55, 244)", 
  "Point": [
    {
      "Date": 20240923, 
      "Value" : 17.889999
    },
    {
      "Date": 20241025, 
      "Value" : 56.599998
    }
  ]
}