{
  "Color": "rgb(244, 55, 244)", 
  "Point": [
    {
      "Date": 20240913, 
      "Value" : 8.650000
    },
    {
      "Date": 20241029, 
      "Value" : 26.190001
    }
  ]
}