{
  "Color": "rgb(244, 55, 244)", 
  "Point": [
    {
      "Date": 20230721, 
      "Value" : 50.990002
    },
    {
      "Date": 20240205, 
      "Value" : 25.150000
    }
  ]
}