{
  "Color": "rgb(244, 55, 244)", 
  "Point": [
    {
      "Date": 20230721, 
      "Value" : 50.990002
    },
    {
      "Date": 20231103, 
      "Value" : 31.889999
    }
  ]
}