{
  "Color": "rgb(244, 55, 244)", 
  "Point": [
    {
      "Date": 20240401, 
      "Value" : 29.969999
    },
    {
      "Date": 20240709, 
      "Value" : 11.360000
    }
  ]
}