{
  "Color": "rgb(244, 55, 244)", 
  "Point": [
    {
      "Date": 20240923, 
      "Value" : 9.980000
    },
    {
      "Date": 20241030, 
      "Value" : 30.000000
    }
  ]
}