{
  "Color": "rgb(244, 55, 244)", 
  "Point": [
    {
      "Date": 20230828, 
      "Value" : 5.370000
    },
    {
      "Date": 20240105, 
      "Value" : 16.969999
    }
  ]
}