{
  "Color": "rgb(244, 55, 244)", 
  "Point": [
    {
      "Date": 20231130, 
      "Value" : 28.500000
    },
    {
      "Date": 20240116, 
      "Value" : 14.710000
    }
  ]
}