{
  "Color": "rgb(244, 55, 244)", 
  "Point": [
    {
      "Date": 20231130, 
      "Value" : 28.270000
    },
    {
      "Date": 20240708, 
      "Value" : 11.730000
    }
  ]
}