{
  "Color": "rgb(244, 55, 244)", 
  "Point": [
    {
      "Date": 20230828, 
      "Value" : 5.170000
    },
    {
      "Date": 20241126, 
      "Value" : 52.000000
    }
  ]
}