{
  "Color": "rgb(244, 55, 244)", 
  "Point": [
    {
      "Date": 20240829, 
      "Value" : 10.050000
    },
    {
      "Date": 20250313, 
      "Value" : 45.790001
    }
  ]
}