{
  "Color": "rgb(244, 55, 244)", 
  "Point": [
    {
      "Date": 20230828, 
      "Value" : 5.170000
    },
    {
      "Date": 20240417, 
      "Value" : 27.790001
    }
  ]
}