{
  "Color": "rgb(244, 55, 244)", 
  "Point": [
    {
      "Date": 20230829, 
      "Value" : 8.090000
    },
    {
      "Date": 20241129, 
      "Value" : 25.389999
    },
    {
      "Date": 20250409, 
      "Value" : 12.880000
    }
  ]
}