{
  "Color": "rgb(244, 55, 244)", 
  "Point": [
    {
      "Date": 20230829, 
      "Value" : 8.150000
    },
    {
      "Date": 20231127, 
      "Value" : 19.309999
    }
  ]
}