{
  "Color": "rgb(244, 55, 244)", 
  "Point": [
    {
      "Date": 20231103, 
      "Value" : 13.020000
    },
    {
      "Date": 20231127, 
      "Value" : 20.879999
    },
    {
      "Date": 20240906, 
      "Value" : 10.340000
    }
  ]
}