{
  "Color": "rgb(244, 55, 244)", 
  "Point": [
    {
      "Date": 20230829, 
      "Value" : 8.090000
    },
    {
      "Date": 20241030, 
      "Value" : 22.660000
    }
  ]
}