{
  "Color": "rgb(244, 55, 244)", 
  "Point": [
    {
      "Date": 20231023, 
      "Value" : 6.290000
    },
    {
      "Date": 20231214, 
      "Value" : 16.980000
    }
  ]
}