{
  "Color": "rgb(244, 55, 244)", 
  "Point": [
    {
      "Date": 20231023, 
      "Value" : 6.190000
    },
    {
      "Date": 20250317, 
      "Value" : 26.330000
    }
  ]
}