{
  "Color": "rgb(244, 55, 244)", 
  "Point": [
    {
      "Date": 20240103, 
      "Value" : 5.630000
    },
    {
      "Date": 20240709, 
      "Value" : 2.940000
    }
  ]
}