{
  "Color": "rgb(244, 55, 244)", 
  "Point": [
    {
      "Date": 20240709, 
      "Value" : 2.940000
    },
    {
      "Date": 20241107, 
      "Value" : 11.600000
    }
  ]
}