{
  "Color": "rgb(244, 55, 244)", 
  "Point": [
    {
      "Date": 20231026, 
      "Value" : 4.460000
    },
    {
      "Date": 20231228, 
      "Value" : 9.590000
    }
  ]
}