{
  "Color": "rgb(244, 55, 244)", 
  "Point": [
    {
      "Date": 20231026, 
      "Value" : 4.460000
    },
    {
      "Date": 20231221, 
      "Value" : 8.490000
    }
  ]
}