{
  "Color": "rgb(244, 55, 244)", 
  "Point": [
    {
      "Date": 20231026, 
      "Value" : 4.240000
    },
    {
      "Date": 20241106, 
      "Value" : 18.790001
    }
  ]
}