{
  "Color": "rgb(244, 55, 244)", 
  "Point": [
    {
      "Date": 20231026, 
      "Value" : 4.240000
    },
    {
      "Date": 20231228, 
      "Value" : 9.370000
    },
    {
      "Date": 20240709, 
      "Value" : 4.880000
    }
  ]
}