{
  "Color": "rgb(244, 55, 244)", 
  "Point": [
    {
      "Date": 20230711, 
      "Value" : 21.620001
    },
    {
      "Date": 20240206, 
      "Value" : 8.900000
    }
  ]
}