{
  "Color": "rgb(244, 55, 244)", 
  "Point": [
    {
      "Date": 20231024, 
      "Value" : 3.380000
    },
    {
      "Date": 20240108, 
      "Value" : 10.310000
    },
    {
      "Date": 20240709, 
      "Value" : 4.780000
    }
  ]
}