{
  "Color": "rgb(244, 55, 244)", 
  "Point": [
    {
      "Date": 20231024, 
      "Value" : 3.380000
    },
    {
      "Date": 20241031, 
      "Value" : 21.850000
    }
  ]
}