{
  "Color": "rgb(244, 55, 244)", 
  "Point": [
    {
      "Date": 20231024, 
      "Value" : 3.380000
    },
    {
      "Date": 20241202, 
      "Value" : 21.990000
    },
    {
      "Date": 20250407, 
      "Value" : 9.700000
    }
  ]
}