{
  "Color": "rgb(244, 55, 244)", 
  "Point": [
    {
      "Date": 20231023, 
      "Value" : 6.380000
    },
    {
      "Date": 20240119, 
      "Value" : 18.879999
    }
  ]
}