{
  "Color": "rgb(244, 55, 244)", 
  "Point": [
    {
      "Date": 20240626, 
      "Value" : 3.490000
    },
    {
      "Date": 20250310, 
      "Value" : 21.879999
    }
  ]
}