{
  "Color": "rgb(244, 55, 244)", 
  "Point": [
    {
      "Date": 20231024, 
      "Value" : 16.740000
    },
    {
      "Date": 20241029, 
      "Value" : 36.099998
    }
  ]
}