{
  "Color": "rgb(244, 55, 244)", 
  "Point": [
    {
      "Date": 20231009, 
      "Value" : 4.530000
    },
    {
      "Date": 20241031, 
      "Value" : 39.880001
    }
  ]
}