{
  "Color": "rgb(244, 55, 244)", 
  "Point": [
    {
      "Date": 20231027, 
      "Value" : 9.370000
    },
    {
      "Date": 20231215, 
      "Value" : 20.500000
    }
  ]
}