{
  "Color": "rgb(244, 55, 244)", 
  "Point": [
    {
      "Date": 20230825, 
      "Value" : 6.080000
    },
    {
      "Date": 20240117, 
      "Value" : 22.650000
    }
  ]
}