{
  "Color": "rgb(244, 55, 244)", 
  "Point": [
    {
      "Date": 20231024, 
      "Value" : 4.480000
    },
    {
      "Date": 20250318, 
      "Value" : 16.500000
    }
  ]
}