{
  "Color": "rgb(244, 55, 244)", 
  "Point": [
    {
      "Date": 20231009, 
      "Value" : 4.530000
    },
    {
      "Date": 20231226, 
      "Value" : 24.469999
    }
  ]
}