{
  "Color": "rgb(244, 55, 244)", 
  "Point": [
    {
      "Date": 20231009, 
      "Value" : 6.070000
    },
    {
      "Date": 20231220, 
      "Value" : 27.799999
    }
  ]
}