{
  "Color": "rgb(244, 55, 244)", 
  "Point": [
    {
      "Date": 20231023, 
      "Value" : 4.900000
    },
    {
      "Date": 20240119, 
      "Value" : 15.320000
    },
    {
      "Date": 20240924, 
      "Value" : 6.360000
    }
  ]
}