{
  "Color": "rgb(244, 55, 244)", 
  "Point": [
    {
      "Date": 20231024, 
      "Value" : 25.040001
    },
    {
      "Date": 20231221, 
      "Value" : 40.000000
    }
  ]
}