{
  "Color": "rgb(244, 55, 244)", 
  "Point": [
    {
      "Date": 20231027, 
      "Value" : 9.370000
    },
    {
      "Date": 20241021, 
      "Value" : 43.000000
    }
  ]
}