{
  "Color": "rgb(244, 55, 244)", 
  "Point": [
    {
      "Date": 20230825, 
      "Value" : 4.270000
    },
    {
      "Date": 20231208, 
      "Value" : 8.500000
    }
  ]
}