{
  "Color": "rgb(244, 55, 244)", 
  "Point": [
    {
      "Date": 20231019, 
      "Value" : 3.770000
    },
    {
      "Date": 20240104, 
      "Value" : 9.340000
    }
  ]
}