{
  "Color": "rgb(244, 55, 244)", 
  "Point": [
    {
      "Date": 20231019, 
      "Value" : 2.800000
    },
    {
      "Date": 20250318, 
      "Value" : 18.400000
    }
  ]
}