{
  "Color": "rgb(244, 55, 244)", 
  "Point": [
    {
      "Date": 20231019, 
      "Value" : 3.660000
    },
    {
      "Date": 20241030, 
      "Value" : 17.940001
    }
  ]
}