{
  "Color": "rgb(244, 55, 244)", 
  "Point": [
    {
      "Date": 20231019, 
      "Value" : 5.560000
    },
    {
      "Date": 20240104, 
      "Value" : 13.360000
    }
  ]
}