{
  "Color": "rgb(244, 55, 244)", 
  "Point": [
    {
      "Date": 20240205, 
      "Value" : 6.200000
    },
    {
      "Date": 20241204, 
      "Value" : 18.000000
    }
  ]
}