{
  "Color": "rgb(244, 55, 244)", 
  "Point": [
    {
      "Date": 20240111, 
      "Value" : 10.170000
    },
    {
      "Date": 20240709, 
      "Value" : 4.660000
    },
    {
      "Date": 20250410, 
      "Value" : 21.870001
    }
  ]
}