{
  "Color": "rgb(244, 55, 244)", 
  "Point": [
    {
      "Date": 20240709, 
      "Value" : 5.280000
    },
    {
      "Date": 20241121, 
      "Value" : 23.400000
    }
  ]
}