{
  "Color": "rgb(244, 55, 244)", 
  "Point": [
    {
      "Date": 20231024, 
      "Value" : 2.940000
    },
    {
      "Date": 20241112, 
      "Value" : 9.990000
    }
  ]
}