{
  "Color": "rgb(244, 55, 244)", 
  "Point": [
    {
      "Date": 20231024, 
      "Value" : 2.940000
    },
    {
      "Date": 20231127, 
      "Value" : 8.230000
    }
  ]
}