{
  "Color": "rgb(244, 55, 244)", 
  "Point": [
    {
      "Date": 20231019, 
      "Value" : 7.530000
    },
    {
      "Date": 20231127, 
      "Value" : 15.300000
    }
  ]
}