{
  "Color": "rgb(244, 55, 244)", 
  "Point": [
    {
      "Date": 20231024, 
      "Value" : 7.800000
    },
    {
      "Date": 20250317, 
      "Value" : 31.000000
    }
  ]
}