{
  "Color": "rgb(244, 55, 244)", 
  "Point": [
    {
      "Date": 20231024, 
      "Value" : 8.150000
    },
    {
      "Date": 20240125, 
      "Value" : 25.500000
    }
  ]
}