{
  "Color": "rgb(244, 55, 244)", 
  "Point": [
    {
      "Date": 20231212, 
      "Value" : 32.290001
    },
    {
      "Date": 20231221, 
      "Value" : 25.000000
    }
  ]
}