{
  "Color": "rgb(244, 55, 244)", 
  "Point": [
    {
      "Date": 20231023, 
      "Value" : 6.950000
    },
    {
      "Date": 20241025, 
      "Value" : 47.970001
    }
  ]
}