{
  "Color": "rgb(244, 55, 244)", 
  "Point": [
    {
      "Date": 20231023, 
      "Value" : 7.610000
    },
    {
      "Date": 20240228, 
      "Value" : 24.490000
    }
  ]
}