{
  "Color": "rgb(244, 55, 244)", 
  "Point": [
    {
      "Date": 20230825, 
      "Value" : 4.060000
    },
    {
      "Date": 20240104, 
      "Value" : 8.980000
    }
  ]
}