{
  "Color": "rgb(244, 55, 244)", 
  "Point": [
    {
      "Date": 20230825, 
      "Value" : 4.260000
    },
    {
      "Date": 20231221, 
      "Value" : 7.600000
    }
  ]
}