{
  "Color": "rgb(244, 55, 244)", 
  "Point": [
    {
      "Date": 20231023, 
      "Value" : 7.610000
    },
    {
      "Date": 20231221, 
      "Value" : 17.879999
    }
  ]
}