{
  "Color": "rgb(244, 55, 244)", 
  "Point": [
    {
      "Date": 20230825, 
      "Value" : 4.060000
    },
    {
      "Date": 20241107, 
      "Value" : 13.740000
    }
  ]
}