{
  "Color": "rgb(244, 55, 244)", 
  "Point": [
    {
      "Date": 20231024, 
      "Value" : 4.460000
    },
    {
      "Date": 20241112, 
      "Value" : 27.040001
    }
  ]
}