{
  "Color": "rgb(244, 55, 244)", 
  "Point": [
    {
      "Date": 20231024, 
      "Value" : 4.620000
    },
    {
      "Date": 20231226, 
      "Value" : 18.230000
    }
  ]
}