{
  "Color": "rgb(244, 55, 244)", 
  "Point": [
    {
      "Date": 20231023, 
      "Value" : 3.800000
    },
    {
      "Date": 20241128, 
      "Value" : 14.910000
    }
  ]
}