{
  "Color": "rgb(244, 55, 244)", 
  "Point": [
    {
      "Date": 20231024, 
      "Value" : 4.620000
    },
    {
      "Date": 20231220, 
      "Value" : 15.720000
    }
  ]
}