{
  "Color": "rgb(244, 55, 244)", 
  "Point": [
    {
      "Date": 20240103, 
      "Value" : 8.790000
    },
    {
      "Date": 20240205, 
      "Value" : 4.500000
    }
  ]
}