{
  "Color": "rgb(244, 55, 244)", 
  "Point": [
    {
      "Date": 20231023, 
      "Value" : 3.970000
    },
    {
      "Date": 20231220, 
      "Value" : 9.490000
    }
  ]
}