{
  "Color": "rgb(244, 55, 244)", 
  "Point": [
    {
      "Date": 20231023, 
      "Value" : 3.830000
    },
    {
      "Date": 20231206, 
      "Value" : 11.540000
    },
    {
      "Date": 20240709, 
      "Value" : 4.300000
    }
  ]
}