{
  "Color": "rgb(244, 55, 244)", 
  "Point": [
    {
      "Date": 20231023, 
      "Value" : 4.800000
    },
    {
      "Date": 20231129, 
      "Value" : 8.180000
    }
  ]
}