{
  "Color": "rgb(244, 55, 244)", 
  "Point": [
    {
      "Date": 20231023, 
      "Value" : 3.770000
    },
    {
      "Date": 20240105, 
      "Value" : 9.950000
    },
    {
      "Date": 20240611, 
      "Value" : 5.150000
    }
  ]
}