{
  "Color": "rgb(244, 55, 244)", 
  "Point": [
    {
      "Date": 20231023, 
      "Value" : 6.040000
    },
    {
      "Date": 20231215, 
      "Value" : 13.660000
    },
    {
      "Date": 20240827, 
      "Value" : 7.150000
    },
    {
      "Date": 20250425, 
      "Value" : 26.709999
    }
  ]
}