{
  "Color": "rgb(244, 55, 244)", 
  "Point": [
    {
      "Date": 20240205, 
      "Value" : 4.320000
    },
    {
      "Date": 20241030, 
      "Value" : 12.880000
    }
  ]
}