{
  "Color": "rgb(244, 55, 244)", 
  "Point": [
    {
      "Date": 20231023, 
      "Value" : 7.850000
    },
    {
      "Date": 20231215, 
      "Value" : 16.990000
    }
  ]
}