{
  "Color": "rgb(244, 55, 244)", 
  "Point": [
    {
      "Date": 20240913, 
      "Value" : 9.510000
    },
    {
      "Date": 20241106, 
      "Value" : 58.500000
    }
  ]
}