{
  "Color": "rgb(244, 55, 244)", 
  "Point": [
    {
      "Date": 20231221, 
      "Value" : 39.500000
    },
    {
      "Date": 20240913, 
      "Value" : 9.510000
    }
  ]
}