{
  "Color": "rgb(244, 55, 244)", 
  "Point": [
    {
      "Date": 20240104, 
      "Value" : 13.850000
    },
    {
      "Date": 20240709, 
      "Value" : 7.510000
    },
    {
      "Date": 20250318, 
      "Value" : 21.790001
    }
  ]
}