{
  "Color": "rgb(244, 55, 244)", 
  "Point": [
    {
      "Date": 20230825, 
      "Value" : 8.920000
    },
    {
      "Date": 20231221, 
      "Value" : 13.400000
    }
  ]
}