{
  "Color": "rgb(244, 55, 244)", 
  "Point": [
    {
      "Date": 20231020, 
      "Value" : 3.140000
    },
    {
      "Date": 20241220, 
      "Value" : 22.860001
    },
    {
      "Date": 20250407, 
      "Value" : 12.080000
    }
  ]
}