{
  "Color": "rgb(244, 55, 244)", 
  "Point": [
    {
      "Date": 20240924, 
      "Value" : 8.390000
    },
    {
      "Date": 20250515, 
      "Value" : 35.389999
    }
  ]
}