{
  "Color": "rgb(244, 55, 244)", 
  "Point": [
    {
      "Date": 20240329, 
      "Value" : 19.770000
    },
    {
      "Date": 20240716, 
      "Value" : 9.340000
    }
  ]
}