{
  "Color": "rgb(244, 55, 244)", 
  "Point": [
    {
      "Date": 20231020, 
      "Value" : 4.500000
    },
    {
      "Date": 20240102, 
      "Value" : 10.800000
    }
  ]
}