{
  "Color": "rgb(244, 55, 244)", 
  "Point": [
    {
      "Date": 20231024, 
      "Value" : 9.220000
    },
    {
      "Date": 20240102, 
      "Value" : 21.879999
    },
    {
      "Date": 20240913, 
      "Value" : 8.680000
    }
  ]
}