{
  "Color": "rgb(244, 55, 244)", 
  "Point": [
    {
      "Date": 20231023, 
      "Value" : 9.890000
    },
    {
      "Date": 20231128, 
      "Value" : 35.270000
    },
    {
      "Date": 20240531, 
      "Value" : 14.270000
    }
  ]
}