{
  "Color": "rgb(244, 55, 244)", 
  "Point": [
    {
      "Date": 20231020, 
      "Value" : 3.140000
    },
    {
      "Date": 20241031, 
      "Value" : 14.580000
    }
  ]
}