{
  "Color": "rgb(244, 55, 244)", 
  "Point": [
    {
      "Date": 20231023, 
      "Value" : 5.510000
    },
    {
      "Date": 20231214, 
      "Value" : 18.299999
    },
    {
      "Date": 20240716, 
      "Value" : 7.850000
    }
  ]
}