{
  "Color": "rgb(244, 55, 244)", 
  "Point": [
    {
      "Date": 20231023, 
      "Value" : 5.510000
    },
    {
      "Date": 20241128, 
      "Value" : 18.770000
    }
  ]
}