{
  "Color": "rgb(244, 55, 244)", 
  "Point": [
    {
      "Date": 20230713, 
      "Value" : 7.970000
    },
    {
      "Date": 20240104, 
      "Value" : 23.299999
    }
  ]
}