{
  "Color": "rgb(244, 55, 244)", 
  "Point": [
    {
      "Date": 20230713, 
      "Value" : 8.470000
    },
    {
      "Date": 20231128, 
      "Value" : 18.879999
    }
  ]
}