{
  "Color": "rgb(244, 55, 244)", 
  "Point": [
    {
      "Date": 20230713, 
      "Value" : 7.970000
    },
    {
      "Date": 20250317, 
      "Value" : 41.500000
    }
  ]
}