{
  "Color": "rgb(244, 55, 244)", 
  "Point": [
    {
      "Date": 20231024, 
      "Value" : 4.110000
    },
    {
      "Date": 20240102, 
      "Value" : 14.520000
    },
    {
      "Date": 20240611, 
      "Value" : 5.620000
    }
  ]
}