{
  "Color": "rgb(244, 55, 244)", 
  "Point": [
    {
      "Date": 20231024, 
      "Value" : 4.150000
    },
    {
      "Date": 20231128, 
      "Value" : 11.670000
    }
  ]
}