{
  "Color": "rgb(244, 55, 244)", 
  "Point": [
    {
      "Date": 20231026, 
      "Value" : 14.600000
    },
    {
      "Date": 20231128, 
      "Value" : 24.299999
    }
  ]
}