{
  "Color": "rgb(244, 55, 244)", 
  "Point": [
    {
      "Date": 20231026, 
      "Value" : 14.530000
    },
    {
      "Date": 20231128, 
      "Value" : 24.230000
    },
    {
      "Date": 20240710, 
      "Value" : 13.670000
    }
  ]
}