{
  "Color": "rgb(244, 55, 244)", 
  "Point": [
    {
      "Date": 20240118, 
      "Value" : 15.840000
    },
    {
      "Date": 20240206, 
      "Value" : 8.280000
    }
  ]
}