{
  "Color": "rgb(244, 55, 244)", 
  "Point": [
    {
      "Date": 20240118, 
      "Value" : 15.840000
    },
    {
      "Date": 20240910, 
      "Value" : 7.960000
    }
  ]
}