{
  "Color": "rgb(244, 55, 244)", 
  "Point": [
    {
      "Date": 20231023, 
      "Value" : 8.270000
    },
    {
      "Date": 20241112, 
      "Value" : 106.000000
    }
  ]
}