{
  "Color": "rgb(244, 55, 244)", 
  "Point": [
    {
      "Date": 20230828, 
      "Value" : 5.050000
    },
    {
      "Date": 20240103, 
      "Value" : 16.240000
    }
  ]
}