{
  "Color": "rgb(244, 55, 244)", 
  "Point": [
    {
      "Date": 20230828, 
      "Value" : 5.050000
    },
    {
      "Date": 20241030, 
      "Value" : 17.629999
    }
  ]
}