{
  "Color": "rgb(244, 55, 244)", 
  "Point": [
    {
      "Date": 20230828, 
      "Value" : 5.050000
    },
    {
      "Date": 20250304, 
      "Value" : 31.660000
    }
  ]
}