{
  "Color": "rgb(244, 55, 244)", 
  "Point": [
    {
      "Date": 20230828, 
      "Value" : 5.440000
    },
    {
      "Date": 20231128, 
      "Value" : 16.110001
    }
  ]
}