{
  "Color": "rgb(244, 55, 244)", 
  "Point": [
    {
      "Date": 20231023, 
      "Value" : 7.200000
    },
    {
      "Date": 20241029, 
      "Value" : 31.959999
    }
  ]
}