{
  "Color": "rgb(244, 55, 244)", 
  "Point": [
    {
      "Date": 20231023, 
      "Value" : 7.200000
    },
    {
      "Date": 20231213, 
      "Value" : 28.799999
    },
    {
      "Date": 20240520, 
      "Value" : 13.350000
    }
  ]
}