{
  "Color": "rgb(244, 55, 244)", 
  "Point": [
    {
      "Date": 20231024, 
      "Value" : 7.770000
    },
    {
      "Date": 20231220, 
      "Value" : 22.860001
    }
  ]
}