{
  "Color": "rgb(244, 55, 244)", 
  "Point": [
    {
      "Date": 20231024, 
      "Value" : 5.440000
    },
    {
      "Date": 20240717, 
      "Value" : 35.000000
    }
  ]
}