{
  "Color": "rgb(244, 55, 244)", 
  "Point": [
    {
      "Date": 20231024, 
      "Value" : 5.440000
    },
    {
      "Date": 20241025, 
      "Value" : 49.900002
    }
  ]
}