{
  "Color": "rgb(244, 55, 244)", 
  "Point": [
    {
      "Date": 20231023, 
      "Value" : 2.400000
    },
    {
      "Date": 20241030, 
      "Value" : 7.400000
    }
  ]
}