{
  "Color": "rgb(244, 55, 244)", 
  "Point": [
    {
      "Date": 20230825, 
      "Value" : 8.050000
    },
    {
      "Date": 20231129, 
      "Value" : 21.170000
    },
    {
      "Date": 20240709, 
      "Value" : 9.170000
    }
  ]
}