{
  "Color": "rgb(244, 55, 244)", 
  "Point": [
    {
      "Date": 20231023, 
      "Value" : 5.330000
    },
    {
      "Date": 20231219, 
      "Value" : 9.200000
    }
  ]
}