{
  "Color": "rgb(244, 55, 244)", 
  "Point": [
    {
      "Date": 20230825, 
      "Value" : 7.140000
    },
    {
      "Date": 20241205, 
      "Value" : 22.950001
    }
  ]
}