{
  "Color": "rgb(244, 55, 244)", 
  "Point": [
    {
      "Date": 20231023, 
      "Value" : 5.080000
    },
    {
      "Date": 20241008, 
      "Value" : 25.299999
    },
    {
      "Date": 20250407, 
      "Value" : 10.600000
    }
  ]
}