{
  "Color": "rgb(244, 55, 244)", 
  "Point": [
    {
      "Date": 20231023, 
      "Value" : 5.080000
    },
    {
      "Date": 20240430, 
      "Value" : 17.530001
    }
  ]
}