{
  "Color": "rgb(244, 55, 244)", 
  "Point": [
    {
      "Date": 20231023, 
      "Value" : 5.330000
    },
    {
      "Date": 20240308, 
      "Value" : 12.700000
    }
  ]
}