{
  "Color": "rgb(244, 55, 244)", 
  "Point": [
    {
      "Date": 20231023, 
      "Value" : 2.580000
    },
    {
      "Date": 20241203, 
      "Value" : 13.800000
    }
  ]
}