{
  "Color": "rgb(244, 55, 244)", 
  "Point": [
    {
      "Date": 20231023, 
      "Value" : 14.190000
    },
    {
      "Date": 20231215, 
      "Value" : 34.490002
    },
    {
      "Date": 20240709, 
      "Value" : 17.500000
    },
    {
      "Date": 20250317, 
      "Value" : 73.000000
    }
  ]
}