{
  "Color": "rgb(244, 55, 244)", 
  "Point": [
    {
      "Date": 20231023, 
      "Value" : 2.580000
    },
    {
      "Date": 20241101, 
      "Value" : 6.080000
    }
  ]
}