{
  "Color": "rgb(244, 55, 244)", 
  "Point": [
    {
      "Date": 20230821, 
      "Value" : 6.020000
    },
    {
      "Date": 20250515, 
      "Value" : 33.660000
    }
  ]
}