{
  "Color": "rgb(244, 55, 244)", 
  "Point": [
    {
      "Date": 20230821, 
      "Value" : 8.470000
    },
    {
      "Date": 20231207, 
      "Value" : 21.120001
    }
  ]
}