{
  "Color": "rgb(244, 55, 244)", 
  "Point": [
    {
      "Date": 20231023, 
      "Value" : 2.580000
    },
    {
      "Date": 20240109, 
      "Value" : 5.270000
    },
    {
      "Date": 20240709, 
      "Value" : 2.720000
    }
  ]
}