{
  "Color": "rgb(244, 55, 244)", 
  "Point": [
    {
      "Date": 20230821, 
      "Value" : 8.470000
    },
    {
      "Date": 20240119, 
      "Value" : 22.000000
    }
  ]
}