{
  "Color": "rgb(244, 55, 244)", 
  "Point": [
    {
      "Date": 20230822, 
      "Value" : 7.710000
    },
    {
      "Date": 20231127, 
      "Value" : 12.420000
    },
    {
      "Date": 20240923, 
      "Value" : 5.520000
    }
  ]
}