{
  "Color": "rgb(244, 55, 244)", 
  "Point": [
    {
      "Date": 20231024, 
      "Value" : 5.210000
    },
    {
      "Date": 20240103, 
      "Value" : 17.129999
    }
  ]
}