{
  "Color": "rgb(244, 55, 244)", 
  "Point": [
    {
      "Date": 20231024, 
      "Value" : 5.210000
    },
    {
      "Date": 20241205, 
      "Value" : 27.180000
    }
  ]
}