{
  "Color": "rgb(244, 55, 244)", 
  "Point": [
    {
      "Date": 20230829, 
      "Value" : 5.850000
    },
    {
      "Date": 20240104, 
      "Value" : 20.379999
    }
  ]
}