{
  "Color": "rgb(244, 55, 244)", 
  "Point": [
    {
      "Date": 20230829, 
      "Value" : 5.350000
    },
    {
      "Date": 20241030, 
      "Value" : 44.830002
    }
  ]
}