{
  "Color": "rgb(244, 55, 244)", 
  "Point": [
    {
      "Date": 20231023, 
      "Value" : 6.320000
    },
    {
      "Date": 20231206, 
      "Value" : 11.230000
    }
  ]
}