{
  "Color": "rgb(244, 55, 244)", 
  "Point": [
    {
      "Date": 20240923, 
      "Value" : 5.230000
    },
    {
      "Date": 20250318, 
      "Value" : 35.290001
    }
  ]
}