{
  "Color": "rgb(244, 55, 244)", 
  "Point": [
    {
      "Date": 20240105, 
      "Value" : 12.030000
    },
    {
      "Date": 20240715, 
      "Value" : 5.290000
    }
  ]
}