{
  "Color": "rgb(244, 55, 244)", 
  "Point": [
    {
      "Date": 20231023, 
      "Value" : 6.320000
    },
    {
      "Date": 20240105, 
      "Value" : 12.130000
    }
  ]
}