{
  "Color": "rgb(244, 55, 244)", 
  "Point": [
    {
      "Date": 20230818, 
      "Value" : 5.570000
    },
    {
      "Date": 20231127, 
      "Value" : 12.990000
    }
  ]
}