{
  "Color": "rgb(244, 55, 244)", 
  "Point": [
    {
      "Date": 20230818, 
      "Value" : 4.250000
    },
    {
      "Date": 20240306, 
      "Value" : 12.350000
    },
    {
      "Date": 20240709, 
      "Value" : 6.820000
    },
    {
      "Date": 20250224, 
      "Value" : 45.779999
    }
  ]
}