{
  "Color": "rgb(244, 55, 244)", 
  "Point": [
    {
      "Date": 20230818, 
      "Value" : 4.250000
    },
    {
      "Date": 20241029, 
      "Value" : 17.650000
    }
  ]
}