{
  "Color": "rgb(244, 55, 244)", 
  "Point": [
    {
      "Date": 20231026, 
      "Value" : 6.270000
    },
    {
      "Date": 20241024, 
      "Value" : 52.380001
    }
  ]
}