{
  "Color": "rgb(244, 55, 244)", 
  "Point": [
    {
      "Date": 20230818, 
      "Value" : 5.570000
    },
    {
      "Date": 20240306, 
      "Value" : 16.100000
    }
  ]
}