{
  "Color": "rgb(244, 55, 244)", 
  "Point": [
    {
      "Date": 20231026, 
      "Value" : 6.470000
    },
    {
      "Date": 20240102, 
      "Value" : 19.680000
    }
  ]
}