{
  "Color": "rgb(244, 55, 244)", 
  "Point": [
    {
      "Date": 20231024, 
      "Value" : 9.810000
    },
    {
      "Date": 20240123, 
      "Value" : 29.280001
    }
  ]
}