{
  "Color": "rgb(244, 55, 244)", 
  "Point": [
    {
      "Date": 20231024, 
      "Value" : 9.700000
    },
    {
      "Date": 20240123, 
      "Value" : 29.170000
    },
    {
      "Date": 20240709, 
      "Value" : 13.510000
    }
  ]
}