{
  "Color": "rgb(244, 55, 244)", 
  "Point": [
    {
      "Date": 20231024, 
      "Value" : 8.500000
    },
    {
      "Date": 20231206, 
      "Value" : 16.950001
    }
  ]
}