{
  "Color": "rgb(244, 55, 244)", 
  "Point": [
    {
      "Date": 20231024, 
      "Value" : 5.500000
    },
    {
      "Date": 20240103, 
      "Value" : 11.760000
    },
    {
      "Date": 20240710, 
      "Value" : 6.240000
    },
    {
      "Date": 20250417, 
      "Value" : 59.639999
    }
  ]
}