{
  "Color": "rgb(244, 55, 244)", 
  "Point": [
    {
      "Date": 20231024, 
      "Value" : 8.200000
    },
    {
      "Date": 20240103, 
      "Value" : 16.959999
    },
    {
      "Date": 20240710, 
      "Value" : 9.230000
    },
    {
      "Date": 20241029, 
      "Value" : 24.830000
    }
  ]
}