{
  "Color": "rgb(244, 55, 244)", 
  "Point": [
    {
      "Date": 20231024, 
      "Value" : 8.500000
    },
    {
      "Date": 20240103, 
      "Value" : 17.260000
    }
  ]
}