{
  "Color": "rgb(244, 55, 244)", 
  "Point": [
    {
      "Date": 20231024, 
      "Value" : 3.050000
    },
    {
      "Date": 20250410, 
      "Value" : 18.400000
    }
  ]
}