{
  "Color": "rgb(244, 55, 244)", 
  "Point": [
    {
      "Date": 20231024, 
      "Value" : 3.150000
    },
    {
      "Date": 20231206, 
      "Value" : 7.200000
    }
  ]
}