{
  "Color": "rgb(244, 55, 244)", 
  "Point": [
    {
      "Date": 20231024, 
      "Value" : 3.050000
    },
    {
      "Date": 20241030, 
      "Value" : 7.850000
    }
  ]
}