{
  "Color": "rgb(244, 55, 244)", 
  "Point": [
    {
      "Date": 20231108, 
      "Value" : 80.930000
    },
    {
      "Date": 20240205, 
      "Value" : 32.990002
    }
  ]
}