{
  "Color": "rgb(244, 55, 244)", 
  "Point": [
    {
      "Date": 20240913, 
      "Value" : 31.090000
    },
    {
      "Date": 20250220, 
      "Value" : 277.000000
    }
  ]
}