{
  "Color": "rgb(244, 55, 244)", 
  "Point": [
    {
      "Date": 20231108, 
      "Value" : 80.930000
    },
    {
      "Date": 20240913, 
      "Value" : 31.090000
    }
  ]
}