{
  "Color": "rgb(244, 55, 244)", 
  "Point": [
    {
      "Date": 20231024, 
      "Value" : 10.250000
    },
    {
      "Date": 20240105, 
      "Value" : 28.299999
    }
  ]
}