{
  "Color": "rgb(244, 55, 244)", 
  "Point": [
    {
      "Date": 20231024, 
      "Value" : 10.300000
    },
    {
      "Date": 20231127, 
      "Value" : 28.000000
    }
  ]
}