{
  "Color": "rgb(244, 55, 244)", 
  "Point": [
    {
      "Date": 20231027, 
      "Value" : 5.190000
    },
    {
      "Date": 20240105, 
      "Value" : 9.420000
    },
    {
      "Date": 20240709, 
      "Value" : 5.120000
    }
  ]
}