{
  "Color": "rgb(244, 55, 244)", 
  "Point": [
    {
      "Date": 20231024, 
      "Value" : 4.820000
    },
    {
      "Date": 20240123, 
      "Value" : 14.860000
    },
    {
      "Date": 20240611, 
      "Value" : 6.370000
    }
  ]
}