{
  "Color": "rgb(244, 55, 244)", 
  "Point": [
    {
      "Date": 20240102, 
      "Value" : 19.350000
    },
    {
      "Date": 20240716, 
      "Value" : 8.910000
    }
  ]
}