{
  "Color": "rgb(244, 55, 244)", 
  "Point": [
    {
      "Date": 20240102, 
      "Value" : 16.280001
    },
    {
      "Date": 20240606, 
      "Value" : 7.560000
    }
  ]
}