{
  "Color": "rgb(244, 55, 244)", 
  "Point": [
    {
      "Date": 20240913, 
      "Value" : 8.510000
    },
    {
      "Date": 20241210, 
      "Value" : 52.200001
    }
  ]
}