{
  "Color": "rgb(244, 55, 244)", 
  "Point": [
    {
      "Date": 20231127, 
      "Value" : 10.180000
    },
    {
      "Date": 20240918, 
      "Value" : 4.660000
    },
    {
      "Date": 20250407, 
      "Value" : 13.700000
    }
  ]
}