{
  "Color": "rgb(244, 55, 244)", 
  "Point": [
    {
      "Date": 20231024, 
      "Value" : 4.720000
    },
    {
      "Date": 20241028, 
      "Value" : 27.950001
    }
  ]
}