{
  "Color": "rgb(244, 55, 244)", 
  "Point": [
    {
      "Date": 20231024, 
      "Value" : 4.720000
    },
    {
      "Date": 20240123, 
      "Value" : 14.760000
    },
    {
      "Date": 20240611, 
      "Value" : 6.270000
    },
    {
      "Date": 20250213, 
      "Value" : 61.360001
    }
  ]
}