{
  "Color": "rgb(244, 55, 244)", 
  "Point": [
    {
      "Date": 20240102, 
      "Value" : 19.500000
    },
    {
      "Date": 20240205, 
      "Value" : 10.580000
    }
  ]
}