{
  "Color": "rgb(244, 55, 244)", 
  "Point": [
    {
      "Date": 20230912, 
      "Value" : 6.320000
    },
    {
      "Date": 20231127, 
      "Value" : 10.360000
    }
  ]
}