{
  "Color": "rgb(244, 55, 244)", 
  "Point": [
    {
      "Date": 20231027, 
      "Value" : 5.190000
    },
    {
      "Date": 20231219, 
      "Value" : 8.540000
    }
  ]
}