{
  "Color": "rgb(244, 55, 244)", 
  "Point": [
    {
      "Date": 20240918, 
      "Value" : 5.820000
    },
    {
      "Date": 20241119, 
      "Value" : 20.980000
    }
  ]
}