{
  "Color": "rgb(244, 55, 244)", 
  "Point": [
    {
      "Date": 20240102, 
      "Value" : 19.350000
    },
    {
      "Date": 20240913, 
      "Value" : 8.510000
    }
  ]
}