{
  "Color": "rgb(244, 55, 244)", 
  "Point": [
    {
      "Date": 20231023, 
      "Value" : 2.210000
    },
    {
      "Date": 20231127, 
      "Value" : 7.620000
    }
  ]
}