{
  "Color": "rgb(244, 55, 244)", 
  "Point": [
    {
      "Date": 20231026, 
      "Value" : 9.730000
    },
    {
      "Date": 20231127, 
      "Value" : 16.600000
    }
  ]
}