{
  "Color": "rgb(244, 55, 244)", 
  "Point": [
    {
      "Date": 20231026, 
      "Value" : 9.580000
    },
    {
      "Date": 20240105, 
      "Value" : 29.719999
    }
  ]
}