{
  "Color": "rgb(244, 55, 244)", 
  "Point": [
    {
      "Date": 20231026, 
      "Value" : 9.430000
    },
    {
      "Date": 20241129, 
      "Value" : 41.790001
    }
  ]
}