{
  "Color": "rgb(244, 55, 244)", 
  "Point": [
    {
      "Date": 20231026, 
      "Value" : 3.330000
    },
    {
      "Date": 20240103, 
      "Value" : 10.550000
    },
    {
      "Date": 20240716, 
      "Value" : 5.620000
    }
  ]
}