{
  "Color": "rgb(244, 55, 244)", 
  "Point": [
    {
      "Date": 20231023, 
      "Value" : 4.520000
    },
    {
      "Date": 20241101, 
      "Value" : 46.939999
    }
  ]
}