{
  "Color": "rgb(244, 55, 244)", 
  "Point": [
    {
      "Date": 20231023, 
      "Value" : 4.520000
    },
    {
      "Date": 20240102, 
      "Value" : 14.700000
    },
    {
      "Date": 20240913, 
      "Value" : 6.330000
    }
  ]
}