{
  "Color": "rgb(244, 55, 244)", 
  "Point": [
    {
      "Date": 20231023, 
      "Value" : 6.720000
    },
    {
      "Date": 20231220, 
      "Value" : 13.330000
    }
  ]
}