{
  "Color": "rgb(244, 55, 244)", 
  "Point": [
    {
      "Date": 20231023, 
      "Value" : 6.720000
    },
    {
      "Date": 20240102, 
      "Value" : 30.450001
    }
  ]
}