{
  "Color": "rgb(244, 55, 244)", 
  "Point": [
    {
      "Date": 20230825, 
      "Value" : 4.790000
    },
    {
      "Date": 20241118, 
      "Value" : 43.000000
    }
  ]
}