{
  "Color": "rgb(244, 55, 244)", 
  "Point": [
    {
      "Date": 20231023, 
      "Value" : 6.450000
    },
    {
      "Date": 20231221, 
      "Value" : 15.000000
    },
    {
      "Date": 20240918, 
      "Value" : 6.970000
    },
    {
      "Date": 20250320, 
      "Value" : 26.000000
    }
  ]
}