{
  "Color": "rgb(244, 55, 244)", 
  "Point": [
    {
      "Date": 20240911, 
      "Value" : 11.700000
    },
    {
      "Date": 20241030, 
      "Value" : 21.000000
    }
  ]
}