{
  "Color": "rgb(244, 55, 244)", 
  "Point": [
    {
      "Date": 20231024, 
      "Value" : 5.700000
    },
    {
      "Date": 20240119, 
      "Value" : 20.799999
    },
    {
      "Date": 20240709, 
      "Value" : 9.380000
    },
    {
      "Date": 20241128, 
      "Value" : 37.180000
    }
  ]
}