{
  "Color": "rgb(244, 55, 244)", 
  "Point": [
    {
      "Date": 20240828, 
      "Value" : 4.810000
    },
    {
      "Date": 20250409, 
      "Value" : 14.500000
    }
  ]
}