{
  "Color": "rgb(244, 55, 244)", 
  "Point": [
    {
      "Date": 20231221, 
      "Value" : 8.730000
    },
    {
      "Date": 20240828, 
      "Value" : 4.810000
    }
  ]
}