{
  "Color": "rgb(244, 55, 244)", 
  "Point": [
    {
      "Date": 20231023, 
      "Value" : 5.300000
    },
    {
      "Date": 20231221, 
      "Value" : 8.880000
    }
  ]
}