{
  "Color": "rgb(244, 55, 244)", 
  "Point": [
    {
      "Date": 20231024, 
      "Value" : 4.790000
    },
    {
      "Date": 20250312, 
      "Value" : 33.709999
    }
  ]
}