{
  "Color": "rgb(244, 55, 244)", 
  "Point": [
    {
      "Date": 20231024, 
      "Value" : 4.990000
    },
    {
      "Date": 20241029, 
      "Value" : 21.980000
    }
  ]
}