{
  "Color": "rgb(244, 55, 244)", 
  "Point": [
    {
      "Date": 20231228, 
      "Value" : 24.150000
    },
    {
      "Date": 20240708, 
      "Value" : 8.450000
    },
    {
      "Date": 20241025, 
      "Value" : 19.790001
    }
  ]
}