{
  "Color": "rgb(244, 55, 244)", 
  "Point": [
    {
      "Date": 20231106, 
      "Value" : 7.720000
    },
    {
      "Date": 20250310, 
      "Value" : 70.019997
    }
  ]
}