{
  "Color": "rgb(244, 55, 244)", 
  "Point": [
    {
      "Date": 20231106, 
      "Value" : 7.870000
    },
    {
      "Date": 20240104, 
      "Value" : 15.300000
    }
  ]
}