{
  "Color": "rgb(244, 55, 244)", 
  "Point": [
    {
      "Date": 20231023, 
      "Value" : 5.900000
    },
    {
      "Date": 20240103, 
      "Value" : 21.790001
    }
  ]
}