{
  "Color": "rgb(244, 55, 244)", 
  "Point": [
    {
      "Date": 20231023, 
      "Value" : 5.680000
    },
    {
      "Date": 20240103, 
      "Value" : 21.570000
    },
    {
      "Date": 20240711, 
      "Value" : 8.740000
    },
    {
      "Date": 20241030, 
      "Value" : 21.959999
    }
  ]
}