{
  "Color": "rgb(244, 55, 244)", 
  "Point": [
    {
      "Date": 20230711, 
      "Value" : 26.719999
    },
    {
      "Date": 20240919, 
      "Value" : 10.000000
    }
  ]
}