{
  "Color": "rgb(244, 55, 244)", 
  "Point": [
    {
      "Date": 20240919, 
      "Value" : 10.000000
    },
    {
      "Date": 20241203, 
      "Value" : 44.450001
    }
  ]
}