{
  "Color": "rgb(244, 55, 244)", 
  "Point": [
    {
      "Date": 20230927, 
      "Value" : 2.670000
    },
    {
      "Date": 20231221, 
      "Value" : 6.290000
    },
    {
      "Date": 20240612, 
      "Value" : 3.160000
    },
    {
      "Date": 20250314, 
      "Value" : 14.620000
    }
  ]
}