{
  "Color": "rgb(244, 55, 244)", 
  "Point": [
    {
      "Date": 20230927, 
      "Value" : 2.750000
    },
    {
      "Date": 20231221, 
      "Value" : 6.370000
    },
    {
      "Date": 20240612, 
      "Value" : 3.240000
    },
    {
      "Date": 20241029, 
      "Value" : 9.480000
    }
  ]
}