{
  "Color": "rgb(244, 55, 244)", 
  "Point": [
    {
      "Date": 20230927, 
      "Value" : 2.850000
    },
    {
      "Date": 20231221, 
      "Value" : 6.470000
    }
  ]
}