{
  "Color": "rgb(244, 55, 244)", 
  "Point": [
    {
      "Date": 20231023, 
      "Value" : 6.850000
    },
    {
      "Date": 20250314, 
      "Value" : 44.029999
    }
  ]
}