{
  "Color": "rgb(244, 55, 244)", 
  "Point": [
    {
      "Date": 20231026, 
      "Value" : 6.120000
    },
    {
      "Date": 20231226, 
      "Value" : 17.170000
    }
  ]
}