{
  "Color": "rgb(244, 55, 244)", 
  "Point": [
    {
      "Date": 20231023, 
      "Value" : 7.280000
    },
    {
      "Date": 20250507, 
      "Value" : 19.760000
    }
  ]
}