{
  "Color": "rgb(244, 55, 244)", 
  "Point": [
    {
      "Date": 20231023, 
      "Value" : 10.060000
    },
    {
      "Date": 20231221, 
      "Value" : 22.500000
    }
  ]
}