{
  "Color": "rgb(244, 55, 244)", 
  "Point": [
    {
      "Date": 20231026, 
      "Value" : 6.060000
    },
    {
      "Date": 20231226, 
      "Value" : 17.110001
    },
    {
      "Date": 20240709, 
      "Value" : 5.900000
    },
    {
      "Date": 20250509, 
      "Value" : 24.180000
    }
  ]
}