{
  "Color": "rgb(244, 55, 244)", 
  "Point": [
    {
      "Date": 20231026, 
      "Value" : 6.350000
    },
    {
      "Date": 20241010, 
      "Value" : 46.400002
    }
  ]
}