{
  "Color": "rgb(244, 55, 244)", 
  "Point": [
    {
      "Date": 20231026, 
      "Value" : 6.350000
    },
    {
      "Date": 20241118, 
      "Value" : 47.000000
    },
    {
      "Date": 20250407, 
      "Value" : 21.379999
    }
  ]
}