{
  "Color": "rgb(244, 55, 244)", 
  "Point": [
    {
      "Date": 20231024, 
      "Value" : 7.320000
    },
    {
      "Date": 20231218, 
      "Value" : 15.450000
    }
  ]
}