{
  "Color": "rgb(244, 55, 244)", 
  "Point": [
    {
      "Date": 20231024, 
      "Value" : 7.020000
    },
    {
      "Date": 20231228, 
      "Value" : 21.500000
    }
  ]
}