{
  "Color": "rgb(244, 55, 244)", 
  "Point": [
    {
      "Date": 20231024, 
      "Value" : 3.010000
    },
    {
      "Date": 20231226, 
      "Value" : 8.760000
    },
    {
      "Date": 20240913, 
      "Value" : 3.270000
    }
  ]
}