{
  "Color": "rgb(244, 55, 244)", 
  "Point": [
    {
      "Date": 20231024, 
      "Value" : 10.180000
    },
    {
      "Date": 20231220, 
      "Value" : 21.879999
    }
  ]
}