{
  "Color": "rgb(244, 55, 244)", 
  "Point": [
    {
      "Date": 20231023, 
      "Value" : 8.780000
    },
    {
      "Date": 20231227, 
      "Value" : 31.990000
    },
    {
      "Date": 20240708, 
      "Value" : 12.900000
    }
  ]
}