{
  "Color": "rgb(244, 55, 244)", 
  "Point": [
    {
      "Date": 20231023, 
      "Value" : 8.880000
    },
    {
      "Date": 20231222, 
      "Value" : 27.680000
    }
  ]
}