{
  "Color": "rgb(244, 55, 244)", 
  "Point": [
    {
      "Date": 20231023, 
      "Value" : 8.780000
    },
    {
      "Date": 20231227, 
      "Value" : 31.990000
    },
    {
      "Date": 20240913, 
      "Value" : 11.230000
    },
    {
      "Date": 20250211, 
      "Value" : 48.619999
    }
  ]
}