{
  "Color": "rgb(244, 55, 244)", 
  "Point": [
    {
      "Date": 20230831, 
      "Value" : 5.700000
    },
    {
      "Date": 20240104, 
      "Value" : 17.889999
    }
  ]
}