{
  "Color": "rgb(244, 55, 244)", 
  "Point": [
    {
      "Date": 20231106, 
      "Value" : 4.750000
    },
    {
      "Date": 20231218, 
      "Value" : 12.370000
    }
  ]
}