{
  "Color": "rgb(244, 55, 244)", 
  "Point": [
    {
      "Date": 20231026, 
      "Value" : 6.860000
    },
    {
      "Date": 20240103, 
      "Value" : 17.059999
    },
    {
      "Date": 20240606, 
      "Value" : 7.850000
    }
  ]
}