{
  "Color": "rgb(244, 55, 244)", 
  "Point": [
    {
      "Date": 20231026, 
      "Value" : 6.860000
    },
    {
      "Date": 20241029, 
      "Value" : 56.369999
    }
  ]
}