{
  "Color": "rgb(244, 55, 244)", 
  "Point": [
    {
      "Date": 20231026, 
      "Value" : 6.980000
    },
    {
      "Date": 20240103, 
      "Value" : 17.180000
    }
  ]
}