{
  "Color": "rgb(244, 55, 244)", 
  "Point": [
    {
      "Date": 20231026, 
      "Value" : 6.980000
    },
    {
      "Date": 20231214, 
      "Value" : 15.350000
    }
  ]
}