{
  "Color": "rgb(244, 55, 244)", 
  "Point": [
    {
      "Date": 20230831, 
      "Value" : 5.600000
    },
    {
      "Date": 20241108, 
      "Value" : 32.000000
    }
  ]
}