{
  "Color": "rgb(244, 55, 244)", 
  "Point": [
    {
      "Date": 20231106, 
      "Value" : 4.650000
    },
    {
      "Date": 20231218, 
      "Value" : 12.270000
    },
    {
      "Date": 20240912, 
      "Value" : 5.260000
    }
  ]
}