{
  "Color": "rgb(244, 55, 244)", 
  "Point": [
    {
      "Date": 20230825, 
      "Value" : 2.800000
    },
    {
      "Date": 20250414, 
      "Value" : 20.799999
    }
  ]
}