{
  "Color": "rgb(244, 55, 244)", 
  "Point": [
    {
      "Date": 20230825, 
      "Value" : 2.880000
    },
    {
      "Date": 20231127, 
      "Value" : 9.860000
    }
  ]
}