{
  "Color": "rgb(244, 55, 244)", 
  "Point": [
    {
      "Date": 20240829, 
      "Value" : 25.000000
    },
    {
      "Date": 20241021, 
      "Value" : 86.489998
    },
    {
      "Date": 20250409, 
      "Value" : 45.549999
    }
  ]
}