{
  "Color": "rgb(244, 55, 244)", 
  "Point": [
    {
      "Date": 20231031, 
      "Value" : 5.140000
    },
    {
      "Date": 20231221, 
      "Value" : 19.500000
    },
    {
      "Date": 20240611, 
      "Value" : 6.200000
    },
    {
      "Date": 20241008, 
      "Value" : 13.000000
    }
  ]
}