{
  "Color": "rgb(244, 55, 244)", 
  "Point": [
    {
      "Date": 20230718, 
      "Value" : 64.470001
    },
    {
      "Date": 20231023, 
      "Value" : 30.200001
    }
  ]
}