{
  "Color": "rgb(244, 55, 244)", 
  "Point": [
    {
      "Date": 20240918, 
      "Value" : 6.360000
    },
    {
      "Date": 20241128, 
      "Value" : 20.650000
    },
    {
      "Date": 20250407, 
      "Value" : 10.270000
    }
  ]
}