{
  "Color": "rgb(244, 55, 244)", 
  "Point": [
    {
      "Date": 20230830, 
      "Value" : 7.500000
    },
    {
      "Date": 20240104, 
      "Value" : 14.740000
    }
  ]
}