{
  "Color": "rgb(244, 55, 244)", 
  "Point": [
    {
      "Date": 20230830, 
      "Value" : 7.500000
    },
    {
      "Date": 20241112, 
      "Value" : 19.639999
    }
  ]
}