{
  "Color": "rgb(244, 55, 244)", 
  "Point": [
    {
      "Date": 20230823, 
      "Value" : 21.809999
    },
    {
      "Date": 20231023, 
      "Value" : 9.300000
    },
    {
      "Date": 20241021, 
      "Value" : 39.580002
    }
  ]
}