{
  "Color": "rgb(244, 55, 244)", 
  "Point": [
    {
      "Date": 20231024, 
      "Value" : 5.710000
    },
    {
      "Date": 20240102, 
      "Value" : 19.850000
    }
  ]
}