{
  "Color": "rgb(244, 55, 244)", 
  "Point": [
    {
      "Date": 20231024, 
      "Value" : 5.610000
    },
    {
      "Date": 20240102, 
      "Value" : 19.750000
    },
    {
      "Date": 20240709, 
      "Value" : 6.640000
    }
  ]
}