{
  "Color": "rgb(244, 55, 244)", 
  "Point": [
    {
      "Date": 20231024, 
      "Value" : 5.710000
    },
    {
      "Date": 20231214, 
      "Value" : 13.600000
    }
  ]
}