{
  "Color": "rgb(244, 55, 244)", 
  "Point": [
    {
      "Date": 20230825, 
      "Value" : 7.980000
    },
    {
      "Date": 20240105, 
      "Value" : 18.900000
    },
    {
      "Date": 20240611, 
      "Value" : 8.830000
    },
    {
      "Date": 20241030, 
      "Value" : 17.549999
    }
  ]
}