{
  "Color": "rgb(244, 55, 244)", 
  "Point": [
    {
      "Date": 20231116, 
      "Value" : 20.270000
    },
    {
      "Date": 20240913, 
      "Value" : 6.710000
    }
  ]
}