{
  "Color": "rgb(244, 55, 244)", 
  "Point": [
    {
      "Date": 20230829, 
      "Value" : 5.840000
    },
    {
      "Date": 20231207, 
      "Value" : 14.160000
    },
    {
      "Date": 20240611, 
      "Value" : 6.670000
    }
  ]
}