{
  "Color": "rgb(244, 55, 244)", 
  "Point": [
    {
      "Date": 20231116, 
      "Value" : 28.559999
    },
    {
      "Date": 20240205, 
      "Value" : 11.150000
    }
  ]
}