{
  "Color": "rgb(244, 55, 244)", 
  "Point": [
    {
      "Date": 20231023, 
      "Value" : 4.220000
    },
    {
      "Date": 20240102, 
      "Value" : 12.620000
    },
    {
      "Date": 20240709, 
      "Value" : 5.150000
    },
    {
      "Date": 20250513, 
      "Value" : 43.299999
    }
  ]
}