{
  "Color": "rgb(244, 55, 244)", 
  "Point": [
    {
      "Date": 20231023, 
      "Value" : 9.030000
    },
    {
      "Date": 20241021, 
      "Value" : 70.000000
    }
  ]
}