{
  "Color": "rgb(244, 55, 244)", 
  "Point": [
    {
      "Date": 20231023, 
      "Value" : 9.210000
    },
    {
      "Date": 20231213, 
      "Value" : 44.000000
    }
  ]
}