{
  "Color": "rgb(244, 55, 244)", 
  "Point": [
    {
      "Date": 20230825, 
      "Value" : 7.830000
    },
    {
      "Date": 20240105, 
      "Value" : 18.750000
    },
    {
      "Date": 20240617, 
      "Value" : 8.760000
    },
    {
      "Date": 20250310, 
      "Value" : 37.810001
    }
  ]
}