{
  "Color": "rgb(244, 55, 244)", 
  "Point": [
    {
      "Date": 20231023, 
      "Value" : 8.900000
    },
    {
      "Date": 20241021, 
      "Value" : 69.870003
    },
    {
      "Date": 20250407, 
      "Value" : 36.119999
    }
  ]
}