{
  "Color": "rgb(244, 55, 244)", 
  "Point": [
    {
      "Date": 20240913, 
      "Value" : 6.710000
    },
    {
      "Date": 20250514, 
      "Value" : 27.879999
    }
  ]
}