{
  "Color": "rgb(244, 55, 244)", 
  "Point": [
    {
      "Date": 20231023, 
      "Value" : 9.030000
    },
    {
      "Date": 20240229, 
      "Value" : 68.500000
    }
  ]
}