{
  "Color": "rgb(244, 55, 244)", 
  "Point": [
    {
      "Date": 20230829, 
      "Value" : 5.820000
    },
    {
      "Date": 20231207, 
      "Value" : 14.140000
    },
    {
      "Date": 20240611, 
      "Value" : 6.650000
    },
    {
      "Date": 20241125, 
      "Value" : 28.549999
    }
  ]
}