{
  "Color": "rgb(244, 55, 244)", 
  "Point": [
    {
      "Date": 20230829, 
      "Value" : 5.880000
    },
    {
      "Date": 20231207, 
      "Value" : 14.200000
    }
  ]
}