{
  "Color": "rgb(244, 55, 244)", 
  "Point": [
    {
      "Date": 20231024, 
      "Value" : 2.350000
    },
    {
      "Date": 20241025, 
      "Value" : 9.050000
    }
  ]
}