{
  "Color": "rgb(244, 55, 244)", 
  "Point": [
    {
      "Date": 20231024, 
      "Value" : 2.350000
    },
    {
      "Date": 20231128, 
      "Value" : 5.990000
    }
  ]
}