{
  "Color": "rgb(244, 55, 244)", 
  "Point": [
    {
      "Date": 20231026, 
      "Value" : 3.700000
    },
    {
      "Date": 20231221, 
      "Value" : 6.440000
    }
  ]
}