{
  "Color": "rgb(244, 55, 244)", 
  "Point": [
    {
      "Date": 20231024, 
      "Value" : 6.520000
    },
    {
      "Date": 20241030, 
      "Value" : 30.000000
    }
  ]
}