{
  "Color": "rgb(244, 55, 244)", 
  "Point": [
    {
      "Date": 20231026, 
      "Value" : 3.500000
    },
    {
      "Date": 20250317, 
      "Value" : 15.450000
    }
  ]
}