{
  "Color": "rgb(244, 55, 244)", 
  "Point": [
    {
      "Date": 20231024, 
      "Value" : 9.600000
    },
    {
      "Date": 20231221, 
      "Value" : 23.660000
    }
  ]
}