{
  "Color": "rgb(244, 55, 244)", 
  "Point": [
    {
      "Date": 20231024, 
      "Value" : 6.520000
    },
    {
      "Date": 20250409, 
      "Value" : 53.369999
    }
  ]
}