{
  "Color": "rgb(244, 55, 244)", 
  "Point": [
    {
      "Date": 20240918, 
      "Value" : 13.500000
    },
    {
      "Date": 20250226, 
      "Value" : 69.900002
    }
  ]
}