{
  "Color": "rgb(244, 55, 244)", 
  "Point": [
    {
      "Date": 20231024, 
      "Value" : 10.300000
    },
    {
      "Date": 20240102, 
      "Value" : 32.119999
    },
    {
      "Date": 20240913, 
      "Value" : 14.150000
    }
  ]
}