{
  "Color": "rgb(244, 55, 244)", 
  "Point": [
    {
      "Date": 20240205, 
      "Value" : 19.469999
    },
    {
      "Date": 20240228, 
      "Value" : 62.730000
    }
  ]
}