{
  "Color": "rgb(244, 55, 244)", 
  "Point": [
    {
      "Date": 20230714, 
      "Value" : 38.599998
    },
    {
      "Date": 20231026, 
      "Value" : 15.590000
    }
  ]
}