{
  "Color": "rgb(244, 55, 244)", 
  "Point": [
    {
      "Date": 20231027, 
      "Value" : 6.000000
    },
    {
      "Date": 20241128, 
      "Value" : 26.000000
    }
  ]
}