{
  "Color": "rgb(244, 55, 244)", 
  "Point": [
    {
      "Date": 20231123, 
      "Value" : 87.989998
    },
    {
      "Date": 20231204, 
      "Value" : 44.500000
    }
  ]
}