{
  "Color": "rgb(244, 55, 244)", 
  "Point": [
    {
      "Date": 20231024, 
      "Value" : 11.000000
    },
    {
      "Date": 20240102, 
      "Value" : 32.820000
    }
  ]
}