{
  "Color": "rgb(244, 55, 244)", 
  "Point": [
    {
      "Date": 20230714, 
      "Value" : 38.599998
    },
    {
      "Date": 20240918, 
      "Value" : 13.500000
    }
  ]
}