{
  "Color": "rgb(244, 55, 244)", 
  "Point": [
    {
      "Date": 20240228, 
      "Value" : 62.730000
    },
    {
      "Date": 20240913, 
      "Value" : 17.930000
    },
    {
      "Date": 20250314, 
      "Value" : 67.769997
    }
  ]
}