{
  "Color": "rgb(244, 55, 244)", 
  "Point": [
    {
      "Date": 20240205, 
      "Value" : 27.719999
    },
    {
      "Date": 20240228, 
      "Value" : 88.279999
    }
  ]
}