{
  "Color": "rgb(244, 55, 244)", 
  "Point": [
    {
      "Date": 20231027, 
      "Value" : 6.000000
    },
    {
      "Date": 20240102, 
      "Value" : 12.200000
    }
  ]
}