{
  "Color": "rgb(244, 55, 244)", 
  "Point": [
    {
      "Date": 20231024, 
      "Value" : 10.200000
    },
    {
      "Date": 20240102, 
      "Value" : 32.020000
    },
    {
      "Date": 20240913, 
      "Value" : 14.050000
    },
    {
      "Date": 20250414, 
      "Value" : 40.380001
    }
  ]
}