{
  "Color": "rgb(244, 55, 244)", 
  "Point": [
    {
      "Date": 20231023, 
      "Value" : 5.150000
    },
    {
      "Date": 20231228, 
      "Value" : 12.590000
    }
  ]
}