{
  "Color": "rgb(244, 55, 244)", 
  "Point": [
    {
      "Date": 20240205, 
      "Value" : 9.810000
    },
    {
      "Date": 20250317, 
      "Value" : 31.150000
    }
  ]
}