{
  "Color": "rgb(244, 55, 244)", 
  "Point": [
    {
      "Date": 20231023, 
      "Value" : 4.900000
    },
    {
      "Date": 20241025, 
      "Value" : 13.990000
    }
  ]
}