{
  "Color": "rgb(244, 55, 244)", 
  "Point": [
    {
      "Date": 20231110, 
      "Value" : 32.000000
    },
    {
      "Date": 20231113, 
      "Value" : 18.500000
    }
  ]
}