{
  "Color": "rgb(244, 55, 244)", 
  "Point": [
    {
      "Date": 20240105, 
      "Value" : 24.530001
    },
    {
      "Date": 20240205, 
      "Value" : 9.810000
    }
  ]
}