{
  "Color": "rgb(244, 55, 244)", 
  "Point": [
    {
      "Date": 20231205, 
      "Value" : 51.680000
    },
    {
      "Date": 20240205, 
      "Value" : 21.340000
    }
  ]
}