{
  "Color": "rgb(244, 55, 244)", 
  "Point": [
    {
      "Date": 20231023, 
      "Value" : 20.740000
    },
    {
      "Date": 20240104, 
      "Value" : 49.939999
    }
  ]
}