{
  "Color": "rgb(244, 55, 244)", 
  "Point": [
    {
      "Date": 20240104, 
      "Value" : 49.259998
    },
    {
      "Date": 20240913, 
      "Value" : 14.060000
    }
  ]
}