{
  "Color": "rgb(244, 55, 244)", 
  "Point": [
    {
      "Date": 20240913, 
      "Value" : 7.940000
    },
    {
      "Date": 20250305, 
      "Value" : 26.260000
    }
  ]
}