{
  "Color": "rgb(244, 55, 244)", 
  "Point": [
    {
      "Date": 20231128, 
      "Value" : 19.830000
    },
    {
      "Date": 20240909, 
      "Value" : 7.070000
    }
  ]
}