{
  "Color": "rgb(244, 55, 244)", 
  "Point": [
    {
      "Date": 20240111, 
      "Value" : 14.640000
    },
    {
      "Date": 20240416, 
      "Value" : 7.500000
    }
  ]
}