{
  "Color": "rgb(244, 55, 244)", 
  "Point": [
    {
      "Date": 20240111, 
      "Value" : 14.740000
    },
    {
      "Date": 20240122, 
      "Value" : 9.500000
    }
  ]
}