{
  "Color": "rgb(244, 55, 244)", 
  "Point": [
    {
      "Date": 20240910, 
      "Value" : 7.110000
    },
    {
      "Date": 20241119, 
      "Value" : 21.000000
    }
  ]
}