{
  "Color": "rgb(244, 55, 244)", 
  "Point": [
    {
      "Date": 20231023, 
      "Value" : 702.549988
    },
    {
      "Date": 20231127, 
      "Value" : 1114.260010
    },
    {
      "Date": 20240923, 
      "Value" : 599.609985
    },
    {
      "Date": 20250318, 
      "Value" : 1447.969971
    }
  ]
}